Date,CPLE3.SA,CMIG4.SA
2011-09-21,1.3173118829727173,1.7837605476379395
2011-09-22,1.262095332145691,1.7344456911087036
2011-09-23,1.2885202169418335,1.7167954444885254
2011-09-26,1.2719553709030151,1.6998696327209473
2011-09-27,1.2617007493972778,1.6906182765960693
2011-09-28,1.2715609073638916,1.660177230834961
2011-09-29,1.2715609073638916,1.692439317703247
2011-09-30,1.1832143068313599,1.68818199634552
2011-10-03,1.2301485538482666,1.6437393426895142
2011-10-04,1.1832143068313599,1.6139932870864868
2011-10-05,1.2021458148956299,1.598078966140747
2011-10-06,1.1816365718841553,1.5871213674545288
2011-10-07,1.1792703866958618,1.5615533590316772
2011-10-10,1.1832143068313599,1.598078966140747
2011-10-11,1.170593500137329,1.5974693298339844
2011-10-13,1.1327306032180786,1.5798133611679077
2011-10-14,1.1832143068313599,1.591988444328308
2011-10-17,1.1832143068313599,1.5804952383041382
2011-10-18,1.168621301651001,1.5798133611679077
2011-10-19,1.1832143068313599,1.6644352674484253
2011-10-20,1.1832143068313599,1.6589595079421997
2011-10-21,1.174142837524414,1.662004828453064
2011-10-24,1.1832143068313599,1.6797703504562378
2011-10-25,1.1832143068313599,1.6797703504562378
2011-10-26,1.202934741973877,1.6797703504562378
2011-10-27,1.1832143068313599,1.6797703504562378
2011-10-28,1.1832143068313599,1.707050085067749
2011-10-31,1.1828200817108154,1.7228800058364868
2011-11-01,1.1792703866958618,1.7411452531814575
2011-11-03,1.1694104671478271,1.7715860605239868
2011-11-04,1.1828200817108154,1.7880240678787231
2011-11-07,1.1595498323440552,1.7953274250030518
2011-11-08,1.163494348526001,1.7654950618743896
2011-11-09,1.1248422861099243,1.7466262578964233
2011-11-10,1.1394357681274414,1.7466262578964233
2011-11-11,1.1627053022384644,1.8068922758102417
2011-11-14,1.1358858346939087,1.7934995889663696
2011-11-16,1.1437739133834839,1.8263754844665527
2011-11-17,1.1279975175857544,1.8020260334014893
2011-11-18,1.1437739133834839,1.8008087873458862
2011-11-21,1.1279975175857544,1.8142013549804688
2011-11-22,1.1279975175857544,1.8129829168319702
2011-11-23,1.1437739133834839,1.7904540300369263
2011-11-24,1.163494348526001,1.7788881063461304
2011-11-25,1.1753262281417847,1.7959357500076294
2011-11-28,1.163494348526001,1.8184585571289062
2011-11-29,1.1240535974502563,1.798980951309204
2011-11-30,1.1650718450546265,1.8884761333465576
2011-12-01,1.1753262281417847,1.8756850957870483
2011-12-02,1.1244479417800903,1.7880240678787231
2011-12-05,1.1264199018478394,1.8446420431137085
2011-12-06,1.1279975175857544,1.8854296207427979
2011-12-07,1.1240535974502563,1.8750762939453125
2011-12-08,1.1240535974502563,1.8850222826004028
2011-12-09,1.1303640604019165,1.8878660202026367
2011-12-12,1.1240535974502563,1.9669402837753296
2011-12-13,1.1709877252578735,1.9885023832321167
2011-12-14,1.1792703866958618,2.0107057094573975
2011-12-15,1.1753262281417847,2.0259292125701904
2011-12-16,1.152056336402893,1.981528401374817
2011-12-19,1.1437739133834839,1.9861857891082764
2011-12-20,1.1796648502349854,2.0455880165100098
2011-12-21,1.187158226966858,2.0665223598480225
2011-12-22,1.202934741973877,2.0582730770111084
2011-12-23,1.2147669792175293,2.1020383834838867
2011-12-26,1.2147669792175293,2.102673292160034
2011-12-27,1.250262975692749,2.123607873916626
2011-12-28,1.2699835300445557,2.0836493968963623
2011-12-29,1.302324652671814,2.11028790473938
2012-01-02,1.2778716087341309,2.0804762840270996
2012-01-03,1.2530239820480347,2.036710739135742
2012-01-04,1.2530239820480347,2.061446189880371
2012-01-05,1.2542072534561157,2.086815595626831
2012-01-06,1.2542072534561157,2.09252667427063
2012-01-09,1.2565735578536987,2.0899882316589355
2012-01-10,1.2703781127929688,2.0646188259124756
2012-01-11,1.2463191747665405,2.0709643363952637
2012-01-12,1.2857598066329956,2.0785722732543945
2012-01-13,1.2344871759414673,2.076669692993164
2012-01-16,1.2585457563400269,2.0741305351257324
2012-01-17,1.2581514120101929,2.0741305351257324
2012-01-18,1.2427695989608765,2.1407341957092285
2012-01-19,1.250262975692749,2.143907070159912
2012-01-20,1.2660396099090576,2.169912099838257
2012-01-23,1.2617007493972778,2.162930965423584
2012-01-24,1.2617007493972778,2.162297248840332
2012-01-26,1.2609120607376099,2.162930965423584
2012-01-27,1.2609120607376099,2.1692771911621094
2012-01-30,1.2680116891860962,2.195281744003296
2012-01-31,1.301141381263733,2.24349045753479
2012-02-01,1.301141381263733,2.249828338623047
2012-02-02,1.301535964012146,2.2390475273132324
2012-02-03,1.281815767288208,2.235874891281128
2012-02-06,1.3204669952392578,2.257443904876709
2012-02-07,1.3204669952392578,2.249195098876953
2012-02-08,1.2991695404052734,2.2707631587982178
2012-02-09,1.2735333442687988,2.3215091228485107
2012-02-10,1.2900978326797485,2.365903615951538
2012-02-13,1.305479884147644,2.3881068229675293
2012-02-14,1.3110014200210571,2.3944523334503174
2012-02-15,1.3003525733947754,2.4356801509857178
2012-02-16,1.301141381263733,2.448364496231079
2012-02-17,1.2916759252548218,2.4445571899414062
2012-02-23,1.281815767288208,2.4838812351226807
2012-02-24,1.281815767288208,2.4661266803741455
2012-02-27,1.320861577987671,2.447730302810669
2012-02-28,1.3804168701171875,2.51179575920105
2012-02-29,1.3685846328735352,2.497206687927246
2012-03-01,1.4001374244689941,2.5509486198425293
2012-03-02,1.4261674880981445,2.537165641784668
2012-03-05,1.404081106185913,2.5879058837890625
2012-03-06,1.3804168701171875,2.5035464763641357
2012-03-07,1.4159131050109863,2.4862232208251953
2012-03-08,1.402109146118164,2.546678304672241
2012-03-09,1.4119693040847778,2.624063014984131
2012-03-12,1.4115747213363647,2.620889663696289
2012-03-13,1.45929753780365,2.708421468734741
2012-03-14,1.4005314111709595,2.707153081893921
2012-03-15,1.4080252647399902,2.68178391456604
2012-03-16,1.3847548961639404,2.6443629264831543
2012-03-19,1.3804168701171875,2.691929817199707
2012-03-20,1.3883049488067627,2.6893980503082275
2012-03-21,1.419857382774353,2.70007061958313
2012-03-22,1.4159131050109863,2.698909044265747
2012-03-23,1.4277455806732178,2.6342103481292725
2012-03-26,1.4541703462600708,2.746483564376831
2012-03-27,1.3804168701171875,2.797222852706909
2012-03-28,1.3685846328735352,2.787710666656494
2012-03-29,1.3804168701171875,2.771852970123291
2012-03-30,1.3804168701171875,2.7673346996307373
2012-04-02,1.4159131050109863,2.8733389377593994
2012-04-03,1.3922487497329712,2.8574817180633545
2012-04-04,1.3804168701171875,2.8416240215301514
2012-04-05,1.3725290298461914,2.901881217956543
2012-04-09,1.3725290298461914,2.893637180328369
2012-04-10,1.3922487497329712,2.919008493423462
2012-04-11,1.3804168701171875,2.958967685699463
2012-04-12,1.404081106185913,2.961505174636841
2012-04-13,1.3918546438217163,2.908226728439331
2012-04-16,1.3997423648834229,2.9189960956573486
2012-04-17,1.404081106185913,2.901881217956543
2012-04-18,1.45929753780365,3.0001955032348633
2012-04-19,1.4553534984588623,3.0185904502868652
2012-04-20,1.4553534984588623,3.0287437438964844
2012-04-23,1.458903431892395,3.0382559299468994
2012-04-24,1.492822289466858,3.1080267429351807
2012-04-25,1.5322626829147339,3.1270558834075928
2012-04-26,1.5263463258743286,3.1048529148101807
2012-04-27,1.5375992059707642,3.068701982498169
2012-04-30,1.5657014846801758,3.0566844940185547
2012-05-02,1.5556654930114746,3.055366039276123
2012-05-03,1.5227453708648682,2.913034439086914
2012-05-04,1.5255557298660278,2.8709776401519775
2012-05-07,1.5038769245147705,2.9502358436584473
2012-05-08,1.4653364419937134,2.9494264125823975
2012-05-09,1.5195339918136597,2.9364888668060303
2012-05-10,1.545628547668457,2.945380210876465
2012-05-11,1.5343880653381348,2.9652605056762695
2012-05-14,1.4653364419937134,2.8184125423431396
2012-05-15,1.445263385772705,2.763420581817627
2012-05-16,1.4854092597961426,2.777974843978882
2012-05-17,1.4793875217437744,2.7464377880096436
2012-05-18,1.445263385772705,2.790919542312622
2012-05-21,1.445263385772705,2.8143677711486816
2012-05-22,1.4601178169250488,2.8451037406921387
2012-05-23,1.4854092597961426,2.826502561569214
2012-05-24,1.445263385772705,2.821648120880127
2012-05-25,1.4251906871795654,2.769892454147339
2012-05-28,1.4854092597961426,2.7901110649108887
2012-05-29,1.4613218307495117,2.773930072784424
2012-05-30,1.4251906871795654,2.7981934547424316
2012-05-31,1.4251906871795654,2.846325397491455
2012-06-01,1.445263385772705,2.8135581016540527
2012-06-04,1.4850082397460938,2.81032133102417
2012-06-05,1.4825993776321411,2.7747390270233154
2012-06-06,1.4745700359344482,2.8895790576934814
2012-06-08,1.5155192613601685,2.8895790576934814
2012-06-11,1.5090960264205933,2.8960514068603516
2012-06-12,1.5135117769241333,2.9922902584075928
2012-06-13,1.5135117769241333,2.955090045928955
2012-06-14,1.5255557298660278,2.965599775314331
2012-06-15,1.5255557298660278,2.9833920001983643
2012-06-18,1.5255557298660278,2.9906721115112305
2012-06-19,1.5612858533859253,2.9922902584075928
2012-06-20,1.5612858533859253,2.9761178493499756
2012-06-21,1.5608843564987183,2.9162700176239014
2012-06-22,1.5604827404022217,2.9049434661865234
2012-06-25,1.5255557298660278,2.902524709701538
2012-06-26,1.5251544713974,2.9445712566375732
2012-06-27,1.4922345876693726,2.9793453216552734
2012-06-28,1.5042778253555298,3.0513288974761963
2012-06-29,1.541614055633545,3.035155773162842
2012-07-02,1.5235487222671509,3.0852935314178467
2012-07-03,1.5371980667114258,3.0731585025787354
2012-07-04,1.545227289199829,3.068821430206299
2012-07-05,1.545227289199829,3.0731585025787354
2012-07-06,1.545227289199829,3.0731585025787354
2012-07-10,1.545227289199829,3.0545570850372314
2012-07-11,1.545628547668457,3.0327281951904297
2012-07-12,1.544424295425415,3.0529468059539795
2012-07-13,1.544825792312622,3.065075635910034
2012-07-16,1.545628547668457,3.0675032138824463
2012-07-17,1.544424295425415,3.1200687885284424
2012-07-18,1.544424295425415,3.1532247066497803
2012-07-19,1.5371980667114258,3.1588873863220215
2012-07-20,1.5006651878356934,3.1233041286468506
2012-07-23,1.5054826736450195,3.098231554031372
2012-07-24,1.5054826736450195,3.052137613296509
2012-07-25,1.5054826736450195,3.077202796936035
2012-07-26,1.445263385772705,3.117640495300293
2012-07-27,1.445263385772705,3.192044258117676
2012-07-30,1.4629273414611816,3.2195441722869873
2012-07-31,1.4613218307495117,3.1685891151428223
2012-08-01,1.4613218307495117,3.1702070236206055
2012-08-02,1.4733654260635376,3.1774888038635254
2012-08-03,1.5050815343856812,3.178297519683838
2012-08-06,1.531577706336975,3.2065987586975098
2012-08-07,1.531577706336975,3.1952803134918213
2012-08-08,1.5054826736450195,3.238145351409912
2012-08-09,1.541614055633545,3.2371091842651367
2012-08-10,1.5576726198196411,3.235717296600342
2012-08-13,1.5576726198196411,3.2389538288116455
2012-08-14,1.5175268650054932,3.217926502227783
2012-08-15,1.4950443506240845,3.2187349796295166
2012-08-16,1.4890230894088745,3.2251996994018555
2012-08-17,1.4850082397460938,3.1871893405914307
2012-08-20,1.4673434495925903,3.1839611530303955
2012-08-21,1.4673434495925903,3.1499881744384766
2012-08-22,1.4745700359344482,3.1516060829162598
2012-08-23,1.4693506956100464,3.065075635910034
2012-08-24,1.4850082397460938,3.0731585025787354
2012-08-27,1.3645694255828857,3.0974221229553223
2012-08-28,1.3770147562026978,3.0893394947052
2012-08-29,1.344897747039795,3.0731585025787354
2012-08-30,1.345700740814209,2.961554527282715
2012-08-31,1.316795825958252,2.7957661151885986
2012-09-03,1.320408582687378,2.8952419757843018
2012-09-04,1.2766493558883667,2.809917449951172
2012-09-05,1.248546838760376,2.900096893310547
2012-09-06,1.2762479782104492,2.9089887142181396
2012-09-10,1.2762479782104492,2.837822198867798
2012-09-11,1.2308826446533203,2.5588128566741943
2012-09-12,1.1554080247879028,2.0452685356140137
2012-09-13,1.1232906579971313,2.147172212600708
2012-09-14,1.1357359886169434,2.163344621658325
2012-09-17,1.1240936517715454,2.2134828567504883
2012-09-18,1.1321228742599487,2.2806129455566406
2012-09-19,1.1016120910644531,2.240175247192383
2012-09-20,1.0839474201202393,2.134225606918335
2012-09-21,1.0839474201202393,2.107543706893921
2012-09-24,1.0843490362167358,2.1099696159362793
2012-09-25,1.1240936517715454,2.092987537384033
2012-09-26,1.1244951486587524,2.053359270095825
2012-09-27,1.1068307161331177,2.0218141078948975
2012-09-28,1.1156630516052246,1.987848162651062
2012-10-01,1.1156630516052246,2.001594305038452
2012-10-02,1.0899693965911865,1.969247579574585
2012-10-03,1.0851516723632812,1.8794814348220825
2012-10-04,1.0197137594223022,1.8802906274795532
2012-10-05,1.0474141836166382,1.9838032722473145
2012-10-08,1.0526334047317505,1.987848162651062
2012-10-09,1.0454070568084717,2.0258584022521973
2012-10-10,1.043399691581726,1.9781479835510254
2012-10-11,1.0654802322387695,2.033949613571167
2012-10-15,1.0454070568084717,2.063868761062622
2012-10-16,1.0522319078445435,2.0946059226989746
2012-10-17,1.039786458015442,2.066296339035034
2012-10-18,1.0438014268875122,1.9991756677627563
2012-10-19,1.0478160381317139,2.05820631980896
2012-10-22,1.0542391538619995,2.053359270095825
2012-10-23,1.0156989097595215,2.0218141078948975
2012-10-24,1.026538610458374,2.0193941593170166
2012-10-25,1.028144359588623,1.9975577592849731
2012-10-26,1.0112826824188232,1.9829938411712646
2012-10-29,1.0209178924560547,1.987848162651062
2012-10-30,0.9879982471466064,2.0080673694610596
2012-10-31,0.9775599837303162,1.9652024507522583
2012-11-01,0.9835819005966187,2.0153493881225586
2012-11-05,0.9896038174629211,1.957929015159607
2012-11-06,0.9847862124443054,1.9530746936798096
2012-11-07,0.9675235152244568,1.923964262008667
2012-11-08,0.9755526781082153,1.8398531675338745
2012-11-09,0.8932529091835022,1.8980815410614014
2012-11-12,0.8350410461425781,1.8827177286148071
2012-11-13,0.8695669174194336,1.892417550086975
2012-11-14,0.8932529091835022,1.86411714553833
2012-11-16,0.899275004863739,1.8560253381729126
2012-11-19,0.899275004863739,1.8495607376098633
2012-11-21,0.883216381072998,1.8447076082229614
2012-11-22,0.8808076977729797,1.9304287433624268
2012-11-23,0.9065009951591492,1.9975577592849731
2012-11-26,0.8876324892044067,2.0169670581817627
2012-11-27,0.8812091946601868,1.9530746936798096
2012-11-28,0.8932529091835022,2.0056402683258057
2012-11-29,0.9193478226661682,2.0210041999816895
2012-11-30,0.9631074666976929,2.076005697250366
2012-12-03,0.943435549736023,2.0557868480682373
2012-12-04,0.9394211769104004,2.0056402683258057
2012-12-05,0.9390198588371277,1.9328557252883911
2012-12-06,0.943435549736023,2.033949613571167
2012-12-07,0.9454429745674133,2.0549774169921875
2012-12-10,0.9687278270721436,2.059823989868164
2012-12-11,0.990005373954773,2.0654876232147217
2012-12-12,0.9574868679046631,2.1010706424713135
2012-12-13,0.9956257343292236,2.0897514820098877
2012-12-14,1.0116841793060303,2.063868761062622
2012-12-17,1.0132900476455688,2.059823989868164
2012-12-18,0.9936185479164124,2.034759044647217
2012-12-19,1.0112826824188232,2.042841672897339
2012-12-20,1.0084726810455322,2.070342779159546
2012-12-21,1.0373778343200684,1.8819085359573364
2012-12-26,1.0036550760269165,1.9101439714431763
2012-12-27,0.9940199255943298,1.924775242805481
2012-12-28,1.0116841793060303,1.9454349279403687
2013-01-02,1.0124871730804443,1.9798650741577148
2013-01-03,1.039873480796814,1.9824491739273071
2013-01-04,1.0402824878692627,1.8851780891418457
2013-01-07,0.9825801849365234,1.8240604400634766
2013-01-08,0.943702220916748,1.7741286754608154
2013-01-09,0.981761634349823,1.873121976852417
2013-01-10,1.0075435638427734,1.904976725578308
2013-01-11,1.0210484266281128,1.9135799407958984
2013-01-14,1.030461072921753,1.9109961986541748
2013-01-15,1.031279444694519,1.907560110092163
2013-01-16,1.043556571006775,1.9583450555801392
2013-01-17,1.0345532894134521,1.9798650741577148
2013-01-18,1.0496950149536133,2.009998083114624
2013-01-21,1.0558334589004517,2.0383992195129395
2013-01-22,1.0558334589004517,2.0383992195129395
2013-01-23,1.0660645961761475,1.954038143157959
2013-01-24,1.0734307765960693,1.9419904947280884
2013-01-28,1.0623815059661865,1.9187477827072144
2013-01-29,1.039873480796814,1.9109961986541748
2013-01-30,1.033734679222107,1.8757060766220093
2013-01-31,1.0631999969482422,1.8593510389328003
2013-02-01,1.0722031593322754,1.893781304359436
2013-02-04,1.0484672784805298,1.9084210395812988
2013-02-05,1.0394641160964966,1.9066994190216064
2013-02-06,1.0271868705749512,1.9066994190216064
2013-02-07,1.0394641160964966,1.893781304359436
2013-02-08,1.0394641160964966,1.8679637908935547
2013-02-13,1.0308701992034912,1.9109961986541748
2013-02-14,1.007134199142456,1.924775242805481
2013-02-15,1.019411325454712,1.974698781967163
2013-02-18,1.0005866289138794,1.9798650741577148
2013-02-19,1.0009958744049072,1.9583450555801392
2013-02-20,0.9973126649856567,1.953176736831665
2013-02-21,0.9780787229537964,1.9239140748977661
2013-02-22,0.9653921127319336,1.9523167610168457
2013-02-25,0.9612996578216553,1.9970803260803223
2013-02-26,0.9658011794090271,2.017740488052368
2013-02-27,0.9658011794090271,2.0263524055480957
2013-02-28,0.9330621361732483,2.016878128051758
2013-03-01,0.9617089629173279,2.00569224357605
2013-03-04,0.9612996578216553,2.0022473335266113
2013-03-05,0.9760324954986572,2.0074148178100586
2013-03-06,0.992401659488678,2.087470054626465
2013-03-07,1.0300519466400146,2.200232982635498
2013-03-08,1.0173654556274414,2.18129563331604
2013-03-11,1.030461072921753,2.182156562805176
2013-03-12,1.0230947732925415,2.144282579421997
2013-03-13,1.0018144845962524,2.126206874847412
2013-03-14,1.0108177661895752,2.1666641235351562
2013-03-15,1.0042698383331299,2.190760374069214
2013-03-18,1.0026328563690186,2.2226145267486572
2013-03-19,1.0005866289138794,2.220892906188965
2013-03-20,0.949022650718689,1.9109961986541748
2013-03-21,0.9535243511199951,1.9368237257003784
2013-03-22,0.9617089629173279,1.9583450555801392
2013-03-25,0.9289699792861938,1.925636649131775
2013-03-26,0.9739860892295837,1.9678171873092651
2013-03-27,1.0185929536819458,1.9884768724441528
2013-03-28,1.0185929536819458,2.0332326889038086
2013-04-01,1.0226854085922241,2.040983200073242
2013-04-02,1.014910101890564,2.023768186569214
2013-04-03,1.0431474447250366,2.016016960144043
2013-04-04,1.0235041379928589,2.009998083114624
2013-04-05,1.11721932888031,2.009998083114624
2013-04-08,1.1127177476882935,1.9884768724441528
2013-04-09,1.118447184562683,2.04270601272583
2013-04-10,1.1028958559036255,2.0952112674713135
2013-04-11,1.1049422025680542,2.0461504459381104
2013-04-12,1.1049422025680542,2.023768186569214
2013-04-15,1.087754249572754,2.0211856365203857
2013-04-16,1.100849986076355,2.040983200073242
2013-04-17,1.1147637367248535,2.0401227474212646
2013-04-18,1.1254040002822876,2.0917673110961914
2013-04-19,1.1565062999725342,2.144282579421997
2013-04-22,1.1372722387313843,2.149449110031128
2013-04-23,1.2228022813796997,2.164080858230591
2013-04-24,1.2195286750793457,2.1477270126342773
2013-04-25,1.2481755018234253,2.14255952835083
2013-04-26,1.267122745513916,2.1150102615356445
2013-04-29,1.1744776964187622,2.148588180541992
2013-04-30,1.1757237911224365,2.1967880725860596
2013-05-02,1.184032917022705,2.210749387741089
2013-05-03,1.183617353439331,2.214898109436035
2013-05-06,1.1798784732818604,2.201411485671997
2013-05-07,1.1902648210525513,2.2200863361358643
2013-05-08,1.1753084659576416,2.2283847332000732
2013-05-09,1.1753084659576416,2.2128236293792725
2013-05-10,1.1753084659576416,2.241872787475586
2013-05-13,1.1628447771072388,2.2045228481292725
2013-05-14,1.1549514532089233,2.2034854888916016
2013-05-15,1.1715693473815918,2.2117860317230225
2013-05-16,1.202728033065796,2.2325351238250732
2013-05-17,1.2106218338012695,2.2978954315185547
2013-05-20,1.2172690629959106,2.3362808227539062
2013-05-21,1.2247470617294312,2.372591972351074
2013-05-22,1.2376261949539185,2.4161643981933594
2013-05-23,1.2459348440170288,2.4182302951812744
2013-05-24,1.2455193996429443,2.4161643981933594
2013-05-27,1.2409497499465942,2.393340826034546
2013-05-28,1.2417805194854736,2.3663671016693115
2013-05-29,1.188187599182129,2.3155317306518555
2013-05-31,1.1379179954528809,2.2460219860076904
2013-06-03,1.1591057777404785,2.31864333152771
2013-06-04,1.1487194299697876,2.274033308029175
2013-06-05,1.1321018934249878,2.2314975261688232
2013-06-06,1.1321018934249878,2.2065985202789307
2013-06-07,1.1321018934249878,2.131901741027832
2013-06-10,1.160767674446106,2.14746356010437
2013-06-11,1.1549514532089233,2.08522629737854
2013-06-12,1.0888949632644653,2.052027463912964
2013-06-13,1.184032917022705,2.1215271949768066
2013-06-14,1.1217153072357178,2.071739912033081
2013-06-17,1.1217153072357178,2.116339683532715
2013-06-18,1.1557822227478027,2.1422760486602783
2013-06-19,1.1275317668914795,2.098702907562256
2013-06-20,1.0510889291763306,1.9856303930282593
2013-06-21,0.8558272123336792,1.9586567878723145
2013-06-24,0.8724452257156372,1.919232964515686
2013-06-25,0.8778461813926697,1.957619309425354
2013-06-26,0.9264541268348694,1.9711061716079712
2013-06-27,0.8699526786804199,2.0375025272369385
2013-06-28,0.8703680634498596,2.0551395416259766
2013-07-01,0.8911404609680176,2.0914506912231445
2013-07-02,0.9052659869194031,2.038541078567505
2013-07-03,0.9160674214363098,2.033353567123413
2013-07-04,0.913990318775177,2.0292036533355713
2013-07-05,0.9281156659126282,2.054102659225464
2013-07-08,0.9281156659126282,2.0821142196655273
2013-07-10,0.9476416110992432,2.112190008163452
2013-07-11,0.9613515734672546,2.14435076713562
2013-07-12,0.950549840927124,2.0790011882781982
2013-07-15,0.9555354118347168,2.08315110206604
2013-07-16,0.9409947991371155,2.0748517513275146
2013-07-17,0.913990318775177,2.08522629737854
2013-07-18,0.9596897959709167,2.152650833129883
2013-07-19,0.9472262859344482,2.1536881923675537
2013-07-22,0.9738150238990784,2.2097105979919434
2013-07-23,0.9430719614028931,2.2045228481292725
2013-07-24,0.924376368522644,2.199336528778076
2013-07-25,0.9060966372489929,2.2615833282470703
2013-07-26,0.9060966372489929,2.2449848651885986
2013-07-29,0.9156520962715149,2.265732765197754
2013-07-30,0.9177294969558716,2.2294223308563232
2013-07-31,0.913574755191803,2.164062738418579
2013-08-01,0.9094201326370239,2.14746356010437
2013-08-02,0.9006958603858948,2.1381263732910156
2013-08-05,0.910666823387146,2.141238212585449
2013-08-06,0.9235455989837646,2.0800390243530273
2013-08-07,0.9509655833244324,2.146425485610962
2013-08-08,0.9758924841880798,2.1360509395599365
2013-08-09,0.9829548597335815,2.1236016750335693
2013-08-12,0.9908486008644104,2.1360509395599365
2013-08-13,0.9925103187561035,2.1422760486602783
2013-08-14,0.9804623126983643,2.08730149269104
2013-08-15,0.9763078093528748,2.042691230773926
2013-08-16,0.9679989218711853,2.022979259490967
2013-08-19,0.9547045230865479,2.038541078567505
2013-08-20,0.9281156659126282,1.9970428943634033
2013-08-21,0.9551199078559875,1.984593391418457
2013-08-22,0.9202218651771545,2.0126049518585205
2013-08-23,0.9306082725524902,2.016754627227783
2013-08-26,0.913574755191803,1.9783685207366943
2013-08-27,0.8317312598228455,1.953469157218933
2013-08-28,0.8803388476371765,1.9140459299087524
2013-08-29,0.8433637022972107,1.9358325004577637
2013-08-30,0.8516727089881897,1.9493193626403809
2013-09-02,0.8720298409461975,1.9628063440322876
2013-09-03,0.8782616853713989,1.93168306350708
2013-09-04,0.8882325887680054,1.9015967845916748
2013-09-05,0.9031887650489807,1.945169448852539
2013-09-06,0.8973721265792847,1.957619309425354
2013-09-09,0.913574755191803,1.9970428943634033
2013-09-10,0.913990318775177,1.9835548400878906
2013-09-11,0.9127439856529236,1.9711061716079712
2013-09-12,0.9077585935592651,1.926494836807251
2013-09-13,0.9036039710044861,1.942057490348816
2013-09-16,0.9114975333213806,1.956581711769104
2013-09-17,0.9127439856529236,1.9337579011917114
2013-09-18,0.8973721265792847,1.9140459299087524
2013-09-19,0.8932179808616638,1.9296081066131592
2013-09-20,0.8803388476371765,1.924420952796936
2013-09-23,0.9073431491851807,1.956581711769104
2013-09-24,0.9102513790130615,1.9918557405471802
2013-09-25,0.919391393661499,1.9949675798416138
2013-09-26,0.9227148294448853,1.9856303930282593
2013-09-27,0.9488879442214966,2.002229928970337
2013-09-30,0.9389173984527588,1.9960044622421265
2013-10-01,0.9347627758979797,2.014679431915283
2013-10-02,0.9509655833244324,1.9887428283691406
2013-10-03,0.9468109011650085,1.9970428943634033
2013-10-04,0.9534581899642944,2.0592894554138184
2013-10-07,0.9509655833244324,2.022979259490967
2013-10-08,0.9385018944740295,2.035428285598755
2013-10-09,0.9355937838554382,2.022979259490967
2013-10-10,0.9306082725524902,2.0530648231506348
2013-10-11,0.924376368522644,2.042691230773926
2013-10-14,0.9202218651771545,2.069664716720581
2013-10-15,0.9177294969558716,2.0509908199310303
2013-10-16,0.9198064804077148,2.0437283515930176
2013-10-17,0.924376368522644,2.0551395416259766
2013-10-18,0.9222992658615112,2.1059651374816895
2013-10-21,0.9301930069923401,2.0862648487091064
2013-10-22,0.9331009387969971,2.099740743637085
2013-10-23,0.924376368522644,2.0748517513275146
2013-10-24,0.910666823387146,2.038541078567505
2013-10-25,0.909004807472229,2.022979259490967
2013-10-28,0.9260383248329163,2.0644774436950684
2013-10-29,0.9301930069923401,2.0665526390075684
2013-10-30,0.9335165619850159,2.0551395416259766
2013-10-31,0.9468109011650085,2.070702314376831
2013-11-01,0.9389173984527588,2.0655152797698975
2013-11-04,0.9426564574241638,2.0582520961761475
2013-11-05,0.9355937838554382,2.038541078567505
2013-11-06,0.9285311698913574,2.022979259490967
2013-11-07,0.931439220905304,2.002229928970337
2013-11-08,0.9131595492362976,1.9700684547424316
2013-11-11,0.9110821485519409,1.9814809560775757
2013-11-12,0.9114975333213806,1.957619309425354
2013-11-13,0.9085894227027893,1.9410197734832764
2013-11-14,1.009959101676941,2.004305362701416
2013-11-18,1.0249156951904297,2.018829584121704
2013-11-19,1.0070514678955078,1.9462072849273682
2013-11-21,1.0319781303405762,1.9628063440322876
2013-11-22,1.0220073461532593,1.980444073677063
2013-11-25,1.010790228843689,2.0209035873413086
2013-11-26,1.0149447917938232,2.002229928970337
2013-11-27,1.0142635107040405,2.014679431915283
2013-11-28,0.9868156313896179,2.015716075897217
2013-11-29,1.0151346921920776,2.036465883255005
2013-12-02,1.0212340354919434,2.0219411849975586
2013-12-03,1.0138276815414429,1.9835548400878906
2013-12-04,0.9824586510658264,1.9679936170578003
2013-12-05,0.9842013716697693,1.9503569602966309
2013-12-06,0.9846371412277222,1.952431559562683
2013-12-09,0.9881224036216736,1.963843584060669
2013-12-10,0.969387948513031,1.952431559562683
2013-12-11,0.9672098159790039,1.9109339714050293
2013-12-12,0.9584962725639343,1.9005589485168457
2013-12-13,0.9550108909606934,1.8476489782333374
2013-12-16,0.9576250910758972,1.8673603534698486
2013-12-17,0.9584962725639343,1.858022928237915
2013-12-18,0.9441189765930176,1.8674448728561401
2013-12-19,0.9754878878593445,1.902145504951477
2013-12-20,0.9672098159790039,1.9010940790176392
2013-12-23,0.9759235382080078,1.9147638082504272
2013-12-26,0.978101909160614,1.9336906671524048
2013-12-27,0.9802802801132202,1.959412932395935
2013-12-30,0.9715669751167297,1.9264121055603027
2014-01-02,0.9532679915428162,1.8934121131896973
2014-01-03,0.9606745839118958,1.952538251876831
2014-01-06,0.9419403076171875,1.9635378122329712
2014-01-07,0.920592188835144,1.8975367546081543
2014-01-08,0.9258203506469727,1.871411681175232
2014-01-09,0.9127498269081116,1.8301602602005005
2014-01-10,0.9410688877105713,1.8727867603302002
2014-01-13,0.9471687078475952,1.81916081905365
2014-01-14,0.9659028649330139,1.8480350971221924
2014-01-15,0.9672098159790039,1.8287856578826904
2014-01-16,0.9628530740737915,1.8521610498428345
2014-01-17,0.9672098159790039,1.856285810470581
2014-01-20,0.9580604434013367,1.8301602602005005
2014-01-21,0.9454259276390076,1.8631610870361328
2014-01-22,0.9493470191955566,1.9112871885299683
2014-01-23,0.9493470191955566,1.8934121131896973
2014-01-24,0.9279985427856445,1.8824111223220825
2014-01-27,0.9210278391838074,1.8521610498428345
2014-01-28,0.919284999370575,1.8659108877182007
2014-01-29,0.919284999370575,1.8356603384017944
2014-01-30,0.8822522163391113,1.870036005973816
2014-01-31,0.871360182762146,1.9154118299484253
2014-02-03,0.8626466989517212,1.8906612396240234
2014-02-04,0.8495762348175049,1.8549110889434814
2014-02-05,0.8430411219596863,1.780659556388855
2014-02-06,0.8386842608451843,1.8342856168746948
2014-02-07,0.8190786242485046,1.8081597089767456
2014-02-10,0.8103650212287903,1.7930347919464111
2014-02-11,0.8190786242485046,1.8150349855422974
2014-02-12,0.8190786242485046,1.9016627073287964
2014-02-13,0.8147218823432922,1.874161720275879
2014-02-14,0.8147218823432922,1.8356603384017944
2014-02-17,0.7776890397071838,1.7916598320007324
2014-02-18,0.7484985589981079,1.7215330600738525
2014-02-19,0.7615688443183899,1.7462841272354126
2014-02-20,0.7776890397071838,1.776533842086792
2014-02-21,0.7733322978019714,1.7751591205596924
2014-02-24,0.7820457816123962,1.8109098672866821
2014-02-25,0.7667968273162842,1.7710344791412354
2014-02-26,0.7842239737510681,1.776533842086792
2014-02-27,0.801215648651123,1.8301602602005005
2014-02-28,0.798166036605835,1.8466598987579346
2014-03-05,0.7977302670478821,1.8494112491607666
2014-03-06,0.8186429738998413,1.856285810470581
2014-03-07,0.7837885022163391,1.7971596717834473
2014-03-10,0.7711537480354309,1.7572840452194214
2014-03-11,0.7955519556999207,1.787534475326538
2014-03-12,0.809929370880127,1.8260351419448853
2014-03-13,0.8212569952011108,1.8865365982055664
2014-03-14,0.7951163053512573,1.773783802986145
2014-03-17,0.7859669923782349,1.7861593961715698
2014-03-18,0.813850462436676,1.8494112491607666
2014-03-19,0.8238711357116699,1.8549110889434814
2014-03-20,0.8408627510070801,1.9057868719100952
2014-03-21,0.8369415402412415,1.9112871885299683
2014-03-24,0.8574185371398926,1.9154118299484253
2014-03-25,0.887916088104248,1.9635378122329712
2014-03-26,0.8883519172668457,1.959412932395935
2014-03-27,0.9149281978607178,2.1024158000946045
2014-03-28,0.935840904712677,2.0982906818389893
2014-03-31,0.9493470191955566,2.0969157218933105
2014-04-01,0.948911190032959,2.068040132522583
2014-04-02,0.9576250910758972,2.1532907485961914
2014-04-03,0.9410688877105713,2.136791706085205
2014-04-04,0.9580604434013367,2.1326663494110107
2014-04-07,0.9541394114494324,2.1807918548583984
2014-04-08,0.9454259276390076,2.1821670532226562
2014-04-09,0.935840904712677,2.1299169063568115
2014-04-10,0.9497827887535095,2.156041383743286
2014-04-11,0.9624175429344177,2.18766713142395
2014-04-14,0.9881224036216736,2.1904172897338867
2014-04-15,0.9715669751167297,2.1725430488586426
2014-04-16,0.9802802801132202,2.164292097091675
2014-04-17,1.0064210891723633,2.227543354034424
2014-04-22,1.0334330797195435,2.2550430297851562
2014-04-23,0.9998859763145447,2.282543897628784
2014-04-24,0.9811517000198364,2.250918388366699
2014-04-25,0.992517352104187,2.1917922496795654
2014-04-28,0.9947781562805176,2.230292797088623
2014-04-29,0.9893518686294556,2.2344183921813965
2014-04-30,0.9947781562805176,2.2124178409576416
2014-05-02,1.0490386486053467,2.3437325954437256
2014-05-05,1.0363781452178955,2.3670241832733154
2014-05-06,1.0603432655334473,2.359745502471924
2014-05-07,1.0359256267547607,2.3859481811523438
2014-05-08,1.0241695642471313,2.3437325954437256
2014-05-09,1.0196477174758911,2.337909460067749
2014-05-12,1.0693867206573486,2.3670241832733154
2014-05-13,1.0757170915603638,2.3946828842163086
2014-05-14,1.1010388135910034,2.4645581245422363
2014-05-15,1.0829520225524902,2.307338237762451
2014-05-16,1.105560541152954,2.3349976539611816
2014-05-19,1.0852128267288208,2.336453914642334
2014-05-20,1.0603432655334473,2.351011276245117
2014-05-21,1.0458734035491943,2.387404203414917
2014-05-22,1.0535606145858765,2.4150638580322266
2014-05-23,1.0657691955566406,2.4645581245422363
2014-05-26,1.091543436050415,2.4529125690460205
2014-05-27,1.0354739427566528,2.3553781509399414
2014-05-28,1.0178391933441162,2.3437325954437256
2014-05-29,1.0345693826675415,2.337909460067749
2014-05-30,0.992517352104187,2.268033981323242
2014-06-02,0.9947781562805176,2.3160736560821533
2014-06-03,1.030951976776123,2.3582892417907715
2014-06-04,1.0173869132995605,2.3524668216705322
2014-06-05,1.0295954942703247,2.3582892417907715
2014-06-06,1.028691291809082,2.425253391265869
2014-06-09,1.0350216627120972,2.470381021499634
2014-06-10,1.0259779691696167,2.521331548690796
2014-06-11,1.0458734035491943,2.557725429534912
2014-06-13,1.0399953126907349,2.544623374938965
2014-06-16,1.030951976776123,2.570826530456543
2014-06-17,1.0431606769561768,2.5737380981445312
2014-06-18,1.0906386375427246,2.70766544342041
2014-06-20,1.0580823421478271,2.630511999130249
2014-06-23,1.0273345708847046,2.592663049697876
2014-06-24,1.028691291809082,2.61449933052063
2014-06-25,1.030951976776123,2.5810177326202393
2014-06-26,1.044065237045288,2.5664594173431396
2014-06-27,1.0354739427566528,2.371391534805298
2014-06-30,1.0626038312911987,2.5625901222229004
2014-07-01,1.026430368423462,2.524484395980835
2014-07-02,1.0060824155807495,2.5324230194091797
2014-07-03,1.0173869132995605,2.619748115539551
2014-07-04,1.0621521472930908,2.6451518535614014
2014-07-07,1.031856656074524,2.6880199909210205
2014-07-08,1.0399953126907349,2.7023098468780518
2014-07-10,1.0648648738861084,2.8658456802368164
2014-07-11,1.0919950008392334,2.803924083709717
2014-07-14,1.1281689405441284,2.873783826828003
2014-07-15,1.1051080226898193,2.9071264266967773
2014-07-16,1.1078213453292847,2.884897470474243
2014-07-17,1.1213862895965576,2.886486291885376
2014-07-18,1.1620819568634033,3.0071542263031006
2014-07-21,1.1620819568634033,3.0992422103881836
2014-07-22,1.1846905946731567,3.162750244140625
2014-07-23,1.1756469011306763,3.086540460586548
2014-07-24,1.1824294328689575,3.157987356185913
2014-07-25,1.1959946155548096,3.143698215484619
2014-07-28,1.2154381275177002,3.107179641723633
2014-07-29,1.1697686910629272,3.02461838722229
2014-07-30,1.1213862895965576,3.0373191833496094
2014-07-31,1.106916904449463,2.932530164718628
2014-08-01,1.1476125717163086,2.9849257469177246
2014-08-04,1.1697686910629272,3.0786008834838867
2014-08-05,1.1385687589645386,3.043670892715454
2014-08-06,1.1634384393692017,3.0913031101226807
2014-08-07,1.184238314628601,3.1055924892425537
2014-08-08,1.1751949787139893,3.0722501277923584
2014-08-11,1.1788123846054077,3.086540460586548
2014-08-12,1.1697686910629272,3.050022840499878
2014-08-13,1.1304301023483276,2.975398302078247
2014-08-14,1.1281689405441284,3.0008013248443604
2014-08-15,1.1485167741775513,3.088127613067627
2014-08-18,1.1372125148773193,3.050022840499878
2014-08-19,1.1408298015594482,3.048433780670166
2014-08-20,1.1801685094833374,3.107179641723633
2014-08-21,1.2118210792541504,3.1278202533721924
2014-08-22,1.2181510925292969,3.088127613067627
2014-08-25,1.2158900499343872,3.169100522994995
2014-08-26,1.1788123846054077,2.989687442779541
2014-08-27,1.2398557662963867,3.0373191833496094
2014-08-28,1.2285511493682861,3.0023903846740723
2014-08-29,1.2507076263427734,3.05637264251709
2014-09-01,1.2344294786453247,2.913478374481201
2014-09-02,1.2366904020309448,2.9928650856018066
2014-09-03,1.2299073934555054,3.0357322692871094
2014-09-04,1.2547770738601685,3.0166800022125244
2014-09-05,1.2597508430480957,2.9769864082336426
2014-09-08,1.220864176750183,2.884897470474243
2014-09-09,1.183786153793335,2.8245651721954346
2014-09-10,1.1824294328689575,2.7943973541259766
2014-09-11,1.171125054359436,2.705484390258789
2014-09-12,1.1589163541793823,2.6451518535614014
2014-09-15,1.1299775838851929,2.711836576461792
2014-09-16,1.14173424243927,2.6911959648132324
2014-09-17,1.1385687589645386,2.516545057296753
2014-09-18,1.1213862895965576,2.481616497039795
2014-09-19,1.1186732053756714,2.473677158355713
2014-09-22,1.0757170915603638,2.4435102939605713
2014-09-23,1.0630558729171753,2.4689135551452637
2014-09-24,1.07843017578125,2.3800013065338135
2014-09-25,1.0919950008392334,2.3895275592803955
2014-09-26,1.080238938331604,2.3736507892608643
2014-09-29,1.0558217763900757,2.3561854362487793
2014-09-30,1.0567257404327393,2.3800013065338135
2014-10-01,1.0734561681747437,2.3371329307556152
2014-10-02,1.0852128267288208,2.3180794715881348
2014-10-03,1.1295253038406372,2.3022031784057617
2014-10-06,1.1742905378341675,2.381589889526367
2014-10-07,1.2018728256225586,2.572115898132324
2014-10-08,1.20277738571167,2.656266212463379
2014-10-09,1.1575599908828735,2.5911688804626465
2014-10-10,1.1394731998443604,2.5800554752349854
2014-10-13,1.1584645509719849,2.6959590911865234
2014-10-14,1.1281689405441284,2.689608097076416
2014-10-15,1.110986590385437,2.640388250350952
2014-10-16,1.0797866582870483,2.5324230194091797
2014-10-17,1.0585345029830933,2.6149837970733643
2014-10-20,1.0603432655334473,2.4990804195404053
2014-10-21,1.0083434581756592,2.4054055213928223
2014-10-22,1.0219086408615112,2.3974668979644775
2014-10-23,0.9879955649375916,2.2752110958099365
2014-10-24,1.0173869132995605,2.4069926738739014
2014-10-27,0.9653869867324829,2.1974124908447266
2014-10-28,1.0237171649932861,2.289501190185547
2014-10-29,1.0273345708847046,2.2466328144073486
2014-10-30,1.0716472864151,2.2323431968688965
2014-10-31,1.10736882686615,2.259334087371826
2014-11-03,1.1078213453292847,2.254570960998535
2014-11-04,1.111438512802124,2.2704477310180664
2014-11-05,1.0829520225524902,2.2434566020965576
2014-11-06,1.0626038312911987,2.2005882263183594
2014-11-07,1.0879504680633545,2.0878593921661377
2014-11-10,1.1013699769973755,2.2824642658233643
2014-11-11,1.0922638177871704,2.3062760829925537
2014-11-12,1.0927430391311646,2.2926688194274902
2014-11-13,1.0783649682998657,2.234842300415039
2014-11-14,1.0817195177078247,2.141298770904541
2014-11-17,1.0625489950180054,2.107282876968384
2014-11-18,1.0855541229248047,2.1429996490478516
2014-11-19,1.1238958835601807,2.134495496749878
2014-11-21,1.1981834173202515,2.2535505294799805
2014-11-24,1.1703851222991943,2.2365427017211914
2014-11-25,1.1607999801635742,2.3555984497070312
2014-11-26,1.1790122985839844,2.3402912616729736
2014-11-27,1.1977039575576782,2.389615297317505
2014-11-28,1.157444953918457,2.4117255210876465
2014-12-01,1.1306058168411255,2.2722599506378174
2014-12-02,1.126292109489441,2.265456438064575
2014-12-03,1.126771330833435,2.2926688194274902
2014-12-04,1.13108491897583,2.2841649055480957
2014-12-05,1.108559012413025,2.267157554626465
2014-12-08,1.1023287773132324,2.2110321521759033
2014-12-09,1.0735721588134766,2.2620551586151123
2014-12-10,1.1023287773132324,2.187220573425293
2014-12-11,1.0937018394470215,2.1991255283355713
2014-12-12,1.1353986263275146,2.177015781402588
2014-12-15,1.1636754274368286,2.120889902114868
2014-12-16,1.1334813833236694,2.0885746479034424
2014-12-17,1.1430668830871582,2.144700288772583
2014-12-18,1.1320433616638184,2.1004796028137207
2014-12-19,1.149776577949524,2.0647637844085693
2014-12-22,1.142587661743164,2.160008192062378
2014-12-23,1.164634108543396,2.190622329711914
2014-12-26,1.1814086437225342,2.2399449348449707
2014-12-29,1.192431926727295,2.3352859020233154
2014-12-30,1.1933904886245728,2.26629638671875
2015-01-02,1.1492974758148193,2.2076563835144043
2015-01-05,1.1023287773132324,2.150739908218384
2015-01-06,1.0855541229248047,2.1317670345306396
2015-01-07,1.140670657157898,2.1317670345306396
2015-01-08,1.1401913166046143,2.1145193576812744
2015-01-09,1.1023287773132324,2.0403566360473633
2015-01-12,1.0544012784957886,1.9730921983718872
2015-01-13,1.068779468536377,2.000688076019287
2015-01-14,1.0831577777862549,2.0110366344451904
2015-01-15,1.099932312965393,2.0507049560546875
2015-01-16,1.1454635858535767,2.136941909790039
2015-01-19,1.068779468536377,2.000688076019287
2015-01-20,1.0400230884552002,2.0179357528686523
2015-01-21,1.073093056678772,2.0282838344573975
2015-01-22,1.0927430391311646,2.038632392883301
2015-01-23,1.080761432647705,1.9679179191589355
2015-01-26,1.075010061264038,1.9403226375579834
2015-01-27,1.0591939687728882,1.9765416383743286
2015-01-28,1.0443364381790161,2.0231096744537354
2015-01-29,1.0735721588134766,2.136941909790039
2015-01-30,1.0448158979415894,2.054154396057129
2015-02-02,1.1214995384216309,2.152463912963867
2015-02-03,1.1492974758148193,2.1093459129333496
2015-02-04,1.1013699769973755,2.0851998329162598
2015-02-05,1.0467329025268555,2.047255516052246
2015-02-06,1.0534429550170898,1.9782664775848389
2015-02-09,1.052484154701233,1.988614559173584
2015-02-10,1.03762686252594,1.9334229230880737
2015-02-11,1.0208522081375122,1.947221040725708
2015-02-12,1.0639866590499878,2.0334582328796387
2015-02-13,1.0994529724121094,2.0627784729003906
2015-02-18,1.0831577777862549,2.136941909790039
2015-02-19,1.0879504680633545,2.1265928745269775
2015-02-20,1.073093056678772,2.097273111343384
2015-02-23,1.0740516185760498,2.1214194297790527
2015-02-24,1.068779468536377,2.1300430297851562
2015-02-25,1.0663830041885376,2.147289991378784
2015-02-26,1.080761432647705,2.2507741451263428
2015-02-27,1.126292109489441,2.2387006282806396
2015-03-02,1.114310383796692,2.1645379066467285
2015-03-03,1.099932312965393,2.11279559135437
2015-03-04,1.0639866590499878,2.0593292713165283
2015-03-05,1.0548804998397827,2.1214194297790527
2015-03-06,1.0903469324111938,2.1317670345306396
2015-03-09,1.0544012784957886,2.0110366344451904
2015-03-10,1.0678209066390991,2.0317330360412598
2015-03-11,1.0544012784957886,2.043806314468384
2015-03-12,1.100890874862671,2.095548152923584
2015-03-13,1.0496082305908203,2.0265591144561768
2015-03-16,1.056797742843628,1.988614559173584
2015-03-17,1.1071213483810425,2.042081356048584
2015-03-18,1.111914038658142,2.08174991607666
2015-03-19,1.1023287773132324,2.043806314468384
2015-03-20,1.1679887771606445,2.1576385498046875
2015-03-23,1.149776577949524,2.2421505451202393
2015-03-24,1.1449838876724243,2.259397268295288
2015-03-25,1.1306058168411255,2.245600461959839
2015-03-26,1.0970568656921387,2.1817851066589355
2015-03-27,1.0783649682998657,2.202481508255005
2015-03-30,1.1023287773132324,2.235250949859619
2015-03-31,1.1004116535186768,2.2111051082611084
2015-04-01,1.157444953918457,2.300790786743164
2015-04-02,1.1885976791381836,2.387028217315674
2015-04-06,1.2077686786651611,2.4197981357574463
2015-04-07,1.1742197275161743,2.4060001373291016
2015-04-08,1.1454635858535767,2.3352859020233154
2015-04-09,1.111914038658142,2.400825262069702
2015-04-10,1.1694269180297852,2.3939268589019775
2015-04-13,1.1603208780288696,2.4887866973876953
2015-04-14,1.157444953918457,2.4232468605041504
2015-04-15,1.1694269180297852,2.4439432621002197
2015-04-16,1.1742197275161743,2.480163812637329
2015-04-17,1.1598412990570068,2.4749889373779297
2015-04-20,1.1545695066452026,2.457742214202881
2015-04-22,1.1214995384216309,2.4939608573913574
2015-04-23,1.13108491897583,2.5422539710998535
2015-04-24,1.16157865524292,2.5370798110961914
2015-04-27,1.1262893676757812,2.4956858158111572
2015-04-28,1.168040156364441,2.5698494911193848
2015-04-29,1.1277799606323242,2.540529251098633
2015-04-30,1.1382179260253906,2.509483575820923
2015-05-04,1.1675434112548828,2.602191686630249
2015-05-05,1.1754957437515259,2.7178845405578613
2015-05-06,1.1804662942886353,2.803318977355957
2015-05-07,1.1730105876922607,2.76772141456604
2015-05-08,1.1829514503479004,2.7801802158355713
2015-05-11,1.1978627443313599,2.8175580501556396
2015-05-12,1.1923950910568237,2.7784008979797363
2015-05-13,1.1481586694717407,2.6929664611816406
2015-05-14,1.1332473754882812,2.787299871444702
2015-05-15,1.1754957437515259,2.785520315170288
2015-05-18,1.1779812574386597,2.7000858783721924
2015-05-19,1.215259075164795,2.7036454677581787
2015-05-20,1.1953774690628052,2.7178845405578613
2015-05-21,1.1740045547485352,2.563035011291504
2015-05-22,1.15809965133667,2.5648138523101807
2015-05-25,1.19289231300354,2.644909143447876
2015-05-26,1.1541231870651245,2.5719337463378906
2015-05-27,1.1312594413757324,2.6395697593688965
2015-05-28,1.1034252643585205,2.612870693206787
2015-05-29,1.06863272190094,2.523876667022705
2015-06-01,1.0909991264343262,2.602191686630249
2015-06-02,1.1019340753555298,2.548795223236084
2015-06-03,1.1034252643585205,2.4811594486236572
2015-06-05,1.0736030340194702,2.532776117324829
2015-06-08,1.0661473274230957,2.4562413692474365
2015-06-09,1.0989519357681274,2.4473414421081543
2015-06-10,1.1108806133270264,2.475820302963257
2015-06-11,1.1103838682174683,2.4206438064575195
2015-06-12,1.1103838682174683,2.372586965560913
2015-06-15,1.0815556049346924,2.3352088928222656
2015-06-16,1.1133661270141602,2.304950714111328
2015-06-17,1.1252949237823486,2.3120694160461426
2015-06-18,1.1407032012939453,2.3921661376953125
2015-06-19,1.1282771825790405,2.328089475631714
2015-06-22,1.1516376733779907,2.4206438064575195
2015-06-23,1.1556142568588257,2.331648588180542
2015-06-24,1.1655550003051758,2.1429812908172607
2015-06-25,1.1133661270141602,2.0539870262145996
2015-06-26,1.1501468420028687,2.1091628074645996
2015-06-29,1.15809965133667,2.102044105529785
2015-06-30,1.1754957437515259,2.11094331741333
2015-07-01,1.1362298727035522,2.0539870262145996
2015-07-02,1.1600877046585083,2.0949249267578125
2015-07-03,1.1571053266525269,2.066445827484131
2015-07-06,1.1372239589691162,2.0522077083587646
2015-07-07,1.1307625770568848,1.9845716953277588
2015-07-08,1.1307625770568848,1.950753927230835
2015-07-10,1.1506441831588745,1.9916913509368896
2015-07-13,1.1605849266052246,1.9792319536209106
2015-07-14,1.1819573640823364,1.989911437034607
2015-07-15,1.1745017766952515,1.9756724834442139
2015-07-16,1.1869277954101562,1.945414662361145
2015-07-17,1.1630698442459106,1.8599799871444702
2015-07-20,1.168040156364441,1.8528600931167603
2015-07-21,1.1431883573532104,1.767425537109375
2015-07-22,1.1446795463562012,1.7745455503463745
2015-07-23,1.1332473754882812,1.7122489213943481
2015-07-24,1.1208218336105347,1.6143558025360107
2015-07-27,1.1168454885482788,1.64461350440979
2015-07-28,1.0934845209121704,1.6517335176467896
2015-07-29,1.102431297302246,1.5983368158340454
2015-07-30,1.1407032012939453,1.6428332328796387
2015-07-31,1.172513723373413,1.6802111864089966
2015-08-03,1.1630698442459106,1.687330722808838
2015-08-04,1.1640640497207642,1.7086893320083618
2015-08-05,1.1431883573532104,1.6606329679489136
2015-08-06,1.130265474319458,1.5929971933364868
2015-08-07,1.117342233657837,1.5751979351043701
2015-08-10,1.0870230197906494,1.5698587894439697
2015-08-11,1.0860286951065063,1.6018962860107422
2015-08-12,1.0924904346466064,1.6784312725067139
2015-08-13,1.0934845209121704,1.6499532461166382
2015-08-14,1.0870230197906494,1.6018962860107422
2015-08-17,1.0830466747283936,1.6268144845962524
2015-08-18,1.1034252643585205,1.6552926301956177
2015-08-19,1.0835438966751099,1.578757643699646
2015-08-20,1.092987298965454,1.6161359548568726
2015-08-21,1.04378080368042,1.552059531211853
2015-08-24,1.0089880228042603,1.4061092138290405
2015-08-25,1.0189287662506104,1.4328069686889648
2015-08-26,1.06863272190094,1.397209644317627
2015-08-27,1.088017225265503,1.4381471872329712
2015-08-28,1.0427865982055664,1.397209644317627
2015-08-31,1.0611770153045654,1.3384735584259033
2015-09-01,0.999544084072113,1.3171149492263794
2015-09-02,1.0089880228042603,1.3331339359283447
2015-09-03,1.0403014421463013,1.3562721014022827
2015-09-04,1.0209168195724487,1.322454571723938
2015-09-08,1.040798544883728,1.2548185586929321
2015-09-09,1.04378080368042,1.270837426185608
2015-09-10,1.088017225265503,1.2939766645431519
2015-09-11,1.0964670181274414,1.2993160486221313
2015-09-14,1.1431883573532104,1.2850769758224487
2015-09-15,1.1133661270141602,1.2904167175292969
2015-09-16,1.1431883573532104,1.3206745386123657
2015-09-17,1.141200065612793,1.3277946710586548
2015-09-18,1.1183364391326904,1.249479055404663
2015-09-21,1.1108806133270264,1.2779569625854492
2015-09-22,1.0909991264343262,1.2583787441253662
2015-09-23,1.04378080368042,1.2459194660186768
2015-09-24,1.0432837009429932,1.2227809429168701
2015-09-25,1.0412956476211548,1.2103217840194702
2015-09-28,1.0427865982055664,1.190743088722229
2015-09-29,1.0288695096969604,1.187182903289795
2015-09-30,1.0711177587509155,1.2441396713256836
2015-10-01,1.041792392730713,1.2299007177352905
2015-10-02,1.0885140895843506,1.251259207725525
2015-10-05,1.06863272190094,1.2637182474136353
2015-10-06,1.06863272190094,1.240579605102539
2015-10-07,1.0586918592453003,1.2583787441253662
2015-10-08,1.0487511157989502,1.2548185586929321
2015-10-09,1.0626683235168457,1.281517505645752
2015-10-13,1.0860286951065063,1.2904167175292969
2015-10-14,1.0736030340194702,1.2761775255203247
2015-10-15,1.0994490385055542,1.29219651222229
2015-10-16,1.1352359056472778,1.265498399734497
2015-10-19,1.1357330083847046,1.272618055343628
2015-10-20,1.1257922649383545,1.345592975616455
2015-10-21,1.140205979347229,1.3633918762207031
2015-10-22,1.1556142568588257,1.3829705715179443
2015-10-23,1.1501468420028687,1.3349133729934692
2015-10-26,1.0701239109039307,1.2886368036270142
2015-10-27,1.0924904346466064,1.2583787441253662
2015-10-28,1.0770820379257202,1.2797377109527588
2015-10-29,1.0447747707366943,1.251259207725525
2015-10-30,1.092987298965454,1.274397611618042
2015-11-03,1.1158509254455566,1.345592975616455
2015-11-04,1.130265474319458,1.3865306377410889
2015-11-05,1.1526323556900024,1.4185681343078613
2015-11-06,1.1083956956863403,1.3242343664169312
2015-11-09,1.0885140895843506,1.3171149492263794
2015-11-10,1.0890114307403564,1.3349133729934692
2015-11-11,1.1208218336105347,1.3722912073135376
2015-11-12,1.018431544303894,1.3260146379470825
2015-11-13,1.013958215713501,1.3028759956359863
2015-11-16,1.0189287662506104,1.2993160486221313
2015-11-17,1.0040175914764404,1.2672781944274902
2015-11-18,1.0114731788635254,1.2797377109527588
2015-11-19,1.0089880228042603,1.29219651222229
2015-11-23,0.9990473985671997,1.3010958433151245
2015-11-24,0.9891064167022705,1.3117752075195312
2015-11-25,0.994076669216156,1.274397611618042
2015-11-26,1.0089880228042603,1.3010958433151245
2015-11-27,0.9602782726287842,1.238800048828125
2015-11-30,0.9543136358261108,1.1747241020202637
2015-12-01,0.9319469928741455,1.1035289764404297
2015-12-02,0.9090831875801086,1.1391267776489258
2015-12-03,0.894669234752655,1.1391267776489258
2015-12-04,0.8847284317016602,1.1213271617889404
2015-12-07,0.8723022937774658,1.117767572402954
2015-12-08,0.8474504947662354,1.091069221496582
2015-12-09,0.8772727251052856,1.1320070028305054
2015-12-10,0.8842315077781677,1.115987777709961
2015-12-11,0.8688233494758606,1.085729956626892
2015-12-14,0.8275690674781799,1.025213360786438
2015-12-15,0.8275690674781799,1.0661510229110718
2015-12-16,0.8439711332321167,1.1248873472213745
2015-12-17,0.8698171973228455,1.1088680028915405
2015-12-18,0.8275690674781799,1.0768300294876099
2015-12-21,0.820113480091095,1.0946292877197266
2015-12-22,0.8086814880371094,1.0679306983947754
2015-12-23,0.8181251883506775,1.099968671798706
2015-12-28,0.7902911305427551,1.1035289764404297
2015-12-29,0.7937703728675842,1.099968671798706
2015-12-30,0.7952614426612854,1.091069221496582
2016-01-04,0.760468602180481,1.0342320203781128
2016-01-05,0.7579834461212158,1.004995584487915
2016-01-06,0.7599717378616333,0.95383220911026
2016-01-07,0.7231909036636353,0.9008417129516602
2016-01-08,0.7067887187004089,0.8588143587112427
2016-01-11,0.6883981823921204,0.8697777986526489
2016-01-12,0.7033092975616455,0.886223554611206
2016-01-13,0.6844218373298645,0.8569875359535217
2016-01-14,0.6585759520530701,0.8441962003707886
2016-01-15,0.6312388181686401,0.8222690224647522
2016-01-18,0.6043986678123474,0.8222690224647522
2016-01-19,0.6078779697418213,0.7838965058326721
2016-01-20,0.5999254584312439,0.794860303401947
2016-01-21,0.6113572716712952,0.7985144853591919
2016-01-22,0.6550966501235962,0.8167874813079834
2016-01-26,0.641179621219635,0.8131329417228699
2016-01-27,0.6779603362083435,0.8971869349479675
2016-01-28,0.6928715705871582,0.9757595658302307
2016-01-29,0.7157354950904846,1.079913854598999
2016-02-01,0.7157354950904846,1.2151312828063965
2016-02-02,0.7072857022285461,0.9593141078948975
2016-02-03,0.7261730432510376,0.9976866245269775
2016-02-04,0.760468602180481,0.9995136857032776
2016-02-05,0.7952614426612854,1.0634682178497314
2016-02-10,0.7952614426612854,1.1603131294250488
2016-02-11,0.7445635199546814,1.0671226978302002
2016-02-12,0.7445635199546814,1.0598134994506836
2016-02-15,0.7445635199546814,1.0707770586013794
2016-02-16,0.7853207588195801,1.1054950952529907
2016-02-17,0.8022200465202332,1.1201132535934448
2016-02-18,0.7902911305427551,1.15665864944458
2016-02-19,0.7704094648361206,1.0945316553115845
2016-02-22,0.8101726770401001,1.1365587711334229
2016-02-23,0.7704094648361206,1.101840853691101
2016-02-24,0.7455576062202454,1.0433682203292847
2016-02-25,0.7654392123222351,1.0963587760925293
2016-02-26,0.7455576062202454,1.0433682203292847
2016-02-29,0.7694154977798462,1.0726046562194824
2016-03-01,0.780350387096405,1.1219406127929688
2016-03-02,0.7947644591331482,1.1164590120315552
2016-03-03,0.8449653387069702,1.2809127569198608
2016-03-04,0.894669234752655,1.2918764352798462
2016-03-07,0.8896988034248352,1.2754312753677368
2016-03-08,0.9289647936820984,1.3010127544403076
2016-03-09,0.9190239906311035,1.2809127569198608
2016-03-10,0.8723022937774658,1.3064947128295898
2016-03-11,0.9185268878936768,1.4069939851760864
2016-03-14,0.8936749696731567,1.333903431892395
2016-03-15,0.8027170896530151,1.2608129978179932
2016-03-16,0.8146460652351379,1.262640118598938
2016-03-17,0.894669234752655,1.379584789276123
2016-03-18,0.8941721320152283,1.4069939851760864
2016-03-21,0.9727041125297546,1.4435395002365112
2016-03-22,0.9622663855552673,1.4526759386062622
2016-03-23,0.9095802903175354,1.4197849035263062
2016-03-24,0.9269766807556152,1.44719398021698
2016-03-28,0.9418878555297852,1.5074931383132935
2016-03-29,0.9543136358261108,1.5184571743011475
2016-03-30,0.9443731904029846,1.533075213432312
2016-03-31,0.9165388941764832,1.4782569408416748
2016-04-01,0.956798791885376,1.4490208625793457
2016-04-04,0.9120655059814453,1.3613128662109375
2016-04-05,0.9026219248771667,1.3156309127807617
2016-04-06,0.8673321008682251,1.2388856410980225
2016-04-07,0.8862197399139404,1.2260947227478027
2016-04-08,0.9319469928741455,1.2973579168319702
2016-04-11,0.904609739780426,1.3704484701156616
2016-04-12,0.9339353442192078,1.423439860343933
2016-04-13,0.9741954803466797,1.4526759386062622
2016-04-14,0.9389055967330933,1.396030306816101
2016-04-15,0.9413908123970032,1.4252663850784302
2016-04-18,0.9294618368148804,1.3777577877044678
2016-04-19,0.9443731904029846,1.3741031885147095
2016-04-20,0.9503374695777893,1.3540033102035522
2016-04-22,0.956798791885376,1.3247672319412231
2016-04-25,0.9642545580863953,1.2991857528686523
2016-04-26,0.9627634286880493,1.2955307960510254
2016-04-27,0.9692248702049255,1.3064947128295898
2016-04-28,0.9632605910301208,1.3101489543914795
2016-04-29,0.9815913438796997,1.2516759634017944
2016-05-02,0.973671019077301,1.291100263595581
2016-05-03,0.9398775696754456,1.216058373451233
2016-05-04,0.9345971941947937,1.1871960163116455
2016-05-05,0.9293172955513,1.1641066074371338
2016-05-06,0.9493818283081055,1.191044569015503
2016-05-09,0.9235089421272278,1.156409740447998
2016-05-10,0.9456856846809387,1.2276029586791992
2016-05-11,0.9646944999694824,1.2314517498016357
2016-05-12,0.9974318146705627,1.3084173202514648
2016-05-13,0.930901288986206,1.202589511871338
2016-05-16,0.9108364582061768,1.181423544883728
2016-05-17,0.8971077799797058,1.1429413557052612
2016-05-18,0.8659546375274658,1.0621273517608643
2016-05-19,0.8696508407592773,1.0371133089065552
2016-05-20,0.8817952275276184,1.0621273517608643
2016-05-23,0.8680667281150818,1.0351890325546265
2016-05-24,0.8268809914588928,1.0390373468399048
2016-05-25,0.8342732787132263,1.0294166803359985
2016-05-27,0.8395535349845886,1.0294166803359985
2016-05-30,0.8363853693008423,1.0428855419158936
2016-05-31,0.8316331505775452,1.083292841911316
2016-06-01,0.8179046511650085,1.0678993463516235
2016-06-02,0.8342732787132263,1.0909889936447144
2016-06-03,0.8279369473457336,1.106382131576538
2016-06-06,0.8184328079223633,1.1256242990493774
2016-06-07,0.8390254974365234,1.1025341749191284
2016-06-08,0.8976359367370605,1.1448649168014526
2016-06-09,0.8912994861602783,1.110230565071106
2016-06-10,0.8696508407592773,1.0659751892089844
2016-06-13,0.8765149712562561,1.0678993463516235
2016-06-14,0.8553942441940308,1.0313409566879272
2016-06-15,0.8575062155723572,1.0274922847747803
2016-06-16,0.9029159545898438,1.0390373468399048
2016-06-17,0.9213967323303223,1.1006096601486206
2016-06-20,0.9409334659576416,1.0871409177780151
2016-06-21,0.9842313528060913,1.1256242990493774
2016-06-22,1.0021839141845703,1.2122100591659546
2016-06-23,1.0755788087844849,1.2564655542373657
2016-06-24,1.0243607759475708,1.2391486167907715
2016-06-27,1.0338654518127441,1.2487692832946777
2016-06-28,1.0560423135757446,1.2987964153289795
2016-06-29,1.097755789756775,1.3411282300949097
2016-06-30,1.0581541061401367,1.400776743888855
2016-07-01,1.0507619380950928,1.400776743888855
2016-07-04,1.0507619380950928,1.4681211709976196
2016-07-05,1.0666024684906006,1.5008313655853271
2016-07-06,1.0481219291687012,1.4546517133712769
2016-07-07,1.0507619380950928,1.4084726572036743
2016-07-08,1.04600989818573,1.498907446861267
2016-07-11,1.134189248085022,1.6451425552368164
2016-07-12,1.1188766956329346,1.6432182788848877
2016-07-13,1.1220449209213257,1.5624045133590698
2016-07-14,1.1352453231811523,1.6643842458724976
2016-07-15,1.126268744468689,1.6297491788864136
2016-07-18,1.1558380126953125,1.7163361310958862
2016-07-19,1.1558380126953125,1.6932458877563477
2016-07-20,1.1590063571929932,1.7086389064788818
2016-07-21,1.1563661098480225,1.7471224069595337
2016-07-22,1.1922717094421387,1.739425778388977
2016-07-25,1.1880472898483276,1.6836252212524414
2016-07-26,1.179071068763733,1.73557710647583
2016-07-27,1.1405256986618042,1.7509700059890747
2016-07-28,1.126268744468689,1.7451978921890259
2016-07-29,1.1246849298477173,1.7490458488464355
2016-08-01,1.134717345237732,1.739425778388977
2016-08-02,1.1025081872940063,1.6970943212509155
2016-08-03,1.122572660446167,1.7798320055007935
2016-08-04,1.1352453231811523,1.8606462478637695
2016-08-05,1.1584782600402832,1.7990747690200806
2016-08-08,1.1289091110229492,1.8337088823318481
2016-08-09,1.1167645454406738,1.8009986877441406
2016-08-10,1.1141244173049927,1.795225977897644
2016-08-11,1.1352453231811523,1.858722448348999
2016-08-12,1.1246849298477173,1.8471776247024536
2016-08-15,1.1722068786621094,1.8856605291366577
2016-08-16,1.174846887588501,1.8356332778930664
2016-08-17,1.1801269054412842,1.8048465251922607
2016-08-18,1.1817114353179932,1.7759838104248047
2016-08-19,1.1880472898483276,1.8086953163146973
2016-08-22,1.1838233470916748,1.7317289113998413
2016-08-23,1.1759028434753418,1.7336534261703491
2016-08-24,1.1880472898483276,1.6970943212509155
2016-08-25,1.1986080408096313,1.7047908306121826
2016-08-26,1.1584782600402832,1.6970943212509155
2016-08-29,1.1891034841537476,1.7317289113998413
2016-08-30,1.1595343351364136,1.7163361310958862
2016-08-31,1.1283810138702393,1.6836252212524414
2016-09-01,1.1447499990463257,1.7548185586929321
2016-09-02,1.208640456199646,1.8452531099319458
2016-09-05,1.229761004447937,1.8548743724822998
2016-09-06,1.2023041248321533,1.8721916675567627
2016-09-08,1.1917436122894287,1.8433294296264648
2016-09-09,1.1510860919952393,1.7067148685455322
2016-09-12,1.145805835723877,1.7105633020401
2016-09-13,1.1135965585708618,1.6124321222305298
2016-09-14,1.0982840061187744,1.6220529079437256
2016-09-15,1.1326053142547607,1.6451425552368164
2016-09-16,1.0877231359481812,1.6105082035064697
2016-09-19,1.1384133100509644,1.633597731590271
2016-09-20,1.1759028434753418,1.6605358123779297
2016-09-21,1.1774872541427612,1.6932458877563477
2016-09-22,1.1827675104141235,1.7490458488464355
2016-09-23,1.163230538368225,1.714411735534668
2016-09-26,1.1510860919952393,1.7086389064788818
2016-09-27,1.1500295400619507,1.7086389064788818
2016-09-28,1.1431655883789062,1.7317289113998413
2016-09-29,1.1399973630905151,1.6893984079360962
2016-09-30,1.1167645454406738,1.6509149074554443
2016-10-03,1.1141244173049927,1.6932458877563477
2016-10-04,1.105676293373108,1.6643842458724976
2016-10-05,1.12996506690979,1.7182596921920776
2016-10-06,1.1099002361297607,1.6913219690322876
2016-10-07,1.1167645454406738,1.7067148685455322
2016-10-10,1.1257407665252686,1.7047908306121826
2016-10-11,1.1368293762207031,1.6643842458724976
2016-10-13,1.1463338136672974,1.7182596921920776
2016-10-14,1.1642866134643555,1.7317289113998413
2016-10-17,1.1695667505264282,1.7317289113998413
2016-10-18,1.1964958906173706,1.722108244895935
2016-10-19,1.222368836402893,1.720184326171875
2016-10-20,1.2276490926742554,1.7028666734695435
2016-10-21,1.241905689239502,1.6759289503097534
2016-10-24,1.2318732738494873,1.7009425163269043
2016-10-25,1.2155046463012695,1.7432738542556763
2016-10-26,1.2096960544586182,1.7740601301193237
2016-10-27,1.2345134019851685,1.8240878582000732
2016-10-28,1.230289101600647,1.8644944429397583
2016-10-31,1.2487698793411255,1.876039981842041
2016-11-01,1.222368836402893,1.7682881355285645
2016-11-03,1.2350413799285889,1.7509700059890747
2016-11-04,1.219728708267212,1.739425778388977
2016-11-07,1.2788671255111694,1.826012372970581
2016-11-08,1.3100205659866333,1.8048465251922607
2016-11-09,1.2883714437484741,1.7413495779037476
2016-11-10,1.251409649848938,1.5874181985855103
2016-11-11,1.0935317277908325,1.5239213705062866
2016-11-14,1.0560423135757446,1.575873851776123
2016-11-16,1.0972278118133545,1.5739493370056152
2016-11-17,1.0497061014175415,1.54123854637146
2016-11-18,1.0745227336883545,1.548935055732727
2016-11-21,1.087195634841919,1.564328670501709
2016-11-22,1.093003511428833,1.5701011419296265
2016-11-23,1.0982840061187744,1.5874181985855103
2016-11-24,1.107788324356079,1.5701011419296265
2016-11-25,1.10831618309021,1.54123854637146
2016-11-28,1.1215168237686157,1.583570122718811
2016-11-29,1.12996506690979,1.5431632995605469
2016-11-30,1.1088443994522095,1.520073413848877
2016-12-01,1.0518180131912231,1.4238662719726562
2016-12-02,1.0454819202423096,1.458500623703003
2016-12-05,1.0454819202423096,1.437334418296814
2016-12-06,1.0402014255523682,1.4200178384780884
2016-12-07,1.0481219291687012,1.4411832094192505
2016-12-08,1.0454819202423096,1.4065487384796143
2016-12-09,1.0613224506378174,1.4065487384796143
2016-12-12,1.0507619380950928,1.3873071670532227
2016-12-13,1.0433696508407593,1.4257903099060059
2016-12-14,1.0560423135757446,1.377686619758606
2016-12-15,1.0607943534851074,1.3911558389663696
2016-12-16,1.0861395597457886,1.3796107769012451
2016-12-19,1.0402014255523682,1.4238662719726562
2016-12-20,1.034921646118164,1.4296385049819946
2016-12-21,1.0338654518127441,1.400776743888855
2016-12-22,1.0169682502746582,1.4257903099060059
2016-12-23,1.0016558170318604,1.4469562768936157
2016-12-26,1.0243607759475708,1.4238662719726562
2016-12-27,1.0138002634048462,1.4804352521896362
2016-12-28,1.0138002634048462,1.5065135955810547
2016-12-29,1.0074642896652222,1.5466338396072388
2017-01-02,1.0085201263427734,1.5486395359039307
2017-01-03,1.0534019470214844,1.5827414989471436
2017-01-04,1.0491780042648315,1.5386097431182861
2017-01-05,1.052873969078064,1.5145374536514282
2017-01-06,1.0507619380950928,1.4944772720336914
2017-01-09,1.0518180131912231,1.5165432691574097
2017-01-10,1.0512900352478027,1.4944772720336914
2017-01-11,1.085611343383789,1.5466338396072388
2017-01-12,1.134717345237732,1.7331920862197876
2017-01-13,1.126797080039978,1.715138554573059
2017-01-16,1.134717345237732,1.721156358718872
2017-01-17,1.1547822952270508,1.7733128070831299
2017-01-18,1.1442216634750366,1.7452287673950195
2017-01-19,1.1442216634750366,1.731186866760254
2017-01-20,1.1495020389556885,1.7291806936264038
2017-01-23,1.1616463661193848,1.8154393434524536
2017-01-24,1.1568942070007324,1.8314870595932007
2017-01-26,1.1679823398590088,1.819451093673706
2017-01-27,1.1927998065948486,1.7953786849975586
2017-01-30,1.1716786623001099,1.715138554573059
2017-01-31,1.2001920938491821,1.8334932327270508
2017-02-01,1.1986080408096313,1.803403377532959
2017-02-02,1.2308170795440674,1.8314870595932007
2017-02-03,1.251409649848938,1.8595706224441528
2017-02-06,1.2149766683578491,1.7693004608154297
2017-02-07,1.240849256515503,1.7693004608154297
2017-02-08,1.2413774728775024,1.7953786849975586
2017-02-09,1.2429617643356323,1.7773247957229614
2017-02-10,1.2429617643356323,1.813433289527893
2017-02-13,1.2672505378723145,1.8675949573516846
2017-02-14,1.252994179725647,1.881637692451477
2017-02-15,1.2672505378723145,2.012028455734253
2017-02-16,1.3068522214889526,2.074214458465576
2017-02-17,1.304212212562561,2.0902621746063232
2017-02-20,1.3137165307998657,2.134394884109497
2017-02-21,1.3517340421676636,2.2567615509033203
2017-02-22,1.372854471206665,2.2066104412078857
2017-02-23,1.3939754962921143,2.1604723930358887
2017-02-24,1.3554301261901855,2.1444242000579834
2017-03-01,1.382359266281128,2.146430730819702
2017-03-02,1.3723267316818237,2.1424195766448975
2017-03-03,1.4494177103042603,2.248737335205078
2017-03-06,1.489019751548767,2.226670503616333
2017-03-07,1.5027481317520142,2.337000608444214
2017-03-08,1.4531140327453613,2.266791343688965
2017-03-09,1.3670464754104614,2.180532455444336
2017-03-10,1.3686306476593018,2.1965811252593994
2017-03-13,1.3992558717727661,2.3028998374938965
2017-03-14,1.3886953592300415,2.2086172103881836
2017-03-15,1.385527491569519,2.2507436275482178
2017-03-16,1.3834152221679688,2.324965000152588
2017-03-17,1.372854471206665,2.3229596614837646
2017-03-20,1.3385337591171265,2.1905629634857178
2017-03-21,1.3332535028457642,2.0140342712402344
2017-03-22,1.3047398328781128,1.971907615661621
2017-03-23,1.3512060642242432,1.971907615661621
2017-03-24,1.3168845176696777,2.0481362342834473
2017-03-27,1.3094923496246338,2.1143343448638916
2017-03-28,1.352262258529663,2.0802323818206787
2017-03-29,1.3485658168792725,2.0762200355529785
2017-03-30,1.312132477760315,2.058166265487671
2017-03-31,1.366518497467041,2.070201873779297
2017-04-03,1.3332535028457642,2.0561599731445312
2017-04-04,1.3242769241333008,1.991968035697937
2017-04-05,1.3094923496246338,1.971907615661621
2017-04-06,1.2989319562911987,1.9478354454040527
2017-04-07,1.3195245265960693,1.9699022769927979
2017-04-10,1.2830911874771118,1.9257694482803345
2017-04-11,1.3116044998168945,1.9819378852844238
2017-04-12,1.2656667232513428,1.905709147453308
2017-04-13,1.2667226791381836,1.8094217777252197
2017-04-17,1.2804509401321411,1.8856500387191772
2017-04-18,1.2672505378723145,1.8936731815338135
2017-04-19,1.2725311517715454,1.8736132383346558
2017-04-20,1.2619706392288208,1.9077155590057373
2017-04-24,1.2672505378723145,1.8876556158065796
2017-04-25,1.2698909044265747,1.8796314001083374
2017-04-26,1.2698909044265747,1.7853496074676514
2017-04-27,1.2250088453292847,1.721156358718872
2017-04-28,1.2329294681549072,1.7813365459442139
2017-05-02,1.2851732969284058,1.8635834455490112
2017-05-03,1.2623260021209717,1.935799479484558
2017-05-04,1.230339527130127,1.8294810056686401
2017-05-05,1.2103480100631714,1.8234632015228271
2017-05-08,1.1595120429992676,1.787354588508606
2017-05-09,1.2251986265182495,1.8054089546203613
2017-05-10,1.256613850593567,1.7833425998687744
2017-05-11,1.2851732969284058,1.7753183841705322
2017-05-12,1.3137329816818237,1.8415175676345825
2017-05-15,1.322300672531128,1.8093514442443848
2017-05-16,1.3708518743515015,1.8012198209762573
2017-05-17,1.3651398420333862,1.7910542488098145
2017-05-18,1.2109190225601196,1.4251179695129395
2017-05-19,1.273749828338623,1.4881404638290405
2017-05-22,1.2246276140213013,1.4434149265289307
2017-05-23,1.256613850593567,1.5044045448303223
2017-05-24,1.3023090362548828,1.5409983396530151
2017-05-25,1.2731783390045166,1.5267671346664429
2017-05-26,1.2657530307769775,1.5755585432052612
2017-05-29,1.2657530307769775,1.5755585432052612
2017-05-30,1.2794618606567383,1.5775914192199707
2017-05-31,1.2708938121795654,1.553195595741272
2017-06-01,1.2680379152297974,1.5145692825317383
2017-06-02,1.256613850593567,1.55522882938385
2017-06-05,1.2423343658447266,1.5592947006225586
2017-06-06,1.2509019374847412,1.5877562761306763
2017-06-07,1.2560428380966187,1.5592947006225586
2017-06-08,1.1606545448303223,1.5186352729797363
2017-06-09,1.131523847579956,1.55522882938385
2017-06-12,1.1138172149658203,1.5145692825317383
2017-06-13,1.1109611988067627,1.5308334827423096
2017-06-14,1.1058205366134644,1.5714930295944214
2017-06-15,1.1058205366134644,1.5714930295944214
2017-06-16,1.1183866262435913,1.55522882938385
2017-06-19,1.1023932695388794,1.5430307388305664
2017-06-20,1.050986409187317,1.5186352729797363
2017-06-21,1.0469880104064941,1.510502815246582
2017-06-22,1.050986409187317,1.606053352355957
2017-06-23,1.0624102354049683,1.5633609294891357
2017-06-26,1.0841153860092163,1.612152099609375
2017-06-27,1.084686517715454,1.606053352355957
2017-06-28,1.074405312538147,1.681273102760315
2017-06-29,1.0818305015563965,1.6446796655654907
2017-06-30,1.0852574110031128,1.6426467895507812
2017-07-03,1.0903981924057007,1.662976622581482
2017-07-04,1.0938255786895752,1.656877875328064
2017-07-05,1.0909695625305176,1.6914387941360474
2017-07-06,1.1252409219741821,1.7381967306137085
2017-07-07,1.1280969381332397,1.6914387941360474
2017-07-10,1.1994953155517578,1.7320979833602905
2017-07-11,1.1823594570159912,1.7585272789001465
2017-07-12,1.190927505493164,1.7930876016616821
2017-07-13,1.1755053997039795,1.7910542488098145
2017-07-14,1.189785122871399,1.8296809196472168
2017-07-17,1.2046359777450562,1.84391188621521
2017-07-18,1.215488314628601,1.8357805013656616
2017-07-19,1.2103480100631714,1.8134173154830933
2017-07-20,1.2200579643249512,1.8093514442443848
2017-07-21,1.202351450920105,1.7910542488098145
2017-07-24,1.2006375789642334,1.805285096168518
2017-07-25,1.222342610359192,1.7991862297058105
2017-07-26,1.211490273475647,1.7483617067337036
2017-07-27,1.2109190225601196,1.7158340215682983
2017-07-28,1.2109190225601196,1.7158340215682983
2017-07-31,1.2109190225601196,1.7320979833602905
2017-08-01,1.2109190225601196,1.7259994745254517
2017-08-02,1.233195185661316,1.766658902168274
2017-08-03,1.2006375789642334,1.7890211343765259
2017-08-04,1.2217715978622437,1.7991862297058105
2017-08-07,1.2451902627944946,1.8418793678283691
2017-08-08,1.2377649545669556,1.805285096168518
2017-08-09,1.222342610359192,1.7524280548095703
2017-08-10,1.2217715978622437,1.6670429706573486
2017-08-11,1.2680379152297974,1.6528122425079346
2017-08-14,1.3405787944793701,1.6711084842681885
2017-08-15,1.3051652908325195,1.646713137626648
2017-08-16,1.325727939605713,1.6670429706573486
2017-08-17,1.3137329816818237,1.6589105129241943
2017-08-18,1.3365802764892578,1.6446796655654907
2017-08-21,1.3554298877716064,1.612152099609375
2017-08-22,1.3908435106277466,1.7503952980041504
2017-08-23,1.3851313591003418,1.7646256685256958
2017-08-24,1.3839889764785767,1.7829221487045288
2017-08-25,1.3662821054458618,1.7463293075561523
2017-08-28,1.3560009002685547,1.711768388748169
2017-08-29,1.342292308807373,1.7503952980041504
2017-08-30,1.3268704414367676,1.7402297258377075
2017-08-31,1.2977396249771118,1.7036367654800415
2017-09-01,1.3137329816818237,1.7442957162857056
2017-09-04,1.3262990713119507,1.7381967306137085
2017-09-05,1.3165889978408813,1.7341309785842896
2017-09-06,1.3194445371627808,1.7219332456588745
2017-09-07,1.3194445371627808,1.7219332456588745
2017-09-08,1.3262990713119507,1.7259994745254517
2017-09-11,1.3531447649002075,1.772757887840271
2017-09-12,1.3868449926376343,1.8357805013656616
2017-09-13,1.3959840536117554,1.7991862297058105
2017-09-14,1.389701008796692,1.7991862297058105
2017-09-15,1.3851313591003418,1.8174835443496704
2017-09-18,1.3822754621505737,1.8540769815444946
2017-09-19,1.361141324043274,1.7951208353042603
2017-09-20,1.3480041027069092,1.8235818147659302
2017-09-21,1.347433090209961,1.8134173154830933
2017-09-22,1.3651398420333862,1.7625924348831177
2017-09-25,1.3411500453948975,1.675174355506897
2017-09-26,1.3302974700927734,1.6365481615066528
2017-09-27,1.3188735246658325,1.6101194620132446
2017-09-28,1.3308686017990112,1.6365481615066528
2017-09-29,1.3308686017990112,1.622317910194397
2017-10-02,1.3582855463027954,1.6182514429092407
2017-10-03,1.3765641450881958,1.711768388748169
2017-10-04,1.3679958581924438,1.6690757274627686
2017-10-05,1.3822754621505737,1.7056690454483032
2017-10-06,1.3708518743515015,1.6792409420013428
2017-10-09,1.35942804813385,1.675174355506897
2017-10-10,1.3822754621505737,1.6975375413894653
2017-10-11,1.3765641450881958,1.699570655822754
2017-10-12,1.3765641450881958,1.699570655822754
2017-10-13,1.3617126941680908,1.7036367654800415
2017-10-16,1.3554298877716064,1.6711084842681885
2017-10-17,1.3251566886901855,1.6528122425079346
2017-10-18,1.3137329816818237,1.6772072315216064
2017-10-19,1.3382940292358398,1.6873724460601807
2017-10-20,1.3691381216049194,1.6894055604934692
2017-10-23,1.3342955112457275,1.675174355506897
2017-10-24,1.30973482131958,1.6873724460601807
2017-10-25,1.2886008024215698,1.6731414794921875
2017-10-26,1.2903141975402832,1.7199000120162964
2017-10-27,1.2794618606567383,1.6777687072753906
2017-10-30,1.255472183227539,1.6358250379562378
2017-10-31,1.226912498474121,1.62114417552948
2017-11-01,1.2074918746948242,1.5540330410003662
2017-11-02,1.2074918746948242,1.5540330410003662
2017-11-03,1.2109190225601196,1.4680477380752563
2017-11-06,1.19206964969635,1.4680477380752563
2017-11-07,1.1480883359909058,1.4575616121292114
2017-11-08,1.1760764122009277,1.5099918842315674
2017-11-09,1.1612257957458496,1.4680477380752563
2017-11-10,1.1703648567199707,1.4177144765853882
2017-11-13,1.1538002490997314,1.4198116064071655
2017-11-14,1.1201002597808838,1.373673439025879
2017-11-15,1.1201002597808838,1.373673439025879
2017-11-16,1.145803689956665,1.37996506690979
2017-11-17,1.1309527158737183,1.3946449756622314
2017-11-20,1.1309527158737183,1.3946449756622314
2017-11-21,1.1366643905639648,1.4344922304153442
2017-11-22,1.1812173128128052,1.4261035919189453
2017-11-23,1.2263411283493042,1.4890201091766357
2017-11-24,1.1937836408615112,1.4470748901367188
2017-11-27,1.1498018503189087,1.4806307554244995
2017-11-28,1.1595120429992676,1.5204781293869019
2017-11-29,1.1538002490997314,1.472241759300232
2017-11-30,1.1280969381332397,1.3841596841812134
2017-12-01,1.1366643905639648,1.4344922304153442
2017-12-04,1.1418051719665527,1.4512696266174316
2017-12-05,1.1195290088653564,1.4261035919189453
2017-12-06,1.1075339317321777,1.4261035919189453
2017-12-07,1.1069629192352295,1.4051311016082764
2017-12-08,1.1172441244125366,1.4072285890579224
2017-12-11,1.1166729927062988,1.4135202169418335
2017-12-12,1.1195290088653564,1.41561758518219
2017-12-13,1.1309527158737183,1.3715760707855225
2017-12-14,1.1115323305130005,1.3401175737380981
2017-12-15,1.1309527158737183,1.3589926958084106
2017-12-18,1.1309527158737183,1.3631871938705444
2017-12-19,1.1029642820358276,1.3338264226913452
2017-12-20,1.1366643905639648,1.3380204439163208
2017-12-21,1.1737918853759766,1.3841596841812134
2017-12-22,1.1806459426879883,1.3820618391036987
2017-12-25,1.1806459426879883,1.3820618391036987
2017-12-26,1.202351450920105,1.403033971786499
2017-12-27,1.2109190225601196,1.4240058660507202
2017-12-28,1.222342610359192,1.4407835006713867
2017-12-29,1.222342610359192,1.4407835006713867
2018-01-02,1.230476975440979,1.4596589803695679
2018-01-03,1.2239094972610474,1.4470748901367188
2018-01-04,1.218536138534546,1.4302979707717896
2018-01-05,1.2364470958709717,1.4323948621749878
2018-01-08,1.2465965747833252,1.4365895986557007
2018-01-09,1.2334619760513306,1.4072285890579224
2018-01-10,1.2489848136901855,1.428200125694275
2018-01-11,1.2459995746612549,1.4575616121292114
2018-01-12,1.2358498573303223,1.4428811073303223
2018-01-15,1.2328648567199707,1.4365895986557007
2018-01-16,1.2358498573303223,1.4407835006713867
2018-01-17,1.211371660232544,1.4177144765853882
2018-01-18,1.2054015398025513,1.392547845840454
2018-01-19,1.223312497138977,1.3967424631118774
2018-01-22,1.2167452573776245,1.3757703304290771
2018-01-23,1.2221183776855469,1.3715760707855225
2018-01-24,1.2597310543060303,1.41561758518219
2018-01-25,1.2597310543060303,1.41561758518219
2018-01-26,1.2836124897003174,1.5582274198532104
2018-01-29,1.3015233278274536,1.5750051736831665
2018-01-30,1.2979410886764526,1.5812965631484985
2018-01-31,1.2961498498916626,1.5729085206985474
2018-02-01,1.3045083284378052,1.6064636707305908
2018-02-02,1.2925678491592407,1.5624223947525024
2018-02-05,1.2471935749053955,1.5099918842315674
2018-02-06,1.2668955326080322,1.5833944082260132
2018-02-07,1.2519699335098267,1.5791997909545898
2018-02-08,1.2418203353881836,1.5309641361236572
2018-02-09,1.240626335144043,1.524672508239746
2018-02-14,1.2955530881881714,1.5771026611328125
2018-02-15,1.2836124897003174,1.6609910726547241
2018-02-16,1.2806272506713867,1.6966438293457031
2018-02-19,1.3015233278274536,1.7050325870513916
2018-02-20,1.3134636878967285,1.6672829389572144
2018-02-21,1.3194340467453003,1.6379220485687256
2018-02-22,1.3134636878967285,1.688254952430725
2018-02-23,1.373763918876648,1.7301989793777466
2018-02-26,1.4083912372589111,1.7721439599990845
2018-02-27,1.3761518001556396,1.7595601081848145
2018-02-28,1.3671963214874268,1.721809983253479
2018-03-01,1.3660023212432861,1.686157464981079
2018-03-02,1.3731666803359985,1.7301989793777466
2018-03-05,1.3707787990570068,1.726004958152771
2018-03-06,1.3373451232910156,1.7008382081985474
2018-03-07,1.3373451232910156,1.7322956323623657
2018-03-08,1.361225962638855,1.780531644821167
2018-03-09,1.3731666803359985,1.755365252494812
2018-03-12,1.4000329971313477,1.7721439599990845
2018-03-13,1.4018239974975586,1.7176159620285034
2018-03-14,1.4089882373809814,1.6777687072753906
2018-03-15,1.3994358777999878,1.7197129726409912
2018-03-16,1.4149585962295532,1.7385876178741455
2018-03-19,1.4239141941070557,1.7826298475265503
2018-03-20,1.420929193496704,1.7826298475265503
2018-03-21,1.4328694343566895,1.803601622581482
2018-03-22,1.4149585962295532,1.8015040159225464
2018-03-23,1.3994358777999878,1.7931150197982788
2018-03-26,1.426302194595337,1.8308650255203247
2018-03-27,1.398838996887207,1.795212745666504
2018-03-28,1.390480399131775,1.7385876178741455
2018-03-29,1.3749576807022095,1.795212745666504
2018-04-02,1.371375560760498,1.7427823543548584
2018-04-03,1.3701815605163574,1.7595601081848145
2018-04-04,1.3642112016677856,1.7385876178741455
2018-04-05,1.3880925178527832,1.7427823543548584
2018-04-06,1.3743606805801392,1.726004958152771
2018-04-09,1.3373451232910156,1.6840603351593018
2018-04-10,1.3522707223892212,1.688254952430725
2018-04-11,1.3791369199752808,1.721809983253479
2018-04-12,1.3791369199752808,1.7616575956344604
2018-04-13,1.3254042863845825,1.7155184745788574
2018-04-16,1.3015233278274536,1.6630885601043701
2018-04-17,1.3283894062042236,1.6987406015396118
2018-04-18,1.315255045890808,1.7281014919281006
2018-04-19,1.3373451232910156,1.7700464725494385
2018-04-20,1.320628046989441,1.765851616859436
2018-04-23,1.3313747644424438,1.7616575956344604
2018-04-24,1.3182401657104492,1.723907470703125
2018-04-25,1.322419285774231,1.7134215831756592
2018-04-26,1.3558528423309326,1.7469769716262817
2018-04-27,1.3642112016677856,1.7721439599990845
2018-04-30,1.364808201789856,1.7742403745651245
2018-05-02,1.3385390043258667,1.7230373620986938
2018-05-03,1.340927243232727,1.7052050828933716
2018-05-04,1.361225962638855,1.7587014436721802
2018-05-07,1.3212254047393799,1.7542436122894287
2018-05-08,1.3062995672225952,1.7453274726867676
2018-05-09,1.3074935674667358,1.7364109754562378
2018-05-10,1.333762764930725,1.76761794090271
2018-05-11,1.3194340467453003,1.763159990310669
2018-05-14,1.28958261013031,1.7587014436721802
2018-05-15,1.2388352155685425,1.7408696413040161
2018-05-16,1.2800301313400269,1.792136788368225
2018-05-17,1.2537606954574585,1.7408696413040161
2018-05-18,1.2280884981155396,1.7074341773986816
2018-05-21,1.250775694847107,1.727495551109314
2018-05-22,1.256149172782898,1.8166565895080566
2018-05-23,1.2621192932128906,1.8144272565841675
2018-05-24,1.2477905750274658,1.8188852071762085
2018-05-25,1.2298798561096191,1.731953501701355
2018-05-28,1.182714581489563,1.6249600648880005
2018-05-29,1.1892818212509155,1.6628533601760864
2018-05-30,1.1892818212509155,1.7096627950668335
2018-06-01,1.2071927785873413,1.6940598487854004
2018-06-04,1.214954137802124,1.7096627950668335
2018-06-05,1.186296820640564,1.6316471099853516
2018-06-06,1.1612216234207153,1.564776062965393
2018-06-07,1.1403251886367798,1.5179665088653564
2018-06-08,1.1403251886367798,1.5179665088653564
2018-06-11,1.1253997087478638,1.5023638010025024
2018-06-12,1.1462956666946411,1.4778443574905396
2018-06-13,1.1749531030654907,1.4956765174865723
2018-06-14,1.1701768636703491,1.4912183284759521
2018-06-15,1.163012146949768,1.5157380104064941
2018-06-18,1.1265463829040527,1.4622409343719482
2018-06-19,1.1631187200546265,1.5090503692626953
2018-06-20,1.1871001720428467,1.5335701704025269
2018-06-21,1.1403357982635498,1.4733864068984985
2018-06-22,1.1391369104385376,1.4689280986785889
2018-06-25,1.1349400281906128,1.5291121006011963
2018-06-26,1.1499285697937012,1.636104941368103
2018-06-27,1.1091595888137817,1.569234013557434
2018-06-28,1.133141279220581,1.6048989295959473
2018-06-29,1.151727318763733,1.6271892786026
2018-07-02,1.1631187200546265,1.658395528793335
2018-07-03,1.1769083738327026,1.6606247425079346
2018-07-04,1.2050867080688477,1.6940598487854004
2018-07-05,1.1900981664657593,1.7096627950668335
2018-07-06,1.18290376663208,1.7230373620986938
2018-07-10,1.142134666442871,1.7386410236358643
2018-07-11,1.142134666442871,1.6962889432907104
2018-07-12,1.1427340507507324,1.7141209840774536
2018-07-13,1.130743145942688,1.7564724683761597
2018-07-16,1.1325418949127197,1.7497851848602295
2018-07-17,1.1235485076904297,1.7542436122894287
2018-07-18,1.1175532341003418,1.7208083868026733
2018-07-19,1.130143642425537,1.763159990310669
2018-07-20,1.1571232080459595,1.7965950965881348
2018-07-23,1.1589218378067017,1.785449743270874
2018-07-24,1.1781073808670044,1.8233435153961182
2018-07-25,1.177507758140564,1.8701528310775757
2018-07-26,1.1871001720428467,1.8233435153961182
2018-07-27,1.169114112854004,1.8166565895080566
2018-07-30,1.1655166149139404,1.8255727291107178
2018-07-31,1.1391369104385376,1.834488868713379
2018-08-01,1.161919355392456,1.8144272565841675
2018-08-02,1.1613199710845947,1.8121981620788574
2018-08-03,1.1511276960372925,1.861236810684204
2018-08-06,1.1577228307724,1.8634657859802246
2018-08-07,1.1391369104385376,1.8746111392974854
2018-08-08,1.1211504936218262,1.8523211479187012
2018-08-09,1.0941710472106934,1.8055111169815063
2018-08-10,1.052202820777893,1.731953501701355
2018-08-13,1.0791821479797363,1.7542436122894287
2018-08-14,1.088175654411316,1.7832210063934326
2018-08-15,1.0929718017578125,1.7609310150146484
2018-08-16,1.133141279220581,1.83894681930542
2018-08-17,1.133141279220581,1.8278013467788696
2018-08-20,1.148130178451538,1.8099690675735474
2018-08-21,1.0977681875228882,1.7074341773986816
2018-08-22,1.1169538497924805,1.7408696413040161
2018-08-23,1.0911732912063599,1.6561661958694458
2018-08-24,1.0701892375946045,1.6472505331039429
2018-08-27,1.0983675718307495,1.6896021366119385
2018-08-28,1.0851777791976929,1.667311429977417
2018-08-29,1.1061619520187378,1.6829149723052979
2018-08-30,1.0941710472106934,1.6405631303787231
2018-08-31,1.1151551008224487,1.6628533601760864
2018-09-03,1.1151551008224487,1.6427922248840332
2018-09-04,1.1295440196990967,1.5736924409866333
2018-09-05,1.1241481304168701,1.613815188407898
2018-09-06,1.145132064819336,1.616044044494629
2018-09-10,1.151727318763733,1.613815188407898
2018-09-11,1.1439330577850342,1.564776062965393
2018-09-12,1.133141279220581,1.569234013557434
2018-09-13,1.1271460056304932,1.5179665088653564
2018-09-14,1.1391369104385376,1.5157380104064941
2018-09-17,1.1811050176620483,1.5514024496078491
2018-09-18,1.194295048713684,1.6249600648880005
2018-09-19,1.1990913152694702,1.593753457069397
2018-09-20,1.2518514394760132,1.5982115268707275
2018-09-21,1.2536499500274658,1.6494791507720947
2018-09-24,1.2284692525863647,1.6004401445388794
2018-09-25,1.2164779901504517,1.593753457069397
2018-09-26,1.1871001720428467,1.595982551574707
2018-09-27,1.2074848413467407,1.5982115268707275
2018-09-28,1.2056865692138672,1.595982551574707
2018-10-01,1.1990913152694702,1.562547206878662
2018-10-02,1.2590457201004028,1.6762276887893677
2018-10-03,1.319000482559204,1.7587014436721802
2018-10-04,1.360968828201294,1.7943662405014038
2018-10-05,1.3579710721969604,1.928107500076294
2018-10-08,1.4125295877456665,2.2713775634765625
2018-10-09,1.4209232330322266,2.32041597366333
2018-10-10,1.4089324474334717,2.2022781372070312
2018-10-11,1.4209232330322266,2.2624619007110596
2018-10-15,1.4293168783187866,2.295896530151367
2018-10-16,1.4293168783187866,2.3828299045562744
2018-10-17,1.4143280982971191,2.3627679347991943
2018-10-18,1.4089324474334717,2.3092706203460693
2018-10-19,1.3879482746124268,2.3516218662261963
2018-10-22,1.4203237295150757,2.3516218662261963
2018-10-23,1.4341135025024414,2.3850584030151367
2018-10-24,1.4053350687026978,2.349393844604492
2018-10-25,1.4389095306396484,2.516570806503296
2018-10-26,1.4766807556152344,2.685976505279541
2018-10-29,1.5018616914749146,2.53886079788208
2018-10-30,1.5582194328308105,2.509883165359497
2018-10-31,1.5594185590744019,2.458615303039551
2018-11-01,1.6121785640716553,2.449700355529785
2018-11-05,1.6301648616790771,2.563380479812622
2018-11-06,1.6307642459869385,2.5745251178741455
2018-11-07,1.5995877981185913,2.5544633865356445
2018-11-08,1.6037845611572266,2.4853646755218506
2018-11-09,1.6589431762695312,2.516570806503296
2018-11-12,1.6271673440933228,2.5455472469329834
2018-11-13,1.627766489982605,2.5277159214019775
2018-11-14,1.6283661127090454,2.5455472469329834
2018-11-16,1.6469523906707764,2.6235642433166504
2018-11-19,1.627766489982605,2.596815347671509
2018-11-21,1.633162498474121,2.583441972732544
2018-11-22,1.732686996459961,2.723870038986206
2018-11-23,1.6847233772277832,2.7417032718658447
2018-11-26,1.6697347164154053,2.697122573852539
2018-11-27,1.8070306777954102,2.766221761703491
2018-11-28,1.822019338607788,2.7795956134796143
2018-11-29,1.8160239458084106,2.8152599334716797
2018-11-30,1.8885691165924072,2.833091974258423
2018-12-03,1.9299376010894775,2.8197178840637207
2018-12-04,1.9083539247512817,2.7929699420928955
2018-12-05,1.9545187950134277,2.768450975418091
2018-12-06,1.9125508069992065,2.7483887672424316
2018-12-07,1.8771779537200928,2.719412088394165
2018-12-10,1.8597906827926636,2.7171831130981445
2018-12-11,1.8645871877670288,2.75284743309021
2018-12-12,1.8483998775482178,2.8063437938690186
2018-12-13,1.868783712387085,2.8486950397491455
2018-12-14,1.8825734853744507,2.868757486343384
2018-12-17,1.8789761066436768,2.7929699420928955
2018-12-18,1.8693838119506836,2.8197178840637207
2018-12-19,1.816623330116272,2.9021928310394287
2018-12-20,1.8268156051635742,3.0158727169036865
2018-12-21,1.7680599689483643,2.9824366569519043
2018-12-26,1.7506732940673828,2.976581573486328
2018-12-27,1.7830486297607422,3.0261528491973877
2018-12-28,1.8472148180007935,3.123044967651367
2019-01-02,1.8596124649047852,3.2221884727478027
2019-01-03,1.87200927734375,3.1545920372009277
2019-01-04,1.8149816989898682,3.123044967651367
2019-01-07,1.8335776329040527,3.030660390853882
2019-01-08,1.8472148180007935,3.014887571334839
2019-01-09,1.8614716529846191,3.062206506729126
2019-01-10,1.866430640220642,3.1162846088409424
2019-01-11,1.9067227840423584,3.123044967651367
2019-01-14,1.961890697479248,3.1410701274871826
2019-01-15,1.9463940858840942,3.1162846088409424
2019-01-16,1.9203600883483887,3.0779788494110107
2019-01-17,1.9649903774261475,3.1681101322174072
2019-01-18,1.9259382486343384,3.1275506019592285
2019-01-21,1.9432945251464844,3.177123546600342
2019-01-22,1.961890697479248,3.1703639030456543
2019-01-23,1.9990830421447754,3.206416130065918
2019-01-24,2.0548715591430664,3.2650015354156494
2019-01-28,2.0703682899475098,3.1703639030456543
2019-01-29,2.0920639038085938,3.1726174354553223
2019-01-30,2.0765669345855713,3.1545920372009277
2019-01-31,2.049292802810669,3.12079119682312
2019-02-01,2.0579707622528076,3.0892465114593506
2019-02-04,2.0480527877807617,3.064458131790161
2019-02-05,2.028217077255249,3.0779788494110107
2019-02-06,1.9705692529678345,2.958554983139038
2019-02-07,1.9786272048950195,2.9923548698425293
2019-02-08,1.992884635925293,3.0193941593170166
2019-02-11,1.9866857528686523,2.9495420455932617
2019-02-12,1.9972234964370728,2.9923548698425293
2019-02-13,1.9990830421447754,3.0419270992279053
2019-02-14,2.026977300643921,3.091498613357544
2019-02-15,2.0102407932281494,3.109524965286255
2019-02-18,2.0083811283111572,3.143324613571167
2019-02-19,1.9835864305496216,3.156843900680542
2019-02-20,1.9693292379379272,3.143324613571167
2019-02-21,1.9556920528411865,3.1320581436157227
2019-02-22,1.9525929689407349,3.165858030319214
2019-02-25,1.962510585784912,3.2131762504577637
2019-02-26,1.971189022064209,3.2334563732147217
2019-02-27,1.9990830421447754,3.3100674152374268
2019-02-28,2.015819549560547,3.2447221279144287
2019-03-01,1.9835864305496216,3.1681101322174072
2019-03-06,1.9463940858840942,3.12079119682312
2019-03-07,1.9178801774978638,3.102764844894409
2019-03-08,1.9581719636917114,3.177123546600342
2019-03-11,2.0021824836730957,3.2334563732147217
2019-03-12,2.051772117614746,3.2920408248901367
2019-03-13,2.085864543914795,3.3123202323913574
2019-03-14,2.0920639038085938,3.2942936420440674
2019-03-15,2.107560634613037,3.316826581954956
2019-03-18,2.138554096221924,3.3528788089752197
2019-03-19,2.1757466793060303,3.341613292694092
2019-03-20,2.13049578666687,3.251481056213379
2019-03-21,2.1137592792510986,3.1883907318115234
2019-03-22,2.005281925201416,3.1050188541412354
2019-03-25,2.028836727142334,3.1861374378204346
2019-03-26,2.041234016418457,3.2131762504577637
2019-03-27,1.9525929689407349,2.990100622177124
2019-03-28,1.9525929689407349,3.068965435028076
2019-03-29,1.989785075187683,3.1320581436157227
2019-04-01,1.992884635925293,3.129804849624634
2019-04-02,1.9699490070343018,3.0419270992279053
2019-04-03,1.962510585784912,3.0847387313842773
2019-04-04,1.9835864305496216,3.1500844955444336
2019-04-05,2.0368950366973877,3.165858030319214
2019-04-08,2.050532102584839,3.2334563732147217
2019-04-09,2.029456615447998,3.1703639030456543
2019-04-10,2.0145797729492188,3.30556058883667
2019-04-11,1.976767897605896,3.258242130279541
2019-04-12,1.9209794998168945,3.156843900680542
2019-04-15,1.8906059265136719,3.1726174354553223
2019-04-16,1.9277980327606201,3.165858030319214
2019-04-17,1.9308971166610718,3.1050188541412354
2019-04-18,2.0145797729492188,3.174870491027832
2019-04-22,2.062309741973877,3.224442720413208
2019-04-23,2.0920639038085938,3.2672550678253174
2019-04-24,2.1013615131378174,3.219935417175293
2019-04-25,2.2185170650482178,3.2740142345428467
2019-04-26,2.231534481048584,3.2672550678253174
2019-04-29,2.3028197288513184,3.2559876441955566
2019-04-30,2.3831775188446045,3.3213322162628174
2019-05-02,2.4119584560394287,3.3235867023468018
2019-05-03,2.5464775562286377,3.2604942321777344
2019-05-06,2.583392381668091,3.2583541870117188
2019-05-07,2.5652477741241455,3.2350971698760986
2019-05-08,2.5927767753601074,3.249051570892334
2019-05-09,2.634071111679077,3.2304461002349854
2019-05-10,2.6246864795684814,3.2048630714416504
2019-05-13,2.5589911937713623,3.0769474506378174
2019-05-14,2.562119245529175,3.1118335723876953
2019-05-15,2.646584987640381,3.0420613288879395
2019-05-16,2.577761173248291,2.953683376312256
2019-05-17,2.5245795249938965,2.9048421382904053
2019-05-20,2.587146282196045,3.0699708461761475
2019-05-21,2.6215577125549316,3.2304461002349854
2019-05-22,2.6271889209747314,3.214164972305298
2019-05-23,2.604039430618286,3.1932339668273926
2019-05-24,2.5902745723724365,3.139742612838745
2019-05-27,2.6497135162353516,3.1885833740234375
2019-05-28,2.690382242202759,3.2560298442840576
2019-05-29,2.727922201156616,3.325800657272339
2019-05-30,2.7867348194122314,3.3955729007720947
2019-05-31,2.8843393325805664,3.4327850341796875
2019-06-03,2.878082752227783,3.418830633163452
2019-06-04,2.868072271347046,3.4653453826904297
2019-06-05,2.8905961513519287,3.430459499359131
2019-06-06,2.871825695037842,3.546746015548706
2019-06-07,2.8461735248565674,3.523489236831665
2019-06-10,2.8486757278442383,3.418830633163452
2019-06-11,2.858687400817871,3.48860239982605
2019-06-12,2.8436713218688965,3.3978984355926514
2019-06-13,2.899355173110962,3.4374358654022217
2019-06-14,2.8618154525756836,3.3792927265167236
2019-06-17,2.8205208778381348,3.421156167984009
2019-06-18,2.849302291870117,3.393247604370117
2019-06-19,2.9206290245056152,3.3955729007720947
2019-06-21,2.9074888229370117,3.4281320571899414
2019-06-24,2.878082752227783,3.435110092163086
2019-06-25,2.8155157566070557,3.3467319011688232
2019-06-26,2.838665723800659,3.332777261734009
2019-06-27,2.852430820465088,3.409527540206909
2019-06-28,2.9325156211853027,3.45371675491333
2019-07-01,2.903109550476074,3.479299545288086
2019-07-02,2.871825695037842,3.418830633163452
2019-07-03,2.9293880462646484,3.451390504837036
2019-07-04,2.9406495094299316,3.486276388168335
2019-07-05,2.8905961513519287,3.497905731201172
2019-07-08,2.898104190826416,3.5141847133636475
2019-07-10,3.040756940841675,3.581632375717163
2019-07-11,3.040756940841675,3.556049108505249
2019-07-12,3.0282437801361084,3.5165112018585205
2019-07-15,3.053896427154541,3.4583685398101807
2019-07-16,3.0595271587371826,3.4653453826904297
2019-07-17,3.065784215927124,3.486276388168335
2019-07-18,3.0782976150512695,3.4560422897338867
2019-07-19,2.9844467639923096,3.3723161220550537
2019-07-22,2.9700565338134766,3.3560352325439453
2019-07-23,2.9950830936431885,3.360687017440796
2019-07-24,2.9781901836395264,3.309521436691284
2019-07-25,2.9343934059143066,3.272308826446533
2019-07-26,2.8937246799468994,3.281611204147339
2019-07-29,2.8555588722229004,3.2676584720611572
2019-07-30,2.953162908554077,3.2978923320770264
2019-07-31,3.018232583999634,3.2885899543762207
2019-08-01,3.0188586711883545,3.342081308364868
2019-08-02,2.996335029602051,3.3397552967071533
2019-08-05,2.953162908554077,3.2699830532073975
2019-08-06,3.0470142364501953,3.3723161220550537
2019-08-07,3.0970675945281982,3.2560298442840576
2019-08-08,3.162137031555176,3.3723161220550537
2019-08-09,3.247227907180786,3.3955729007720947
2019-08-12,3.2096879482269287,3.3792927265167236
2019-08-13,3.2785122394561768,3.451390504837036
2019-08-14,3.2021796703338623,3.3723161220550537
2019-08-15,3.187164068222046,3.281611204147339
2019-08-16,3.3417046070098877,3.3816187381744385
2019-08-19,3.384875774383545,3.430459499359131
2019-08-20,3.3298165798187256,3.4327850341796875
2019-08-21,3.3392016887664795,3.5769801139831543
2019-08-22,3.3429551124572754,3.495579481124878
2019-08-23,3.2534849643707275,3.388596296310425
2019-08-26,3.221576452255249,3.342081308364868
2019-08-27,3.197174549102783,3.36301326751709
2019-08-28,3.246602773666382,3.2606804370880127
2019-08-29,3.3473353385925293,3.36301326751709
2019-08-30,3.525026321411133,3.4327850341796875
2019-09-02,3.6251332759857178,3.4653453826904297
2019-09-03,3.5588126182556152,3.3978984355926514
2019-09-04,3.5788331031799316,3.416504383087158
2019-09-05,3.5963516235351562,3.446739435195923
2019-09-06,3.5531811714172363,3.421156167984009
2019-09-09,3.439309597015381,3.36533784866333
2019-09-10,3.4274210929870605,3.3490586280822754
2019-09-11,3.4261693954467773,3.425807237625122
2019-09-12,3.4292986392974854,3.430459499359131
2019-09-13,3.398015022277832,3.3560352325439453
2019-09-16,3.368608236312866,3.281611204147339
2019-09-17,3.4411864280700684,3.3537094593048096
2019-09-18,3.445565938949585,3.325800657272339
2019-09-19,3.536287784576416,3.337430238723755
2019-09-20,3.3354480266571045,3.3234751224517822
2019-09-23,3.300410509109497,3.3025434017181396
2019-09-24,3.2534849643707275,3.2676584720611572
2019-09-25,3.215944528579712,3.2327721118927
2019-09-26,3.2190730571746826,3.2792863845825195
2019-09-27,3.1377360820770264,3.2792863845825195
2019-09-30,3.197174549102783,3.332777261734009
2019-10-01,3.170271158218384,3.3723161220550537
2019-10-02,3.148372173309326,3.276960611343384
2019-10-03,3.1214683055877686,3.2420740127563477
2019-10-04,3.197174549102783,3.2467265129089355
2019-10-07,3.106452226638794,3.2048630714416504
2019-10-08,3.1189656257629395,3.2118403911590576
2019-10-09,3.159008502960205,3.2095139026641846
2019-10-10,3.1183407306671143,3.1792800426483154
2019-10-11,3.155254364013672,3.225794553756714
2019-10-14,3.1270997524261475,3.225794553756714
2019-10-15,3.090811014175415,3.2327721118927
2019-10-16,3.103949546813965,3.2188172340393066
2019-10-17,3.1421151161193848,3.2374227046966553
2019-10-18,3.1571319103240967,3.1746275424957275
2019-10-21,3.160885810852051,3.1862566471099854
2019-10-22,3.1715219020843506,3.1862566471099854
2019-10-23,3.2021796703338623,3.156022310256958
2019-10-24,3.2534849643707275,3.1374166011810303
2019-10-25,3.1940457820892334,3.0606675148010254
2019-10-28,3.206559658050537,3.0839245319366455
2019-10-29,3.2534849643707275,3.0839245319366455
2019-10-30,3.3535921573638916,3.1513705253601074
2019-10-31,3.4368059635162354,3.1746275424957275
2019-11-01,3.5350372791290283,3.1257877349853516
2019-11-04,3.466212749481201,3.1234617233276367
2019-11-05,3.3761162757873535,3.0839245319366455
2019-11-06,3.438683271408081,3.05368971824646
2019-11-07,3.5187697410583496,3.081599712371826
2019-11-08,3.48498272895813,3.044387102127075
2019-11-11,3.508758068084717,3.0560152530670166
2019-11-12,3.616373062133789,3.0048491954803467
2019-11-13,3.8003203868865967,2.9885690212249756
2019-11-14,3.8203420639038086,2.995546579360962
2019-11-18,3.7333734035491943,2.9304254055023193
2019-11-19,3.7909350395202637,2.918797731399536
2019-11-21,3.9536097049713135,2.9304254055023193
2019-11-22,3.9536097049713135,3.0001981258392334
2019-11-25,3.994903326034546,2.976940631866455
2019-11-26,3.9511067867279053,2.951357126235962
2019-11-27,4.091883182525635,2.944380521774292
2019-11-28,4.154449939727783,2.9815919399261475
2019-11-29,4.190738677978516,3.0350847244262695
2019-12-02,4.0774922370910645,3.0188040733337402
2019-12-03,4.042454719543457,2.9815919399261475
2019-12-04,4.143187999725342,2.995546579360962
2019-12-05,4.173220634460449,3.0420613288879395
2019-12-06,4.282712936401367,3.028107166290283
2019-12-09,4.264567852020264,2.995546579360962
2019-12-10,4.248300552368164,2.9629862308502197
2019-12-11,4.2226481437683105,3.02345609664917
2019-12-12,4.21075963973999,3.028107166290283
2019-12-13,4.235787391662598,3.030432939529419
2019-12-16,4.263943195343018,3.1188104152679443
2019-12-17,4.260815143585205,3.139742612838745
2019-12-18,4.235787391662598,3.156022310256958
2019-12-19,4.357792854309082,3.1839306354522705
2019-12-20,4.354664325714111,3.1746275424957275
2019-12-23,4.364048957824707,3.1862566471099854
2019-12-26,4.338343620300293,3.2489848136901855
2019-12-27,4.366787433624268,3.2489848136901855
2019-12-30,4.466987133026123,3.2727177143096924
2020-01-02,4.405575275421143,3.2940781116485596
2020-01-03,4.654458522796631,3.2584784030914307
2020-01-06,4.606621265411377,3.303570508956909
2020-01-07,4.635064601898193,3.42460560798645
2020-01-08,4.586581230163574,3.519535779953003
2020-01-09,4.748193740844727,3.491056203842163
2020-01-10,4.832232475280762,3.5432686805725098
2020-01-13,4.951827049255371,3.642944812774658
2020-01-14,4.997078895568848,3.680917739868164
2020-01-15,5.0294013023376465,3.657184600830078
2020-01-16,4.933079719543457,3.678544521331787
2020-01-17,4.987381935119629,3.7117691040039062
2020-01-20,5.106975555419922,3.657184600830078
2020-01-21,5.068188190460205,3.6120924949645996
2020-01-22,5.068188190460205,3.5717477798461914
2020-01-23,5.094046115875244,3.6263318061828613
2020-01-24,5.061723709106445,3.664303779602051
2020-01-27,5.039743900299072,3.6120924949645996
2020-01-28,5.126368999481201,3.678544521331787
2020-01-29,5.126368999481201,3.657184600830078
2020-01-30,5.071420669555664,3.604973554611206
2020-01-31,5.074652194976807,3.5480146408081055
2020-02-03,5.171619892120361,3.6025991439819336
2020-02-04,5.210408687591553,3.647691488265991
2020-02-05,5.210408687591553,3.7900874614715576
2020-02-06,5.165802478790283,3.721262216567993
2020-02-07,5.13606595993042,3.6025991439819336
2020-02-10,5.0229363441467285,3.4720702171325684
2020-02-11,5.130247592926025,3.5741209983825684
2020-02-12,5.307376384735107,3.578867197036743
2020-02-13,5.372021198272705,3.507668972015381
2020-02-14,5.339051723480225,3.517162322998047
2020-02-17,5.430201530456543,3.5764944553375244
2020-02-18,5.432787895202637,3.5741209983825684
2020-02-19,5.535572528839111,3.5551347732543945
2020-02-20,5.430201530456543,3.4649510383605957
2020-02-21,5.5038981437683105,3.5503878593444824
2020-02-26,5.181318283081055,3.2893307209014893
2020-02-27,5.089521408081055,3.2513585090637207
2020-02-28,5.070127487182617,3.313062906265259
2020-03-02,5.236266136169434,3.415112257003784
2020-03-03,5.193599700927734,3.4222331047058105
2020-03-04,5.400464057922363,3.578867197036743
2020-03-05,5.159337043762207,3.4079928398132324
2020-03-06,4.903342247009277,3.2489848136901855
2020-03-09,4.505773544311523,2.919102907180786
2020-03-10,4.732032775878906,2.999793291091919
2020-03-11,4.330585956573486,2.7031362056732178
2020-03-12,3.7093448638916016,2.1810197830200195
2020-03-13,4.1631550788879395,2.4919168949127197
2020-03-16,3.838634967803955,2.2118728160858154
2020-03-17,3.9756839275360107,2.3542680740356445
2020-03-18,3.4035730361938477,2.178647756576538
2020-03-19,3.5671253204345703,2.240351676940918
2020-03-20,3.2445452213287354,2.112196445465088
2020-03-23,3.0383267402648926,1.9342021942138672
2020-03-24,3.1967074871063232,1.993532657623291
2020-03-25,3.379007577896118,2.1525416374206543
2020-03-26,3.8166568279266357,2.3732540607452393
2020-03-27,3.5897510051727295,2.1881401538848877
2020-03-30,3.7293851375579834,2.162034511566162
2020-03-31,3.7739903926849365,2.1145691871643066
2020-04-01,3.554196357727051,2.000653028488159
2020-04-02,3.6136701107025146,1.9484413862228394
2020-04-03,3.4326634407043457,1.8867369890213013
2020-04-06,3.670557737350464,2.0172665119171143
2020-04-07,3.7248594760894775,2.0576114654541016
2020-04-08,3.4746830463409424,2.1050760746002197
2020-04-09,3.5645394325256348,2.1762735843658447
2020-04-13,3.567772388458252,2.249845266342163
2020-04-14,3.684779644012451,2.3590147495269775
2020-04-15,3.6065587997436523,2.3851194381713867
2020-04-16,3.583932876586914,2.399360179901123
2020-04-17,3.556781530380249,2.4064791202545166
2020-04-20,3.5606606006622314,2.387493133544922
2020-04-22,3.713869571685791,2.4064791202545166
2020-04-23,3.6459929943084717,2.337655782699585
2020-04-24,3.3098368644714355,2.0765976905822754
2020-04-27,3.4203805923461914,2.093210220336914
2020-04-28,3.5186407566070557,2.2308590412139893
2020-04-29,3.5147626399993896,2.316296100616455
2020-04-30,3.4391274452209473,2.2593374252319336
2020-05-04,3.3951687812805176,2.192887306213379
2020-05-05,3.4688642024993896,2.195260524749756
2020-05-06,3.416501998901367,2.093210220336914
2020-05-07,3.3130693435668945,1.9650548696517944
2020-05-08,3.397108793258667,2.0481178760528564
2020-05-11,3.3169479370117188,1.9698007106781006
2020-05-12,3.2833328247070312,1.9128425121307373
2020-05-13,3.2535958290100098,1.8796178102493286
2020-05-14,3.4035730361938477,2.038625478744507
2020-05-15,3.4223203659057617,1.9484413862228394
2020-05-18,3.5251059532165527,2.0837175846099854
2020-05-19,3.438480854034424,2.024385690689087
2020-05-20,3.445592164993286,2.081343650817871
2020-05-21,3.5697109699249268,2.195260524749756
2020-05-22,3.5128233432769775,2.2213656902313232
2020-05-25,3.750718355178833,2.380373954772949
2020-05-26,3.749425172805786,2.484797716140747
2020-05-27,3.8476858139038086,2.5939667224884033
2020-05-28,3.8269989490509033,2.518022298812866
2020-05-29,3.8528571128845215,2.563113212585449
2020-06-01,3.8405747413635254,2.5868473052978516
2020-06-02,3.9375431537628174,2.641432285308838
2020-06-03,4.0080060958862305,2.672283887863159
2020-06-04,3.9996018409729004,2.6532983779907227
2020-06-05,3.9711573123931885,2.705510139465332
2020-06-08,4.125014305114746,2.850278615951538
2020-06-09,4.117257118225098,2.859771251678467
2020-06-10,4.035157203674316,2.7316153049468994
2020-06-12,3.990551471710205,2.617699146270752
2020-06-15,3.930432081222534,2.55124831199646
2020-06-16,3.986672878265381,2.6390576362609863
2020-06-17,4.062953948974609,2.78145432472229
2020-06-18,4.053257465362549,2.696017026901245
2020-06-19,4.119842529296875,2.700763702392578
2020-06-22,4.084287166595459,2.7482287883758545
2020-06-23,3.9911985397338867,2.705510139465332
2020-06-24,3.8922903537750244,2.620072364807129
2020-06-25,3.9433605670928955,2.6556711196899414
2020-06-26,3.873544216156006,2.5156493186950684
2020-06-29,3.878068685531616,2.5797276496887207
2020-06-30,3.9071598052978516,2.615326404571533
2020-07-01,3.911684513092041,2.6509246826171875
2020-07-02,3.7752833366394043,2.6390576362609863
2020-07-03,3.8470394611358643,2.641432285308838
2020-07-06,3.8890585899353027,2.696017026901245
2020-07-07,3.8302319049835205,2.672283887863159
2020-07-08,3.87742280960083,2.7292428016662598
2020-07-09,3.861907720565796,2.7458553314208984
2020-07-10,3.802434206008911,2.7339892387390137
2020-07-13,3.7487783432006836,2.769587755203247
2020-07-14,3.7468388080596924,2.707883596420288
2020-07-15,3.8405747413635254,2.7173757553100586
2020-07-16,3.8787152767181396,2.6699111461639404
2020-07-17,4.0642476081848145,2.688896656036377
2020-07-20,4.0370965003967285,2.762468099594116
2020-07-21,3.9659862518310547,2.7316153049468994
2020-07-22,4.031278133392334,2.9428341388702393
2020-07-23,4.072651386260986,2.8811299800872803
2020-07-24,4.053257465362549,2.850278615951538
2020-07-27,4.214870929718018,2.930968999862671
2020-07-28,4.264001846313477,2.940462589263916
2020-07-29,4.202588081359863,2.8929970264434814
2020-07-30,4.324121475219727,2.904862403869629
2020-07-31,4.290506362915039,2.847904682159424
2020-08-03,4.085579872131348,2.8564462661743164
2020-08-04,3.9401278495788574,2.7933075428009033
2020-08-05,3.910391330718994,2.770576238632202
2020-08-06,4.0972161293029785,2.8817026615142822
2020-08-07,3.997016191482544,2.8236138820648193
2020-08-10,3.985379457473755,2.826139450073242
2020-08-11,3.916855573654175,2.780679225921631
2020-08-12,3.8761301040649414,2.720065116882324
2020-08-13,3.850270986557007,2.631669759750366
2020-08-14,3.931077480316162,2.626617908477783
2020-08-17,3.83798885345459,2.573580503463745
2020-08-18,3.8948774337768555,2.6417717933654785
2020-08-19,3.9058666229248047,2.6569244861602783
2020-08-20,3.8489785194396973,2.6392464637756348
2020-08-21,4.0080060958862305,2.730166435241699
2020-08-24,4.086873531341553,2.7276415824890137
2020-08-25,4.153458118438721,2.8084607124328613
2020-08-26,4.063601016998291,2.6897575855255127
2020-08-27,4.031924724578857,2.7225899696350098
2020-08-28,4.072004795074463,2.770576238632202
2020-08-31,3.9284920692443848,2.6594507694244385
2020-09-01,3.982147693634033,2.7377443313598633
2020-09-02,4.061661720275879,2.74532151222229
2020-09-03,4.040328502655029,2.757948160171509
2020-09-04,4.0370965003967285,2.72511625289917
2020-09-08,4.053257465362549,2.70743727684021
2020-09-09,4.157983303070068,2.826139450073242
2020-09-10,4.071358680725098,2.785731554031372
2020-09-11,3.9401278495788574,2.7175393104553223
2020-09-14,4.018995761871338,2.732692241668701
2020-09-15,4.040975570678711,2.6821811199188232
2020-09-16,4.093984127044678,2.730166435241699
2020-09-17,4.133418083190918,2.757948160171509
2020-09-18,3.9685723781585693,2.684706211090088
2020-09-21,4.011884689331055,2.6367204189300537
2020-09-22,4.011239051818848,2.684706211090088
2020-09-23,3.929138422012329,2.6291441917419434
2020-09-24,3.98344087600708,2.7225899696350098
2020-09-25,3.863846778869629,2.661975622177124
2020-09-28,3.7513644695281982,2.5955705642700195
2020-09-29,3.7145168781280518,2.5777580738067627
2020-09-30,3.73649525642395,2.5701239109039307
2020-10-01,3.7022337913513184,2.6133837699890137
2020-10-02,3.6666793823242188,2.582847833633423
2020-10-05,3.717102289199829,2.6719114780426025
2020-10-06,3.746192455291748,2.6515543460845947
2020-10-07,3.709991216659546,2.6464643478393555
2020-10-08,3.7933833599090576,2.6999032497406006
2020-10-09,3.7688193321228027,2.717715263366699
2020-10-13,3.7752833366394043,2.7253501415252686
2020-10-14,3.8392817974090576,2.771153450012207
2020-10-15,3.9368958473205566,2.7787868976593018
2020-10-16,3.81213116645813,2.776242256164551
2020-10-19,3.6938297748565674,2.753340482711792
2020-10-20,3.7229208946228027,2.788965940475464
2020-10-21,3.745546340942383,2.7813332080841064
2020-10-22,3.7933833599090576,2.7991456985473633
2020-10-23,3.794675827026367,2.776242256164551
2020-10-26,3.841867446899414,2.7813332080841064
2020-10-27,3.816009283065796,2.7304389476776123
2020-10-28,3.6886584758758545,2.6591885089874268
2020-10-29,3.666032075881958,2.6439197063446045
2020-10-30,3.5496714115142822,2.6082942485809326
2020-11-03,3.691244125366211,2.6286511421203613
2020-11-04,3.74813175201416,2.7126264572143555
2020-11-05,3.83992862701416,2.811868667602539
2020-11-06,3.9808547496795654,2.850038528442383
2020-11-09,4.038389682769775,2.9111104011535645
2020-11-10,4.066186428070068,2.9747281074523926
2020-11-11,3.8709585666656494,2.8729407787323
2020-11-12,3.859968662261963,2.8067800998687744
2020-11-13,4.201942443847656,2.88057541847229
2020-11-16,4.219395637512207,2.9899957180023193
2020-11-17,4.164447784423828,3.0256214141845703
2020-11-18,4.122427940368652,3.066335678100586
2020-11-19,4.117257118225098,3.0408895015716553
2020-11-23,4.092690467834473,3.015441656112671
2020-11-24,4.144407272338867,3.124863862991333
2020-11-25,4.196770191192627,3.160489320755005
2020-11-26,4.200648784637451,3.132498264312744
2020-11-27,4.184487819671631,3.168123960494995
2020-11-30,4.212931156158447,3.2139272689819336
2020-12-01,4.302788257598877,3.2953574657440186
2020-12-02,4.321535587310791,3.3106255531311035
2020-12-03,4.258182525634766,3.2851781845092773
2020-12-04,4.283395290374756,3.2215616703033447
2020-12-07,4.313131809234619,3.366608142852783
2020-12-08,4.234910488128662,3.320803165435791
2020-12-09,4.238143444061279,3.3131699562072754
2020-12-10,4.280808925628662,3.3691532611846924
2020-12-11,4.413978576660156,3.4836623668670654
2020-12-14,4.412038326263428,3.4582176208496094
2020-12-15,4.394584655761719,3.4302256107330322
2020-12-16,4.457290172576904,3.4302256107330322
2020-12-17,4.4113922119140625,3.514199733734131
2020-12-18,4.446946620941162,3.5523698329925537
2020-12-21,4.405575275421143,3.4353151321411133
2020-12-22,4.454704284667969,3.5243773460388184
2020-12-23,4.571065902709961,3.6083526611328125
2020-12-28,4.7081146240234375,3.6948721408843994
2020-12-29,4.6225972175598145,3.6821486949920654
2020-12-30,4.707329750061035,3.705050468444824
2021-01-04,4.606457233428955,3.67014741897583
2021-01-05,4.506930828094482,3.67014741897583
2021-01-06,4.481376647949219,3.74541974067688
2021-01-07,4.41345739364624,3.7038910388946533
2021-01-08,4.564091205596924,3.958256959915161
2021-01-11,4.387902736663818,3.820690870285034
2021-01-12,4.310568332672119,3.8051178455352783
2021-01-13,4.230543613433838,3.838859796524048
2021-01-14,4.274926662445068,3.895962953567505
2021-01-15,4.253407955169678,3.8077127933502197
2021-01-18,4.238613128662109,3.74541974067688
2021-01-19,4.219111919403076,3.680530071258545
2021-01-20,4.1182403564453125,3.592280149459839
2021-01-21,4.202972412109375,3.5896854400634766
2021-01-22,4.161279201507568,3.581897735595703
2021-01-26,4.1155500411987305,3.49884033203125
2021-01-27,4.1182403564453125,3.4910526275634766
2021-01-28,4.244665145874023,3.672744035720825
2021-01-29,4.179435729980469,3.5559427738189697
2021-02-01,4.198265075683594,3.67014741897583
2021-02-02,4.275599002838135,3.7064859867095947
2021-02-03,4.272237300872803,3.742823600769043
2021-02-04,4.255424976348877,3.7090814113616943
2021-02-05,4.361676216125488,3.67014741897583
2021-02-08,4.33477783203125,3.6753389835357666
2021-02-09,4.297118663787842,3.613046646118164
2021-02-10,4.2836689949035645,3.5637285709381104
2021-02-11,4.337467193603516,3.566324234008789
2021-02-12,4.293083190917969,3.5118186473846436
2021-02-17,4.228526592254639,3.4365460872650146
2021-02-18,4.126310348510742,3.3482954502105713
2021-02-19,4.120930194854736,3.306767225265503
2021-02-22,3.9750027656555176,3.192561149597168
2021-02-23,4.0066094398498535,3.223708391189575
2021-02-24,4.014678478240967,3.213325023651123
2021-02-25,3.9460861682891846,3.114694356918335
2021-02-26,3.866734027862549,3.104310989379883
2021-03-01,3.85597562789917,2.9927022457122803
2021-03-02,3.9178428649902344,3.080951690673828
2021-03-03,3.8983407020568848,3.0549962520599365
2021-03-04,4.098738193511963,3.15362811088562
2021-03-05,3.997194528579712,3.0939292907714844
2021-03-08,3.9050655364990234,2.9797234535217285
2021-03-09,3.965588331222534,2.9485771656036377
2021-03-10,4.111515045166016,3.0913333892822266
2021-03-11,4.089995384216309,3.1250762939453125
2021-03-12,4.2298712730407715,3.1380534172058105
2021-03-15,4.45178747177124,3.1743927001953125
2021-03-16,4.478686332702637,3.1406495571136475
2021-03-17,4.485411643981934,3.156223773956299
2021-03-18,4.478686332702637,3.1821787357330322
2021-03-19,4.471961975097656,3.2444729804992676
2021-03-22,4.599733352661133,3.195157527923584
2021-03-23,4.593008518218994,3.195157527923584
2021-03-24,4.478686332702637,3.13026762008667
2021-03-25,4.498861312866211,3.2288994789123535
2021-03-26,4.51231050491333,3.226303815841675
2021-03-29,4.566109657287598,3.322340965270996
2021-03-30,4.619906902313232,3.361274480819702
2021-03-31,4.707329750061035,3.382037878036499
2021-04-01,4.298497200012207,3.31455397605896
2021-04-05,4.257623672485352,3.2470688819885254
2021-04-06,4.237186431884766,3.288597345352173
2021-04-07,4.203126430511475,3.2937886714935303
2021-04-08,4.203126430511475,3.29638409614563
2021-04-09,4.182689189910889,3.26523756980896
2021-04-12,4.141816139221191,3.278215169906616
2021-04-13,4.175877094268799,3.3275320529937744
2021-04-14,4.216750621795654,3.3586790561676025
2021-04-15,4.230373859405518,3.330127477645874
2021-04-16,4.305309772491455,3.3482954502105713
2021-04-19,4.346181869506836,3.3742523193359375
2021-04-20,4.352994441986084,3.504031181335449
2021-04-22,4.2644362449646,3.4910526275634766
2021-04-23,4.3121209144592285,3.504031181335449
2021-04-26,4.298497200012207,3.4910526275634766
2021-04-27,4.243999481201172,3.459906578063965
2021-04-28,4.175877094268799,3.662360906600952
2021-04-29,4.114566802978516,3.6415953636169434
2021-04-30,3.7921125888824463,3.592280149459839
2021-05-03,3.847270965576172,3.663651943206787
2021-05-04,3.730059862136841,3.6182355880737305
2021-05-05,3.72316575050354,3.663651943206787
2021-05-06,3.743849277496338,3.6303467750549316
2021-05-07,3.771428346633911,3.6364011764526367
2021-05-10,3.743849277496338,3.5879573822021484
2021-05-11,3.7783236503601074,3.6364011764526367
2021-05-12,3.612849235534668,3.4910666942596436
2021-05-13,3.6404285430908203,3.566762685775757
2021-05-14,3.702481269836426,3.6878740787506104
2021-05-17,3.7576394081115723,3.7544875144958496
2021-05-18,3.771428346633911,3.8241264820098877
2021-05-19,3.7783236503601074,4.017906665802002
2021-05-20,3.7990076541900635,3.954322338104248
2021-05-21,3.7783236503601074,3.97248911857605
2021-05-24,3.888639450073242,4.066351413726807
2021-05-25,3.874849557876587,4.072407245635986
2021-05-26,3.9231131076812744,4.075435638427734
2021-05-27,3.8955342769622803,4.163242340087891
2021-05-28,4.026534557342529,4.148101806640625
2021-05-31,3.992060661315918,4.1117682456970215
2021-06-01,3.971376895904541,4.145074367523193
2021-06-02,3.978271484375,4.208658695220947
2021-06-04,3.971376895904541,4.178380489349365
2021-06-07,3.964482069015503,4.226824760437012
2021-06-08,3.9437968730926514,4.214714050292969
2021-06-09,4.012745380401611,4.166268825531006
2021-06-10,4.095481872558594,4.1541571617126465
2021-06-11,4.116166114807129,4.0693793296813965
2021-06-14,4.219587326049805,4.142045497894287
2021-06-15,4.274744987487793,4.090573787689209
2021-06-16,4.24027156829834,4.081490516662598
2021-06-17,4.185113906860352,4.023962020874023
2021-06-18,3.9231131076812744,4.017906665802002
2021-06-21,4.054112911224365,3.957350015640259
2021-06-22,4.040324687957764,3.878626585006714
2021-06-23,4.019639492034912,3.8453209400177
2021-06-24,4.012745380401611,3.8604602813720703
2021-06-25,3.9093236923217773,3.7938485145568848
2021-06-28,3.854165554046631,3.7938485145568848
2021-06-29,3.854165554046631,3.7151265144348145
2021-06-30,3.8265867233276367,3.6727359294891357
2021-07-01,3.8403759002685547,3.600067377090454
2021-07-02,3.874849557876587,3.6666808128356934
2021-07-05,3.9300074577331543,3.6606247425079346
2021-07-06,3.874849557876587,3.621263265609741
2021-07-07,3.9437968730926514,3.65759539604187
2021-07-08,3.8265867233276367,3.5516226291656494
2021-07-12,3.9093236923217773,3.6757631301879883
2021-07-13,3.8679556846618652,3.600067377090454
2021-07-14,3.8955342769622803,3.6757631301879883
2021-07-15,3.854165554046631,3.639430284500122
2021-07-16,3.888639450073242,3.6121795177459717
2021-07-19,3.861060619354248,3.5940115451812744
2021-07-20,3.874849557876587,3.6757631301879883
2021-07-21,3.874849557876587,3.684846878051758
2021-07-22,3.9437968730926514,3.718153238296509
2021-07-23,3.9162180423736572,3.681819200515747
2021-07-26,3.9162180423736572,3.6606247425079346
2021-07-27,3.9437968730926514,3.6727359294891357
2021-07-28,3.98516583442688,3.7454028129577637
2021-07-29,4.026534557342529,3.663651943206787
2021-07-30,3.9575865268707275,3.615206718444824
2021-08-02,4.019639492034912,3.5940115451812744
2021-08-03,3.9575865268707275,3.6182355880737305
2021-08-04,3.978271484375,3.5728182792663574
2021-08-05,3.98516583442688,3.515288829803467
2021-08-06,4.088587284088135,3.5485947132110596
2021-08-09,4.10927152633667,3.563734292984009
2021-08-10,3.9989562034606934,3.500150203704834
2021-08-11,4.074797630310059,3.515288829803467
2021-08-12,4.061007976531982,3.4729011058807373
2021-08-13,4.054112911224365,3.5031776428222656
2021-08-16,3.9989562034606934,3.4456491470336914
2021-08-17,3.9575865268707275,3.542539358139038
2021-08-18,3.9575865268707275,3.6121795177459717
2021-08-19,4.081692218780518,3.6878740787506104
2021-08-20,4.136850357055664,3.7817373275756836
2021-08-23,4.019639492034912,3.784764289855957
2021-08-24,4.088587284088135,3.9482665061950684
2021-08-25,4.0679030418396,3.978543996810913
2021-08-26,4.0679030418396,3.9452383518218994
2021-08-27,4.026534557342529,4.008821964263916
2021-08-30,4.019639492034912,3.9906563758850098
2021-08-31,4.1023759841918945,4.090573787689209
2021-09-01,4.178218841552734,4.22985315322876
2021-09-02,4.123061656951904,4.145074367523193
2021-09-03,4.171324253082275,4.120852470397949
2021-09-06,4.1920084953308105,4.084516525268555
2021-09-08,3.978271484375,4.011850357055664
2021-09-09,4.054112911224365,4.048184394836426
2021-09-10,4.061007976531982,4.075435638427734
2021-09-13,4.15064001083374,4.139018535614014
2021-09-14,4.157535076141357,4.166268825531006
2021-09-15,4.061007976531982,4.163242340087891
2021-09-16,4.026534557342529,4.172325134277344
2021-09-17,4.274744987487793,4.166268825531006
2021-09-20,4.433324813842773,4.160213947296143
2021-09-21,4.481588363647461,4.22379732131958
2021-09-22,4.605693340301514,4.254075050354004
2021-09-23,4.626377582550049,4.263158798217773
2021-09-24,4.605693340301514,4.284354209899902
2021-09-27,4.667746543884277,4.384271621704102
2021-09-28,4.653956890106201,4.299492359161377
2021-09-29,4.598797798156738,4.3085761070251465
2021-09-30,4.591904640197754,4.248020172119141
2021-10-01,4.468696594238281,4.2934370040893555
2021-10-04,4.43145751953125,4.263158798217773
2021-10-05,4.3718743324279785,4.263158798217773
2021-10-06,4.2899489402771,4.178380489349365
2021-10-07,4.2303667068481445,4.160213947296143
2021-10-08,4.297397136688232,4.2782979011535645
2021-10-11,4.170783519744873,4.414549827575684
2021-10-13,4.252709865570068,4.541716575622559
2021-10-14,4.267606258392334,4.568968296051025
2021-10-15,4.3793230056762695,4.541716575622559
2021-10-18,4.43145751953125,4.575023651123047
2021-10-19,4.349531650543213,4.4720778465271
2021-10-20,4.36442756652832,4.4932732582092285
2021-10-21,4.282501220703125,4.172325134277344
2021-10-22,4.140992164611816,4.048184394836426
2021-10-25,4.140992164611816,4.07846212387085
2021-10-26,4.140992164611816,4.048184394836426
2021-10-27,4.118648529052734,4.0693793296813965
2021-10-28,4.103753089904785,3.9240431785583496
2021-10-29,4.006931304931641,3.8998212814331055
2021-11-01,4.081409931182861,3.9452383518218994
2021-11-03,4.163336277008057,4.033045291900635
2021-11-04,4.081409931182861,3.9482665061950684
2021-11-05,4.111201763153076,3.9997384548187256
2021-11-08,4.0590667724609375,4.0027666091918945
2021-11-09,4.111201763153076,4.07846212387085
2021-11-10,4.170783519744873,4.166268825531006
2021-11-11,4.163336277008057,4.22379732131958
2021-11-12,4.260157108306885,4.214714050292969
2021-11-16,4.163336277008057,4.148101806640625
2021-11-17,4.148440361022949,4.063323974609375
2021-11-18,4.111201763153076,4.075435638427734
2021-11-19,4.155888080596924,4.120852470397949
2021-11-22,4.103753089904785,4.066351413726807
2021-11-23,4.133544921875,4.13296365737915
2021-11-24,4.111201763153076,4.081490516662598
2021-11-25,4.2080230712890625,4.13296365737915
2021-11-26,4.0963053703308105,4.054239273071289
2021-11-29,4.148440361022949,4.072407245635986
2021-11-30,4.140992164611816,3.978543996810913
2021-12-01,4.193127632141113,3.9240431785583496
2021-12-02,4.245262145996094,4.057268142700195
2021-12-03,4.267606258392334,4.178380489349365
2021-12-06,4.267606258392334,4.139018535614014
2021-12-07,4.282501220703125,4.163242340087891
2021-12-08,4.43145751953125,4.232880592346191
2021-12-09,4.416562080383301,4.18746280670166
2021-12-10,4.453801155090332,4.22985315322876
2021-12-13,4.491040229797363,4.235908031463623
2021-12-14,4.498487949371338,4.263158798217773
2021-12-15,4.468696594238281,4.275270462036133
2021-12-16,4.461249351501465,4.22379732131958
2021-12-17,4.498487949371338,4.275270462036133
2021-12-20,4.42401123046875,4.211686611175537
2021-12-21,4.3420844078063965,4.181407928466797
2021-12-22,4.42401123046875,4.154368877410889
2021-12-23,4.3793230056762695,4.129114627838135
2021-12-27,4.446353435516357,4.154368877410889
2021-12-28,4.446353435516357,4.170154094696045
2021-12-29,4.476144790649414,4.116488456726074
2021-12-30,4.558070659637451,4.13858699798584
2022-01-03,4.518325328826904,4.065978527069092
2022-01-04,4.465346813201904,4.062821865081787
2022-01-05,4.351820945739746,3.93339204788208
2022-01-06,4.344252586364746,3.848158597946167
2022-01-07,4.26099967956543,3.870255470275879
2022-01-10,4.291274070739746,3.8355321884155273
2022-01-11,4.253432273864746,3.946018695831299
2022-01-12,4.321547508239746,4.002842426300049
2022-01-13,4.321547508239746,4.009156703948975
2022-01-14,4.397231101989746,4.0186262130737305
2022-01-17,4.457778453826904,4.021783351898193
2022-01-18,4.4729156494140625,4.02493953704834
2022-01-19,4.510756969451904,4.0912346839904785
2022-01-20,4.533462047576904,4.107016563415527
2022-01-21,4.488051414489746,4.100703716278076
2022-01-24,4.4729156494140625,4.047037601470947
2022-01-25,4.541029930114746,4.094390392303467
2022-01-26,4.5485992431640625,4.072292327880859
2022-01-27,4.5788726806640625,4.1354289054870605
2022-01-28,4.6545562744140625,4.113330841064453
2022-01-31,4.805924415588379,4.144898891448975
2022-02-01,4.851334571838379,4.185938358306885
2022-02-02,4.957291603088379,4.113330841064453
2022-02-03,4.972428321838379,4.141743183135986
2022-02-04,4.919450283050537,4.043881416320801
2022-02-07,4.813492774963379,3.961804151535034
2022-02-08,4.737808704376221,3.987058162689209
2022-02-09,4.798356056213379,4.034411430358887
2022-02-10,4.813492774963379,4.062821865081787
2022-02-11,4.768082141876221,4.028096675872803
2022-02-14,4.745377063751221,3.987058162689209
2022-02-15,4.843766212463379,4.065978527069092
2022-02-16,4.821061134338379,4.148055076599121
2022-02-17,4.775650501251221,4.094390392303467
2022-02-18,4.783218860626221,4.110175609588623
2022-02-21,4.730240821838379,4.031254291534424
2022-02-22,4.737808704376221,4.021783351898193
2022-02-23,4.775650501251221,4.113330841064453
2022-02-24,4.6015777587890625,4.034411430358887
2022-02-25,4.609145641326904,4.040724754333496
2022-03-02,4.6923980712890625,4.157526969909668
2022-03-03,4.6999664306640625,4.185938358306885
2022-03-04,4.768082141876221,4.100703716278076
2022-03-07,4.624283313751221,3.8797266483306885
2022-03-08,4.6621246337890625,3.952333688735962
2022-03-09,4.821061134338379,4.103860378265381
2022-03-10,4.843766212463379,4.059665679931641
2022-03-11,4.851334571838379,3.9933719635009766
2022-03-14,4.7605133056640625,4.0154709815979
2022-03-15,4.783218860626221,4.021783351898193
2022-03-16,4.805924415588379,4.0186262130737305
2022-03-17,4.919450283050537,4.274328231811523
2022-03-18,5.101090908050537,4.416384220123291
2022-03-21,5.108659267425537,4.5047760009765625
2022-03-22,5.252458095550537,4.517403602600098
2022-03-23,5.055681228637695,4.55212926864624
2022-03-24,5.161637783050537,4.678400039672852
2022-03-25,5.085954189300537,4.662617206573486
2022-03-28,4.934587001800537,4.640518665313721
2022-03-29,5.055681228637695,4.867313385009766
2022-03-30,5.116227626800537,4.910533905029297
2022-03-31,5.146501541137695,5.056820869445801
2022-04-01,5.2070488929748535,5.076767921447754
2022-04-04,5.101090908050537,5.046846389770508
2022-04-05,5.055681228637695,5.0169243812561035
2022-04-06,5.070817470550537,5.05349588394165
2022-04-07,5.055681228637695,5.0268988609313965
2022-04-08,5.048112869262695,5.050171375274658
2022-04-11,5.002702236175537,5.020249843597412
2022-04-12,4.934587001800537,4.947107315063477
2022-04-13,4.972428321838379,5.116664409637451
2022-04-14,5.055681228637695,5.139936447143555
2022-04-18,5.078386306762695,5.179832458496094
2022-04-19,5.032976150512695,4.8772873878479
2022-04-20,5.101090908050537,4.897234916687012
2022-04-22,4.995133399963379,4.86398983001709
2022-04-25,5.108659267425537,5.003624439239502
2022-04-26,5.055681228637695,5.020249843597412
2022-04-27,5.108659267425537,5.110013961791992
2022-04-28,5.161637783050537,5.100040912628174
2022-04-29,4.934587001800537,4.8772873878479
2022-05-02,4.837646007537842,4.91507625579834
2022-05-03,4.764224529266357,4.746220588684082
2022-05-04,4.796856880187988,4.832929611206055
2022-05-05,4.780540466308594,4.673201560974121
2022-05-06,4.73975133895874,4.645820140838623
2022-05-09,4.723434925079346,4.714274883270264
2022-05-10,4.764224529266357,4.732529163360596
2022-05-11,4.764224529266357,4.755348205566406
2022-05-12,4.919225215911865,4.773602485656738
2022-05-13,5.163963317871094,4.823802471160889
2022-05-16,5.261857509613037,4.901385307312012
2022-05-17,5.327121734619141,5.047423362731934
2022-05-18,5.302647590637207,5.038295745849609
2022-05-19,5.408700466156006,5.079367160797119
2022-05-20,5.425016403198242,5.170641899108887
2022-05-23,5.588174343109131,5.3303704261779785
2022-05-24,5.661595344543457,5.449027061462402
2022-05-25,5.669753551483154,5.494663238525391
2022-05-26,5.645279884338379,5.3531880378723145
2022-05-27,5.637121677398682,5.266479969024658
2022-05-30,5.49843692779541,5.120441436767578
2022-05-31,5.408700466156006,5.31667947769165
2022-06-01,5.433174133300781,5.202588081359863
2022-06-02,5.490279197692871,5.289297103881836
2022-06-03,5.384226322174072,5.225405693054199
2022-06-06,5.359752655029297,5.175204277038574
2022-06-07,5.310805797576904,5.115877151489258
2022-06-08,5.278172969818115,5.088495254516602
2022-06-09,5.245542526245117,5.051985740661621
2022-06-10,5.212910175323486,4.9835309982299805
2022-06-13,5.1068572998046875,4.910513401031494
2022-06-14,5.13948917388916,4.947021484375
2022-06-15,5.13948917388916,4.9835309982299805
2022-06-17,5.155804634094238,4.901385307312012
2022-06-20,5.2047529220581055,4.910513401031494
2022-06-21,5.131330966949463,4.860311985015869
2022-06-22,5.155804634094238,4.874001502990723
2022-06-23,5.049752235412598,4.851185321807861
2022-06-24,5.131330966949463,4.846621036529541
2022-06-27,5.2047529220581055,4.934854030609131
2022-06-28,5.212910175323486,4.916320323944092
2022-06-29,5.13948917388916,4.814377784729004
2022-06-30,5.196594715118408,4.809744358062744
2022-07-01,5.163963317871094,4.856080532073975
2022-07-04,5.131330966949463,4.795843124389648
2022-07-05,5.090541362762451,4.69390344619751
2022-07-06,5.025278091430664,4.680001258850098
2022-07-07,5.0579094886779785,4.763408184051514
2022-07-08,5.082383632659912,4.763408184051514
2022-07-11,5.13948917388916,4.754140853881836
2022-07-12,5.245542526245117,4.7865753173828125
2022-07-13,5.155804634094238,4.823645114898682
2022-07-14,5.196594715118408,4.8792500495910645
2022-07-15,5.23738431930542,4.842179298400879
2022-07-18,5.188436985015869,4.795843124389648
2022-07-19,5.147646903991699,4.814377784729004
2022-07-20,5.147646903991699,4.837546348571777
2022-07-21,5.163963317871094,4.86998176574707
2022-07-22,5.180278778076172,4.934854030609131
2022-07-25,5.188436985015869,5.013625144958496
2022-07-26,5.147646903991699,4.958022117614746
2022-07-27,5.163963317871094,5.217507362365723
2022-07-28,5.2047529220581055,5.189704895019531
2022-07-29,5.278172969818115,5.208240509033203
2022-08-01,5.270016193389893,5.171171188354492
2022-08-02,5.294489860534668,5.240675926208496
2022-08-03,5.229226112365723,5.254575729370117
2022-08-04,5.367911338806152,5.407487392425537
2022-08-05,5.3923845291137695,5.421389102935791
2022-08-08,5.3923845291137695,5.523330211639404
2022-08-09,5.4413323402404785,5.643804550170898
2022-08-10,5.261857509613037,5.6623382568359375
2022-08-11,5.229226112365723,5.648438453674316
2022-08-12,5.270016193389893,5.755012035369873
2022-08-15,5.261857509613037,5.704041481018066
2022-08-16,5.294489860534668,5.7225775718688965
2022-08-17,5.433174133300781,6.046932220458984
2022-08-18,5.400542736053467,5.9588942527771
2022-08-19,5.351595401763916,5.940360069274902
2022-08-22,5.384226322174072,5.93109130859375
2022-08-23,5.425016403198242,5.9588942527771
2022-08-24,5.416858673095703,5.954259872436523
2022-08-25,5.359752655029297,5.852319717407227
2022-08-26,5.327121734619141,5.708676338195801
2022-08-29,5.302647590637207,5.676240921020508
2022-08-30,5.221068382263184,5.51406192779541
2022-08-31,5.351595401763916,5.606735706329346
2022-09-01,5.473963737487793,5.616002082824707
2022-09-02,5.433174133300781,5.611368179321289
2022-09-05,5.457648277282715,5.611368179321289
2022-09-06,5.367911338806152,5.495528221130371
2022-09-08,5.310805797576904,5.6391706466674805
2022-09-09,5.318963527679443,5.625269889831543
2022-09-12,5.318963527679443,5.602102279663086
2022-09-13,5.221068382263184,5.4306559562683105
2022-09-14,5.221068382263184,5.3843183517456055
2022-09-15,5.115015029907227,5.33335018157959
2022-09-16,5.155804634094238,5.273111820220947
2022-09-19,5.12317419052124,5.421389102935791
2022-09-20,5.131330966949463,5.407487392425537
2022-09-21,5.131330966949463,5.3843183517456055
2022-09-22,5.23738431930542,5.527963638305664
2022-09-23,5.221068382263184,5.486260414123535
2022-09-26,5.0579094886779785,5.587378978729248
2022-09-27,4.984488487243652,5.106034755706787
2022-09-28,4.935540676116943,5.03524923324585
2022-09-29,5.082383632659912,4.978620529174805
2022-09-30,5.0579094886779785,5.077721118927002
2022-10-03,5.229226112365723,5.620413780212402
2022-10-04,5.13948917388916,5.337269306182861
2022-10-05,5.098699569702148,5.214573383331299
2022-10-06,5.098699569702148,5.214573383331299
2022-10-07,5.090541362762451,5.082439422607422
2022-10-10,5.098699569702148,5.110753536224365
2022-10-11,5.066068172454834,5.025810718536377
2022-10-13,5.008962154388428,4.94558572769165
2022-10-14,5.017120361328125,4.841766834259033
2022-10-17,5.074225902557373,5.063563346862793
2022-10-18,5.131330966949463,5.261764049530029
2022-10-19,5.155804634094238,5.214573383331299
2022-10-20,5.278172969818115,5.304236888885498
2022-10-21,5.367911338806152,5.436368465423584
2022-10-24,5.686069488525391,5.389179706573486
2022-10-25,5.743175029754639,5.261764049530029
2022-10-26,5.637121677398682,5.063563346862793
2022-10-27,5.653437614440918,5.27120304107666
2022-10-28,5.702384948730469,5.356146812438965
2022-10-31,5.7187018394470215,5.365583419799805
2022-11-01,6.346861362457275,5.549627780914307
2022-11-03,6.248966217041016,5.582661151885986
2022-11-04,6.387650489807129,5.596817970275879
2022-11-07,6.248966217041016,5.431650638580322
2022-11-08,6.306071758270264,5.483560085296631
2022-11-09,6.142913818359375,5.36086368560791
2022-11-10,5.922649383544922,5.073000431060791
2022-11-11,5.963438987731934,5.134348392486572
2022-11-14,6.036860466003418,5.110753536224365
2022-11-16,5.792122840881348,4.94558572769165
2022-11-17,5.645279884338379,4.832329273223877
2022-11-18,5.433174133300781,4.879519462585449
2022-11-21,6.501861095428467,5.247608184814453
2022-11-22,6.479663848876953,5.2334489822387695
2022-11-23,6.334914207458496,5.176821708679199
2022-11-24,6.479663848876953,5.38446044921875
2022-11-25,6.224223613739014,5.252325534820557
2022-11-28,6.1901655197143555,5.261764049530029
2022-11-29,6.24125337600708,5.38446044921875
2022-11-30,6.394517421722412,5.4174933433532715
2022-12-01,6.300856113433838,5.318393230438232
2022-12-02,6.181650161743164,5.36086368560791
2022-12-05,6.062445163726807,5.186260223388672
2022-12-06,5.977298259735107,5.266483783721924
2022-12-07,6.113533020019531,5.341988563537598
2022-12-08,5.985813617706299,5.186260223388672
2022-12-09,5.900665760040283,5.228729724884033
2022-12-12,5.815519332885742,4.997496128082275
2022-12-13,5.721858501434326,4.893677234649658
2022-12-14,5.696314811706543,4.988057613372803
2022-12-15,5.628197193145752,5.021092414855957
2022-12-16,5.398300647735596,5.167381763458252
2022-12-19,5.6111674308776855,5.058843612670898
2022-12-20,5.798490524291992,5.219293117523193
2022-12-21,5.730372428894043,5.209854602813721
2022-12-22,5.747402191162109,5.26317834854126
2022-12-23,5.815519332885742,5.33034610748291
2022-12-26,5.738887310028076,5.25838041305542
2022-12-27,5.679284572601318,5.253581523895264
2022-12-28,5.892151355743408,5.4762959480285645
2022-12-29,5.849578380584717,5.461587905883789
2023-01-02,5.670770645141602,5.348826885223389
2023-01-03,5.6196818351745605,5.221357345581055
2023-01-04,5.687798976898193,5.285090923309326
2023-01-05,5.747402191162109,5.334117889404297
2023-01-06,5.662255764007568,5.334117889404297
2023-01-09,5.6111674308776855,5.47139310836792
2023-01-10,5.670770645141602,5.500809669494629
2023-01-11,5.841063499450684,5.726333141326904
2023-01-12,5.789975643157959,5.672402858734131
2023-01-13,5.789975643157959,5.598862648010254
2023-01-16,5.772946357727051,5.544934272766113
2023-01-17,5.866607666015625,5.711625576019287
2023-01-18,5.85809326171875,5.736138343811035
2023-01-19,5.8751220703125,5.726333141326904
2023-01-20,5.883636951446533,5.574349880218506
2023-01-23,5.755917072296143,5.491004467010498
2023-01-24,5.798490524291992,5.593961238861084
2023-01-25,5.8751220703125,5.745944023132324
2023-01-26,5.866607666015625,5.584153652191162
2023-01-27,5.798490524291992,5.491004467010498
2023-01-30,5.789975643157959,5.4762959480285645
2023-01-31,5.85809326171875,5.618473052978516
2023-02-01,5.892151355743408,5.598862648010254
2023-02-02,5.730372428894043,5.598862648010254
2023-02-03,5.64522647857666,5.4762959480285645
2023-02-06,5.70482873916626,5.554738998413086
2023-02-07,5.594138145446777,5.378243446350098
2023-02-08,5.64522647857666,5.461587905883789
2023-02-09,5.6026530265808105,5.324312210083008
2023-02-10,5.662255764007568,5.373340606689453
2023-02-13,5.662255764007568,5.397853374481201
2023-02-14,5.560080051422119,5.348826885223389
2023-02-15,5.6196818351745605,5.3439226150512695
2023-02-16,5.64522647857666,5.363534450531006
2023-02-17,5.585623264312744,5.363534450531006
2023-02-22,5.440874099731445,5.236064910888672
2023-02-23,5.398300647735596,5.240966796875
2023-02-24,5.347212791442871,5.172329902648926
2023-02-27,5.338698387145996,5.172329902648926
2023-02-28,5.381271839141846,5.138010501861572
2023-03-01,5.338698387145996,5.118401527404785
2023-03-02,5.330183506011963,5.074275493621826
2023-03-03,5.338698387145996,5.039958477020264
2023-03-06,5.406815528869629,5.118401527404785
2023-03-07,5.364242076873779,5.162525177001953
2023-03-08,5.415330410003662,5.2654805183410645
2023-03-09,5.236522197723389,5.133108139038086
2023-03-10,5.236522197723389,5.152719497680664
2023-03-13,5.2109785079956055,5.1772332191467285
2023-03-14,5.270580291748047,5.270382881164551
2023-03-15,5.364242076873779,5.353728771209717
2023-03-16,5.279095649719238,5.314507007598877
2023-03-17,5.040684223175049,5.157622337341309
2023-03-20,5.091772556304932,5.138010501861572
2023-03-21,5.006625652313232,5.103691577911377
2023-03-22,5.066227912902832,5.118401527404785
2023-03-23,4.998111724853516,5.157622337341309
2023-03-24,5.1343464851379395,5.211551666259766
2023-03-27,5.2194929122924805,5.339020252227783
2023-03-28,5.26206636428833,5.460195064544678
2023-03-29,5.236522197723389,5.560015678405762
2023-03-30,5.338698387145996,5.664828300476074
2023-03-31,5.3131537437438965,5.709749221801758
2023-04-03,5.270580291748047,5.779621601104736
2023-04-04,5.398300647735596,5.82454252243042
2023-04-05,5.398300647735596,5.834523677825928
2023-04-06,5.3897857666015625,5.834523677825928
2023-04-10,5.406815528869629,5.924360275268555
2023-04-11,5.6196818351745605,6.029173851013184
2023-04-12,5.798490524291992,6.2238240242004395
2023-04-13,5.960268974304199,6.158939838409424
2023-04-14,5.943239688873291,6.1439666748046875
2023-04-17,5.85809326171875,6.203858852386475
2023-04-18,5.807004928588867,6.2238240242004395
2023-04-19,5.815519332885742,6.17391300201416
2023-04-20,5.8751220703125,6.258760929107666
2023-04-24,5.909181118011475,6.243789196014404
2023-04-25,5.960268974304199,6.22881555557251
2023-04-26,5.951754093170166,6.1888861656188965
2023-04-27,5.994327545166016,6.243789196014404
2023-04-28,6.053929805755615,6.220153331756592
2023-05-02,6.028386116027832,6.2251877784729
2023-05-03,5.960268974304199,6.1546759605407715
2023-05-04,5.994327545166016,6.124456882476807
2023-05-05,5.951754093170166,5.978396415710449
2023-05-08,5.832549095153809,5.963287353515625
2023-05-09,5.960268974304199,6.033799171447754
2023-05-10,6.045415878295898,6.114382743835449
2023-05-11,5.960268974304199,6.205042362213135
2023-05-12,5.909181118011475,6.1294941902160645
2023-05-15,5.909181118011475,6.2251877784729
2023-05-16,5.841063499450684,6.139566898345947
2023-05-17,5.772946357727051,6.018688678741455
2023-05-18,5.755917072296143,6.028762340545654
2023-05-19,5.755917072296143,6.104310512542725
2023-05-22,5.747402191162109,6.074091911315918
2023-05-23,5.807004928588867,6.043872356414795
2023-05-24,5.721858501434326,6.043872356414795
2023-05-25,5.849578380584717,6.0640177726745605
2023-05-26,5.849578380584717,6.058981418609619
2023-05-29,5.8751220703125,6.028762340545654
2023-05-30,5.764431476593018,5.998542785644531
2023-05-31,5.653740406036377,5.892776012420654
2023-06-01,5.70482873916626,5.928031921386719
2023-06-02,5.730372428894043,5.983432292938232
2023-06-05,5.721858501434326,5.983432292938232
2023-06-06,5.841063499450684,6.134529113769531
2023-06-07,5.934724807739258,6.144603252410889
2023-06-09,6.530751705169678,6.320883750915527
2023-06-12,6.564810752868652,6.4367241859436035
2023-06-13,6.462634563446045,6.320883750915527
2023-06-14,6.5137224197387695,6.421613693237305
2023-06-15,6.505207538604736,6.426650047302246
2023-06-16,6.479663848876953,6.250370979309082
2023-06-19,6.530751705169678,6.310809135437012
2023-06-20,6.5988688468933105,6.416578769683838
2023-06-21,6.5903544425964355,6.492126941680908
2023-06-22,6.462634563446045,6.290664196014404
2023-06-23,6.752132892608643,6.502200126647949
2023-06-26,6.62441349029541,6.463290214538574
2023-06-27,6.556295871734619,6.453064441680908
2023-06-28,6.547781467437744,6.401930332183838
2023-06-29,6.803221225738525,6.463290214538574
2023-06-30,7.007573127746582,6.575783729553223
2023-07-03,6.913911819458008,6.560444355010986
2023-07-04,6.905396938323975,6.504197597503662
2023-07-05,6.879852771759033,6.483743667602539
2023-07-06,6.85430908203125,6.391704559326172
2023-07-07,6.837279796600342,6.442836761474609
2023-07-10,6.666985988616943,6.41215705871582
2023-07-11,6.675501823425293,6.391704559326172
2023-07-12,6.64144229888916,6.386590480804443
2023-07-13,6.675501823425293,6.499083995819092
2023-07-14,6.666985988616943,6.432611465454102
2023-07-17,6.539266109466553,6.432611465454102
2023-07-18,6.45412015914917,6.366137504577637
2023-07-19,6.45412015914917,6.340569972991943
2023-07-20,6.462634563446045,6.330343246459961
2023-07-21,6.573324680328369,6.427496910095215
2023-07-24,6.684016227722168,6.483743667602539
2023-07-25,6.85430908203125,6.478630542755127
2023-07-26,7.06717586517334,6.5246500968933105
2023-07-27,6.862823486328125,6.401930332183838
2023-07-28,6.879852771759033,6.442836761474609
2023-07-31,6.965000152587891,6.478630542755127
2023-08-01,7.033117771148682,6.458176612854004
2023-08-02,7.186380863189697,6.458176612854004
2023-08-03,7.0756916999816895,6.376364231109619
2023-08-04,7.041632175445557,6.22807502746582
2023-08-07,6.990543365478516,6.146262168884277
2023-08-08,7.06717586517334,6.141149044036865
2023-08-09,7.092720031738281,6.2076215744018555
2023-08-10,7.135293960571289,6.22807502746582
2023-08-11,7.29707145690918,6.3354573249816895
2023-08-14,7.3226165771484375,6.3201165199279785
2023-08-15,7.237469673156738,6.11558198928833
2023-08-16,7.1948957443237305,6.1206955909729
2023-08-17,7.06717586517334,6.141149044036865
2023-08-18,7.0756916999816895,6.141149044036865
2023-08-21,6.999059677124023,6.243416786193848
2023-08-22,7.041632175445557,6.263869762420654
2023-08-23,7.041632175445557,6.248528480529785
2023-08-24,6.982028961181641,6.279209613800049
2023-08-25,7.041632175445557,6.258756160736084
2023-08-28,6.990543365478516,6.304777145385742
2023-08-29,6.990543365478516,6.350796222686768
2023-08-30,6.982028961181641,6.44795036315918
2023-08-31,6.896883010864258,6.304777145385742
2023-09-01,6.999059677124023,6.371249198913574
2023-09-04,6.965000152587891,6.350796222686768
2023-09-05,6.930942058563232,6.274096965789795
2023-09-06,6.862823486328125,6.192282199859619
2023-09-08,6.862823486328125,6.217849254608154
2023-09-11,6.965000152587891,6.3354573249816895
2023-09-12,7.041632175445557,6.396816730499268
2023-09-13,7.1012349128723145,6.427496910095215
2023-09-14,7.160837650299072,6.49397087097168
2023-09-15,7.271527290344238,6.545104503631592
2023-09-18,7.152322769165039,6.539990425109863
2023-09-19,7.1948957443237305,6.601352214813232
2023-09-20,7.220439434051514,6.724071979522705
2023-09-21,7.203410625457764,6.621805667877197
2023-09-22,7.237469673156738,6.59112548828125
2023-09-25,7.305586338043213,6.616690635681152
2023-09-26,7.1778669357299805,6.4765448570251465
2023-09-27,6.990543365478516,6.419459342956543
2023-09-28,7.109749794006348,6.435027599334717
2023-09-29,7.160837650299072,6.4402174949646
2023-10-02,7.155559539794922,6.419459342956543
2023-10-03,7.031882286071777,6.274151802062988
2023-10-04,6.961210250854492,6.336427688598633
2023-10-05,6.855203151702881,6.33123779296875
2023-10-06,6.890538215637207,6.28972053527832
2023-10-09,6.952375888824463,6.419459342956543
2023-10-10,7.129056930541992,6.481734275817871
2023-10-11,7.120222568511963,6.497303009033203
2023-10-13,6.970044136047363,6.305290222167969
2023-10-16,6.952375888824463,6.346806526184082
2023-10-17,6.837533950805664,6.232635974884033
2023-10-18,6.65201997756958,6.061381816864014
2023-10-19,6.8021979331970215,6.113277912139893
2023-10-20,6.79336404800415,6.128845691680908
2023-10-23,6.970044136047363,6.180740833282471
2023-10-24,7.005380153656006,6.191120147705078
2023-10-25,6.961210250854492,6.149604797363281
2023-10-26,7.076053142547607,6.310479640960693
2023-10-27,7.031882286071777,6.191120147705078
2023-10-30,6.881704807281494,6.108087539672852
2023-10-31,6.94354248046875,6.092519283294678
2023-11-01,7.102555274963379,6.351995468139648
2023-11-03,7.190896034240723,6.512872219085693
2023-11-06,7.349907398223877,6.580334663391113
2023-11-07,7.420579433441162,6.627041339874268
2023-11-08,7.367575645446777,6.575145721435547
2023-11-09,7.367575645446777,6.6426100730896
2023-11-10,7.464749336242676,6.673746585845947
2023-11-13,7.473583698272705,6.601093769073486
2023-11-14,7.685600757598877,6.7982964515686035
2023-11-16,7.7916083335876465,6.96436071395874
2023-11-17,7.729771137237549,6.938413143157959
2023-11-20,7.729771137237549,6.741211414337158
2023-11-21,7.659098148345947,6.523250102996826
2023-11-22,7.720936298370361,5.890127182006836
2023-11-23,7.765106678009033,5.703303813934326
2023-11-24,7.800442695617676,5.480153560638428
2023-11-27,7.800442695617676,5.511290550231934
2023-11-28,7.712101936340332,5.557995796203613
2023-11-29,7.729771137237549,5.615080833435059
2023-11-30,7.765106678009033,5.744818210601807
2023-12-01,7.756272792816162,5.708491802215576
2023-12-04,7.659098148345947,5.724061489105225
2023-12-05,7.809277057647705,5.770768642425537
2023-12-06,7.844613075256348,5.775957107543945
2023-12-07,7.818110466003418,5.744818210601807
2023-12-08,7.853446960449219,5.666976451873779
2023-12-11,7.853446960449219,5.62545919418335
2023-12-12,7.871114253997803,5.698112487792969
2023-12-13,8.074296951293945,5.874557971954346
2023-12-14,8.091965675354004,5.92645263671875
2023-12-15,8.091965675354004,5.890127182006836
2023-12-18,8.030126571655273,5.978348255157471
2023-12-19,8.065464973449707,6.0665717124938965
2023-12-20,8.038962364196777,5.999107360839844
2023-12-21,8.144969940185547,5.962779998779297
2023-12-22,8.259812355041504,6.029051303863525
2023-12-26,8.348152160644531,6.144047737121582
2023-12-27,8.40115737915039,6.165950775146484
2023-12-28,8.383488655090332,6.286420822143555
2024-01-02,8.180305480957031,6.2097578048706055
2024-01-03,8.109634399414062,6.280946254730225
2024-01-04,8.00362491607666,6.253565788269043
2024-01-05,8.074296951293945,6.319279193878174
2024-01-08,8.100798606872559,6.4342732429504395
2024-01-09,8.171472549438477,6.571173667907715
2024-01-10,8.118467330932617,6.576647758483887
2024-01-11,8.083130836486816,6.620457172393799
2024-01-12,8.083130836486816,6.625932216644287
2024-01-15,8.074296951293945,6.653312683105469
2024-01-16,7.994791030883789,6.4890336990356445
2024-01-17,8.083130836486816,6.4999847412109375
2024-01-18,7.924119472503662,6.37403678894043
2024-01-19,7.932951927185059,6.313802719116211
2024-01-22,7.862280368804932,6.259042263031006
2024-01-23,8.00362491607666,6.324754238128662
2024-01-24,7.950620651245117,6.352132797241211
2024-01-25,8.047794342041016,6.3849897384643555
2024-01-26,7.977122783660889,6.37403678894043
2024-01-29,7.906450271606445,6.379516124725342
2024-01-30,7.826943874359131,6.297374725341797
2024-01-31,7.924119472503662,6.308325290679932
2024-02-01,8.038962364196777,6.417846202850342
2024-02-02,7.950620651245117,6.220709800720215
2024-02-05,7.985957145690918,6.2261857986450195
2024-02-06,8.065464973449707,6.286420822143555
2024-02-07,8.109634399414062,6.231663227081299
2024-02-08,7.950620651245117,6.149522304534912
2024-02-09,8.047794342041016,6.231663227081299
2024-02-14,8.047794342041016,6.182377815246582
2024-02-15,8.144969940185547,6.269994258880615
2024-02-16,8.171472549438477,6.3849897384643555
2024-02-19,8.295147895812988,6.510937213897705
2024-02-20,8.348152160644531,6.576647758483887
2024-02-21,8.162636756896973,6.445226192474365
2024-02-22,8.19797420501709,6.439750671386719
2024-02-23,8.144969940185547,6.352132797241211
2024-02-26,8.091965675354004,6.37403678894043
2024-02-27,8.153802871704102,6.4342732429504395
2024-02-28,8.162636756896973,6.494510173797607
2024-02-29,8.109634399414062,6.554744720458984
2024-03-01,8.012459754943848,6.614981651306152
2024-03-04,7.968289852142334,6.532841682434082
2024-03-05,8.021293640136719,6.527364730834961
2024-03-06,8.047794342041016,6.576647758483887
2024-03-07,8.038962364196777,6.467129707336426
2024-03-08,8.065464973449707,6.554744720458984
2024-03-11,7.968289852142334,6.4890336990356445
2024-03-12,7.959454536437988,6.549269199371338
2024-03-13,7.906450271606445,6.341182231903076
2024-03-14,7.959454536437988,6.078335285186768
2024-03-15,7.924119472503662,6.259042263031006
2024-03-18,7.782775402069092,6.341182231903076
2024-03-19,7.879948616027832,6.324754238128662
2024-03-20,7.985957145690918,6.51641321182251
2024-03-21,8.00362491607666,6.604030132293701
2024-03-22,7.941787242889404,6.7628326416015625
2024-03-25,7.782775402069092,6.812114238739014
2024-03-26,7.659098148345947,6.828544616699219
2024-03-27,7.747438430786133,6.99826192855835
2024-03-28,7.641429901123047,6.976043701171875
2024-04-01,7.491250991821289,7.048246383666992
2024-04-02,7.561924457550049,7.04269552230835
2024-04-03,7.659098148345947,7.070465087890625
2024-04-04,7.7739410400390625,7.187103271484375
2024-04-05,7.69443416595459,7.148223400115967
2024-04-08,7.685600757598877,7.248198509216309
2024-04-09,7.729771137237549,7.392606735229492
2024-04-10,7.526588439941406,7.298185348510742
2024-04-11,7.314571857452393,7.281524658203125
2024-04-12,7.314571857452393,7.137114524841309
2024-04-15,7.243898868560791,7.203765392303467
2024-04-16,7.23506498336792,7.120452404022217
2024-04-17,7.279234886169434,7.153778076171875
2024-04-18,7.3234052658081055,7.2537522315979
2024-04-19,7.491250991821289,7.281524658203125
2024-04-22,7.6237616539001465,7.209319591522217
2024-04-23,7.483102321624756,7.148223400115967
2024-04-24,7.358827590942383,7.114897727966309
2024-04-25,7.278936386108398,7.003815650939941
2024-04-26,7.40321159362793,6.992705821990967
2024-04-29,7.420964241027832,7.048246383666992
2024-04-30,7.278936386108398,7.191656589508057
2024-05-02,7.509732246398926,7.648036479949951
2024-05-03,7.900309085845947,7.7437286376953125
2024-05-06,7.749403953552246,7.677481174468994
2024-05-07,7.64288330078125,7.596508026123047
2024-05-08,7.5985002517700195,7.655395984649658
2024-05-09,7.332197666168213,7.5670647621154785
2024-05-10,7.252306938171387,7.456650733947754
2024-05-13,7.332197666168213,7.486094951629639
2024-05-14,7.509732246398926,7.603870391845703
2024-05-15,7.705020904541016,7.714284896850586
2024-05-16,7.7316508293151855,7.603870391845703
2024-05-17,7.696144104003906,7.648036479949951
2024-05-20,7.6073760986328125,7.729005813598633
2024-05-21,7.793788433074951,7.883585453033447
2024-05-22,7.616252899169922,7.692202091217041
2024-05-23,7.465348720550537,7.6406731605529785
2024-05-24,7.420964241027832,7.6406731605529785
2024-05-27,7.394334316253662,7.648036479949951
2024-05-28,7.412088394165039,7.515538215637207
2024-05-29,7.349951267242432,7.434567928314209
2024-05-31,7.225677013397217,7.32415246963501
2024-06-03,7.429841995239258,7.486094951629639
2024-06-04,7.500854969024658,7.544981479644775
2024-06-05,7.483102321624756,7.581787586212158
2024-06-06,7.509732246398926,7.684839725494385
2024-06-07,7.332197666168213,7.493454933166504
2024-06-10,7.287813186645508,7.471372127532959
2024-06-11,7.385457515716553,7.5376200675964355
2024-06-12,7.332197666168213,7.3388752937316895
2024-06-13,7.367703914642334,7.4640116691589355
2024-06-14,7.394334316253662,7.3683180809021
2024-06-17,7.287813186645508,7.412484169006348
2024-06-18,7.261183261871338,7.441928863525391
2024-06-19,7.261183261871338,7.508178234100342
2024-06-20,7.136909008026123,7.544981479644775
2024-06-21,7.278936386108398,7.736368656158447
2024-06-24,7.332197666168213,7.856008529663086
2024-06-25,7.261183261871338,7.856008529663086
2024-06-26,7.296690940856934,7.721590042114258
2024-06-27,7.4564714431762695,7.497558116912842
2024-06-28,7.358827590942383,7.385544300079346
2024-07-01,7.376582145690918,7.617043495178223
2024-07-02,7.412088394165039,7.527430534362793
2024-07-03,7.491978168487549,7.736526012420654
2024-07-04,7.64288330078125,7.743994235992432
2024-07-05,7.678390026092529,7.743994235992432
2024-07-08,7.749403953552246,7.870945453643799
2024-07-09,7.900309085845947,7.848541259765625
2024-07-10,7.909185409545898,7.811201572418213
2024-07-11,8.051215171813965,7.990426540374756
2024-07-12,8.077845573425293,7.975491046905518
2024-07-15,7.997952938079834,8.005361557006836
2024-07-16,8.113350868225098,8.117377281188965
2024-07-17,8.113350868225098,8.348876953125
2024-07-18,7.9535698890686035,8.16218376159668
2024-07-19,7.935815811157227,7.878411293029785
2024-07-22,8.104475975036621,8.072572708129883
2024-07-23,8.015707015991211,7.975491046905518
2024-07-24,7.935815811157227,7.945621490478516
2024-07-25,7.900309085845947,7.9381537437438965
2024-07-26,8.03346061706543,8.05016803741455
2024-07-29,8.02458381652832,8.169650077819824
2024-07-30,7.997952938079834,8.117377281188965
2024-07-31,7.971322536468506,8.109909057617188
2024-08-01,8.077845573425293,8.102441787719727
2024-08-02,8.02458381652832,7.975491046905518
2024-08-05,7.989076614379883,8.020297050476074
2024-08-06,8.157734870910645,8.027766227722168
2024-08-07,8.122227668762207,8.065103530883789
2024-08-08,8.122227668762207,7.990426540374756
2024-08-09,8.246501922607422,8.109909057617188
2024-08-12,8.27313232421875,8.214455604553223
2024-08-13,8.308639526367188,8.289134979248047
2024-08-14,8.45954418182373,8.938822746276855
2024-08-15,8.379652976989746,8.595309257507324
2024-08-16,8.388530731201172,8.677453994750977
2024-08-19,8.486175537109375,8.849211692810059
2024-08-20,8.486175537109375,8.88654899597168
2024-08-21,8.477299690246582,8.94629192352295
2024-08-22,8.45954418182373,8.961226463317871
2024-08-23,8.574942588806152,8.968695640563965
2024-08-26,8.468421936035156,8.95806884765625
2024-08-27,8.379652976989746,8.794486999511719
2024-08-28,8.42403793334961,8.997016906738281
2024-08-29,8.388530731201172,9.035965919494629
2024-08-30,8.326393127441406,9.059333801269531
2024-09-02,8.42403793334961,9.106070518493652
2024-09-03,8.495051383972168,9.051545143127441
2024-09-04,8.66370964050293,9.308602333068848
2024-09-05,8.69921588897705,9.277443885803223
2024-09-06,8.566064834594727,9.222916603088379
2024-09-09,8.574942588806152,9.230705261230469
2024-09-10,8.628203392028809,9.183968544006348
2024-09-11,8.566064834594727,9.160600662231445
2024-09-12,8.539434432983398,9.113862991333008
2024-09-13,8.690340042114258,9.168390274047852
2024-09-16,8.60157299041748,9.145020484924316
2024-09-17,8.60157299041748,9.129441261291504
2024-09-18,8.610448837280273,9.121650695800781
2024-09-19,8.486175537109375,9.043755531311035
2024-09-20,8.344147682189941,9.012596130371094
2024-09-23,8.210996627807617,8.981438636779785
2024-09-24,8.21987247467041,8.953937530517578
2024-09-25,8.095598220825195,8.96183967590332
2024-09-26,8.202117919921875,9.05667495727539
2024-09-27,8.06896686553955,8.94603443145752
2024-09-30,8.157734870910645,9.009257316589355
2024-10-01,8.179359436035156,9.025062561035156
2024-10-02,8.206442832946777,9.009257316589355
2024-10-03,8.052967071533203,8.8828125
2024-10-04,8.125190734863281,8.819589614868164
2024-10-07,8.170331954956055,8.843297958374023
2024-10-08,8.28769588470459,8.819589614868164
2024-10-09,8.224498748779297,8.724754333496094
2024-10-10,8.242554664611816,8.787978172302246
2024-10-11,8.125190734863281,8.708949089050293
2024-10-14,8.19741439819336,8.780074119567871
2024-10-15,8.143247604370117,8.764270782470703
2024-10-16,8.152275085449219,8.811686515808105
2024-10-17,8.034911155700684,8.772171974182129
2024-10-18,8.034911155700684,8.724754333496094
2024-10-21,8.09810733795166,8.787978172302246
2024-10-22,8.007826805114746,8.740560531616211
2024-10-23,7.953660488128662,8.740560531616211
2024-10-24,7.890463352203369,8.8670072555542
2024-10-25,7.85435152053833,8.811686515808105
2024-10-28,7.872406959533691,8.92232608795166
2024-10-29,7.917547702789307,8.985547065734863
2024-10-30,7.908519268035889,8.993452072143555
2024-10-31,7.86337947845459,8.985547065734863
2024-11-01,7.691847801208496,8.977646827697754
2024-11-04,7.809210777282715,9.183120727539062
2024-11-05,7.718931674957275,9.159412384033203
2024-11-06,7.664763450622559,9.032965660095215
2024-11-07,7.6286516189575195,8.985547065734863
2024-11-08,7.565455913543701,8.92232608795166
2024-11-11,7.592539310455322,9.096189498901367
2024-11-12,7.520315647125244,8.977646827697754
2024-11-13,7.538372039794922,9.080382347106934
2024-11-14,7.709903240203857,9.55455493927002
2024-11-18,7.637679100036621,9.159412384033203
2024-11-19,7.800183296203613,9.443914413452148
2024-11-21,7.538372039794922,9.159412384033203
2024-11-22,7.547399044036865,9.246343612670898
2024-11-25,7.718931674957275,9.301665306091309
2024-11-26,8.125190734863281,9.515040397644043
2024-11-27,7.899490833282471,9.380692481994629
2024-11-28,7.773098945617676,9.06457805633545
2024-11-29,7.881434440612793,9.404398918151855
2024-12-02,7.782127380371094,9.206829071044922
2024-12-03,7.827267646789551,9.143606185913086
2024-12-04,7.764071941375732,9.032965660095215
2024-12-05,7.7550435066223145,9.230538368225098
2024-12-06,7.764071941375732,9.088286399841309
2024-12-09,7.727960109710693,9.191021919250488
2024-12-10,7.818239212036133,9.214731216430664
2024-12-11,7.92657470703125,9.34117603302002
2024-12-12,7.6870245933532715,9.088286399841309
2024-12-13,7.622427940368652,9.025062561035156
2024-12-16,7.502461910247803,9.00135612487793
2024-12-17,7.6685686111450195,9.072479248046875
2024-12-18,7.502461910247803,8.811686515808105
2024-12-19,7.723937034606934,8.930229187011719
2024-12-20,7.7608489990234375,9.11989688873291
2024-12-23,7.511690616607666,8.772171974182129
2024-12-26,7.603971004486084,8.889472007751465
2024-12-27,7.622427940368652,8.881425857543945
2024-12-30,7.603971004486084,8.937738418579102
2025-01-02,7.603971004486084,8.913604736328125
2025-01-03,7.474778175354004,8.720531463623047
2025-01-06,7.539374351501465,8.72857666015625
2025-01-07,7.640883922576904,8.937738418579102
2025-01-08,7.502461910247803,8.720531463623047
2025-01-09,7.4470930099487305,8.656172752380371
2025-01-10,7.317899227142334,8.422874450683594
2025-01-13,7.308671951293945,8.438962936401367
2025-01-14,7.382496356964111,8.39069652557373
2025-01-15,7.613199710845947,8.519411087036133
2025-01-16,7.484005451202393,8.27002239227295
2025-01-17,7.677796363830566,8.41482925415039
2025-01-20,7.6685686111450195,8.511366844177246
2025-01-21,7.71470832824707,8.535501480102539
2025-01-22,7.83467435836792,8.47114086151123
2025-01-23,7.640883922576904,8.511366844177246
2025-01-24,7.677796363830566,8.44700813293457
2025-01-27,7.862359046936035,8.648127555847168
2025-01-28,7.954639911651611,8.672262191772461
2025-01-29,7.917726993560791,8.591814041137695
2025-01-30,8.166886329650879,8.78488826751709
2025-01-31,8.000781059265137,8.81706714630127
2025-02-03,8.046920776367188,9.002098083496094
2025-02-04,8.176114082336426,8.929695129394531
2025-02-05,8.176114082336426,8.905560493469238
2025-02-06,8.213027000427246,8.81706714630127
2025-02-07,8.093062400817871,8.825113296508789
2025-02-10,8.139202117919922,8.873380661010742
2025-02-11,8.314537048339844,8.953827857971191
2025-02-12,8.26839542388916,8.889472007751465
2025-02-13,8.30530834197998,8.921650886535645
2025-02-14,8.572924613952637,9.154948234558105
2025-02-17,8.526782989501953,9.171037673950195
2025-02-18,8.462186813354492,9.171037673950195
2025-02-19,8.462186813354492,9.082545280456543
2025-02-20,8.471415519714355,9.010141372680664
2025-02-21,8.471415519714355,9.050366401672363
2025-02-24,8.388361930847168,9.002098083496094
2025-02-25,8.517555236816406,9.162994384765625
2025-02-26,8.425273895263672,9.082545280456543
2025-02-27,8.434502601623535,9.058411598205566
2025-02-28,8.22225570678711,8.953827857971191
2025-03-05,8.157658576965332,8.977964401245117
2025-03-06,8.074604988098145,9.10667896270752
2025-03-07,8.213027000427246,9.138858795166016
2025-03-10,8.213027000427246,8.961873054504395
2025-03-11,8.26839542388916,8.986006736755371
2025-03-12,8.314537048339844,9.018187522888184
2025-03-13,8.443730354309082,9.050366401672363
2025-03-14,8.692890167236328,8.83315658569336
2025-03-17,8.711344718933105,9.002098083496094
2025-03-18,8.711344718933105,9.114724159240723
2025-03-19,8.84053897857666,9.243440628051758
2025-03-20,8.729802131652832,9.130814552307129
2025-03-21,8.683661460876465,8.688352584838867
2025-03-24,8.665205955505371,8.640082359313965
2025-03-25,8.720573425292969,8.567680358886719
2025-03-26,8.748257637023926,8.566956520080566
2025-03-27,8.748257637023926,8.534194946289062
2025-03-28,8.711344718933105,8.485054969787598
2025-03-31,8.646748542785645,8.403153419494629
2025-04-01,8.7759428024292,8.26391887664795
2025-04-02,8.79439926147461,8.26391887664795
2025-04-03,8.978960990905762,8.313061714172363
2025-04-04,8.822083473205566,8.19020938873291
2025-04-07,8.702117919921875,8.19020938873291
2025-04-08,8.674433708190918,8.198397636413574
2025-04-09,8.79439926147461,8.313061714172363
2025-04-10,8.757486343383789,8.231158256530762
2025-04-11,8.886680603027344,8.280299186706543
2025-04-14,9.098926544189453,8.354013442993164
2025-04-15,9.11738395690918,8.435914993286133
2025-04-16,9.071242332458496,8.386772155761719
2025-04-17,9.191207885742188,8.476866722106934
2025-04-22,9.348085403442383,8.42772388458252
2025-04-23,9.394227027893066,8.558765411376953
2025-04-24,9.73566722869873,8.714383125305176
2025-04-25,9.458823204040527,8.951896667480469
2025-04-28,9.532649040222168,8.869996070861816
2025-04-29,9.486507415771484,8.886377334594727
2025-04-30,9.63415813446045,8.968276977539062
2025-05-02,9.874089241027832,9.002100944519043
2025-05-05,9.864860534667969,8.827810287475586
2025-05-06,9.892544746398926,8.83652400970459
2025-05-07,9.883316993713379,8.906240463256836
2025-05-08,10.141704559326172,9.071817398071289
2025-05-09,10.418548583984375,8.975957870483398
2025-05-12,10.21552848815918,8.871382713317871
2025-05-13,10.51082992553711,8.91495418548584
2025-05-14,10.59388256072998,8.897525787353516
2025-05-15,10.59388256072998,9.176389694213867
2025-05-16,10.667707443237305,9.132818222045898
2025-05-19,10.658478736877441,9.202534675598145
2025-05-20,10.686163902282715,9.32453727722168
2025-05-21,10.520057678222656,9.202534675598145
2025-05-22,10.483144760131836,9.054388046264648
2025-05-23,10.55696964263916,9.32453727722168
2025-05-26,10.640022277832031,9.394253730773926
2025-05-27,10.78767204284668,9.542400360107422
2025-05-28,10.59388256072998,9.411684036254883
2025-05-29,10.81535816192627,9.507543563842773
2025-05-30,10.759987831115723,9.446540832519531
2025-06-02,10.61233901977539,9.280964851379395
2025-06-03,10.686163902282715,9.307108879089355
2025-06-04,10.640022277832031,9.185105323791504
2025-06-05,10.584654808044434,9.045671463012695
2025-06-06,10.621567726135254,9.132818222045898
2025-06-09,10.53851318359375,9.0979585647583
2025-06-10,10.658478736877441,9.019530296325684
2025-06-11,10.603110313415527,9.045671463012695
2025-06-12,10.667707443237305,9.176389694213867
2025-06-13,10.667707443237305,9.211247444152832
2025-06-16,10.889182090759277,9.31582260131836
2025-06-17,10.926095008850098,9.385540008544922
2025-06-18,10.796900749206543,9.463969230651855
2025-06-20,10.759987831115723,9.368110656738281
2025-06-23,10.732304573059082,9.35068130493164
2025-06-24,10.843042373657227,9.305006980895996
2025-06-25,10.676935195922852,9.171696662902832
2025-06-26,10.723075866699219,9.411653518676758
2025-06-27,10.547741889953613,9.313894271850586
2025-06-30,10.759987831115723,9.598288536071777
2025-07-01,10.713848114013672,9.758258819580078
2025-07-02,10.400093078613281,9.633837699890137
2025-07-03,10.6307954788208,9.820470809936523
2025-07-04,10.658478736877441,9.936005592346191
2025-07-07,10.55696964263916,9.847132682800293
2025-07-08,10.51082992553711,9.776034355163574
2025-07-09,10.400093078613281,9.45609188079834
2025-07-10,10.28935432434082,9.589400291442871
2025-07-11,10.25244140625,9.598288536071777
2025-07-14,10.160161018371582,9.473864555358887
2025-07-15,10.280126571655273,9.438315391540527
2025-07-16,10.418548583984375,9.349444389343262
2025-07-17,10.317038536071777,9.29611873626709
2025-07-18,10.25244140625,9.225020408630371
2025-07-21,10.243213653564453,9.313894271850586
2025-07-22,10.067879676818848,9.198360443115234
2025-07-23,10.243213653564453,9.402767181396484
2025-07-24,10.095563888549805,9.358329772949219
2025-07-25,10.049424171447754,9.313894271850586
2025-07-28,9.947914123535156,9.216134071350098
2025-07-29,10.104791641235352,9.2872314453125
2025-07-30,10.25244140625,9.331669807434082
2025-07-31,10.187845230102539,9.180584907531738
2025-08-01,10.317038536071777,9.189473152160645
2025-08-04,10.243213653564453,9.153923034667969
2025-08-05,10.150932312011719,9.100598335266113
2025-08-06,10.409319877624512,9.278343200683594
2025-08-07,10.6307954788208,9.402767181396484
2025-08-08,10.603110313415527,9.482752799987793
2025-08-11,10.483144760131836,9.518301010131836
2025-08-12,10.713848114013672,9.69604778289795
2025-08-13,10.446231842041016,9.67827320098877
2025-08-14,10.464689254760742,9.616063117980957
2025-08-15,10.418548583984375,9.527189254760742
2025-08-18,10.381635665893555,9.571626663208008
2025-08-19,10.160161018371582,9.393878936767578
2025-08-20,10.326266288757324,9.749371528625488
2025-08-21,10.21552848815918,9.438315391540527
2025-08-22,10.455460548400879,9.669386863708496
2025-08-25,10.418548583984375,9.660499572753906
2025-08-26,10.317038536071777,9.767147064208984
2025-08-27,10.418548583984375,9.838244438171387
2025-08-28,10.446231842041016,9.882681846618652
2025-08-29,10.335494995117188,9.873793601989746
2025-09-01,10.298583030700684,9.793808937072754
2025-09-02,10.363179206848145,9.642725944519043
2025-09-03,10.28935432434082,9.651611328125
2025-09-04,10.409319877624512,9.847132682800293
2025-09-05,10.520057678222656,9.900456428527832
2025-09-08,10.409319877624512,9.856019973754883
2025-09-09,10.547741889953613,9.847132682800293
2025-09-10,10.6307954788208,9.838244438171387
2025-09-11,10.667707443237305,9.811582565307617
2025-09-12,10.704620361328125,9.731596946716309
2025-09-15,10.843042373657227,9.864907264709473
2025-09-16,10.889182090759277,9.944891929626465
2025-09-17,11.073744773864746,10.131525039672852
2025-09-18,11.046060562133789,10.04265308380127
2025-09-19,11.239850997924805,10.03376579284668
2025-09-22,11.082972526550293,10.024877548217773
2025-09-23,11.230623245239258,10.149299621582031
2025-09-24,11.138340950012207,10.1759614944458
2025-09-25,10.944551467895508,9.936005592346191
2025-09-26,10.916866302490234,10.007104873657227
2025-09-29,11.11065673828125,10.024877548217773
2025-09-30,11.14756965637207,10.098599433898926
2025-10-01,11.166027069091797,9.781601905822754
2025-10-02,10.926095008850098,9.790660858154297
2025-10-03,10.935323715209961,9.817831039428711
2025-10-06,10.81535816192627,9.817831039428711
2025-10-07,10.640022277832031,9.663861274719238
2025-10-08,10.61233901977539,9.672918319702148
2025-10-09,10.686163902282715,9.55517578125
2025-10-10,10.667707443237305,9.57328987121582
2025-10-13,10.78767204284668,9.672918319702148
2025-10-14,10.78767204284668,9.709145545959473
2025-10-15,10.81535816192627,9.709145545959473
2025-10-16,11.055288314819336,9.718202590942383
2025-10-17,11.276763916015625,9.8087739944458
2025-10-20,11.442869186401367,9.863114356994629
2025-10-21,11.516694068908691,9.74537467956543
2025-10-22,11.710485458374023,9.72726058959961
2025-10-23,11.802766799926758,9.79971694946289
2025-10-24,11.848906517028809,9.700089454650879
2025-10-27,11.913503646850586,9.835944175720215
2025-10-28,11.811994552612305,10.026142120361328
2025-10-29,11.959644317626953,10.071428298950195
2025-10-30,11.95041561126709,10.189169883728027
2025-10-31,12.098065376281738,10.270682334899902
2025-11-03,12.301084518432617,10.37936782836914
2025-11-04,12.337997436523438,10.460880279541016
2025-11-05,12.55947208404541,10.705419540405273
2025-11-06,12.337997436523438,10.623907089233398
2025-11-07,12.421050071716309,10.478995323181152
2025-11-10,12.642524719238281,10.614850044250488
2025-11-11,12.531787872314453,10.995245933532715
2025-11-12,12.52255916595459,10.877504348754883
2025-11-13,12.707121849060059,10.75070571899414
2025-11-14,12.707121849060059,10.180112838745117
2025-11-17,12.605612754821777,10.442765235900879
2025-11-18,12.568700790405273,10.37936782836914
2025-11-19,12.190347671508789,10.062369346618652
2025-11-21,12.015013694763184,9.971800804138184
2025-11-24,12.134978294372559,10.14388370513916
2025-11-25,12.337997436523438,10.207283020019531
2025-11-26,12.642524719238281,10.370309829711914
2025-11-27,12.614840507507324,10.38842487335205
2025-11-28,12.568700790405273,10.415595054626465
2025-12-01,12.550244331359863,10.198227882385254
2025-12-02,12.679437637329102,10.252568244934082
2025-12-03,12.716349601745605,10.252568244934082
2025-12-04,12.854772567749023,10.397480964660645
2025-12-05,12.254944801330566,10.035201072692871
2025-12-08,12.236488342285156,10.071428298950195
2025-12-09,12.264171600341797,10.026142120361328
2025-12-10,12.264171600341797,9.980857849121094
2025-12-11,12.328768730163574,9.917458534240723
2025-12-12,12.457962989807129,10.071428298950195
2025-12-15,12.651753425598145,10.171053886413574
2025-12-16,12.199575424194336,9.953686714172363
2025-12-17,11.959644317626953,9.935572624206543
2025-12-18,11.996557235717773,9.935572624206543
2025-12-19,11.876590728759766,10.035201072692871
2025-12-22,11.728940963745117,9.998971939086914
2025-12-23,11.931961059570312,10.233821868896484
2025-12-26,11.996557235717773,10.427750587463379
2025-12-29,11.876590728759766,10.390240669250488
2025-12-30,12.070381164550781,10.502769470214844
2026-01-02,11.957013130187988,10.46526050567627
2026-01-05,12.065354347229004,10.493391990661621
2026-01-06,12.252490043640137,10.427750587463379
2026-01-07,11.9373140335083,10.31521987915039
2026-01-08,12.193394660949707,10.26833438873291
2026-01-09,12.626762390136719,10.277710914611816
2026-01-12,12.685858726501465,10.221445083618164
2026-01-13,12.272189140319824,10.052651405334473
2026-01-14,12.26233959197998,10.071406364440918
2026-01-15,12.410079002380371,10.118293762207031
2026-01-16,12.12445068359375,10.099539756774902
2026-01-19,12.085053443908691,10.118293762207031
2026-01-20,12.272189140319824,10.183935165405273
2026-01-21,12.685858726501465,10.46526050567627
2026-01-22,13.089677810668945,10.755962371826172
2026-01-23,13.316211700439453,10.9810209274292
2026-01-26,13.385156631469727,10.709074974060059
2026-01-27,13.503347396850586,10.906002044677734
2026-01-28,13.286663055419922,10.868492126464844
2026-01-29,12.892692565917969,10.793472290039062
2026-01-30,12.98133659362793,10.765338897705078
2026-02-02,12.991185188293457,10.877870559692383
2026-02-03,13.335909843444824,11.10292911529541
2026-02-04,12.971487045288086,10.840359687805176
2026-02-05,13.138924598693848,10.812227249145508
2026-02-06,13.198019981384277,10.6434326171875
2026-02-09,13.51319694519043,10.709074974060059
2026-02-10,13.77912712097168,10.737207412719727
2026-02-11,13.946564674377441,11.177947998046875
2026-02-12,13.749579429626465,11.112305641174316
2026-02-13,13.759428977966309,11.027909278869629
2026-02-18,13.867770195007324,10.934133529663086
2026-02-19,14.0647554397583,11.131060600280762
2026-02-20,14.281439781188965,11.215457916259766
2026-02-23,14.182947158813477,11.1404390335083
2026-02-24,14.645862579345703,11.412384986877441
2026-02-25,14.645862579345703,11.571802139282227
2026-02-26,14.72465705871582,11.506160736083984
2026-02-27,14.439027786254883,11.318611145019531
2026-03-02,14.507972717285156,11.187326431274414
2026-03-03,14.163249015808105,10.821603775024414
2026-03-04,14.72465705871582,11.074797630310059
2026-03-05,14.37008285522461,10.840359687805176
2026-03-06,14.232192993164062,10.840359687805176
2026-03-09,14.31098747253418,10.952888488769531
2026-03-10,14.63601303100586,11.15919303894043
2026-03-11,14.468575477600098,11.112305641174316
2026-03-12,13.956414222717285,10.952888488769531
2026-03-13,13.877619743347168,10.990399360656738
2026-03-16,14.182947158813477,11.206080436706543
2026-03-17,14.182947158813477,11.177947998046875
2026-03-18,14.970888137817383,11.074797630310059
2026-03-19,15.23681926727295,11.43113899230957
2026-03-20,14.606465339660645,11.47802734375
2026-03-23,15.1284761428833,11.684332847595215
2026-03-24,15.039834022521973,11.571802139282227
2026-03-25,15.1284761428833,11.90624713897705
2026-03-26,14.951189994812012,11.753357887268066
2026-03-27,14.754203796386719,11.772468566894531
2026-03-30,14.793601989746094,11.762914657592773
2026-03-31,15.19742202758789,12.049580574035645
2026-04-01,15.591392517089844,12.068692207336426
2026-04-02,15.680035591125488,12.192914962768555
2026-04-06,15.58154296875,12.240693092346191
2026-04-07,15.561844825744629,12.345803260803223
2026-04-08,15.985363006591797,12.718472480773926
2026-04-09,16.290691375732422,12.91913890838623
2026-04-10,16.40888214111328,13.196249961853027
2026-04-13,16.477827072143555,13.138916015625
2026-04-14,16.67481231689453,13.043360710144043
2026-04-15,16.576318740844727,13.033805847167969
2026-04-16,16.546770095825195,12.91913890838623
2026-04-17,16.40888214111328,13.033805847167969
2026-04-20,16.645263671875,13.119804382324219
2026-04-22,16.458127975463867,12.82358169555664
2026-04-23,16.55661964416504,12.747138023376465
2026-04-24,16.339937210083008,12.470026016235352
2026-04-27,16.05430793762207,12.2311372756958
2026-04-28,15.886869430541992,12.22158145904541
2026-04-29,15.532297134399414,11.858469009399414
2026-04-30,15.899999618530273,11.982691764831543
2026-05-04,15.869999885559082,11.862274169921875
2026-05-05,15.899999618530273,11.745404243469238
2026-05-06,15.75,11.65775203704834
2026-05-07,15.289999961853027,11.365577697753906
2026-05-08,15.470000267028809,11.462969779968262
2026-05-11,15.069999694824219,11.492186546325684
2026-05-12,15.0,11.170794486999512
2026-05-13,14.5600004196167,10.956533432006836
2026-05-14,14.930000305175781,10.985750198364258
2026-05-15,14.850000381469727,10.976011276245117
2026-05-18,14.850000381469727,11.20001220703125
2026-05-19,14.699999809265137,11.014967918395996
2026-05-20,15.119999885559082,11.229228973388672
2026-05-21,14.899999618530273,11.063663482666016
2026-05-22,14.729999542236328,10.927316665649414
2026-05-25,14.869999885559082,10.976011276245117
2026-05-26,14.779999732971191,10.9078369140625
2026-05-27,14.640000343322754,10.868881225585938
2026-05-28,14.449999809265137,10.761751174926758
2026-05-29,14.5600004196167,10.479315757751465
2026-06-01,14.40999984741211,10.528011322021484
2026-06-02,14.649999618530273,10.713054656982422
2026-06-03,14.40999984741211,10.576705932617188
2026-06-05,14.4399995803833,10.596185684204102
2026-06-08,14.399999618530273,10.479315757751465
2026-06-09,14.579999923706055,10.528011322021484
2026-06-10,14.279999732971191,10.45009708404541
2026-06-11,14.5,10.528011322021484
2026-06-12,14.609999656677246,10.45009708404541
2026-06-15,14.75,10.45009708404541
2026-06-16,14.5,10.440359115600586
2026-06-17,14.300000190734863,10.362445831298828
2026-06-18,14.779999732971191,10.440359115600586
2026-06-19,14.5600004196167,10.401402473449707
2026-06-22,14.859999656677246,10.654619216918945
2026-06-23,14.989999771118164,10.703315734863281
2026-06-24,15.020000457763672,10.65402603149414
2026-06-25,15.069999694824219,10.723594665527344
2026-06-26,15.260000228881836,10.892548561096191
2026-06-29,15.210000038146973,10.882610321044922
2026-06-30,15.020000457763672,10.803102493286133
2026-07-01,15.0,10.7434720993042
2026-07-02,15.069999694824219,10.902487754821777
2026-07-03,15.0600004196167,10.962118148803711
2026-07-06,14.930000305175781,10.813041687011719
2026-07-07,14.90999984741211,10.862733840942383
2026-07-08,14.8100004196167,10.73353385925293
2026-07-09,15.050000190734863,11.011810302734375
2026-07-10,15.529999732971191,11.309964179992676
2026-07-13,15.170000076293945,11.001872062683105
2026-07-14,15.210000038146973,11.131072044372559
2026-07-15,15.020000457763672,11.081378936767578
2026-07-16,14.600000381469727,11.021748542785645
2026-07-17,14.800000190734863,11.05156421661377
2026-07-20,14.90999984741211,10.952179908752441
2026-07-21,14.510000228881836,10.952179908752441
2026-07-22,14.949999809265137,11.141010284423828
2026-07-23,14.880000114440918,11.121132850646973
2026-07-24,14.539999961853027,10.91242504119873
2026-07-27,14.779999732971191,11.101256370544434
2026-07-28,14.930000305175781,11.121132850646973
2026-07-29,14.529999732971191,10.932302474975586
2026-07-30,14.890000343322754,11.160886764526367
2026-07-31,14.829999923706055,11.270210266113281
2026-08-03,14.869999885559082,11.210578918457031
2026-08-04,14.930000305175781,11.210578918457031
2026-08-05,14.859999656677246,11.180764198303223
2026-08-06,14.899999618530273,11.041625022888184
2026-08-07,14.670000076293945,10.852795600891113
2026-08-10,14.300000190734863,10.614272117614746
2026-08-11,13.9399995803833,10.335994720458984
2026-08-12,13.800000190734863,10.266426086425781
2026-08-13,13.800000190734863,10.236611366271973
2026-08-14,13.6899995803833,10.167040824890137
2026-08-17,13.789999961853027,10.147164344787598
2026-08-18,13.720000267028809,10.107410430908203
2026-08-19,13.819999694824219,10.107410430908203
2026-08-20,14.029999732971191,9.888764381408691
2026-08-21,14.149999618530273,9.97821044921875
2026-08-24,14.350000381469727,10.147164344787598
2026-08-25,14.649999618530273,10.445318222045898
2026-08-26,14.649999618530273,10.435379981994629
2026-08-27,14.569999694824219,10.335994720458984
2026-08-28,14.680000305175781,10.445318222045898
2026-08-31,14.949999809265137,10.634148597717285
2026-09-01,15.199999809265137,10.723594665527344
2026-09-02,15.600000381469727,10.902487754821777
2026-09-03,15.779999732971191,11.11119556427002
2026-09-04,15.850000381469727,11.190702438354492
2026-09-08,16.0,11.627994537353516
2026-09-09,15.979999542236328,11.260272026062012
2026-09-10,16.139999389648438,11.389472007751465
2026-09-11,15.960000038146973,11.379532814025879
2026-09-14,15.920000076293945,11.150949478149414
2026-09-15,15.9399995803833,11.03168773651123
2026-09-16,16.079999923706055,11.270210266113281
2026-09-17,16.110000610351562,11.210578918457031
2026-09-18,15.989999771118164,11.141010284423828
