Date,EGIE3.SA,TAEE11.SA
2011-09-21,6.3372368812561035,2.691148281097412
2011-09-22,6.044677257537842,2.691148281097412
2011-09-23,6.000908851623535,2.691148281097412
2011-09-26,6.0032148361206055,2.6831858158111572
2011-09-27,6.104572772979736,2.6831858158111572
2011-09-28,6.035463333129883,2.6831858158111572
2011-09-29,5.987088203430176,2.679206609725952
2011-09-30,6.012428283691406,2.7062761783599854
2011-10-03,6.157557010650635,2.7062761783599854
2011-10-04,5.920283317565918,2.703888177871704
2011-10-05,5.920283317565918,2.703888177871704
2011-10-06,5.87421178817749,2.703888177871704
2011-10-07,5.87421178817749,2.703888177871704
2011-10-10,5.954838275909424,2.703888177871704
2011-10-11,6.104572772979736,2.703888177871704
2011-10-13,6.263521194458008,2.703888177871704
2011-10-14,6.256612777709961,2.703888177871704
2011-10-17,6.277345180511475,2.7070717811584473
2011-10-18,6.404040336608887,2.7070717811584473
2011-10-19,6.242788791656494,2.7070717811584473
2011-10-20,6.258914470672607,2.7070717811584473
2011-10-21,6.263521194458008,2.7070717811584473
2011-10-24,6.242788791656494,2.7070717811584473
2011-10-25,6.159858703613281,2.7070717811584473
2011-10-26,6.360273361206055,2.7070717811584473
2011-10-27,6.150644302368164,2.7070717811584473
2011-10-28,6.277345180511475,2.7070717811584473
2011-10-31,6.334934234619141,2.7070717811584473
2011-11-01,6.311898231506348,2.7070717811584473
2011-11-03,6.484669208526611,2.7070717811584473
2011-11-04,6.539954662322998,2.7070717811584473
2011-11-07,6.4984893798828125,2.7070717811584473
2011-11-08,6.537649631500244,2.7070717811584473
2011-11-09,6.387917518615723,2.7070717811584473
2011-11-10,6.408649444580078,2.7078680992126465
2011-11-11,6.450115203857422,2.746086597442627
2011-11-14,6.447811126708984,2.746086597442627
2011-11-16,6.480062007904053,2.7468831539154053
2011-11-17,6.535347938537598,2.7468831539154053
2011-11-18,6.497066497802734,2.762805938720703
2011-11-21,6.5671305656433105,2.762805938720703
2011-11-22,6.599824905395508,2.762805938720703
2011-11-23,6.539104461669922,2.7468831539154053
2011-11-24,6.539104461669922,2.770768165588379
2011-11-25,6.5974884033203125,2.7866933345794678
2011-11-28,6.539104461669922,2.7468831539154053
2011-11-29,6.574138164520264,2.7866933345794678
2011-11-30,6.590484619140625,2.8424265384674072
2011-12-01,6.574138164520264,2.8663125038146973
2011-12-02,6.499403476715088,2.8663125038146973
2011-12-05,6.5974884033203125,2.8663125038146973
2011-12-06,6.679229259490967,2.8663125038146973
2011-12-07,6.7025837898254395,2.8663125038146973
2011-12-08,6.924447536468506,2.8663125038146973
2011-12-09,6.819353103637695,2.8663125038146973
2011-12-12,6.772647857666016,2.8663125038146973
2011-12-13,6.730607032775879,2.8663125038146973
2011-12-14,6.86138916015625,2.8663125038146973
2011-12-15,6.831028938293457,2.8663125038146973
2011-12-16,6.947801113128662,2.8663125038146973
2011-12-19,7.029539585113525,2.8663125038146973
2011-12-20,7.162656307220459,2.922046422958374
2011-12-21,7.076247692108154,2.922046422958374
2011-12-22,7.157986164093018,2.961855888366699
2011-12-23,7.169663429260254,2.961855888366699
2011-12-26,7.171996593475342,2.961855888366699
2011-12-27,7.21636962890625,2.962651491165161
2011-12-28,7.127625465393066,2.962651491165161
2011-12-29,6.996844291687012,2.961855888366699
2012-01-02,7.006185054779053,2.961855888366699
2012-01-03,6.938457012176514,3.0016660690307617
2012-01-04,7.020195484161377,3.0016660690307617
2012-01-05,7.125288963317871,3.0016660690307617
2012-01-06,7.167327880859375,3.0016660690307617
2012-01-09,7.207030773162842,3.0613811016082764
2012-01-10,7.127625465393066,3.0613811016082764
2012-01-11,7.2140350341796875,3.0613811016082764
2012-01-12,7.20469331741333,3.0613811016082764
2012-01-13,7.333139419555664,3.0613811016082764
2012-01-16,7.356492042541504,3.0613811016082764
2012-01-17,7.223374843597412,3.1147255897521973
2012-01-18,7.169663429260254,3.125077724456787
2012-01-19,7.225710868835449,3.125077724456787
2012-01-20,7.228047847747803,3.125077724456787
2012-01-23,7.122954368591309,3.125077724456787
2012-01-24,7.157986164093018,3.1449806690216064
2012-01-26,7.132295608520508,3.1609060764312744
2012-01-27,6.994507789611816,3.1847915649414062
2012-01-30,7.122954368591309,3.2644104957580566
2012-01-31,7.085587501525879,3.336068868637085
2012-02-01,6.973488807678223,3.3504014015197754
2012-02-02,6.90576171875,3.345623254776001
2012-02-03,6.889414310455322,3.383840799331665
2012-02-06,6.795997619628906,3.383840799331665
2012-02-07,6.854383945465088,3.383840799331665
2012-02-08,6.929116725921631,3.3997647762298584
2012-02-09,6.924447536468506,3.3997647762298584
2012-02-10,6.978158950805664,3.3997647762298584
2012-02-13,6.978158950805664,3.3997647762298584
2012-02-14,7.036544322967529,3.4236512184143066
2012-02-15,7.064567565917969,3.422854423522949
2012-02-16,7.108941078186035,3.4252431392669678
2012-02-17,7.122954368591309,3.4236512184143066
2012-02-23,7.073910713195801,3.5996110439300537
2012-02-24,7.029539585113525,3.782735586166382
2012-02-27,7.078583240509033,3.742129325866699
2012-02-28,7.076247692108154,3.742129325866699
2012-02-29,7.09492826461792,3.8217499256134033
2012-03-01,7.176668643951416,3.9411799907684326
2012-03-02,7.179004669189453,4.060608863830566
2012-03-05,7.342482566833496,4.060608863830566
2012-03-06,7.5479960441589355,4.060608863830566
2012-03-07,7.585361480712891,4.132266998291016
2012-03-08,7.473263740539551,4.132266998291016
2012-03-09,7.615722179412842,4.156949520111084
2012-03-12,7.734827995300293,4.156949520111084
2012-03-13,7.629736423492432,4.29946756362915
2012-03-14,7.599374771118164,4.29946756362915
2012-03-15,7.741831302642822,4.29946756362915
2012-03-16,7.578354835510254,4.418899059295654
2012-03-19,7.578354835510254,4.418899059295654
2012-03-20,7.636743068695068,4.5773420333862305
2012-03-21,7.6834492683410645,4.816997528076172
2012-03-22,7.671770095825195,4.816997528076172
2012-03-23,7.669437408447266,4.816997528076172
2012-03-26,7.620391845703125,4.777186870574951
2012-03-27,7.7068023681640625,4.856807708740234
2012-03-28,7.671770095825195,4.856807708740234
2012-03-29,7.636743068695068,4.777186870574951
2012-03-30,7.641409397125244,4.75330114364624
2012-04-02,7.846926689147949,4.776391983032227
2012-04-03,7.573686122894287,4.741357803344727
2012-04-04,7.438232421875,4.754099369049072
2012-04-05,7.473263740539551,4.836106777191162
2012-04-09,7.4942803382873535,4.777186870574951
2012-04-10,7.604046821594238,4.836106777191162
2012-04-11,7.629736423492432,4.816997528076172
2012-04-12,7.776864528656006,4.777186870574951
2012-04-13,7.7301554679870605,4.8488450050354
2012-04-16,7.799454689025879,4.816997528076172
2012-04-17,7.728550910949707,4.816997528076172
2012-04-18,7.669464588165283,4.816997528076172
2012-04-19,7.735639572143555,4.816997528076172
2012-04-20,7.778182506561279,4.817793369293213
2012-04-23,7.912900447845459,4.843270778656006
2012-04-24,7.740367412567139,5.095665454864502
2012-04-25,7.752182483673096,5.175285816192627
2012-04-26,7.716733932495117,5.175285816192627
2012-04-27,7.70255184173584,5.2549052238464355
2012-04-30,7.763998985290527,5.414427280426025
2012-05-02,7.830182075500488,5.414427280426025
2012-05-03,7.891630172729492,5.258172512054443
2012-05-04,8.03580093383789,5.224276065826416
2012-05-07,8.257966995239258,5.456592082977295
2012-05-08,8.286332130432129,5.456592082977295
2012-05-09,8.269780158996582,5.447497367858887
2012-05-10,8.272148132324219,5.455765724182129
2012-05-11,8.333599090576172,5.373916149139404
2012-05-14,8.213058471679688,5.415256023406982
2012-05-15,8.03580093383789,5.456592082977295
2012-05-16,8.20124340057373,5.412774085998535
2012-05-17,8.153974533081055,5.373916149139404
2012-05-18,8.177608489990234,5.415256023406982
2012-05-21,8.177608489990234,5.415256023406982
2012-05-22,8.03580093383789,5.332577705383301
2012-05-23,8.03580093383789,5.325138092041016
2012-05-24,8.094888687133789,5.328444957733154
2012-05-25,7.993257522583008,5.291240215301514
2012-05-28,8.101980209350586,5.291240215301514
2012-05-29,7.834904670715332,5.415256023406982
2012-05-30,7.820722579956055,5.043214321136475
2012-05-31,7.905810356140137,4.5471601486206055
2012-06-01,8.106705665588379,5.125064373016357
2012-06-04,8.191792488098145,5.208564281463623
2012-06-05,8.293420791625977,5.330924987792969
2012-06-06,8.319415092468262,5.291240215301514
2012-06-08,8.442316055297852,5.332577705383301
2012-06-11,8.449408531188965,5.363995552062988
2012-06-12,8.567580223083496,5.3730878829956055
2012-06-13,8.702301979064941,5.414427280426025
2012-06-14,8.808656692504883,5.454940319061279
2012-06-15,8.67393684387207,5.456592082977295
2012-06-18,8.67393684387207,5.456592082977295
2012-06-19,8.522676467895508,5.464859962463379
2012-06-20,8.67393684387207,5.456592082977295
2012-06-21,8.66212272644043,5.468991756439209
2012-06-22,8.529765129089355,5.468991756439209
2012-06-25,8.678664207458496,4.960537910461426
2012-06-26,8.740116119384766,5.514465808868408
2012-06-27,8.863014221191406,5.514465808868408
2012-06-28,8.839381217956543,5.580606460571289
2012-06-29,8.780294418334961,5.497930526733398
2012-07-02,8.751934051513672,5.497930526733398
2012-07-03,8.529765129089355,5.497930526733398
2012-07-04,8.37850570678711,5.456592082977295
2012-07-05,8.34305477142334,5.456592082977295
2012-07-06,8.428136825561523,5.455765724182129
2012-07-10,8.328868865966797,5.455765724182129
2012-07-11,8.614850044250488,5.456592082977295
2012-07-12,8.638486862182617,5.390451908111572
2012-07-13,8.579398155212402,5.456592082977295
2012-07-16,8.579398155212402,5.456592082977295
2012-07-17,8.555765151977539,5.579779148101807
2012-07-18,8.508496284484863,5.569858551025391
2012-07-19,8.49667739868164,5.5384416580200195
2012-07-20,8.461226463317871,5.750088691711426
2012-07-23,8.513222694396973,5.82450008392334
2012-07-24,8.626668930053711,5.849302768707275
2012-07-25,8.67393684387207,5.868319988250732
2012-07-26,8.851198196411133,5.866662979125977
2012-07-27,8.863014221191406,5.845168113708496
2012-07-30,8.721208572387695,5.910482406616211
2012-07-31,8.638486862182617,5.86997127532959
2012-08-01,8.307600021362305,5.86997127532959
2012-08-02,8.413957595825195,5.787296295166016
2012-08-03,8.413957595825195,5.6632795333862305
2012-08-06,8.499041557312012,5.8278045654296875
2012-08-07,8.31233024597168,5.860876083374023
2012-08-08,8.541586875915527,5.754223346710205
2012-08-09,8.47067928314209,5.8294572830200195
2012-08-10,8.67630386352539,5.8294572830200195
2012-08-13,8.56547737121582,5.812095642089844
2012-08-14,8.61901569366455,5.836897373199463
2012-08-15,8.723649978637695,5.911308288574219
2012-08-16,8.660383224487305,5.927842140197754
2012-08-17,8.701745986938477,6.018786430358887
2012-08-20,8.701745986938477,6.018786430358887
2012-08-21,8.7844820022583,5.994810581207275
2012-08-22,8.75771713256836,6.035320281982422
2012-08-23,8.699316024780273,6.035320281982422
2012-08-24,8.711482048034668,6.076659202575684
2012-08-27,8.687148094177246,6.076659202575684
2012-08-28,8.660383224487305,6.076659202575684
2012-08-29,8.614147186279297,6.076659202575684
2012-08-30,8.492478370666504,6.076659202575684
2012-08-31,8.215071678161621,6.076659202575684
2012-09-03,8.382976531982422,5.911308288574219
2012-09-04,8.492478370666504,5.86997127532959
2012-09-05,8.528980255126953,5.787296295166016
2012-09-06,8.370808601379395,5.820365905761719
2012-09-10,8.370808601379395,5.952646732330322
2012-09-11,7.971736907958984,5.799696922302246
2012-09-12,7.640798568725586,5.704619884490967
2012-09-13,7.59943151473999,5.770758628845215
2012-09-14,7.470460414886475,5.803830146789551
2012-09-17,7.65783166885376,5.908827304840088
2012-09-18,7.932801246643066,5.8865065574646
2012-09-19,7.84520149230957,5.895601272583008
2012-09-20,7.9206342697143555,5.868319988250732
2012-09-21,7.908466815948486,5.745954513549805
2012-09-24,7.859799861907959,5.86997127532959
2012-09-25,7.896303176879883,5.828632831573486
2012-09-26,7.859799861907959,5.787296295166016
2012-09-27,7.742999076843262,5.927842140197754
2012-09-28,7.786799430847168,6.076659202575684
2012-10-01,7.75759744644165,5.950167179107666
2012-10-02,7.89143705368042,5.952646732330322
2012-10-03,7.811135292053223,5.950991153717041
2012-10-04,7.774633407592773,5.936110496520996
2012-10-05,7.786799430847168,5.927017688751221
2012-10-08,7.718663215637207,5.902213096618652
2012-10-09,7.725966930389404,5.828632831573486
2012-10-10,7.755166530609131,5.832768440246582
2012-10-11,7.842768669128418,5.76331901550293
2012-10-15,8.054471015930176,5.8278045654296875
2012-10-16,8.030137062072754,5.828632831573486
2012-10-17,8.078804969787598,5.787296295166016
2012-10-18,8.017970085144043,5.745131969451904
2012-10-19,8.176138877868652,5.678164005279541
2012-10-22,8.20047378540039,5.69221830368042
2012-10-23,8.224804878234863,5.642611980438232
2012-10-24,8.236973762512207,5.621941566467285
2012-10-25,8.322142601013184,5.564072608947754
2012-10-26,8.490043640136719,5.580606460571289
2012-10-29,8.443811416625977,5.638479232788086
2012-10-30,8.589816093444824,5.6178083419799805
2012-10-31,8.51681137084961,5.539267063140869
2012-11-01,8.721214294433594,5.518599510192871
2012-11-05,8.879382133483887,5.531000137329102
2012-11-06,8.730950355529785,5.526867866516113
2012-11-07,8.61901569366455,5.5384416580200195
2012-11-08,8.404878616333008,5.506197929382324
2012-11-09,8.205339431762695,5.497930526733398
2012-11-12,8.125038146972656,5.514465808868408
2012-11-13,8.280776977539062,5.456592082977295
2012-11-14,8.212640762329102,5.456592082977295
2012-11-16,8.054471015930176,5.522731781005859
2012-11-19,8.365943908691406,5.3747429847717285
2012-11-21,8.424344062805176,5.514465808868408
2012-11-22,8.322142601013184,5.423523426055908
2012-11-23,8.251574516296387,5.3945841789245605
2012-11-26,8.623580932617188,5.373916149139404
2012-11-27,8.330378532409668,5.373916149139404
2012-11-28,8.438788414001465,5.456592082977295
2012-11-29,8.478209495544434,5.456592082977295
2012-11-30,8.586624145507812,5.539267063140869
2012-12-03,8.40183162689209,5.3945841789245605
2012-12-04,8.497923851013184,5.749264717102051
2012-12-05,8.305742263793945,5.6748576164245605
2012-12-06,8.27863597869873,5.645092964172363
2012-12-07,8.315594673156738,5.669895648956299
2012-12-10,8.256464958190918,5.570684909820557
2012-12-11,8.303274154663086,5.580606460571289
2012-12-12,8.377192497253418,5.444192886352539
2012-12-13,8.313132286071777,5.456592082977295
2012-12-14,8.224431037902832,5.468991756439209
2012-12-17,8.253998756408691,5.531000137329102
2012-12-18,8.290955543518066,5.33505916595459
2012-12-19,8.27863597869873,5.44772481918335
2012-12-20,8.118488311767578,5.437586307525635
2012-12-21,8.120948791503906,5.450259208679199
2012-12-26,8.135730743408203,5.457864761352539
2012-12-27,8.155444145202637,5.46040153503418
2012-12-28,8.217039108276367,5.52631139755249
2013-01-02,8.226893424987793,5.500961780548096
2013-01-03,8.313132286071777,5.589684963226318
2013-01-04,8.145586967468262,5.792486667633057
2013-01-07,7.9583330154418945,5.931910037994385
2013-01-08,7.884415149688721,5.827976703643799
2013-01-09,8.290955543518066,5.820372104644775
2013-01-10,8.488068580627441,5.805160999298096
2013-01-11,8.58908748626709,5.800091743469238
2013-01-14,8.623580932617188,5.779811382293701
2013-01-15,8.746771812438965,5.779811382293701
2013-01-16,8.598941802978516,5.729110240936279
2013-01-17,8.697497367858887,5.779811382293701
2013-01-18,8.722136497497559,5.95726203918457
2013-01-21,9.05476188659668,5.8812127113342285
2013-01-22,8.857651710510254,5.975007057189941
2013-01-23,8.828083038330078,6.0282416343688965
2013-01-24,8.877357482910156,5.868534088134766
2013-01-28,8.951276779174805,5.754461765289307
2013-01-29,8.892144203186035,5.65306282043457
2013-01-30,8.719671249389648,5.777277946472168
2013-01-31,8.719671249389648,5.95726203918457
2013-02-01,8.64821720123291,5.954726219177246
2013-02-04,8.653146743774414,5.833046913146973
2013-02-05,8.697497367858887,5.95726203918457
2013-02-06,8.677785873413086,5.931910037994385
2013-02-07,8.672857284545898,5.931910037994385
2013-02-08,8.414149284362793,5.805160999298096
2013-02-13,8.468355178833008,5.830511569976807
2013-02-14,8.574302673339844,5.868534088134766
2013-02-15,8.598941802978516,5.817837715148926
2013-02-18,8.623580932617188,5.820372104644775
2013-02-19,8.6654634475708,5.805160999298096
2013-02-20,8.591235160827637,5.7722063064575195
2013-02-21,8.722628593444824,5.805160999298096
2013-02-22,8.591235160827637,5.805160999298096
2013-02-25,8.500266075134277,5.779811382293701
2013-02-26,8.717578887939453,5.893886566162109
2013-02-27,8.798430442810059,5.931910037994385
2013-02-28,8.843917846679688,5.893886566162109
2013-03-01,8.44215202331543,5.8812127113342285
2013-03-04,8.603869438171387,5.830511569976807
2013-03-05,8.515426635742188,5.850792407989502
2013-03-06,8.565967559814453,5.835581302642822
2013-03-07,8.717578887939453,5.833046913146973
2013-03-08,8.760530471801758,5.845721244812012
2013-03-11,8.669564247131348,5.855862140655518
2013-03-12,8.77316665649414,5.906561851501465
2013-03-13,8.843917846679688,5.830511569976807
2013-03-14,8.932354927062988,5.71643590927124
2013-03-15,8.886871337890625,5.554196357727051
2013-03-18,8.902034759521484,5.6327805519104
2013-03-19,8.765583992004395,5.584615230560303
2013-03-20,8.64177131652832,5.440120220184326
2013-03-21,8.414355278015137,5.500961780548096
2013-03-22,8.421936988830566,5.513635635375977
2013-03-25,8.55333137512207,5.587151527404785
2013-03-26,8.608922958374023,5.65306282043457
2013-03-27,8.732735633850098,5.6327805519104
2013-03-28,8.732735633850098,5.6327805519104
2013-04-01,8.80854320526123,5.65306282043457
2013-04-02,9.018268585205078,5.627711296081543
2013-04-03,8.990472793579102,5.729110240936279
2013-04-04,8.68472671508789,5.76713752746582
2013-04-05,8.737791061401367,5.830511569976807
2013-04-08,8.818649291992188,5.81530237197876
2013-04-09,9.172407150268555,5.729110240936279
2013-04-10,9.096601486206055,5.71643590927124
2013-04-11,9.020796775817871,5.795022964477539
2013-04-12,9.061224937438965,5.795022964477539
2013-04-15,9.058697700500488,5.7341814041137695
2013-04-16,9.144609451293945,5.756998538970947
2013-04-17,8.922248840332031,5.7341814041137695
2013-04-18,9.013212203979492,5.703763484954834
2013-04-19,8.889400482177734,5.691087245941162
2013-04-22,8.803485870361328,5.6327805519104
2013-04-23,9.167351722717285,5.691087245941162
2013-04-24,8.982893943786621,5.647992134094238
2013-04-25,8.998053550720215,5.65306282043457
2013-04-26,8.998053550720215,5.65306282043457
2013-04-29,8.70494270324707,5.792486667633057
2013-04-30,9.008162498474121,5.835581302642822
2013-05-02,9.023322105407715,5.775285243988037
2013-05-03,8.929828643798828,5.828391075134277
2013-05-06,8.869183540344238,5.767318248748779
2013-05-07,9.134505271911621,5.796525955200195
2013-05-08,9.096601486206055,5.735454559326172
2013-05-09,9.111762046813965,5.762009620666504
2013-05-10,9.111762046813965,5.764662742614746
2013-05-13,9.091546058654785,5.788559436798096
2013-05-14,9.134505271911621,5.735454559326172
2013-05-15,9.238105773925781,5.7381134033203125
2013-05-16,9.114288330078125,6.022227764129639
2013-05-17,9.172407150268555,5.947878837585449
2013-05-20,9.245684623718262,6.000987529754639
2013-05-21,9.475628852844238,5.969120979309082
2013-05-22,9.526162147521973,6.000987529754639
2013-05-23,9.511001586914062,6.032848358154297
2013-05-24,9.475628852844238,6.054091453552246
2013-05-27,9.414983749389648,6.13375186920166
2013-05-28,9.387185096740723,6.208099365234375
2013-05-29,9.265900611877441,6.208099365234375
2013-05-31,9.336650848388672,6.160304546356201
2013-06-03,9.230522155761719,6.184206485748291
2013-06-04,9.372025489807129,6.239962577819824
2013-06-05,9.157243728637695,6.15764856338501
2013-06-06,9.134505271911621,6.101887226104736
2013-06-07,9.096601486206055,6.000987529754639
2013-06-10,9.222943305969238,6.051436901092529
2013-06-11,8.967732429504395,5.97177791595459
2013-06-12,8.881817817687988,6.024881839752197
2013-06-13,8.970256805419922,5.974433422088623
2013-06-14,8.717578887939453,5.947878837585449
2013-06-17,8.836336135864258,6.0195722579956055
2013-06-18,8.81106948852539,5.974433422088623
2013-06-19,8.669564247131348,5.921326637268066
2013-06-20,8.523009300231934,5.841667175292969
2013-06-21,8.088394165039062,5.600036144256592
2013-06-24,8.184412002563477,5.735454559326172
2013-06-25,8.212211608886719,5.658451557159424
2013-06-26,8.384033203125,5.578793048858643
2013-06-27,8.54069709777832,5.576136112213135
2013-06-28,8.760530471801758,5.674383640289307
2013-07-01,8.73526382446289,5.708901405334473
2013-07-02,8.697360038757324,5.66376256942749
2013-07-03,8.58112621307373,5.748730182647705
2013-07-04,8.755480766296387,5.775285243988037
2013-07-05,8.843917846679688,5.775285243988037
2013-07-08,8.694831848144531,5.775285243988037
2013-07-10,8.793380737304688,5.762009620666504
2013-07-11,9.035958290100098,5.870875835418701
2013-07-12,8.833809852600098,5.831048011779785
2013-07-15,8.942462921142578,5.881495952606201
2013-07-16,8.957623481750488,5.876188278198242
2013-07-17,9.131978988647461,5.815112590789795
2013-07-18,9.089022636413574,5.894774436950684
2013-07-19,9.096601486206055,5.97177791595459
2013-07-22,9.071332931518555,5.950535774230957
2013-07-23,9.147137641906738,6.040816307067871
2013-07-24,9.134505271911621,6.056747913360596
2013-07-25,9.164824485778809,5.974433422088623
2013-07-26,9.164824485778809,5.974433422088623
2013-07-29,9.096601486206055,6.08595609664917
2013-07-30,9.134505271911621,6.117818355560303
2013-07-31,9.197674751281738,6.06205940246582
2013-08-01,9.291169166564941,6.131094455718994
2013-08-02,9.157243728637695,6.080644130706787
2013-08-05,9.159773826599121,6.0700249671936035
2013-08-06,9.222943305969238,6.003641605377197
2013-08-07,9.200196266174316,5.987707138061523
2013-08-08,9.286115646362305,6.072679042816162
2013-08-09,9.210309982299805,6.027538299560547
2013-08-12,9.121869087219238,6.032848358154297
2013-08-13,9.066277503967285,6.120474338531494
2013-08-14,8.995528221130371,6.221374034881592
2013-08-15,9.000582695007324,6.149685382843018
2013-08-16,8.977840423583984,6.147026062011719
2013-08-19,8.935193061828613,6.13375186920166
2013-08-20,8.987445831298828,6.15764856338501
2013-08-21,8.937804222106934,6.027538299560547
2013-08-22,8.85681438446045,6.107196807861328
2013-08-23,8.911678314208984,6.101887226104736
2013-08-26,8.901228904724121,6.054091453552246
2013-08-27,8.896004676818848,6.000987529754639
2013-08-28,8.82807445526123,5.947878837585449
2013-08-29,8.882941246032715,5.873530864715576
2013-08-30,8.919516563415527,5.841667175292969
2013-09-02,9.008344650268555,5.841667175292969
2013-09-03,9.010957717895508,5.7434210777282715
2013-09-04,9.118077278137207,5.724832534790039
2013-09-05,9.277443885803223,5.804494857788086
2013-09-06,9.517807960510254,5.825735569000244
2013-09-09,9.648441314697266,5.958500385284424
2013-09-10,9.426365852355957,6.022227764129639
2013-09-11,9.483845710754395,5.929293155670166
2013-09-12,9.442044258117676,5.767318248748779
2013-09-13,9.504743576049805,5.780594348907471
2013-09-16,9.577898979187012,5.929293155670166
2013-09-17,9.614476203918457,5.894774436950684
2013-09-18,9.614476203918457,5.900083541870117
2013-09-19,9.745107650756836,5.86821985244751
2013-09-20,9.523035049438477,5.921326637268066
2013-09-23,9.713753700256348,5.7912163734436035
2013-09-24,9.84961223602295,5.7912163734436035
2013-09-25,9.671956062316895,5.804494857788086
2013-09-26,9.588349342346191,5.809804439544678
2013-09-27,9.718982696533203,5.777940273284912
2013-09-30,9.570061683654785,5.6557936668396
2013-10-01,9.572674751281738,5.708901405334473
2013-10-02,9.577898979187012,5.740765571594238
2013-10-03,9.44726848602295,5.711557388305664
2013-10-04,9.536094665527344,5.748730182647705
2013-10-07,9.536094665527344,5.764662742614746
2013-10-08,9.614476203918457,5.820425510406494
2013-10-09,9.614476203918457,5.841667175292969
2013-10-10,9.614476203918457,5.961155891418457
2013-10-11,9.745107650756836,5.950535774230957
2013-10-14,9.779072761535645,5.947878837585449
2013-10-15,9.797362327575684,6.099232196807861
2013-10-16,9.718982696533203,6.067368984222412
2013-10-17,9.627538681030273,5.982398509979248
2013-10-18,9.84177303314209,6.040816307067871
2013-10-21,9.810422897338867,6.040816307067871
2013-10-22,9.954115867614746,5.921326637268066
2013-10-23,9.92798900604248,5.849632263183594
2013-10-24,9.797362327575684,5.881495952606201
2013-10-25,9.758172035217285,5.841667175292969
2013-10-28,9.86528491973877,5.841667175292969
2013-10-29,9.84961223602295,5.7434210777282715
2013-10-30,9.888797760009766,5.841667175292969
2013-10-31,9.954115867614746,5.775285243988037
2013-11-01,10.045560836791992,5.692971229553223
2013-11-04,10.293758392333984,5.682349681854248
2013-11-05,10.189252853393555,5.748730182647705
2013-11-06,10.207542419433594,5.671728610992432
2013-11-07,9.954115867614746,5.645175933837891
2013-11-08,9.83655071258545,5.523031711578369
2013-11-11,9.901866912841797,5.4672698974609375
2013-11-12,9.993304252624512,5.337161064147949
2013-11-13,9.954115867614746,5.546928405761719
2013-11-14,10.058624267578125,5.658451557159424
2013-11-18,10.21538257598877,5.722179412841797
2013-11-19,10.110872268676758,5.682349681854248
2013-11-21,10.084747314453125,5.602691173553467
2013-11-22,10.014206886291504,5.570825576782227
2013-11-25,10.01943588256836,5.677038669586182
2013-11-26,10.104415893554688,5.841667175292969
2013-11-27,10.064844131469727,5.692971229553223
2013-11-28,10.104415893554688,5.578793048858643
2013-11-29,10.08858585357666,5.767318248748779
2013-12-02,10.157179832458496,5.677038669586182
2013-12-03,10.041097640991211,5.669074058532715
2013-12-04,9.793105125427246,5.523031711578369
2013-12-05,9.81421184539795,5.496478080749512
2013-12-06,9.81421184539795,5.477891445159912
2013-12-09,9.76936149597168,5.549583435058594
2013-12-10,9.655916213989258,5.4035420417785645
2013-12-11,9.603151321411133,5.398231029510498
2013-12-12,9.589961051940918,5.106148719787598
2013-12-13,9.650640487670898,5.357969760894775
2013-12-16,9.566214561462402,5.369273662567139
2013-12-17,9.595237731933594,5.3127546310424805
2013-12-18,9.510815620422363,5.194066047668457
2013-12-19,9.4976224899292,5.157327651977539
2013-12-20,9.550389289855957,5.1997175216674805
2013-12-23,9.4976224899292,5.112112998962402
2013-12-26,9.521368026733398,5.17711067199707
2013-12-27,9.481793403625488,5.162981986999512
2013-12-30,9.481793403625488,5.143198013305664
2014-01-02,9.634810447692871,5.129068851470947
2014-01-03,9.692850112915039,5.250584602355957
2014-01-06,9.508172035217285,5.1997175216674805
2014-01-07,9.431668281555176,5.143198013305664
2014-01-08,9.410560607910156,5.126242637634277
2014-01-09,9.347244262695312,5.0866780281066895
2014-01-10,9.418478012084961,5.058419227600098
2014-01-13,9.244356155395508,5.058419227600098
2014-01-14,9.233800888061523,5.0866780281066895
2014-01-15,9.278648376464844,5.072549819946289
2014-01-16,9.167844772338867,5.072549819946289
2014-01-17,9.088698387145996,5.058419227600098
2014-01-20,9.062314987182617,4.931252479553223
2014-01-21,9.128271102905273,4.939731597900391
2014-01-22,9.120356559753418,4.886038780212402
2014-01-23,8.8855562210083,4.761696815490723
2014-01-24,8.8855562210083,4.917123317718506
2014-01-27,8.917213439941406,5.1149396896362305
2014-01-28,8.972611427307129,5.247757434844971
2014-01-29,9.009550094604492,5.211020469665527
2014-01-30,8.917213439941406,5.052769184112549
2014-01-31,9.101889610290527,5.007553577423096
2014-02-03,8.969978332519531,4.970818042755127
2014-02-04,8.972611427307129,4.9453816413879395
2014-02-05,8.772109031677246,4.9142985343933105
2014-02-06,9.030656814575195,4.931252479553223
2014-02-07,9.154656410217285,4.931252479553223
2014-02-10,9.101889610290527,4.917123317718506
2014-02-11,9.181035995483398,4.905820369720459
2014-02-12,9.352519989013672,4.894515514373779
2014-02-13,8.969978332519531,4.801261901855469
2014-02-14,8.969978332519531,4.917123317718506
2014-02-17,8.714068412780762,4.8606038093566895
2014-02-18,8.640198707580566,4.854953765869141
2014-02-19,8.925126075744629,4.891689300537109
2014-02-20,8.972611427307129,4.886038780212402
2014-02-21,8.904021263122559,4.931252479553223
2014-02-24,8.761557579040527,4.934080600738525
2014-02-25,8.732536315917969,4.8888630867004395
2014-02-26,8.729898452758789,4.956686973571777
2014-02-27,8.838065147399902,5.049942970275879
2014-02-28,8.758917808532715,5.097984313964844
2014-03-05,8.600625038146973,5.0866780281066895
2014-03-06,8.7457275390625,5.162981986999512
2014-03-07,8.439695358276367,5.129068851470947
2014-03-10,8.231274604797363,5.044291019439697
2014-03-11,8.336800575256348,5.126242637634277
2014-03-12,8.289313316345215,5.171456813812256
2014-03-13,8.574243545532227,5.329710006713867
2014-03-14,8.310420036315918,5.227975845336914
2014-03-17,8.36318302154541,5.247757434844971
2014-03-18,8.640198707580566,5.3127546310424805
2014-03-19,8.634921073913574,5.363620758056641
2014-03-20,8.930404663085938,5.510570049285889
2014-03-21,8.795852661132812,5.425793170928955
2014-03-24,8.787939071655273,5.569914817810059
2014-03-25,8.969978332519531,5.558613300323486
2014-03-26,8.838065147399902,5.439920902252197
2014-03-27,9.363072395324707,5.510570049285889
2014-03-28,9.286565780639648,5.411662578582764
2014-03-31,9.26017951965332,5.439920902252197
2014-04-01,9.181035995483398,5.3607940673828125
2014-04-02,9.339330673217773,5.425793170928955
2014-04-03,9.115079879760742,5.3127546310424805
2014-04-04,9.00163745880127,5.2844953536987305
2014-04-07,9.017464637756348,5.335362434387207
2014-04-08,8.969978332519531,5.425793170928955
2014-04-09,8.732536315917969,5.454050064086914
2014-04-10,8.838065147399902,5.454050064086914
2014-04-11,8.766831398010254,5.479485034942627
2014-04-14,8.882915496826172,5.567089080810547
2014-04-15,8.975255966186523,5.694253444671631
2014-04-16,8.888192176818848,5.632086277008057
2014-04-17,8.93831729888916,5.685779094696045
2014-04-22,8.962063789367676,5.815771102905273
2014-04-23,8.727259635925293,5.691429138183594
2014-04-24,8.574243545532227,5.821421146392822
2014-04-25,8.410674095153809,5.677299499511719
2014-04-28,8.50828742980957,5.510570049285889
2014-04-29,8.487181663513184,5.341014385223389
2014-04-30,8.748366355895996,5.637736797332764
2014-05-02,8.824874877929688,5.815379619598389
2014-05-05,8.983169555664062,5.84845495223999
2014-05-06,9.00163745880127,5.938661575317383
2014-05-07,8.983169555664062,5.929641246795654
2014-05-08,8.98052978515625,6.025863170623779
2014-05-09,8.782661437988281,5.950691223144531
2014-05-12,8.877640724182129,5.983766555786133
2014-05-13,8.845979690551758,6.119076728820801
2014-05-14,9.04648494720459,6.034882545471191
2014-05-15,8.803766250610352,6.01082706451416
2014-05-16,8.848620414733887,6.079987049102783
2014-05-19,8.798493385314941,6.089007377624512
2014-05-20,8.653392791748047,6.031876087188721
2014-05-21,8.640198707580566,5.965724945068359
2014-05-22,8.89346981048584,5.971738338470459
2014-05-23,8.904021263122559,5.944676399230957
2014-05-26,9.02274227142334,5.983766555786133
2014-05-27,8.890828132629395,5.920621395111084
2014-05-28,8.996357917785645,5.953695297241211
2014-05-29,9.049126625061035,5.953695297241211
2014-05-30,8.790578842163086,5.833416938781738
2014-06-02,8.853894233703613,5.8123698234558105
2014-06-03,9.035930633544922,5.875517845153809
2014-06-04,9.125633239746094,5.839433670043945
2014-06-05,9.075506210327148,5.788315773010254
2014-06-06,9.00163745880127,5.845447063446045
2014-06-09,9.035930633544922,5.890552520751953
2014-06-10,9.141462326049805,5.914608478546143
2014-06-11,9.36570930480957,5.9236297607421875
2014-06-13,8.983169555664062,5.9236297607421875
2014-06-16,8.917213439941406,5.863488674163818
2014-06-17,8.962063789367676,5.896565914154053
2014-06-18,9.19422721862793,6.007819652557373
2014-06-20,9.049126625061035,5.893557548522949
2014-06-23,8.925126075744629,5.905586242675781
2014-06-24,9.043848037719727,5.96873140335083
2014-06-25,9.02538013458252,5.992787837982178
2014-06-26,9.035930633544922,5.992787837982178
2014-06-27,8.83279037475586,5.953695297241211
2014-06-30,8.706153869628906,5.983766555786133
2014-07-01,8.732536315917969,5.9807586669921875
2014-07-02,8.74309253692627,5.989779949188232
2014-07-03,8.969978332519531,5.998800754547119
2014-07-04,8.954146385192871,6.0198493003845215
2014-07-07,8.922492027282715,6.001807689666748
2014-07-08,8.764196395874023,6.013833522796631
2014-07-10,8.766831398010254,6.058937072753906
2014-07-11,8.867084503173828,6.049919128417969
2014-07-14,9.049126625061035,6.0048136711120605
2014-07-15,9.033292770385742,6.0198493003845215
2014-07-16,8.954146385192871,6.01082706451416
2014-07-17,9.035930633544922,6.013833522796631
2014-07-18,9.202142715454102,6.01082706451416
2014-07-21,9.233800888061523,6.104041576385498
2014-07-22,9.336688995361328,6.182222366333008
2014-07-23,9.29975414276123,6.17019510269165
2014-07-24,9.397370338439941,6.278444290161133
2014-07-25,9.378902435302734,6.34158992767334
2014-07-28,9.273370742797852,6.419771194458008
2014-07-29,9.326136589050293,6.206277847290039
2014-07-30,9.138823509216309,6.20928430557251
2014-07-31,8.967337608337402,6.146137237548828
2014-08-01,8.919849395751953,6.134110927581787
2014-08-04,8.996357917785645,6.25438928604126
2014-08-05,8.845979690551758,6.284456253051758
2014-08-06,8.962063789367676,6.236346244812012
2014-08-07,9.009550094604492,6.332566738128662
2014-08-08,8.969978332519531,6.410748481750488
2014-08-11,9.257542610168457,6.540044784545898
2014-08-12,9.188947677612305,6.621232032775879
2014-08-13,9.009550094604492,6.660321235656738
2014-08-14,9.080781936645508,6.705427169799805
2014-08-15,9.426389694213867,6.900874614715576
2014-08-18,9.735062599182129,6.924931049346924
2014-08-19,9.893359184265137,6.855772018432617
2014-08-20,10.249519348144531,6.705427169799805
2014-08-21,10.225774765014648,6.720459938049316
2014-08-22,9.946122169494629,6.729482650756836
2014-08-25,9.998887062072754,6.834723949432373
2014-08-26,9.94348430633545,6.780596733093262
2014-08-27,9.935569763183594,6.789619445800781
2014-08-28,9.911824226379395,6.795634746551514
2014-08-29,10.038457870483398,7.0181474685668945
2014-09-01,9.853785514831543,6.906888961791992
2014-09-02,9.7904691696167,6.795634746551514
2014-09-03,9.959315299987793,6.958008289337158
2014-09-04,9.682299613952637,6.9339518547058105
2014-09-05,9.698127746582031,6.9850687980651855
2014-09-08,9.468603134155273,6.82269287109375
2014-09-09,9.31822395324707,6.723467826843262
2014-09-10,9.36570930480957,6.753533840179443
2014-09-11,9.537198066711426,6.888847827911377
2014-09-12,9.454328536987305,6.714446067810059
2014-09-15,9.497376441955566,6.684377193450928
2014-09-16,9.726069450378418,6.765564918518066
2014-09-17,9.726069450378418,6.621232032775879
2014-09-18,9.575403213500977,6.470884323120117
2014-09-19,9.594234466552734,6.365643501281738
2014-09-22,9.518900871276855,6.239353656768799
2014-09-23,9.524282455444336,6.332566738128662
2014-09-24,9.556568145751953,6.329560279846191
2014-09-25,9.400520324707031,6.332566738128662
2014-09-26,9.502758026123047,5.914608478546143
2014-09-29,9.357470512390137,5.785307884216309
2014-09-30,9.25792121887207,5.884535789489746
2014-10-01,9.005020141601562,5.701116561889648
2014-10-02,9.06152057647705,5.749227046966553
2014-10-03,9.19066333770752,5.6620259284973145
2014-10-06,9.599614143371582,5.6620259284973145
2014-10-07,9.446257591247559,5.758246898651123
2014-10-08,9.553875923156738,5.800344944000244
2014-10-09,9.540425300598145,5.917613983154297
2014-10-10,9.066900253295898,5.8093647956848145
2014-10-13,9.330568313598633,5.818386077880859
2014-10-14,9.282139778137207,5.833416938781738
2014-10-15,9.093803405761719,5.827406883239746
2014-10-16,8.945831298828125,5.8574748039245605
2014-10-17,9.228330612182617,6.073973655700684
2014-10-20,9.201425552368164,6.058937072753906
2014-10-21,8.926993370056152,5.767266273498535
2014-10-22,8.959281921386719,5.836426734924316
2014-10-23,8.47499942779541,5.607899188995361
2014-10-24,8.816688537597656,5.7101359367370605
2014-10-27,8.453473091125488,5.5176920890808105
2014-10-28,8.676782608032227,5.6860809326171875
2014-10-29,8.986187934875488,5.84845495223999
2014-10-30,9.026545524597168,5.836426734924316
2014-10-31,9.080352783203125,5.53272819519043
2014-11-03,8.937761306762695,5.571819305419922
2014-11-04,9.118021011352539,5.568810939788818
2014-11-05,9.115326881408691,5.568810939788818
2014-11-06,8.99425983428955,5.460562705993652
2014-11-07,9.134162902832031,5.451542377471924
2014-11-10,9.185282707214355,5.442523002624512
2014-11-11,9.176469802856445,5.457554817199707
2014-11-12,9.14089298248291,5.484617710113525
2014-11-13,9.058792114257812,5.460562705993652
2014-11-14,8.979422569274902,5.553775787353516
2014-11-17,8.867213249206543,5.493640422821045
2014-11-18,8.984894752502441,5.574826717376709
2014-11-19,9.30510139465332,5.767266273498535
2014-11-21,9.409096717834473,5.9236297607421875
2014-11-24,9.444676399230957,5.953695297241211
2014-11-25,9.201103210449219,6.034882545471191
2014-11-26,9.410935401916504,5.863488674163818
2014-11-27,9.446874618530273,6.013833522796631
2014-11-28,9.513228416442871,5.908592224121094
2014-12-01,9.261643409729004,5.827406883239746
2014-12-02,9.35564136505127,5.785307884216309
2014-12-03,9.397112846374512,5.683075428009033
2014-12-04,9.18699836730957,5.668040752410889
2014-12-05,9.424757957458496,5.814356327056885
2014-12-08,9.057055473327637,5.823662281036377
2014-12-09,9.048763275146484,5.767844200134277
2014-12-10,8.971352577209473,5.798855304718018
2014-12-11,9.22846794128418,5.944599628448486
2014-12-12,9.11788272857666,5.842267036437988
2014-12-15,8.971352577209473,5.953903675079346
2014-12-16,8.766769409179688,5.594188213348389
2014-12-17,9.198057174682617,5.730629920959473
2014-12-18,9.123408317565918,5.634500503540039
2014-12-19,9.233997344970703,5.668613910675049
2014-12-22,9.419230461120605,5.789550304412842
2014-12-23,9.438582420349121,5.770945072174072
2014-12-26,9.510462760925293,5.705822467803955
2014-12-29,9.394347190856934,5.814356327056885
2014-12-30,9.35287857055664,5.842267036437988
2015-01-02,9.015584945678711,5.8453688621521
2015-01-05,9.026646614074707,5.823662281036377
2015-01-06,9.209114074707031,5.832962989807129
2015-01-07,9.44134521484375,5.842267036437988
2015-01-08,9.53811264038086,5.898085117340088
2015-01-09,8.805471420288086,5.8577728271484375
2015-01-12,8.556652069091797,5.7926530838012695
2015-01-13,8.628534317016602,5.891882419586182
2015-01-14,9.095763206481934,5.975610256195068
2015-01-15,9.081939697265625,6.068637371063232
2015-01-16,9.283761024475098,6.155466079711914
2015-01-19,8.697652816772461,6.077940464019775
2015-01-20,8.86076545715332,6.127556800842285
2015-01-21,8.94094181060791,6.108953952789307
2015-01-22,8.849705696105957,6.099650859832764
2015-01-23,8.777825355529785,6.06243896484375
2015-01-26,8.570475578308105,5.984911918640137
2015-01-27,8.639593124389648,6.0159196853637695
2015-01-28,8.929883003234863,5.984911918640137
2015-01-29,9.032175064086914,6.046932220458984
2015-01-30,8.609180450439453,6.031428337097168
2015-02-02,8.722532272338867,6.1399617195129395
2015-02-03,8.730825424194336,6.177173614501953
2015-02-04,8.576004981994629,6.186476707458496
2015-02-05,8.484770774841309,6.118255138397217
2015-02-06,8.371418952941895,6.06553840637207
2015-02-09,8.51518440246582,6.046932220458984
2015-02-10,8.252540588378906,6.167871952056885
2015-02-11,8.459888458251953,6.124457359313965
2015-02-12,8.584301948547363,6.254698753356934
2015-02-13,8.797176361083984,6.205082416534424
2015-02-18,8.91329288482666,6.282607555389404
2015-02-19,9.012825012207031,6.4190521240234375
2015-02-20,8.736355781555176,6.406650066375732
2015-02-23,8.656181335449219,6.3725361824035645
2015-02-24,8.708709716796875,6.4500627517700195
2015-02-25,8.985177993774414,6.574102401733398
2015-02-26,9.192526817321777,6.62681770324707
2015-02-27,9.233997344970703,6.462463855743408
2015-03-02,9.021117210388184,6.496574401855469
2015-03-03,9.106821060180664,6.4655680656433105
2015-03-04,8.929883003234863,6.422152996063232
2015-03-05,9.123408317565918,6.403547286987305
2015-03-06,9.004528045654297,6.248495578765869
2015-03-09,8.90776538848877,6.21748685836792
2015-03-10,8.805471420288086,6.170970439910889
2015-03-11,8.976881980895996,6.170970439910889
2015-03-12,9.073646545410156,6.378738880157471
2015-03-13,9.131705284118652,6.279507637023926
2015-03-16,9.123408317565918,6.310516357421875
2015-03-17,9.30311393737793,6.40974760055542
2015-03-18,9.455172538757324,6.527585506439209
2015-03-19,9.496642112731934,6.543094158172607
2015-03-20,9.814577102661133,6.6981401443481445
2015-03-23,9.84222412109375,6.654726505279541
2015-03-24,9.922401428222656,6.800473690032959
2015-03-25,9.814577102661133,6.614413261413574
2015-03-26,9.53811264038086,6.6671295166015625
2015-03-27,9.457934379577637,6.605108737945557
2015-03-30,9.814577102661133,6.636122226715088
2015-03-31,9.759284973144531,6.527585506439209
2015-04-01,10.035750389099121,6.527585506439209
2015-04-02,10.00810432434082,6.512080192565918
2015-04-06,10.132514953613281,6.502777576446533
2015-04-07,9.944519996643066,6.512080192565918
2015-04-08,9.84222412109375,6.512080192565918
2015-04-09,9.947281837463379,6.499676704406738
2015-04-10,9.897514343261719,6.543094158172607
2015-04-13,9.869869232177734,6.508979320526123
2015-04-14,9.983219146728516,6.493475437164307
2015-04-15,9.961106300354004,6.530686855316162
2015-04-16,9.936223983764648,6.5399909019470215
2015-04-17,9.814577102661133,6.530686855316162
2015-04-20,9.745458602905273,6.512080192565918
2015-04-22,9.797989845275879,6.515181541442871
2015-04-23,10.00810432434082,6.444311141967773
2015-04-24,10.035750389099121,6.572876453399658
2015-04-27,9.786927223205566,6.489309787750244
2015-04-28,9.947281837463379,6.518235683441162
2015-04-29,9.786927223205566,6.524663925170898
2015-04-30,9.869869232177734,6.425025939941406
2015-05-04,10.229279518127441,6.524663925170898
2015-05-05,10.408981323242188,6.3960981369018555
2015-05-06,10.361980438232422,6.515021800994873
2015-05-07,10.270744323730469,6.476449966430664
2015-05-08,10.173983573913574,6.476449966430664
2015-05-11,10.244036674499512,6.421811580657959
2015-05-12,10.149364471435547,6.392885208129883
2015-05-13,9.940528869628906,6.267533302307129
2015-05-14,10.19112777709961,6.344672679901123
2015-05-15,10.13265609741211,6.399313926696777
2015-05-18,10.188347816467285,6.3960981369018555
2015-05-19,10.182779312133789,6.344672679901123
2015-05-20,10.01849365234375,6.235389709472656
2015-05-21,9.862565994262695,6.434670448303223
2015-05-22,9.792951583862305,6.5568037033081055
2015-05-25,9.85699462890625,6.412169456481934
2015-05-26,9.759537696838379,6.338244915008545
2015-05-27,9.870917320251465,6.524663925170898
2015-05-28,9.787383079528809,6.495736598968506
2015-05-29,9.42540454864502,6.630729675292969
2015-06-01,9.703849792480469,6.608229160308838
2015-06-02,9.762321472167969,6.730367660522461
2015-06-03,9.609180450439453,6.749650001525879
2015-06-05,9.60639476776123,6.82036018371582
2015-06-08,9.662083625793457,6.813935279846191
2015-06-09,9.634238243103027,6.923214435577393
2015-06-10,9.712203025817871,6.797862529754639
2015-06-11,9.703849792480469,6.8782196044921875
2015-06-12,9.46717357635498,6.778580188751221
2015-06-15,9.42540454864502,6.662868976593018
2015-06-16,9.383634567260742,6.6660847663879395
2015-06-17,9.2555513381958,6.630729675292969
2015-06-18,9.550703048706055,6.765721797943115
2015-06-19,9.531211853027344,6.82036018371582
2015-06-22,9.508935928344727,6.855716705322266
2015-06-23,9.522858619689941,6.794650077819824
2015-06-24,9.46717357635498,6.772152423858643
2015-06-25,9.361361503601074,6.826790809631348
2015-06-26,9.536779403686523,6.923214435577393
2015-06-29,9.46717357635498,6.781795978546143
2015-06-30,9.520073890686035,6.605016708374023
2015-07-01,9.536779403686523,6.762509346008301
2015-07-02,9.592473030090332,6.746437072753906
2015-07-03,9.634238243103027,6.768936634063721
2015-07-06,9.69271183013916,6.900713920593262
2015-07-07,9.773459434509277,6.942498683929443
2015-07-08,9.91268539428711,6.871788501739502
2015-07-10,10.05469036102295,6.810719966888428
2015-07-13,10.20505428314209,6.8075056076049805
2015-07-14,10.330353736877441,6.846072196960449
2015-07-15,10.288583755493164,6.797862529754639
2015-07-16,10.344274520874023,6.775364398956299
2015-07-17,10.163284301757812,6.6885833740234375
2015-07-20,9.9739408493042,6.897500991821289
2015-07-21,10.302511215209961,6.823578834533691
2015-07-22,10.2830171585083,6.765721797943115
2015-07-23,9.9739408493042,6.540735244750977
2015-07-24,9.740047454833984,6.527877330780029
2015-07-27,9.737262725830078,6.6757283210754395
2015-07-28,9.614747047424316,6.524663925170898
2015-07-29,9.790165901184082,6.492522239685059
2015-07-30,9.91268539428711,6.605016708374023
2015-07-31,10.093676567077637,6.817147731781006
2015-08-03,10.015708923339844,6.617873668670654
2015-08-04,10.024062156677246,6.723940849304199
2015-08-05,9.85699462890625,6.579304218292236
2015-08-06,9.773459434509277,6.437883377075195
2015-08-07,9.689926147460938,6.354315757751465
2015-08-10,9.737262725830078,6.40574312210083
2015-08-11,9.717772483825684,6.412169456481934
2015-08-12,9.662083625793457,6.360743999481201
2015-08-13,9.684356689453125,6.328604698181152
2015-08-14,9.68714427947998,6.290030002593994
2015-08-17,9.676003456115723,6.251465320587158
2015-08-18,9.720558166503906,6.344672679901123
2015-08-19,9.742833137512207,6.293247222900391
2015-08-20,9.60639476776123,6.171111106872559
2015-08-21,9.449190139770508,6.106828212738037
2015-08-24,9.189458847045898,5.881840229034424
2015-08-25,9.175339698791504,5.868983268737793
2015-08-26,9.525413513183594,5.8754143714904785
2015-08-27,9.598820686340332,5.984691619873047
2015-08-28,9.49718189239502,5.881840229034424
2015-08-31,9.468952178955078,5.946119785308838
2015-09-01,9.189458847045898,5.705066204071045
2015-09-02,9.056768417358398,5.721133232116699
2015-09-03,9.29109001159668,5.801486968994141
2015-09-04,9.034181594848633,5.643996238708496
2015-09-08,9.164048194885254,5.560426712036133
2015-09-09,9.217689514160156,5.640781402587891
2015-09-10,9.245920181274414,5.656851291656494
2015-09-11,9.333438873291016,5.743632793426514
2015-09-14,9.838788032531738,5.9268364906311035
2015-09-15,9.610111236572266,6.084329605102539
2015-09-16,9.742801666259766,6.2289652824401855
2015-09-17,9.796442031860352,6.2418212890625
2015-09-18,9.514121055603027,6.336182594299316
2015-09-21,9.477421760559082,6.258665561676025
2015-09-22,9.370140075683594,6.326070308685303
2015-09-23,9.214866638183594,6.329442024230957
2015-09-24,9.189458847045898,6.255295276641846
2015-09-25,9.223335266113281,6.019374370574951
2015-09-28,9.090642929077148,6.147446632385254
2015-09-29,9.260037422180176,6.292367935180664
2015-09-30,9.531061172485352,6.427183151245117
2015-10-01,9.316499710083008,6.322701930999756
2015-10-02,9.443540573120117,6.5383992195129395
2015-10-05,9.372964859008789,6.690063953399658
2015-10-06,9.302386283874512,6.791173458099365
2015-10-07,9.27979850769043,6.831620216369629
2015-10-08,9.372964859008789,6.899027347564697
2015-10-09,9.288270950317383,7.087763786315918
2015-10-13,9.274153709411621,7.027096271514893
2015-10-14,9.189458847045898,7.060799598693848
2015-10-15,9.375787734985352,6.929357051849365
2015-10-16,9.508476257324219,7.060799598693848
2015-10-19,9.56494140625,6.83499002456665
2015-10-20,9.655284881591797,6.673214435577393
2015-10-21,9.547999382019043,6.605806827545166
2015-10-22,9.584702491760254,6.706916809082031
2015-10-23,9.485891342163086,6.713657855987549
2015-10-26,9.528237342834473,6.690063953399658
2015-10-27,9.573410987854004,6.7406182289123535
2015-10-28,9.562116622924805,6.676581859588623
2015-10-29,9.514121055603027,6.491218566894531
2015-10-30,9.562116622924805,6.706916809082031
2015-11-03,10.191686630249023,6.757471084594727
2015-11-04,10.219917297363281,6.858580112457275
2015-11-05,10.236856460571289,6.888911724090576
2015-11-06,9.948891639709473,6.639513969421387
2015-11-09,9.872664451599121,6.437294006347656
2015-11-10,9.82467269897461,6.555253505706787
2015-11-11,9.937600135803223,6.514809608459473
2015-11-12,10.025116920471191,6.555253505706787
2015-11-13,9.940423011779785,6.622657775878906
2015-11-16,10.016647338867188,6.4979567527771
2015-11-17,9.979945182800293,6.5383992195129395
2015-11-18,10.248149871826172,6.531661510467529
2015-11-19,10.332845687866211,6.403590202331543
2015-11-23,10.27638053894043,6.447404384613037
2015-11-24,10.149740219116211,6.322701930999756
2015-11-25,9.983820915222168,6.177779197692871
2015-11-26,10.032453536987305,6.235071182250977
2015-11-27,9.740662574768066,6.019374370574951
2015-11-30,9.571880340576172,5.938486576080322
2015-12-01,9.611930847167969,5.928376197814941
2015-12-02,9.65770149230957,5.972189903259277
2015-12-03,9.797873497009277,6.066557884216309
2015-12-04,9.726362228393555,6.066557884216309
2015-12-07,9.712056159973145,6.0699286460876465
2015-12-08,9.597627639770508,5.840746879577637
2015-12-09,9.975239753723145,5.796933174133301
2015-12-10,9.800737380981445,5.796933174133301
2015-12-11,10.012430191040039,5.729526519775391
2015-12-14,9.803600311279297,5.7328972816467285
2015-12-15,9.68344783782959,5.635157585144043
2015-12-16,9.611930847167969,5.729526519775391
2015-12-17,9.697750091552734,5.682343006134033
2015-12-18,9.571880340576172,5.62841796875
2015-12-21,9.32872200012207,5.549389839172363
2015-12-22,9.540413856506348,5.621548652648926
2015-12-23,9.597627639770508,5.710888862609863
2015-12-28,9.726362228393555,5.704014778137207
2015-12-29,9.669145584106445,5.704014778137207
2015-12-30,9.580460548400879,5.755558967590332
2016-01-04,9.343026161193848,5.549389839172363
2016-01-05,9.454594612121582,5.463484764099121
2016-01-06,9.31441879272461,5.480664253234863
2016-01-07,9.097006797790527,5.298549175262451
2016-01-08,8.96827507019043,5.525336265563965
2016-01-11,8.982577323913574,5.583749294281006
2016-01-12,9.014045715332031,5.559696674346924
2016-01-13,8.96827507019043,5.583749294281006
2016-01-14,8.79663372039795,5.624985218048096
2016-01-15,8.510562896728516,5.377581596374512
2016-01-18,8.584940910339355,5.360400676727295
2016-01-19,8.69650936126709,5.411942958831787
2016-01-20,8.64501667022705,5.188594818115234
2016-01-21,8.63929271697998,5.291676998138428
2016-01-22,8.810937881469727,5.326039791107178
2016-01-26,8.839543342590332,5.40163516998291
2016-01-27,8.96827507019043,5.659344673156738
2016-01-28,9.154219627380371,5.7693023681640625
2016-01-29,9.680586814880371,5.9754719734191895
2016-02-01,9.686309814453125,6.092300891876221
2016-02-02,9.44315242767334,5.848335266113281
2016-02-03,9.448870658874512,5.824281692504883
2016-02-04,9.70919418334961,6.081991672515869
2016-02-05,9.67486572265625,6.133533954620361
2016-02-10,9.726362228393555,6.116352558135986
2016-02-11,9.726362228393555,6.07855749130249
2016-02-12,9.63481616973877,6.099174499511719
2016-02-15,9.669145584106445,6.047630310058594
2016-02-16,9.843647956848145,6.116352558135986
2016-02-17,9.983820915222168,6.260672092437744
2016-02-18,9.909443855285645,6.34657621383667
2016-02-19,9.872255325317383,6.350011348724365
2016-02-22,10.083946228027344,6.308778285980225
2016-02-23,10.006707191467285,6.387810230255127
2016-02-24,9.946634292602539,6.209129333496094
2016-02-25,10.009567260742188,6.3156514167785645
2016-02-26,9.949491500854492,6.398120880126953
2016-02-29,10.098248481750488,6.480586528778076
2016-03-01,10.295636177062988,6.545870780944824
2016-03-02,10.158323287963867,6.219437599182129
2016-03-03,10.352850914001465,6.2881622314453125
2016-03-04,10.484444618225098,6.384374141693115
2016-03-07,10.51304817199707,6.253800868988037
2016-03-08,10.770509719848633,6.167896747589111
2016-03-09,10.698993682861328,6.250363349914551
2016-03-10,10.653223037719727,6.250363349914551
2016-03-11,10.610315322875977,6.15758752822876
2016-03-14,10.455835342407227,6.291597366333008
2016-03-15,10.332825660705566,6.185077667236328
2016-03-16,10.378600120544434,6.205692291259766
2016-03-17,10.71043586730957,6.514947414398193
2016-03-18,10.67896556854248,6.504638671875
2016-03-21,10.927848815917969,6.676447868347168
2016-03-22,10.756210327148438,6.642085075378418
2016-03-23,10.653223037719727,6.707373142242432
2016-03-24,10.613173484802246,6.6283416748046875
2016-03-28,10.601729393005371,6.734859943389893
2016-03-29,10.673249244689941,6.889489650726318
2016-03-30,10.784815788269043,6.84481954574585
2016-03-31,10.493023872375488,6.8997955322265625
2016-04-01,10.644640922546387,6.7417311668396
2016-04-04,10.370016098022461,6.786404132843018
2016-04-05,10.2899169921875,6.700500011444092
2016-04-06,10.115411758422852,6.734859943389893
2016-04-07,10.181208610534668,6.710808753967285
2016-04-08,10.341408729553223,6.837944507598877
2016-04-11,10.35571002960205,6.855127334594727
2016-04-12,10.4443941116333,7.195305347442627
2016-04-13,10.584567070007324,7.092220783233643
2016-04-14,10.641780853271484,7.1128387451171875
2016-04-15,10.75906753540039,7.2159223556518555
2016-04-18,10.813423156738281,7.1128387451171875
2016-04-19,10.990784645080566,7.3599467277526855
2016-04-20,10.887798309326172,7.16200065612793
2016-04-22,10.799116134643555,7.197991847991943
2016-04-25,10.870635986328125,7.0972185134887695
2016-04-26,10.859193801879883,7.21238899230957
2016-04-27,11.09949016571045,7.26997184753418
2016-04-28,11.085188865661621,7.287965774536133
2016-04-29,10.91354751586914,7.039633750915527
2016-05-02,10.813423156738281,7.0972185134887695
2016-05-03,10.716157913208008,7.176397323608398
2016-05-04,10.856331825256348,7.115216255187988
2016-05-05,10.822005271911621,7.108015537261963
2016-05-06,10.713297843933105,6.8884782791137695
2016-05-09,10.584567070007324,6.9100728034973145
2016-05-10,10.68468952178955,7.018040180206299
2016-05-11,10.551519393920898,7.061229705810547
2016-05-12,10.617883682250977,7.165602684020996
2016-05-13,10.4447660446167,6.949660778045654
2016-05-16,10.450538635253906,6.90287446975708
2016-05-17,10.332240104675293,6.9100728034973145
2016-05-18,10.441883087158203,7.043231964111328
2016-05-19,10.323585510253906,6.838092803955078
2016-05-20,10.505356788635254,6.9964470863342285
2016-05-23,10.372633934020996,6.90287446975708
2016-05-24,10.47362232208252,6.8884782791137695
2016-05-25,10.294731140136719,6.822604179382324
2016-05-27,10.300503730773926,6.871017932891846
2016-05-30,10.271647453308105,6.815157413482666
2016-05-31,10.237025260925293,7.019983291625977
2016-06-01,10.355323791503906,6.777914524078369
2016-06-02,10.340895652770996,6.6177778244018555
2016-06-03,10.511130332946777,6.777914524078369
2016-06-06,10.415913581848145,6.539570331573486
2016-06-07,10.40148639678955,6.71460485458374
2016-06-08,10.64096736907959,6.852397441864014
2016-06-09,10.560178756713867,6.658742427825928
2016-06-10,10.398602485656738,6.595432281494141
2016-06-13,10.525556564331055,6.7257771492004395
2016-06-14,10.415913581848145,6.710882663726807
2016-06-15,10.4130277633667,6.815157413482666
2016-06-16,10.40148639678955,6.8486738204956055
2016-06-17,10.467851638793945,6.789086818695068
2016-06-20,10.545753479003906,6.8896379470825195
2016-06-21,10.534209251403809,6.960398197174072
2016-06-22,10.464963912963867,6.945499420166016
2016-06-23,10.704445838928223,7.1130876541137695
2016-06-24,10.499588012695312,6.979017734527588
2016-06-27,10.594801902770996,6.8896379470825195
2016-06-28,10.920838356018066,6.993915557861328
2016-06-29,11.093960762023926,7.083293914794922
2016-06-30,11.053565979003906,7.150329113006592
2016-07-01,11.013169288635254,7.317914009094238
2016-07-04,11.117036819458008,7.429637908935547
2016-07-05,11.18051528930664,7.556259632110596
2016-07-06,11.24976634979248,7.37377405166626
2016-07-07,11.313241958618164,7.299290657043457
2016-07-08,11.34786319732666,7.429637908935547
2016-07-11,11.598884582519531,7.671703338623047
2016-07-12,11.549835205078125,7.653085231781006
2016-07-13,11.619081497192383,7.746188640594482
2016-07-14,11.754692077636719,7.5264668464660645
2016-07-15,11.627740859985352,7.515295028686523
2016-07-18,11.671014785766602,7.675430774688721
2016-07-19,11.870100975036621,7.928672790527344
2016-07-20,11.942235946655273,8.11860179901123
2016-07-21,12.017251968383789,7.991982460021973
2016-07-22,12.089385986328125,7.969638347625732
2016-07-25,12.147090911865234,8.040396690368652
2016-07-26,12.02879524230957,8.315980911254883
2016-07-27,12.077842712402344,8.688392639160156
2016-07-28,11.916266441345215,8.870877265930176
2016-07-29,12.178829193115234,9.645495414733887
2016-08-01,12.13266372680664,9.269355773925781
2016-08-02,12.11823844909668,8.829909324645996
2016-08-03,12.334635734558105,8.740530967712402
2016-08-04,12.48466968536377,8.014326095581055
2016-08-05,12.409652709960938,8.26756763458252
2016-08-08,12.349061965942383,8.744256019592285
2016-08-09,12.284319877624512,8.937910079956055
2016-08-10,12.110095024108887,8.997495651245117
2016-08-11,12.25478744506836,8.937910079956055
2016-08-12,12.231164932250977,8.695843696594238
2016-08-15,12.257743835449219,8.59528923034668
2016-08-16,11.97425651550293,8.747977256774902
2016-08-17,12.358145713806152,8.844808578491211
2016-08-18,11.870904922485352,9.160186767578125
2016-08-19,11.921104431152344,8.984617233276367
2016-08-22,11.767548561096191,8.789961814880371
2016-08-23,11.56084156036377,8.625840187072754
2016-08-24,11.72325611114502,8.56859016418457
2016-08-25,11.664198875427246,8.709811210632324
2016-08-26,11.498831748962402,8.541872024536133
2016-08-29,11.76164722442627,8.721260070800781
2016-08-30,11.72620964050293,8.633476257324219
2016-08-31,11.516547203063965,8.85484504699707
2016-09-01,11.749833106994629,8.435004234313965
2016-09-02,11.97425651550293,8.683095932006836
2016-09-05,11.935870170593262,8.49988842010498
2016-09-06,11.941774368286133,8.881563186645508
2016-09-08,11.776411056518555,8.664011001586914
2016-09-09,11.484063148498535,8.396836280822754
2016-09-12,11.546082496643066,8.583858489990234
2016-09-13,11.442724227905273,8.400652885437012
2016-09-14,11.489974021911621,8.473172187805176
2016-09-15,11.557888984680176,8.587674140930176
2016-09-16,11.460442543029785,8.622024536132812
2016-09-19,11.516547203063965,8.694546699523926
2016-09-20,11.578561782836914,8.549507141113281
2016-09-21,11.678961753845215,8.473172187805176
2016-09-22,11.746883392333984,8.415919303894043
2016-09-23,11.708492279052734,8.320502281188965
2016-09-26,11.69372844696045,8.225086212158203
2016-09-27,11.649432182312012,8.328134536743164
2016-09-28,11.76164722442627,8.209815979003906
2016-09-29,11.599233627319336,8.144933700561523
2016-09-30,11.368902206420898,8.007528305053711
2016-10-03,11.551980972290039,7.976994037628174
2016-10-04,11.404336929321289,7.984629154205322
2016-10-05,11.537220001220703,7.94264554977417
2016-10-06,11.487019538879395,7.961727619171143
2016-10-07,11.543127059936523,7.9808149337768555
2016-10-10,11.5313138961792,8.110581398010254
2016-10-11,11.457491874694824,8.125848770141602
2016-10-13,11.634664535522461,8.167831420898438
2016-10-14,11.649432182312012,8.034247398376465
2016-10-17,11.826607704162598,8.015161514282227
2016-10-18,11.991974830627441,7.831961154937744
2016-10-19,11.867952346801758,7.976994037628174
2016-10-20,11.956539154052734,8.167831420898438
2016-10-21,12.006738662719727,8.190732955932617
2016-10-24,11.971305847167969,8.12966251373291
2016-10-25,11.959493637084961,8.10676383972168
2016-10-26,11.944726943969727,8.053332328796387
2016-10-27,11.989021301269531,8.122031211853027
2016-10-28,11.959493637084961,7.91974401473999
2016-10-31,11.97425651550293,7.91974401473999
2016-11-01,11.605137825012207,7.824326515197754
2016-11-03,11.38662052154541,7.828145503997803
2016-11-04,11.295075416564941,7.893026351928711
2016-11-07,11.543127059936523,7.976994037628174
2016-11-08,11.605137825012207,7.976994037628174
2016-11-09,11.413196563720703,7.74799108505249
2016-11-10,10.931861877441406,7.446465969085693
2016-11-11,10.567323684692383,7.122044563293457
2016-11-14,10.64248275756836,7.118228435516357
2016-11-16,10.852928161621094,7.091509819030762
2016-11-17,10.792799949645996,7.21364688873291
2016-11-18,10.81083869934082,7.194564342498779
2016-11-21,10.732674598693848,7.358684062957764
2016-11-22,10.726658821105957,7.198379039764404
2016-11-23,10.705615997314453,7.2556328773498535
2016-11-24,10.672544479370117,7.435636043548584
2016-11-25,10.651501655578613,7.435636043548584
2016-11-28,10.798810005187988,7.357034683227539
2016-11-29,10.672544479370117,7.211625576019287
2016-11-30,10.777769088745117,7.290222644805908
2016-12-01,10.284728050231934,7.11337423324585
2016-12-02,10.31779670715332,7.309875011444092
2016-12-05,10.224599838256836,7.368825912475586
2016-12-06,10.344853401184082,7.270574569702148
2016-12-07,10.272701263427734,7.231273174285889
2016-12-08,10.224599838256836,7.451356410980225
2016-12-09,10.251657485961914,7.60462760925293
2016-12-12,10.119378089904785,7.702879428863525
2016-12-13,10.221592903137207,7.663579940795898
2016-12-14,10.179503440856934,7.663579940795898
2016-12-15,10.218589782714844,7.65571928024292
2016-12-16,10.239631652832031,7.742181777954102
2016-12-19,10.221592903137207,7.867943286895752
2016-12-20,10.077286720275879,7.840429306030273
2016-12-21,10.110358238220215,7.993703365325928
2016-12-22,10.230612754821777,8.115531921386719
2016-12-23,10.26368236541748,8.0565824508667
2016-12-26,10.290739059448242,7.930822849273682
2016-12-27,10.281718254089355,7.9779815673828125
2016-12-28,10.462101936340332,8.076231956481934
2016-12-29,10.522229194641113,8.150904655456543
2017-01-02,10.477132797241211,8.410287857055664
2017-01-03,10.882990837097168,8.426007270812988
2017-01-04,10.744699478149414,8.351334571838379
2017-01-05,10.666532516479492,8.390637397766113
2017-01-06,10.534253120422363,8.31989574432373
2017-01-09,10.543270111083984,8.170553207397461
2017-01-10,10.537261009216309,8.3984956741333
2017-01-11,10.462101936340332,8.276662826538086
2017-01-12,10.612419128417969,8.481025695800781
2017-01-13,10.636470794677734,8.622509002685547
2017-01-16,10.516216278076172,8.606789588928223
2017-01-17,10.687577247619629,8.62644100189209
2017-01-18,10.717641830444336,8.685388565063477
2017-01-19,10.762737274169922,8.559630393981934
2017-01-20,10.777769088745117,8.646086692810059
2017-01-23,10.895015716552734,8.528188705444336
2017-01-24,10.681565284729004,8.55176830291748
2017-01-26,10.870964050292969,8.587139129638672
2017-01-27,10.852928161621094,8.650017738342285
2017-01-30,10.705615997314453,8.508536338806152
2017-01-31,10.762737274169922,8.433867454528809
2017-02-01,10.717641830444336,8.547835350036621
2017-02-02,10.858941078186035,8.618578910827637
2017-02-03,10.958148956298828,8.634299278259277
2017-02-06,10.913055419921875,8.524258613586426
2017-02-07,10.901028633117676,8.469237327575684
2017-02-08,10.943120002746582,8.363125801086426
2017-02-09,11.15356159210205,8.378846168518066
2017-02-10,11.168595314025879,8.370985984802246
2017-02-13,11.219700813293457,8.591073036193848
2017-02-14,11.060365676879883,8.429938316345215
2017-02-15,11.231731414794922,8.465307235717773
2017-02-16,11.168595314025879,8.579278945922852
2017-02-17,11.228720664978027,8.673600196838379
2017-02-20,11.24375057220459,8.697179794311523
2017-02-21,11.294859886169434,8.665740966796875
2017-02-22,11.333942413330078,8.720758438110352
2017-02-23,11.333942413330078,8.665740966796875
2017-02-24,11.117484092712402,8.650017738342285
2017-03-01,11.183623313903809,8.968351364135742
2017-03-02,11.120491027832031,8.87796401977539
2017-03-03,11.045336723327637,8.988003730773926
2017-03-06,11.123497009277344,9.035162925720215
2017-03-07,11.177613258361816,9.094114303588867
2017-03-08,11.015268325805664,8.85045051574707
2017-03-09,10.729665756225586,8.685388565063477
2017-03-10,10.774765014648438,9.011587142944336
2017-03-13,11.01827621459961,8.92512321472168
2017-03-14,10.882990837097168,8.740409851074219
2017-03-15,10.882990837097168,8.822941780090332
2017-03-16,10.988213539123535,8.48888874053955
2017-03-17,11.108464241027832,8.484957695007324
2017-03-20,10.991217613220215,8.528188705444336
2017-03-21,10.81083869934082,8.606789588928223
2017-03-22,10.83188247680664,8.591073036193848
2017-03-23,10.795806884765625,8.504609107971191
2017-03-24,10.882990837097168,8.63036823272705
2017-03-27,10.801817893981934,8.665740966796875
2017-03-28,10.681565284729004,8.815082550048828
2017-03-29,10.759730339050293,8.940842628479004
2017-03-30,10.64248275756836,8.960494995117188
2017-03-31,10.633462905883789,9.01944351196289
2017-04-03,10.669540405273438,9.098043441772461
2017-04-04,10.789793968200684,9.105902671813965
2017-04-05,10.660520553588867,9.031232833862305
2017-04-06,10.540265083312988,8.881892204284668
2017-04-07,10.522229194641113,8.830801963806152
2017-04-10,10.525233268737793,8.93298053741455
2017-04-11,10.507197380065918,9.054811477661133
2017-04-12,10.420011520385742,9.113763809204102
2017-04-13,10.221592903137207,8.995862007141113
2017-04-17,10.447068214416504,9.046954154968262
2017-04-18,10.462101936340332,9.16092586517334
2017-04-19,10.314790725708008,9.294544219970703
2017-04-20,10.35387134552002,9.219874382019043
2017-04-24,10.368901252746582,8.885823249816895
2017-04-25,10.447068214416504,9.098043441772461
2017-04-26,10.395960807800293,9.058744430541992
2017-04-27,10.323807716369629,9.15699291229248
2017-04-28,10.221592903137207,9.043022155761719
2017-05-02,10.426026344299316,9.21201229095459
2017-05-03,10.456087112426758,9.06267261505127
2017-05-04,10.350868225097656,8.960494995117188
2017-05-05,10.347858428955078,9.04376220703125
2017-05-08,10.284728050231934,9.244731903076172
2017-05-09,10.236623764038086,9.48590087890625
2017-05-10,10.320802688598633,9.562270164489746
2017-05-11,10.245644569396973,9.61854362487793
2017-05-12,10.350868225097656,9.646679878234863
2017-05-15,10.426026344299316,9.638640403747559
2017-05-16,10.48314380645752,9.807455062866211
2017-05-17,10.374918937683105,9.719032287597656
2017-05-18,9.833772659301758,9.164346694946289
2017-05-19,10.04121208190918,9.405510902404785
2017-05-22,9.96605396270752,9.204540252685547
2017-05-23,9.981085777282715,9.314398765563965
2017-05-24,10.080296516418457,9.330850601196289
2017-05-25,10.04121208190918,9.265056610107422
2017-05-26,10.13741397857666,9.50356674194336
2017-05-29,10.13741397857666,9.50356674194336
2017-05-30,10.153556823730469,9.643386840820312
2017-05-31,10.159680366516113,9.334961891174316
2017-06-01,10.22400188446045,9.211594581604004
2017-06-02,10.227065086364746,9.186920166015625
2017-06-05,10.150490760803223,9.026538848876953
2017-06-06,10.150490760803223,9.211594581604004
2017-06-07,10.248507499694824,9.203370094299316
2017-06-08,10.168869972229004,9.047099113464355
2017-06-09,10.19949722290039,8.985414505004883
2017-06-12,10.168869972229004,9.075886726379395
2017-06-13,10.20256233215332,8.985414505004883
2017-06-14,10.168869972229004,8.95662784576416
2017-06-15,10.168869972229004,8.95662784576416
2017-06-16,10.539480209350586,8.964853286743164
2017-06-19,10.658935546875,8.866159439086914
2017-06-20,10.597675323486328,8.833258628845215
2017-06-21,10.674251556396484,8.857934951782227
2017-06-22,10.6405611038208,8.878494262695312
2017-06-23,10.585427284240723,8.882609367370605
2017-06-26,10.692627906799316,9.05943775177002
2017-06-27,10.576237678527832,8.940178871154785
2017-06-28,10.674251556396484,8.841484069824219
2017-06-29,10.413904190063477,9.010090827941895
2017-06-30,10.38940143585205,9.063549041748047
2017-07-03,10.511914253234863,9.162246704101562
2017-07-04,10.490472793579102,9.306175231933594
2017-07-05,10.40471363067627,9.129349708557129
2017-07-06,10.438405990600586,8.92373275756836
2017-07-07,10.533355712890625,9.09644889831543
2017-07-10,10.658935546875,9.441884994506836
2017-07-11,10.6773099899292,9.425429344177246
2017-07-12,10.741633415222168,9.437769889831543
2017-07-13,10.717132568359375,9.589927673339844
2017-07-14,10.643622398376465,9.388422966003418
2017-07-17,10.643622398376465,9.306175231933594
2017-07-18,10.674251556396484,9.293837547302246
2017-07-19,10.625243186950684,9.260942459106445
2017-07-20,10.66506290435791,9.293837547302246
2017-07-21,10.66506290435791,9.367863655090332
2017-07-24,10.753883361816406,9.45422077178955
2017-07-25,10.815143585205078,9.618711471557617
2017-07-26,10.738570213317871,9.520015716552734
2017-07-27,10.741633415222168,9.639274597167969
2017-07-28,10.69875431060791,9.557028770446777
2017-07-31,10.720192909240723,9.548802375793457
2017-08-01,10.858028411865234,9.725631713867188
2017-08-02,10.980542182922363,9.540575981140137
2017-08-03,11.087742805480957,9.622823715209961
2017-08-04,11.087742805480957,9.766755104064941
2017-08-07,11.115309715270996,9.93536376953125
2017-08-08,10.998920440673828,9.766755104064941
2017-08-09,10.962164878845215,9.803765296936035
2017-08-10,10.894288063049316,9.622823715209961
2017-08-11,10.961282730102539,9.528241157531738
2017-08-14,11.044228553771973,9.429544448852539
2017-08-15,11.130359649658203,9.487122535705566
2017-08-16,10.999563217163086,9.41720962524414
2017-08-17,11.012325286865234,9.4183988571167
2017-08-18,11.130359649658203,9.4183988571167
2017-08-21,11.037843704223633,9.335416793823242
2017-08-22,11.136739730834961,9.501378059387207
2017-08-23,11.130359649658203,9.54702091217041
2017-08-24,11.165450096130371,9.4183988571167
2017-08-25,11.20692253112793,9.459888458251953
2017-08-28,11.277105331420898,9.501378059387207
2017-08-29,11.39832878112793,9.4183988571167
2017-08-30,11.340909004211426,9.252436637878418
2017-08-31,11.516363143920898,9.335416793823242
2017-09-01,11.54188346862793,9.688091278076172
2017-09-04,11.4429931640625,9.522123336791992
2017-09-05,11.548264503479004,9.571917533874512
2017-09-06,11.48446273803711,9.451593399047852
2017-09-07,11.48446273803711,9.451593399047852
2017-09-08,11.742864608764648,9.542868614196777
2017-09-11,12.071446418762207,9.625849723815918
2017-09-12,11.991694450378418,9.559463500976562
2017-09-13,12.004453659057617,9.54702091217041
2017-09-14,11.915129661560059,9.54702091217041
2017-09-15,11.663108825683594,9.679791450500488
2017-09-18,11.844948768615723,9.667341232299805
2017-09-19,11.739673614501953,9.405950546264648
2017-09-20,11.643972396850586,9.4183988571167
2017-09-21,11.545075416564941,9.281478881835938
2017-09-22,11.500415802001953,9.306375503540039
2017-09-25,11.43342399597168,9.181900978088379
2017-09-26,11.634403228759766,9.003494262695312
2017-09-27,11.449373245239258,9.003494262695312
2017-09-28,11.592927932739258,9.044981002807617
2017-09-29,11.564220428466797,9.231689453125
2017-10-02,11.458942413330078,9.26903247833252
2017-10-03,11.714153289794922,9.273180961608887
2017-10-04,11.682254791259766,9.215092658996582
2017-10-05,11.860897064208984,9.509675025939941
2017-10-06,11.78752613067627,9.459888458251953
2017-10-09,11.695013046264648,9.314675331115723
2017-10-10,11.822617530822754,9.273180961608887
2017-10-11,11.80347728729248,9.33956527709961
2017-10-12,11.80347728729248,9.33956527709961
2017-10-13,11.991694450378418,9.322969436645508
2017-10-16,11.860897064208984,9.08647346496582
2017-10-17,11.771574020385742,9.15285873413086
2017-10-18,11.707776069641113,9.14870548248291
2017-10-19,11.682254791259766,9.003494262695312
2017-10-20,11.634403228759766,9.003494262695312
2017-10-23,11.48446273803711,8.932953834533691
2017-10-24,11.557838439941406,8.870721817016602
2017-10-25,11.548264503479004,8.816779136657715
2017-10-26,11.48127555847168,8.592732429504395
2017-10-27,11.685441970825195,8.588582038879395
2017-10-30,11.487654685974121,8.505600929260254
2017-10-31,11.420659065246582,8.505600929260254
2017-11-01,11.363236427307129,8.443367004394531
2017-11-02,11.363236427307129,8.443367004394531
2017-11-03,11.251585960388184,8.576135635375977
2017-11-06,11.51955795288086,8.601030349731445
2017-11-07,11.391951560974121,8.418473243713379
2017-11-08,11.96936321258545,8.397727012634277
2017-11-09,12.029977798461914,8.410174369812012
2017-11-10,11.781773567199707,8.464109420776367
2017-11-13,11.785017013549805,8.435067176818848
2017-11-14,11.658437728881836,8.211018562316895
2017-11-15,11.658437728881836,8.211018562316895
2017-11-16,11.976510047912598,8.464109420776367
2017-11-17,11.875897407531738,8.576932907104492
2017-11-20,11.875897407531738,8.576932907104492
2017-11-21,12.041426658630371,8.648405075073242
2017-11-22,12.077128410339355,8.68204116821289
2017-11-23,12.171249389648438,8.703063011169434
2017-11-24,12.047918319702148,8.892258644104004
2017-11-27,12.005722045898438,9.073047637939453
2017-11-28,11.905107498168945,9.207588195800781
2017-11-29,11.720107078552246,9.123499870300293
2017-11-30,11.499396324157715,8.946914672851562
2017-12-01,11.466943740844727,8.837601661682129
2017-12-04,11.629227638244629,8.88385009765625
2017-12-05,11.4961519241333,8.88385009765625
2017-12-06,11.463698387145996,8.749309539794922
2017-12-07,11.35983657836914,8.618972778320312
2017-12-08,11.311150550842285,8.7409029006958
2017-12-11,11.32737922668457,8.669424057006836
2017-12-12,11.376062393188477,8.967935562133789
2017-12-13,11.294919967651367,8.787150382995605
2017-12-14,11.298164367675781,8.81237506866455
2017-12-15,11.525361061096191,8.745105743408203
2017-12-18,11.564312934875488,8.728290557861328
2017-12-19,11.385801315307617,8.562280654907227
2017-12-20,11.512378692626953,8.732672691345215
2017-12-21,11.518875122070312,8.758231163024902
2017-12-22,11.460451126098633,8.856208801269531
2017-12-25,11.460451126098633,8.856208801269531
2017-12-26,11.522120475769043,8.988261222839355
2017-12-27,11.593522071838379,8.971222877502441
2017-12-28,11.525361061096191,9.090502738952637
2017-12-29,11.525361061096191,9.090502738952637
2018-01-02,11.593522071838379,9.141619682312012
2018-01-03,11.51562786102295,9.154397964477539
2018-01-04,11.366327285766602,9.009561538696289
2018-01-05,11.4247465133667,9.052159309387207
2018-01-08,11.489662170410156,9.009561538696289
2018-01-09,11.489662170410156,8.843428611755371
2018-01-10,11.447469711303711,8.724154472351074
2018-01-11,11.333868980407715,8.66025447845459
2018-01-12,11.392291069030762,8.66025447845459
2018-01-15,11.453961372375488,8.753972053527832
2018-01-16,11.505890846252441,8.70285701751709
2018-01-17,11.677909851074219,8.732672691345215
2018-01-18,11.71685791015625,8.668774604797363
2018-01-19,11.927827835083008,8.66025447845459
2018-01-22,11.911601066589355,8.707112312316895
2018-01-23,11.629227638244629,8.655996322631836
2018-01-24,11.911601066589355,8.766753196716309
2018-01-25,11.911601066589355,8.766753196716309
2018-01-26,11.947300910949707,8.715633392333984
2018-01-29,11.888879776000977,8.715633392333984
2018-01-30,11.830459594726562,8.668774604797363
2018-01-31,11.66492748260498,8.583579063415527
2018-02-01,11.713613510131836,8.643218040466309
2018-02-02,11.684399604797363,8.6304349899292
2018-02-05,11.522120475769043,8.536720275878906
2018-02-06,11.668173789978027,8.57931900024414
2018-02-07,11.609749794006348,8.587837219238281
2018-02-08,11.41826057434082,8.4259672164917
2018-02-09,11.343607902526855,8.370583534240723
2018-02-14,11.499396324157715,8.68581485748291
2018-02-15,11.668173789978027,8.77527141571045
2018-02-16,11.924580574035645,8.79656982421875
2018-02-19,11.95054817199707,8.70285701751709
2018-02-20,12.25888442993164,8.851950645446777
2018-02-21,12.349763870239258,8.945667266845703
2018-02-22,12.398449897766113,8.92436408996582
2018-02-23,12.658100128173828,8.94992446899414
2018-02-26,12.8528413772583,9.116060256958008
2018-02-27,12.82038688659668,9.022343635559082
2018-02-28,12.706788063049316,8.732672691345215
2018-03-01,12.758718490600586,8.71137523651123
2018-03-02,12.706788063049316,8.860469818115234
2018-03-05,12.73924446105957,8.762491226196289
2018-03-06,12.547749519348145,8.71137523651123
2018-03-07,12.677573204040527,8.71137523651123
2018-03-08,12.693807601928711,8.71137523651123
2018-03-09,12.706788063049316,8.817870140075684
2018-03-12,12.778190612792969,8.898805618286133
2018-03-13,12.495820999145508,8.817870140075684
2018-03-14,12.430907249450684,8.77527141571045
2018-03-15,12.330290794372559,8.77527141571045
2018-03-16,12.460114479064941,8.860469818115234
2018-03-19,12.528276443481445,8.826390266418457
2018-03-20,12.593189239501953,8.68155288696289
2018-03-21,12.693807601928711,8.604878425598145
2018-03-22,12.550993919372559,8.651735305786133
2018-03-23,12.47634220123291,8.894547462463379
2018-03-26,12.495820999145508,8.945667266845703
2018-03-27,12.521783828735352,9.064940452575684
2018-03-28,12.54450511932373,9.086236953735352
2018-03-29,12.710033416748047,9.256630897521973
2018-04-02,12.492573738098145,9.16291618347168
2018-04-03,12.320552825927734,9.209774017333984
2018-04-04,12.388710021972656,9.337571144104004
2018-04-05,12.538013458251953,9.252373695373535
2018-04-06,12.401691436767578,9.047900199890137
2018-04-09,12.268619537353516,8.732672691345215
2018-04-10,12.495820999145508,8.79656982421875
2018-04-11,12.333535194396973,8.860469818115234
2018-04-12,12.4146728515625,8.847689628601074
2018-04-13,12.44713306427002,8.732672691345215
2018-04-16,12.16800594329834,8.732672691345215
2018-04-17,12.317310333251953,8.873249053955078
2018-04-18,12.385467529296875,8.877509117126465
2018-04-19,12.2296724319458,8.800829887390137
2018-04-20,12.197216033935547,9.005302429199219
2018-04-23,12.106338500976562,8.93288516998291
2018-04-24,12.495179176330566,8.941404342651367
2018-04-25,12.529413223266602,9.013821601867676
2018-04-26,12.905977249145508,8.91158676147461
2018-04-27,12.8854398727417,9.073457717895508
2018-04-30,12.662919044494629,9.069204330444336
2018-05-02,12.614995956420898,9.043641090393066
2018-05-03,12.556797981262207,8.948921203613281
2018-05-04,12.436979293823242,8.796504974365234
2018-05-07,12.365089416503906,8.931499481201172
2018-05-08,12.303470611572266,8.84005069732666
2018-05-09,12.317163467407227,8.752960205078125
2018-05-10,12.7279634475708,8.966341972351074
2018-05-11,12.642379760742188,8.883600234985352
2018-05-14,12.66634464263916,8.887953758239746
2018-05-15,12.656070709228516,8.58383846282959
2018-05-16,13.24831485748291,8.651602745056152
2018-05-17,12.967595100402832,8.574799537658691
2018-05-18,13.241466522216797,8.493480682373047
2018-05-21,13.214077949523926,8.479930877685547
2018-05-22,13.083991050720215,8.787140846252441
2018-05-23,13.090836524963379,8.53865909576416
2018-05-24,12.90255355834961,8.466373443603516
2018-05-25,12.875164985656738,8.461854934692383
2018-05-28,12.659497261047363,8.172717094421387
2018-05-29,12.426711082458496,8.366984367370605
2018-05-30,12.662919044494629,8.692266464233398
2018-06-01,12.871743202209473,8.940744400024414
2018-06-04,12.762195587158203,8.909120559692383
2018-06-05,12.392476081848145,8.841351509094238
2018-06-06,12.169960021972656,8.755514144897461
2018-06-07,11.99879264831543,8.638052940368652
2018-06-08,11.89267349243164,8.561249732971191
2018-06-11,11.796815872192383,8.62449836730957
2018-06-12,11.707808494567871,8.511553764343262
2018-06-13,11.646191596984863,8.601908683776855
2018-06-14,11.485292434692383,8.606427192687988
2018-06-15,11.71123218536377,8.588358879089355
2018-06-18,11.509256362915039,8.588358879089355
2018-06-19,11.485292434692383,8.53865909576416
2018-06-20,11.468177795410156,8.66064167022705
2018-06-21,11.440788269042969,8.4347505569458
2018-06-22,11.564030647277832,8.430232048034668
2018-06-25,11.639345169067383,8.516073226928711
2018-06-26,11.748888969421387,8.511553764343262
2018-06-27,11.748888969421387,8.398608207702637
2018-06-28,11.78654670715332,8.389570236206055
2018-06-29,11.718077659606934,8.448304176330566
2018-07-02,11.728349685668945,8.511553764343262
2018-07-03,11.810506820678711,8.592875480651855
2018-07-04,11.930326461791992,8.913639068603516
2018-07-05,11.831049919128418,8.891046524047852
2018-07-06,11.731771469116211,8.9181547164917
2018-07-10,11.776278495788574,8.945261001586914
2018-07-11,11.923480033874512,8.796174049377441
2018-07-12,12.1049165725708,8.746479988098145
2018-07-13,12.419864654541016,8.841351509094238
2018-07-16,12.395901679992676,9.031100273132324
2018-07-17,12.152844429016113,9.062726020812988
2018-07-18,12.125455856323242,9.049176216125488
2018-07-19,12.169960021972656,8.967849731445312
2018-07-20,12.300047874450684,8.9181547164917
2018-07-23,12.214463233947754,8.832315444946289
2018-07-24,12.361669540405273,8.945261001586914
2018-07-25,12.567068099975586,9.157600402832031
2018-07-26,12.51229476928711,9.08531665802002
2018-07-27,12.601301193237305,9.08531665802002
2018-07-30,12.707425117492676,9.080799102783203
2018-07-31,12.79985237121582,9.1304931640625
2018-08-01,12.775891304016113,9.139528274536133
2018-08-02,12.775891304016113,9.089832305908203
2018-08-03,12.88885498046875,9.198259353637695
2018-08-06,12.909402847290039,9.180190086364746
2018-08-07,12.56364631652832,9.080799102783203
2018-08-08,12.53283405303955,9.157600402832031
2018-08-09,13.09768295288086,9.107903480529785
2018-08-10,12.765620231628418,8.976980209350586
2018-08-13,12.76904296875,9.064903259277344
2018-08-14,12.830665588378906,9.393439292907715
2018-08-15,12.717695236206055,9.509123802185059
2018-08-16,12.717695236206055,9.638688087463379
2018-08-17,12.68346118927002,9.439714431762695
2018-08-20,12.78615951538086,9.324034690856934
2018-08-21,12.697134971618652,9.138940811157227
2018-08-22,12.937721252441406,9.337913513183594
2018-08-23,12.765359878540039,9.208346366882324
2018-08-24,12.926945686340332,9.069530487060547
2018-08-27,13.138805389404297,9.2222318649292
2018-08-28,13.178306579589844,9.1990966796875
2018-08-29,13.171122550964355,9.259248733520508
2018-08-30,13.052627563476562,9.129685401916504
2018-08-31,13.250118255615234,9.300894737243652
2018-09-03,13.300390243530273,9.236111640930176
2018-09-04,13.07058048248291,9.106546401977539
2018-09-05,13.049033164978027,9.16207504272461
2018-09-06,13.2716646194458,9.138940811157227
2018-09-10,13.260892868041992,9.175959587097168
2018-09-11,13.113669395446777,8.981611251831055
2018-09-12,13.034673690795898,9.046390533447266
2018-09-13,13.084943771362305,8.94922161102295
2018-09-14,12.98440170288086,8.953847885131836
2018-09-17,13.063396453857422,9.000120162963867
2018-09-18,13.052627563476562,8.944589614868164
2018-09-19,12.905401229858398,8.976980209350586
2018-09-20,12.858717918395996,9.069530487060547
2018-09-21,12.926945686340332,9.217602729797363
2018-09-24,12.819223403930664,9.064903259277344
2018-09-25,12.776131629943848,8.976980209350586
2018-09-26,12.826403617858887,9.16207504272461
2018-09-27,12.707903861999512,9.171329498291016
2018-09-28,12.740224838256836,9.254619598388672
2018-10-01,12.682772636413574,9.129685401916504
2018-10-02,12.93412971496582,9.41657543182373
2018-10-03,13.081351280212402,9.712724685668945
2018-10-04,13.124441146850586,9.925581932067871
2018-10-05,12.95926570892334,9.88856315612793
2018-10-08,13.124441146850586,9.994991302490234
2018-10-09,13.189079284667969,10.018126487731934
2018-10-10,12.9700345993042,9.809897422790527
2018-10-11,12.725862503051758,9.809897422790527
2018-10-15,12.901809692382812,10.138440132141113
2018-10-16,13.20344352722168,10.180082321166992
2018-10-17,13.379390716552734,10.189339637756348
2018-10-18,13.519430160522461,10.226357460021973
2018-10-19,13.645106315612793,10.180082321166992
2018-10-22,13.68101978302002,10.180082321166992
2018-10-23,13.720515251159668,10.166200637817383
2018-10-24,13.537383079528809,10.133810043334961
2018-10-25,13.555339813232422,10.193967819213867
2018-10-26,13.842605590820312,10.374430656433105
2018-10-29,13.824655532836914,10.305018424987793
2018-10-30,14.194506645202637,10.342039108276367
2018-10-31,14.291458129882812,10.300395011901855
2018-11-01,14.420729637145996,10.388311386108398
2018-11-05,14.736716270446777,10.642817497253418
2018-11-06,14.7223539352417,10.63818645477295
2018-11-07,14.790582656860352,10.670580863952637
2018-11-08,14.409956932067871,10.40219497680664
2018-11-09,14.707991600036621,10.573405265808105
2018-11-12,14.865988731384277,10.688780784606934
2018-11-13,15.127906799316406,10.650568962097168
2018-11-14,15.437179565429688,10.736540794372559
2018-11-16,15.750225067138672,10.889374732971191
2018-11-19,15.803024291992188,10.86549186706543
2018-11-21,15.437179565429688,10.741314888000488
2018-11-22,15.520153045654297,10.86549186706543
2018-11-23,15.49375057220459,10.650568962097168
2018-11-26,15.689876556396484,10.492961883544922
2018-11-27,16.425338745117188,10.803406715393066
2018-11-28,16.595064163208008,10.817733764648438
2018-11-29,16.538488388061523,10.817733764648438
2018-11-30,16.221675872802734,10.736540794372559
2018-12-03,16.3310489654541,10.755640983581543
2018-12-04,16.406478881835938,10.851165771484375
2018-12-05,16.6214656829834,10.989669799804688
2018-12-06,16.696895599365234,10.922806739807129
2018-12-07,16.794954299926758,10.602813720703125
2018-12-10,16.61391830444336,10.631467819213867
2018-12-11,16.489456176757812,10.913252830505371
2018-12-12,16.180185317993164,11.25713062286377
2018-12-13,16.14718246459961,11.323991775512695
2018-12-14,16.203754425048828,11.519811630249023
2018-12-17,15.982169151306152,11.27145767211914
2018-12-18,15.897318840026855,11.076776504516602
2018-12-19,15.543724060058594,10.921311378479004
2018-12-20,15.793597221374512,11.003901481628418
2018-12-21,15.534296989440918,11.358551025390625
2018-12-26,15.56729793548584,11.309969902038574
2018-12-27,15.73129653930664,11.324544906616211
2018-12-28,15.798283576965332,11.465435028076172
2019-01-02,16.334142684936523,11.761786460876465
2019-01-03,16.8700008392334,11.795794486999512
2019-01-04,16.994396209716797,12.262187004089355
2019-01-07,16.88913917541504,12.05813980102539
2019-01-08,17.080516815185547,12.048421859741211
2019-01-09,17.535043716430664,12.048421859741211
2019-01-10,17.329307556152344,12.145587921142578
2019-01-11,17.616374969482422,12.383642196655273
2019-01-14,17.850818634033203,12.398215293884277
2019-01-15,17.7790470123291,12.218457221984863
2019-01-16,17.702495574951172,12.27190113067627
2019-01-17,17.970430374145508,12.1747407913208
2019-01-18,18.415382385253906,12.339916229248047
2019-01-21,18.501501083374023,12.27190113067627
2019-01-22,18.63068199157715,12.339916229248047
2019-01-23,19.640201568603516,12.315625190734863
2019-01-24,20.0947265625,12.558537483215332
2019-01-28,20.86024284362793,12.417646408081055
2019-01-29,20.38179588317871,12.539107322692871
2019-01-30,20.314815521240234,12.471090316772461
2019-01-31,20.02295684814453,12.495377540588379
2019-02-01,20.410499572753906,12.495377540588379
2019-02-04,20.970277786254883,12.539107322692871
2019-02-05,20.9559326171875,12.75286865234375
2019-02-06,19.999040603637695,12.296194076538086
2019-02-07,20.286104202270508,12.281620979309082
2019-02-08,20.76933479309082,12.539107322692871
2019-02-11,20.750198364257812,12.383642196655273
2019-02-12,20.917654037475586,12.29133415222168
2019-02-13,20.582738876342773,12.378782272338867
2019-02-14,20.85545539855957,12.509955406188965
2019-02-15,20.6592960357666,12.514810562133789
2019-02-18,20.40093421936035,12.466227531433105
2019-02-19,21.290842056274414,12.636269569396973
2019-02-20,20.0947265625,12.480806350708008
2019-02-21,20.075586318969727,12.179594993591309
2019-02-22,20.02295684814453,12.20874309539795
2019-02-25,20.147354125976562,12.169876098632812
2019-02-26,19.845935821533203,12.1747407913208
2019-02-27,20.142566680908203,12.281620979309082
2019-02-28,19.692832946777344,12.131011009216309
2019-03-01,19.310073852539062,12.033846855163574
2019-03-06,19.042144775390625,12.009556770324707
2019-03-07,18.893821716308594,11.89781665802002
2019-03-08,19.21917152404785,12.126152992248535
2019-03-11,19.243087768554688,12.40793228149414
2019-03-12,19.683259963989258,12.621691703796387
2019-03-13,20.290889739990234,12.718855857849121
2019-03-14,20.53489875793457,12.626551628112793
2019-03-15,20.668859481811523,12.68484878540039
2019-03-18,20.7119197845459,12.74315071105957
2019-03-19,20.668859481811523,12.626551628112793
2019-03-20,20.338729858398438,12.466227531433105
2019-03-21,19.975112915039062,12.111577987670898
2019-03-22,19.56843376159668,11.883241653442383
2019-03-25,19.82679557800293,11.994982719421387
2019-03-26,20.137786865234375,12.024127960205078
2019-03-27,19.707183837890625,11.708343505859375
2019-03-28,20.410499572753906,12.009556770324707
2019-03-29,20.434423446655273,12.067853927612305
2019-04-01,20.73105812072754,12.08729076385498
2019-04-02,20.333946228027344,12.048421859741211
2019-04-03,20.7358455657959,11.985268592834473
2019-04-04,20.975067138671875,12.033846855163574
2019-04-05,21.0564022064209,12.364209175109863
2019-04-08,21.195154190063477,12.519668579101562
2019-04-09,20.515756607055664,12.44194221496582
2019-04-10,20.458345413208008,12.50510025024414
2019-04-11,20.0947265625,12.339916229248047
2019-04-12,20.099512100219727,12.131011009216309
2019-04-15,20.247827529907227,12.398215293884277
2019-04-16,20.491838455200195,12.480806350708008
2019-04-17,20.243043899536133,12.451658248901367
2019-04-18,20.271747589111328,12.641130447387695
2019-04-22,20.501405715942383,12.772300720214844
2019-04-23,20.764549255371094,12.704282760620117
2019-04-24,20.664079666137695,12.782014846801758
2019-04-25,20.97985076904297,12.68484878540039
2019-04-26,21.18558120727539,12.63140869140625
2019-04-29,21.34825325012207,12.704282760620117
2019-04-30,21.286052703857422,12.75286865234375
2019-05-02,20.764549255371094,12.850032806396484
2019-05-03,20.367443084716797,12.728574752807617
2019-05-06,20.410499572753906,12.687479019165039
2019-05-07,20.234657287597656,12.7461519241333
2019-05-08,20.21068000793457,12.902606010437012
2019-05-09,20.30658721923828,12.87816047668457
2019-05-10,20.41207504272461,12.707036972045898
2019-05-13,20.301786422729492,12.408798217773438
2019-05-14,20.042861938476562,12.565253257751465
2019-05-15,20.138761520385742,12.27189826965332
2019-05-16,19.927778244018555,12.125222206115723
2019-05-17,19.29964256286621,11.851428985595703
2019-05-20,20.09080696105957,12.311868667602539
2019-05-21,20.273021697998047,12.391008377075195
2019-05-22,20.21068000793457,12.430583000183105
2019-05-23,19.9565486907959,12.484996795654297
2019-05-24,20.023679733276367,12.415741920471191
2019-05-27,20.100399017333984,12.460260391235352
2019-05-28,20.41207504272461,12.73232364654541
2019-05-29,20.61825180053711,12.663069725036621
2019-05-30,21.198440551757812,12.697694778442383
2019-05-31,22.210172653198242,13.123095512390137
2019-06-03,22.58897590637207,13.078577995300293
2019-06-04,22.301280975341797,13.132987022399902
2019-06-05,22.363611221313477,13.18740177154541
2019-06-06,22.0950927734375,13.459457397460938
2019-06-07,22.15263557434082,13.578177452087402
2019-06-10,21.620397567749023,13.55344295501709
2019-06-11,21.55327033996582,13.400099754333496
2019-06-12,21.097747802734375,13.28138256072998
2019-06-13,21.284748077392578,13.291275978088379
2019-06-14,20.91074562072754,13.1478271484375
2019-06-17,20.647024154663086,13.108258247375488
2019-06-18,20.94430923461914,13.207183837890625
2019-06-19,20.790870666503906,13.33084487915039
2019-06-21,20.70935821533203,13.271490097045898
2019-06-24,20.589488983154297,13.429774284362793
2019-06-25,20.34494400024414,13.256651878356934
2019-06-26,20.373716354370117,13.340740203857422
2019-06-27,20.469614028930664,13.405046463012695
2019-06-28,20.843616485595703,13.43472671508789
2019-07-01,20.858001708984375,13.55344295501709
2019-07-02,20.958696365356445,13.55344295501709
2019-07-03,21.126522064208984,13.686997413635254
2019-07-04,21.260780334472656,13.741410255432129
2019-07-05,21.36147117614746,13.865071296691895
2019-07-08,21.658756256103516,14.018409729003906
2019-07-10,22.13345718383789,14.191537857055664
2019-07-11,22.071121215820312,14.325098037719727
2019-07-12,22.296489715576172,14.087665557861328
2019-07-15,22.05194091796875,13.865071296691895
2019-07-16,22.248531341552734,13.76119327545166
2019-07-17,22.392385482788086,13.790873527526855
2019-07-18,22.411563873291016,13.924432754516602
2019-07-19,22.488283157348633,13.929375648498535
2019-07-22,22.560205459594727,14.057987213134766
2019-07-23,22.344432830810547,14.062932014465332
2019-07-24,22.512252807617188,14.038200378417969
2019-07-25,22.40676498413086,13.899697303771973
2019-07-26,22.92462158203125,13.790873527526855
2019-07-29,23.269855499267578,13.69194221496582
2019-07-30,23.423295974731445,13.8353910446167
2019-07-31,23.145193099975586,13.76119327545166
2019-08-01,23.06367301940918,14.003571510314941
2019-08-02,23.17395782470703,13.998626708984375
2019-08-05,22.728031158447266,13.855178833007812
2019-08-06,23.255468368530273,14.24100399017334
2019-08-07,22.728031158447266,14.191537857055664
2019-08-08,22.775978088378906,14.295416831970215
2019-08-09,22.948593139648438,14.331951141357422
2019-08-12,22.632129669189453,14.352243423461914
2019-08-13,22.967775344848633,14.600828170776367
2019-08-14,22.138254165649414,14.24062728881836
2019-08-15,21.74506378173828,14.002189636230469
2019-08-16,21.649166107177734,14.002189636230469
2019-08-19,21.649166107177734,13.890576362609863
2019-08-20,21.24639129638672,13.697793006896973
2019-08-21,21.371063232421875,13.966672897338867
2019-08-22,21.102542877197266,14.037700653076172
2019-08-23,20.968286514282227,13.819548606872559
2019-08-26,20.63263511657715,13.616619110107422
2019-08-27,20.603870391845703,13.865206718444824
2019-08-28,20.834022521972656,13.905795097351074
2019-08-29,21.10733985900879,14.073213577270508
2019-08-30,21.56765365600586,14.255851745605469
2019-09-02,21.21761703491211,14.194969177246094
2019-09-03,21.06897735595703,14.205119132995605
2019-09-04,21.203237533569336,14.458782196044922
2019-09-05,21.428598403930664,14.40804672241211
2019-09-06,21.097747802734375,14.38775634765625
2019-09-09,20.977872848510742,14.255851745605469
2019-09-10,20.91074562072754,14.144234657287598
2019-09-11,21.275161743164062,14.550098419189453
2019-09-12,21.41901206970215,14.712441444396973
2019-09-13,21.10733985900879,14.539953231811523
2019-09-16,21.299135208129883,14.453703880310059
2019-09-17,21.0497989654541,14.631268501281738
2019-09-18,21.083362579345703,14.712441444396973
2019-09-19,21.658756256103516,14.890007019042969
2019-09-20,21.52449607849121,14.682000160217285
2019-09-23,21.414215087890625,14.616049766540527
2019-09-24,21.438188552856445,14.534878730773926
2019-09-25,21.102542877197266,14.468925476074219
2019-09-26,21.0497989654541,14.311657905578613
2019-09-27,21.073774337768555,14.357315063476562
2019-09-30,21.284748077392578,14.610974311828613
2019-10-01,21.308727264404297,14.534878730773926
2019-10-02,20.91074562072754,14.179752349853516
2019-10-03,21.083362579345703,14.301509857177734
2019-10-04,21.102542877197266,14.30657958984375
2019-10-07,20.584688186645508,13.895649909973145
2019-10-08,20.460018157958984,13.926087379455566
2019-10-09,20.368919372558594,13.95145320892334
2019-10-10,20.234657287597656,13.910867691040039
2019-10-11,20.670995712280273,14.189896583557129
2019-10-14,21.011438369750977,14.24062728881836
2019-10-15,20.72374153137207,14.10872745513916
2019-10-16,20.766897201538086,14.088431358337402
2019-10-17,20.891565322875977,14.118868827819824
2019-10-18,20.982667922973633,14.235557556152344
2019-10-21,21.164880752563477,14.2609224319458
2019-10-22,21.073774337768555,14.337023735046387
2019-10-23,20.973079681396484,14.296439170837402
2019-10-24,21.00664710998535,14.235557556152344
2019-10-25,20.87238311767578,14.078285217285156
2019-10-28,21.203237533569336,14.205119132995605
2019-10-29,21.428598403930664,14.154386520385742
2019-10-30,21.725887298583984,14.382683753967285
2019-10-31,21.70191764831543,14.560242652893066
2019-11-01,22.04714584350586,14.545029640197754
2019-11-04,22.0615291595459,14.616049766540527
2019-11-05,22.042356491088867,14.610974311828613
2019-11-06,22.066320419311523,14.494292259216309
2019-11-07,22.17660903930664,14.616049766540527
2019-11-08,21.673139572143555,14.463852882385254
2019-11-11,21.610809326171875,14.250775337219238
2019-11-12,21.371063232421875,14.2609224319458
2019-11-13,21.303930282592773,14.397902488708496
2019-11-14,21.25118637084961,14.286293029785156
2019-11-18,21.457372665405273,14.337023735046387
2019-11-19,21.433391571044922,14.331951141357422
2019-11-21,21.44298553466797,14.389618873596191
2019-11-22,21.74985694885254,14.482717514038086
2019-11-25,21.74506378173828,14.410303115844727
2019-11-26,21.50052261352539,14.41547679901123
2019-11-27,21.797813415527344,14.462035179138184
2019-11-28,22.229352951049805,14.54996109008789
2019-11-29,22.42594337463379,14.617202758789062
2019-12-02,22.464305877685547,14.777545928955078
2019-12-03,22.784883499145508,14.870648384094238
2019-12-04,23.255645751953125,14.8447847366333
2019-12-05,23.607473373413086,14.98961353302002
2019-12-06,23.612430572509766,14.968926429748535
2019-12-09,23.53809928894043,15.144787788391113
2019-12-10,23.424129486083984,15.268925666809082
2019-12-11,23.6619815826416,15.284440994262695
2019-12-12,23.701629638671875,15.46547794342041
2019-12-13,23.780916213989258,15.58961296081543
2019-12-16,23.54305648803711,15.724096298217773
2019-12-17,23.438993453979492,15.62545108795166
2019-12-18,24.618377685546875,15.82838249206543
2019-12-19,24.157522201538086,15.948052406311035
2019-12-20,24.043554306030273,15.77114200592041
2019-12-23,24.702619552612305,15.854394912719727
2019-12-26,25.331953048706055,16.08854103088379
2019-12-27,25.17833709716797,16.026103973388672
2019-12-30,25.17337989807129,16.16138458251953
2020-01-02,25.76802635192871,16.046916961669922
2020-01-03,25.91668128967285,16.026103973388672
2020-01-06,25.698650360107422,16.124961853027344
2020-01-07,25.753164291381836,15.932443618774414
2020-01-08,25.4954833984375,15.77114200592041
2020-01-09,25.569812774658203,15.573418617248535
2020-01-10,25.951379776000977,15.843987464904785
2020-01-13,26.441957473754883,15.92203426361084
2020-01-14,26.80866050720215,15.890819549560547
2020-01-15,26.486553192138672,16.005287170410156
2020-01-16,26.308156967163086,15.968868255615234
2020-01-17,26.476652145385742,16.29667091369629
2020-01-20,26.461788177490234,16.650493621826172
2020-01-21,26.560888290405273,16.614065170288086
2020-01-22,26.565841674804688,16.588056564331055
2020-01-23,26.560888290405273,16.733749389648438
2020-01-24,26.694684982299805,16.624481201171875
2020-01-27,26.174375534057617,16.468381881713867
2020-01-28,26.506380081176758,16.57765007019043
2020-01-29,26.27347755432129,16.546424865722656
2020-01-30,26.01579475402832,16.2602481842041
2020-01-31,25.792800903320312,16.19780921936035
2020-02-03,26.065345764160156,16.255043029785156
2020-02-04,26.189233779907227,16.244644165039062
2020-02-05,26.164459228515625,16.270660400390625
2020-02-06,25.67387580871582,16.07292938232422
2020-02-07,24.93552017211914,15.885615348815918
2020-02-10,24.74226188659668,15.52138614654541
2020-02-11,25.20806884765625,15.974071502685547
2020-02-12,25.17337989807129,16.33309555053711
2020-02-13,24.950389862060547,16.2186222076416
2020-02-14,24.876054763793945,16.145774841308594
2020-02-17,25.07426643371582,16.385129928588867
2020-02-18,25.19816017150879,16.21341896057129
2020-02-19,25.21797752380371,16.374719619750977
2020-02-20,24.464759826660156,15.948052406311035
2020-02-21,24.846324920654297,16.000083923339844
2020-02-26,23.780916213989258,15.365285873413086
2020-02-27,22.99300765991211,15.651464462280273
2020-02-28,23.5529727935791,15.282031059265137
2020-03-02,24.033639907836914,15.73471736907959
2020-03-03,24.048505783081055,15.729516983032227
2020-03-04,25.17337989807129,16.20301628112793
2020-03-05,24.182302474975586,15.5578031539917
2020-03-06,23.785869598388672,15.360082626342773
2020-03-09,22.185279846191406,15.089512825012207
2020-03-10,23.290334701538086,15.760736465454102
2020-03-11,22.433048248291016,15.479757308959961
2020-03-12,21.72442626953125,14.553573608398438
2020-03-13,23.880023956298828,15.006260871887207
2020-03-16,21.58072280883789,13.949994087219238
2020-03-17,23.20113754272461,14.329834938049316
2020-03-18,21.749204635620117,13.679421424865723
2020-03-19,20.65406036376953,13.507713317871094
2020-03-20,19.895889282226562,13.564955711364746
2020-03-23,18.820571899414062,12.768847465515137
2020-03-24,18.716508865356445,13.034214973449707
2020-03-25,18.944456100463867,13.122669219970703
2020-03-26,20.440980911254883,13.528529167175293
2020-03-27,19.37061882019043,13.252751350402832
2020-03-30,19.72245216369629,13.148689270019531
2020-03-31,19.286376953125,13.382833480834961
2020-04-01,18.929588317871094,13.221529960632324
2020-04-02,18.88498878479004,13.710638999938965
2020-04-03,18.612443923950195,13.788690567016602
2020-04-06,19.251689910888672,14.100885391235352
2020-04-07,19.048513412475586,14.048859596252441
2020-04-08,19.306198120117188,14.069668769836426
2020-04-09,19.459814071655273,13.99682331085205
2020-04-13,19.816604614257812,14.048859596252441
2020-04-14,20.317096710205078,14.309019088745117
2020-04-15,19.99004364013672,14.267394065856934
2020-04-16,20.06932830810547,14.054059982299805
2020-04-17,19.84633445739746,13.934381484985352
2020-04-20,20.133743286132812,13.970809936523438
2020-04-22,20.33196258544922,14.407880783081055
2020-04-23,20.25267791748047,14.558780670166016
2020-04-24,18.944456100463867,14.147716522216797
2020-04-27,19.86615562438965,14.631623268127441
2020-04-28,19.950395584106445,14.725282669067383
2020-04-29,19.82651710510254,14.4130859375
2020-04-30,19.38549041748047,14.309019088745117
2020-05-04,19.27151107788086,14.256985664367676
2020-05-05,19.29133415222168,14.387066841125488
2020-05-06,19.22195816040039,14.361051559448242
2020-05-07,18.334941864013672,14.062153816223145
2020-05-08,18.944456100463867,14.16689395904541
2020-05-11,18.691728591918945,13.931217193603516
2020-05-12,18.38449478149414,13.800281524658203
2020-05-13,18.19619369506836,13.894556999206543
2020-05-14,19.00391960144043,14.140713691711426
2020-05-15,19.02869987487793,14.088336944580078
2020-05-18,19.767053604125977,14.564933776855469
2020-05-19,19.53910255432129,14.580641746520996
2020-05-20,19.350799560546875,14.554693222045898
2020-05-21,19.762094497680664,15.000631332397461
2020-05-22,19.4697322845459,15.006001472473145
2020-05-25,20.450891494750977,15.322989463806152
2020-05-26,20.644149780273438,15.199419021606445
2020-05-27,20.634241104125977,15.247774124145508
2020-05-28,20.946435928344727,15.312247276306152
2020-05-29,21.015811920166016,15.446565628051758
2020-06-01,20.609464645385742,15.564763069152832
2020-06-02,20.857234954833984,15.580886840820312
2020-06-03,21.253665924072266,15.425068855285645
2020-06-04,21.15951919555664,15.18330192565918
2020-06-05,21.14960289001465,15.543270111083984
2020-06-08,21.684783935546875,15.548643112182617
2020-06-09,21.486572265625,15.478799819946289
2020-06-10,21.689741134643555,15.607743263244629
2020-06-12,21.18429183959961,15.30687427520752
2020-06-15,21.24375343322754,15.25314712524414
2020-06-16,21.18429183959961,15.226282119750977
2020-06-17,22.056440353393555,15.570134162902832
2020-06-18,21.605499267578125,15.511039733886719
2020-06-19,21.432064056396484,15.564763069152832
2020-06-22,21.660009384155273,15.494919776916504
2020-06-23,21.427104949951172,15.33373737335205
2020-06-24,21.00094223022461,15.145689964294434
2020-06-25,21.199159622192383,15.204792022705078
2020-06-26,20.614423751831055,15.054350852966309
2020-06-29,21.16446876525879,15.403584480285645
2020-06-30,20.857234954833984,15.296124458312988
2020-07-01,21.228891372680664,15.312247276306152
2020-07-02,21.635236740112305,15.263890266418457
2020-07-03,22.32402992248535,15.25852108001709
2020-07-06,22.081218719482422,15.301499366760254
2020-07-07,21.74425506591797,15.290754318237305
2020-07-08,21.560901641845703,15.419703483581543
2020-07-09,21.446928024291992,15.339109420776367
2020-07-10,21.278446197509766,15.30687427520752
2020-07-13,21.803712844848633,15.285382270812988
2020-07-14,21.50143814086914,15.24239730834961
2020-07-15,21.4122371673584,15.22091007232666
2020-07-16,21.402328491210938,15.10808277130127
2020-07-17,21.803712844848633,15.172554969787598
2020-07-20,22.046525955200195,15.215536117553711
2020-07-21,21.764066696166992,15.18330192565918
2020-07-22,22.006887435913086,15.226282119750977
2020-07-23,21.704612731933594,15.134944915771484
2020-07-24,21.89786720275879,15.269262313842773
2020-07-27,21.987062454223633,15.38746452331543
2020-07-28,21.778940200805664,15.618490219116211
2020-07-29,22.051485061645508,15.548643112182617
2020-07-30,22.13572883605957,15.688332557678223
2020-07-31,22.87903594970703,15.596999168395996
2020-08-03,22.854257583618164,15.392838478088379
2020-08-04,22.73533058166504,15.37671947479248
2020-08-05,22.48260498046875,15.269262313842773
2020-08-06,23.032655715942383,15.52177619934082
2020-08-07,22.91372299194336,15.45193862915039
2020-08-10,22.860300064086914,15.543270111083984
2020-08-11,22.60298728942871,15.392838478088379
2020-08-12,22.088367462158203,15.22091007232666
2020-08-13,21.750328063964844,15.511039733886719
2020-08-14,22.093412399291992,15.768928527832031
2020-08-17,21.644380569458008,15.71519660949707
2020-08-18,21.841150283813477,15.660359382629395
2020-08-19,21.709970474243164,15.732196807861328
2020-08-20,21.54347801208496,15.83166217803955
2020-08-21,21.54347801208496,15.649308204650879
2020-08-24,21.56365966796875,15.610628128051758
2020-08-25,21.911781311035156,15.676939010620117
2020-08-26,21.750328063964844,15.616154670715332
2020-08-27,21.68979263305664,15.610628128051758
2020-08-28,21.876468658447266,15.693514823913574
2020-08-31,21.508163452148438,15.621679306030273
2020-09-01,22.00259780883789,15.776403427124023
2020-09-02,22.11359214782715,15.792981147766113
2020-09-03,21.836105346679688,15.654838562011719
2020-09-04,21.836105346679688,15.67141342163086
2020-09-08,22.259904861450195,15.892448425292969
2020-09-09,22.855257034301758,16.157691955566406
2020-09-10,22.360815048217773,15.864816665649414
2020-09-11,21.68979263305664,15.682465553283691
2020-09-14,21.836105346679688,15.804033279418945
2020-09-15,22.06818389892578,15.781928062438965
2020-09-16,21.558612823486328,15.864816665649414
2020-09-17,21.619155883789062,15.815084457397461
2020-09-18,21.24580192565918,15.627206802368164
2020-09-21,21.326528549194336,15.654838562011719
2020-09-22,21.306346893310547,15.654838562011719
2020-09-23,20.887582778930664,15.58852481842041
2020-09-24,21.049034118652344,15.748775482177734
2020-09-25,21.013713836669922,15.63825511932373
2020-09-28,20.514232635498047,15.439327239990234
2020-09-29,20.251876831054688,15.472479820251465
2020-09-30,20.357826232910156,15.4503755569458
2020-10-01,20.61009407043457,15.538788795471191
2020-10-02,20.22160530090332,15.478005409240723
2020-10-05,20.43350601196289,15.511160850524902
2020-10-06,20.34773826599121,15.483531951904297
2020-10-07,20.307371139526367,15.538788795471191
2020-10-08,20.443599700927734,15.538788795471191
2020-10-09,20.13079071044922,15.472479820251465
2020-10-13,20.27205467224121,15.46142864227295
2020-10-14,20.423412322998047,15.50563907623291
2020-10-15,20.50918960571289,15.478005409240723
2020-10-16,20.554594039916992,15.654838562011719
2020-10-19,20.534412384033203,15.726668357849121
2020-10-20,20.85226821899414,15.892448425292969
2020-10-21,20.95317268371582,15.80955982208252
2020-10-22,20.872447967529297,15.82060718536377
2020-10-23,20.87749481201172,15.787454605102539
2020-10-26,21.1600284576416,15.80955982208252
2020-10-27,21.043989181518555,15.90350341796875
2020-10-28,20.43350601196289,15.759824752807617
2020-10-29,20.342693328857422,15.726668357849121
2020-10-30,20.125741958618164,15.555371284484863
2020-11-03,20.11564826965332,15.63825511932373
2020-11-04,21.01875877380371,16.063751220703125
2020-11-05,21.8461971282959,16.301362991333008
2020-11-06,21.836105346679688,16.632917404174805
2020-11-09,22.148910522460938,16.815269470214844
2020-11-10,21.86637306213379,16.887107849121094
2020-11-11,21.841150283813477,16.936840057373047
2020-11-12,21.99755096435547,17.40101432800293
2020-11-13,21.861328125,18.042016983032227
2020-11-16,22.00259780883789,18.423307418823242
2020-11-17,23.077247619628906,18.46474838256836
2020-11-18,22.552534103393555,18.67791748046875
2020-11-19,22.204410552978516,18.954456329345703
2020-11-23,21.69988250732422,18.591495513916016
2020-11-24,21.56365966796875,18.718244552612305
2020-11-25,21.684741973876953,18.98902130126953
2020-11-26,21.750328063964844,19.08696174621582
2020-11-27,21.709970474243164,19.08696174621582
2020-11-30,21.36184310913086,19.040874481201172
2020-12-01,21.568700790405273,19.06391716003418
2020-12-02,21.54347801208496,18.862276077270508
2020-12-03,21.634288787841797,19.17337989807129
2020-12-04,21.619155883789062,18.873798370361328
2020-12-07,21.820968627929688,19.375022888183594
2020-12-08,21.77556037902832,19.190670013427734
2020-12-09,21.8461971282959,19.1330509185791
2020-12-10,21.85628318786621,19.098487854003906
2020-12-11,22.658489227294922,19.524816513061523
2020-12-14,22.31540870666504,19.472965240478516
2020-12-15,22.325496673583984,19.369264602661133
2020-12-16,22.930936813354492,19.34459114074707
2020-12-17,22.638309478759766,19.304075241088867
2020-12-18,22.658489227294922,19.176733016967773
2020-12-21,22.389345169067383,19.078327178955078
2020-12-22,22.265817642211914,19.078327178955078
2020-12-23,22.47170066833496,19.07254409790039
2020-12-28,23.079038619995117,19.466148376464844
2020-12-29,22.898893356323242,19.431421279907227
2020-12-30,22.615812301635742,19.333017349243164
2021-01-04,22.430517196655273,19.101482391357422
2021-01-05,22.229787826538086,19.13621711730957
2021-01-06,22.04964256286621,19.170944213867188
2021-01-07,21.86435890197754,18.609477996826172
2021-01-08,22.7805118560791,19.014657974243164
2021-01-11,22.337873458862305,18.927831649780273
2021-01-12,22.440813064575195,19.205673217773438
2021-01-13,22.801103591918945,19.576128005981445
2021-01-14,23.27977180480957,19.541399002075195
2021-01-15,22.95036506652832,19.541399002075195
2021-01-18,22.904043197631836,19.361961364746094
2021-01-19,23.156246185302734,19.466148376464844
2021-01-20,22.6569881439209,19.22882843017578
2021-01-21,22.445960998535156,19.003084182739258
2021-01-22,22.301847457885742,18.678939819335938
2021-01-26,21.993032455444336,18.64999771118164
2021-01-27,22.085676193237305,18.725242614746094
2021-01-28,22.574634552001953,18.742610931396484
2021-01-29,22.111404418945312,18.841007232666016
2021-02-01,22.533458709716797,18.887319564819336
2021-02-02,22.77536964416504,19.217252731323242
2021-02-03,23.161392211914062,19.29828643798828
2021-02-04,23.223161697387695,19.089908599853516
2021-02-05,23.223161697387695,19.176733016967773
2021-02-08,23.171682357788086,18.9857177734375
2021-02-09,23.094482421875,18.991504669189453
2021-02-10,23.212865829467773,18.841007232666016
2021-02-11,23.583444595336914,18.817853927612305
2021-02-12,23.62462043762207,18.77155113220215
2021-02-17,22.945220947265625,18.713666915893555
2021-02-18,22.852571487426758,18.49949836730957
2021-02-19,22.85771942138672,18.534229278564453
2021-02-22,21.771705627441406,18.117469787597656
2021-02-23,21.87979507446289,18.129045486450195
2021-02-24,21.745975494384766,18.192718505859375
2021-02-25,21.462890625,17.839632034301758
2021-02-26,21.17980194091797,17.80489730834961
2021-03-01,20.665109634399414,17.60230827331543
2021-03-02,20.40261459350586,17.642824172973633
2021-03-03,20.50554847717285,17.654401779174805
2021-03-04,20.7423152923584,18.736820220947266
2021-03-05,20.711427688598633,18.713666915893555
2021-03-08,20.026885986328125,18.36057472229004
2021-03-09,19.784971237182617,19.00887107849121
2021-03-10,20.217321395874023,19.223037719726562
2021-03-11,20.557022094726562,19.182523727416992
2021-03-12,20.500404357910156,19.124637603759766
2021-03-15,20.912160873413086,19.56454849243164
2021-03-16,20.845252990722656,19.865541458129883
2021-03-17,21.78714942932129,20.658544540405273
2021-03-18,21.56583023071289,20.351764678955078
2021-03-19,21.74083137512207,20.745370864868164
2021-03-22,21.42685890197754,20.722217559814453
2021-03-23,21.385684967041016,20.913236618041992
2021-03-24,20.747459411621094,20.681697845458984
2021-03-25,21.09745216369629,20.710641860961914
2021-03-26,21.215835571289062,20.89586639404297
2021-03-29,21.195249557495117,22.20981788635254
2021-03-30,21.39082908630371,22.68446159362793
2021-03-31,21.52979850769043,22.52817153930664
2021-04-01,21.34965705871582,21.931976318359375
2021-04-05,21.576122283935547,22.37767791748047
2021-04-06,21.55038833618164,22.499229431152344
2021-04-07,21.257009506225586,22.921781539916992
2021-04-08,21.395978927612305,22.96808624267578
2021-04-09,21.365097045898438,22.516599655151367
2021-04-12,21.380535125732422,22.655515670776367
2021-04-13,21.385684967041016,22.661306381225586
2021-04-14,21.267303466796875,22.7654972076416
2021-04-15,21.3702449798584,22.707612991333008
2021-04-16,21.586416244506836,23.240140914916992
2021-04-19,21.478334426879883,23.627958297729492
2021-04-20,21.51435661315918,23.720571517944336
2021-04-22,21.44744873046875,23.70899200439453
2021-04-23,21.725385665893555,23.546920776367188
2021-04-26,21.56583023071289,23.616378784179688
2021-04-27,21.226131439208984,23.546920776367188
2021-04-28,21.39082908630371,23.494827270507812
2021-04-29,21.385684967041016,23.703205108642578
2021-04-30,20.93275260925293,24.195213317871094
2021-05-03,21.210689544677734,24.467266082763672
2021-05-04,20.737165451049805,24.426746368408203
2021-05-05,20.695987701416016,24.13845443725586
2021-05-06,20.469524383544922,23.59053611755371
2021-05-07,20.680545806884766,23.476139068603516
2021-05-10,20.536436080932617,22.97638511657715
2021-05-11,20.665109634399414,23.024560928344727
2021-05-12,20.23055648803711,22.506742477416992
2021-05-13,20.791648864746094,22.94025993347168
2021-05-14,21.017127990722656,24.150493621826172
2021-05-17,20.969934463500977,24.463594436645508
2021-05-18,20.93846893310547,24.505739212036133
2021-05-19,21.074810028076172,24.446176528930664
2021-05-20,21.05908203125,24.527143478393555
2021-05-21,21.158708572387695,24.614337921142578
2021-05-24,21.473339080810547,24.907072067260742
2021-05-25,21.39468002319336,24.807415008544922
2021-05-26,21.258344650268555,24.75758934020996
2021-05-27,21.263587951660156,24.60188102722168
2021-05-28,20.964689254760742,24.352750778198242
2021-05-31,20.86505889892578,24.128536224365234
2021-06-01,21.121999740600586,24.626794815063477
2021-06-02,21.205904006958008,24.576967239379883
2021-06-04,21.357973098754883,24.913297653198242
2021-06-07,21.60443115234375,25.100149154663086
2021-06-08,21.473339080810547,24.925756454467773
2021-06-09,21.389436721801758,24.894611358642578
2021-06-10,21.861379623413086,25.193571090698242
2021-06-11,21.50479507446289,24.863466262817383
2021-06-14,21.583457946777344,25.224712371826172
2021-06-15,21.782716751098633,25.343053817749023
2021-06-16,21.5467529296875,24.857248306274414
2021-06-17,21.557239532470703,24.73890495300293
2021-06-18,21.777477264404297,25.025407791137695
2021-06-21,21.499555587768555,24.583202362060547
2021-06-22,21.27931785583496,24.315378189086914
2021-06-23,21.127246856689453,23.985275268554688
2021-06-24,21.342243194580078,23.873165130615234
2021-06-25,21.04334259033203,23.480783462524414
2021-06-28,21.00139617919922,23.561750411987305
2021-06-29,20.75493621826172,23.250337600708008
2021-06-30,20.529455184936523,22.982519149780273
2021-07-01,20.50847816467285,22.826812744140625
2021-07-02,20.67628288269043,23.300159454345703
2021-07-05,20.545185089111328,23.430952072143555
2021-07-06,20.529455184936523,23.26279067993164
2021-07-07,20.61859893798828,23.624034881591797
2021-07-08,20.545185089111328,23.281478881835938
2021-07-12,20.791648864746094,23.28769874572754
2021-07-13,20.739206314086914,23.505701065063477
2021-07-14,20.812620162963867,23.705005645751953
2021-07-15,20.975175857543945,23.630260467529297
2021-07-16,20.807376861572266,23.792200088500977
2021-07-19,20.65530776977539,23.742374420166016
2021-07-20,20.702497482299805,24.041332244873047
2021-07-21,20.602869033813477,24.18457794189453
2021-07-22,20.807376861572266,24.109844207763672
2021-07-23,20.45079803466797,23.817115783691406
2021-07-26,20.398361206054688,23.54929542541504
2021-07-27,20.34067726135254,23.58043670654297
2021-07-28,20.45079803466797,23.86693572998047
2021-07-29,20.0679988861084,23.72991180419922
2021-07-30,19.889711380004883,23.686315536499023
2021-08-02,19.78483772277832,24.633020401000977
2021-08-03,19.821544647216797,24.433717727661133
2021-08-04,19.832029342651367,24.58942222595215
2021-08-05,19.45447540283203,24.340293884277344
2021-08-06,19.75337028503418,24.539596557617188
2021-08-09,19.968368530273438,25.006729125976562
2021-08-10,19.690448760986328,24.664161682128906
2021-08-11,19.485939025878906,24.639253616333008
2021-08-12,19.480693817138672,24.552053451538086
2021-08-13,19.905441284179688,24.60188102722168
2021-08-16,20.015560150146484,24.69530487060547
2021-08-17,19.91879653930664,24.863466262817383
2021-08-18,19.88652229309082,24.614337921142578
2021-08-19,20.440568923950195,24.882156372070312
2021-08-20,20.709522247314453,25.218488693237305
2021-08-23,20.60732078552246,24.732675552368164
2021-08-24,20.924680709838867,24.87592887878418
2021-08-25,20.784832000732422,24.670398712158203
2021-08-26,20.42443084716797,23.75482749938965
2021-08-27,20.60732078552246,23.692546844482422
2021-08-30,20.40829849243164,23.792200088500977
2021-08-31,20.198509216308594,23.611576080322266
2021-09-01,20.806346893310547,23.73614501953125
2021-09-02,21.021512985229492,23.505701065063477
2021-09-03,21.139850616455078,23.65517807006836
2021-09-06,21.2474365234375,23.530609130859375
2021-09-08,20.585805892944336,22.945146560668945
2021-09-09,21.080678939819336,23.100852966308594
2021-09-10,20.795589447021484,23.06348419189453
2021-09-13,21.032270431518555,23.37489891052246
2021-09-14,21.129093170166016,23.686315536499023
2021-09-15,20.903169631958008,23.343761444091797
2021-09-16,20.924680709838867,23.256567001342773
2021-09-17,20.881654739379883,23.11954116821289
2021-09-20,20.774076461791992,22.702238082885742
2021-09-21,20.946205139160156,22.945146560668945
2021-09-22,20.838624954223633,22.957603454589844
2021-09-23,20.763317108154297,23.06971549987793
2021-09-24,20.53201675415039,22.833040237426758
2021-09-27,20.39215850830078,22.976289749145508
2021-09-28,20.306089401245117,22.876632690429688
2021-09-29,20.273820877075195,22.88909339904785
2021-09-30,20.150096893310547,22.322317123413086
2021-10-01,20.241546630859375,22.353456497192383
2021-10-04,20.220027923583984,22.309856414794922
2021-10-05,19.929555892944336,22.091869354248047
2021-10-06,20.107067108154297,22.284940719604492
2021-10-07,20.02099609375,22.38459587097168
2021-10-08,20.214649200439453,22.7832088470459
2021-10-11,20.4298095703125,22.7645206451416
2021-10-13,20.72028350830078,23.306386947631836
2021-10-14,20.714900970458984,23.368671417236328
2021-10-15,20.73641586303711,23.474550247192383
2021-10-18,20.784832000732422,23.64895248413086
2021-10-19,20.569669723510742,23.349985122680664
2021-10-20,20.978479385375977,23.487010955810547
2021-10-21,20.73641586303711,23.26279067993164
2021-10-22,20.370641708374023,22.932687759399414
2021-10-25,20.80097007751465,23.169368743896484
2021-10-26,20.714900970458984,22.87040901184082
2021-10-27,21.23129653930664,23.06348419189453
2021-10-28,20.940826416015625,22.876632690429688
2021-10-29,20.930065155029297,22.833040237426758
2021-11-01,21.03765106201172,22.920230865478516
2021-11-03,21.473356246948242,23.381134033203125
2021-11-04,21.403430938720703,23.013656616210938
2021-11-05,21.2474365234375,22.90155029296875
2021-11-08,21.263572692871094,22.68978500366211
2021-11-09,21.344255447387695,22.988744735717773
2021-11-10,21.554040908813477,23.349985122680664
2021-11-11,21.656248092651367,22.96382713317871
2021-11-12,21.355010986328125,22.789438247680664
2021-11-16,21.172128677368164,22.322317123413086
2021-11-17,21.03765106201172,22.05449676513672
2021-11-18,21.107580184936523,22.123010635375977
2021-11-19,21.38191032409668,22.123010635375977
2021-11-22,21.102197647094727,22.06072425842285
2021-11-23,21.112957000732422,22.017126083374023
2021-11-24,21.03765106201172,22.266258239746094
2021-11-25,21.1613712310791,22.40951156616211
2021-11-26,20.978479385375977,22.322317123413086
2021-11-29,20.903169631958008,22.677330017089844
2021-11-30,20.725658416748047,22.459341049194336
2021-12-01,20.639596939086914,22.30362892150879
2021-12-02,21.11833381652832,23.19428253173828
2021-12-03,21.23129653930664,23.337535858154297
2021-12-06,21.37653350830078,23.66140365600586
2021-12-07,21.145233154296875,23.452594757080078
2021-12-08,21.11833381652832,23.1541690826416
2021-12-09,20.973100662231445,23.063343048095703
2021-12-10,21.107580184936523,23.21904754638672
2021-12-13,21.263572692871094,23.232017517089844
2021-12-14,21.021512985229492,23.348796844482422
2021-12-15,21.182886123657227,23.640737533569336
2021-12-16,20.978479385375977,23.71858787536621
2021-12-17,21.048410415649414,23.738052368164062
2021-12-20,20.903169631958008,23.498010635375977
2021-12-21,20.80097007751465,23.517475128173828
2021-12-22,20.80097007751465,23.53693199157715
2021-12-23,20.763317108154297,23.472063064575195
2021-12-27,20.790210723876953,23.523962020874023
2021-12-28,20.870895385742188,23.543420791625977
2021-12-29,20.757936477661133,23.498010635375977
2021-12-30,20.700252532958984,23.543420791625977
2022-01-03,20.5008487701416,23.66668701171875
2022-01-04,20.554737091064453,23.78346824645996
2022-01-05,20.26371955871582,23.543420791625977
2022-01-06,20.102041244506836,23.49152183532715
2022-01-07,20.128986358642578,23.510990142822266
2022-01-10,20.339168548583984,23.465572357177734
2022-01-11,20.371501922607422,23.407184600830078
2022-01-12,20.468509674072266,23.452594757080078
2022-01-13,20.635581970214844,23.400699615478516
2022-01-14,20.689470291137695,23.387718200683594
2022-01-17,20.70564079284668,23.439626693725586
2022-01-18,20.8619327545166,23.510990142822266
2022-01-19,21.19606590270996,23.893753051757812
2022-01-20,21.233789443969727,24.432220458984375
2022-01-21,21.115224838256836,24.620365142822266
2022-01-24,21.13678550720215,24.698209762573242
2022-01-25,21.22840118408203,24.6657772064209
2022-01-26,21.185287475585938,24.49709129333496
2022-01-27,21.400856018066406,24.393299102783203
2022-01-28,21.632596969604492,24.510072708129883
2022-01-31,21.934396743774414,24.834453582763672
2022-02-01,21.993677139282227,24.49709129333496
2022-02-02,21.77271842956543,24.484128952026367
2022-02-03,22.176916122436523,24.626848220825195
2022-02-04,21.977510452270508,24.386812210083008
2022-02-07,21.70265769958496,24.574949264526367
2022-02-08,21.600261688232422,24.412757873535156
2022-02-09,21.82661247253418,24.549001693725586
2022-02-10,21.751157760620117,24.581436157226562
2022-02-11,21.832000732421875,24.380325317382812
2022-02-14,21.837390899658203,24.32842254638672
2022-02-15,21.837390899658203,24.536022186279297
2022-02-16,21.853559494018555,24.302471160888672
2022-02-17,21.864336013793945,24.276517868041992
2022-02-18,21.794275283813477,24.56846046447754
2022-02-21,21.929006576538086,24.63334083557129
2022-02-22,21.939786911010742,25.21721649169922
2022-02-23,22.117631912231445,25.79461669921875
2022-02-24,22.106853485107422,25.865978240966797
2022-02-25,21.901771545410156,25.535114288330078
2022-03-02,22.00613784790039,25.982751846313477
2022-03-03,21.616119384765625,25.846511840820312
2022-03-04,21.682039260864258,26.741802215576172
2022-03-07,21.489774703979492,26.30064582824707
2022-03-08,21.43484115600586,25.9957218170166
2022-03-09,21.912757873535156,26.534198760986328
2022-03-10,21.940223693847656,26.657461166381836
2022-03-11,21.86881446838379,26.40444564819336
2022-03-14,22.000646591186523,26.372011184692383
2022-03-15,21.96769142150879,26.605554580688477
2022-03-16,22.18193244934082,26.82613754272461
2022-03-17,22.549978256225586,27.085641860961914
2022-03-18,22.46758270263672,27.520307540893555
2022-03-21,22.65984344482422,27.52679443359375
2022-03-22,22.96746826171875,27.740890502929688
2022-03-23,23.19818878173828,27.786304473876953
2022-03-24,23.68160057067871,28.42857551574707
2022-03-25,23.884851455688477,28.80484962463379
2022-03-28,23.91781234741211,28.68158531188965
2022-03-29,23.676105499267578,28.36369514465332
2022-03-30,23.73103904724121,28.37017822265625
2022-03-31,23.75301170349121,28.636171340942383
2022-04-01,24.36276626586914,28.707542419433594
2022-04-04,24.01119613647461,28.921628952026367
2022-04-05,23.934288024902344,28.72051429748535
2022-04-06,24.06063461303711,28.538860321044922
2022-04-07,24.121061325073242,28.564809799194336
2022-04-08,24.154022216796875,28.75943946838379
2022-04-11,24.181489944458008,28.662128448486328
2022-04-12,24.25290298461914,28.882705688476562
2022-04-13,24.159517288208008,28.636171340942383
2022-04-14,24.208951950073242,28.739974975585938
2022-04-18,24.230926513671875,29.012454986572266
2022-04-19,23.934288024902344,28.642667770385742
2022-04-20,24.22543716430664,28.921628952026367
2022-04-22,24.05514144897461,28.655635833740234
2022-04-25,24.417699813842773,29.200593948364258
2022-04-26,23.538772583007812,29.492534637451172
2022-04-27,23.505815505981445,29.68067169189453
2022-04-28,23.335519790649414,29.25249481201172
2022-04-29,23.01690673828125,28.733488082885742
2022-05-02,22.978452682495117,28.253408432006836
2022-05-03,22.90704345703125,28.642667770385742
2022-05-04,23.615680694580078,29.29141616821289
2022-05-05,22.885068893432617,28.921628952026367
2022-05-06,22.89056396484375,29.012454986572266
2022-05-09,23.450881958007812,29.200593948364258
2022-05-10,23.302560806274414,28.115028381347656
2022-05-11,22.994935989379883,27.506208419799805
2022-05-12,23.329099655151367,27.855087280273438
2022-05-13,23.64729881286621,27.588298797607422
2022-05-16,23.753366470336914,27.601980209350586
2022-05-17,24.099477767944336,27.86876106262207
2022-05-18,23.89851188659668,28.046619415283203
2022-05-19,24.038066864013672,28.09450340270996
2022-05-20,24.345108032226562,27.909805297851562
2022-05-23,24.568405151367188,27.97137451171875
2022-05-24,25.031749725341797,28.62807273864746
2022-05-25,25.21596908569336,28.429691314697266
2022-05-26,24.624231338500977,27.643022537231445
2022-05-27,24.395349502563477,27.3693904876709
2022-05-30,24.127389907836914,27.38307762145996
2022-05-31,24.506996154785156,27.622495651245117
2022-06-01,23.591474533081055,27.492521286010742
2022-06-02,23.65287971496582,27.889286041259766
2022-06-03,23.60264015197754,28.231321334838867
2022-06-06,23.418415069580078,27.998733520507812
2022-06-07,23.167207717895508,27.63618278503418
2022-06-08,23.362590789794922,27.69090461730957
2022-06-09,23.34584617614746,27.7182674407959
2022-06-10,22.843421936035156,27.595142364501953
2022-06-13,22.832260131835938,27.677223205566406
2022-06-14,23.055557250976562,27.62933921813965
2022-06-15,23.44632911682129,27.63618278503418
2022-06-17,23.44632911682129,27.37623405456543
2022-06-20,23.418415069580078,27.492521286010742
2022-06-21,23.301185607910156,27.22574234008789
2022-06-22,23.17279052734375,27.150497436523438
2022-06-23,22.955068588256836,26.82898712158203
2022-06-24,22.893665313720703,26.678495407104492
2022-06-27,22.99973487854004,26.740062713623047
2022-06-28,23.161624908447266,26.904237747192383
2022-06-29,23.239778518676758,26.39118766784668
2022-06-30,23.055557250976562,26.418546676635742
2022-07-01,23.200700759887695,26.870027542114258
2022-07-04,22.821096420288086,26.439067840576172
2022-07-05,22.793184280395508,26.31593894958496
2022-07-06,22.938323974609375,26.50063705444336
2022-07-07,23.373756408691406,26.801620483398438
2022-07-08,23.591474533081055,26.733219146728516
2022-07-11,23.357006072998047,26.753740310668945
2022-07-12,23.22303009033203,26.794776916503906
2022-07-13,23.239778518676758,26.740062713623047
2022-07-14,23.340259552001953,27.068410873413086
2022-07-15,23.33468246459961,27.088932037353516
2022-07-18,23.37933921813965,27.000001907348633
2022-07-19,23.284435272216797,26.863189697265625
2022-07-20,23.33468246459961,27.000001907348633
2022-07-21,23.323514938354492,27.123136520385742
2022-07-22,23.54123306274414,27.533573150634766
2022-07-25,24.21112632751465,27.786672592163086
2022-07-26,24.18321418762207,27.643022537231445
2022-07-27,24.65772247314453,27.670385360717773
2022-07-28,24.579566955566406,27.76615333557129
2022-07-29,24.685636520385742,27.677223205566406
2022-08-01,24.802867889404297,27.944013595581055
2022-08-02,24.646560668945312,28.231321334838867
2022-08-03,24.077150344848633,28.231321334838867
2022-08-04,23.998992919921875,28.60755157470703
2022-08-05,24.132970809936523,28.840131759643555
2022-08-08,23.842683792114258,29.13428497314453
2022-08-09,23.932004928588867,29.483152389526367
2022-08-10,23.971084594726562,29.51736068725586
2022-08-11,23.881765365600586,28.833295822143555
2022-08-12,23.937585830688477,29.18216896057129
2022-08-15,24.17205047607422,29.674694061279297
2022-08-16,24.049236297607422,29.314241409301758
2022-08-17,24.243743896484375,29.767398834228516
2022-08-18,24.022418975830078,29.668272018432617
2022-08-19,23.721641540527344,29.385042190551758
2022-08-22,23.432214736938477,29.356712341308594
2022-08-23,23.381139755249023,29.27175521850586
2022-08-24,23.437894821166992,28.974355697631836
2022-08-25,23.046310424804688,28.584917068481445
2022-08-26,22.983890533447266,28.49286460876465
2022-08-29,22.898761749267578,28.832748413085938
2022-08-30,22.83066177368164,28.82565689086914
2022-08-31,22.983890533447266,29.51249122619629
2022-09-01,23.17683982849121,29.923173904418945
2022-09-02,23.02928924560547,29.82404327392578
2022-09-05,23.091712951660156,29.923173904418945
2022-09-06,22.944164276123047,29.73907470703125
2022-09-08,22.898761749267578,29.54081916809082
2022-09-09,22.904436111450195,29.385042190551758
2022-09-12,22.98956298828125,29.377962112426758
2022-09-13,22.44475746154785,29.137216567993164
2022-09-14,22.524211883544922,29.087646484375
2022-09-15,22.297208786010742,28.917713165283203
2022-09-16,22.4163875579834,28.78318214416504
2022-09-19,22.6717586517334,28.98851776123047
2022-09-20,22.637712478637695,29.243423461914062
2022-09-21,22.66608428955078,29.498327255249023
2022-09-22,22.938488006591797,29.57621955871582
2022-09-23,23.09739112854004,29.618709564208984
2022-09-26,22.484481811523438,28.80442237854004
2022-09-27,22.172361373901367,28.287532806396484
2022-09-28,21.871578216552734,27.8201904296875
2022-09-29,21.729705810546875,27.282062530517578
2022-09-30,21.85455322265625,27.57945442199707
2022-10-03,23.034963607788086,28.35833740234375
2022-10-04,22.683109283447266,28.068023681640625
2022-10-05,22.365306854248047,28.032623291015625
2022-10-06,21.968055725097656,28.117586135864258
2022-10-07,21.865903854370117,28.294607162475586
2022-10-10,22.14398193359375,28.351255416870117
2022-10-11,22.166683197021484,28.14590835571289
2022-10-13,21.724031448364258,27.664419174194336
2022-10-14,21.77510643005371,27.508649826049805
2022-10-17,21.956707000732422,27.416593551635742
2022-10-18,21.962379455566406,27.57945442199707
2022-10-19,21.962379455566406,27.650257110595703
2022-10-20,21.956707000732422,27.706907272338867
2022-10-21,22.41071128845215,28.273361206054688
2022-10-24,22.388011932373047,28.50702667236328
2022-10-25,21.985082626342773,28.414979934692383
2022-10-26,21.65025520324707,27.8131160736084
2022-10-27,22.234785079956055,28.060941696166992
2022-10-28,22.285858154296875,27.99013328552246
2022-10-31,22.824987411499023,28.457462310791016
2022-11-01,22.796613693237305,28.237960815429688
2022-11-03,22.75688934326172,27.93349266052246
2022-11-04,23.17683982849121,27.975976943969727
2022-11-07,22.85335922241211,27.7635555267334
2022-11-08,22.728511810302734,27.975976943969727
2022-11-09,22.932811737060547,27.93349266052246
2022-11-10,22.422060012817383,27.182941436767578
2022-11-11,23.454914093017578,27.98305320739746
2022-11-14,23.39249038696289,28.50702667236328
2022-11-16,22.50151252746582,27.140277862548828
2022-11-17,22.4163875579834,27.060277938842773
2022-11-18,22.50151252746582,26.8348445892334
2022-11-21,22.802288055419922,26.980283737182617
2022-11-22,22.897268295288086,26.856657028198242
2022-11-23,22.609397888183594,26.689395904541016
2022-11-24,22.97787094116211,27.125730514526367
2022-11-25,22.563337326049805,26.594850540161133
2022-11-28,22.586366653442383,26.231239318847656
2022-11-29,22.620914459228516,26.187602996826172
2022-11-30,22.7418212890625,25.460372924804688
2022-12-01,23.15059471130371,25.554914474487305
2022-12-02,23.04120445251465,25.642179489135742
2022-12-05,22.718788146972656,25.23493003845215
2022-12-06,22.914539337158203,25.438554763793945
2022-12-07,23.01241683959961,25.758533477783203
2022-12-08,22.563337326049805,25.540363311767578
2022-12-09,22.056684494018555,25.344013214111328
2022-12-12,21.99335479736328,24.92949104309082
2022-12-13,21.463668823242188,24.842226028442383
2022-12-14,21.36004066467285,24.311344146728516
2022-12-15,21.22185707092285,24.587696075439453
2022-12-16,21.29094886779785,24.071359634399414
2022-12-19,21.34852409362793,24.180442810058594
2022-12-20,21.791845321655273,24.405885696411133
2022-12-21,21.6939697265625,24.558603286743164
2022-12-22,21.953054428100586,25.213111877441406
2022-12-23,22.070802688598633,25.314931869506836
2022-12-26,21.879587173461914,25.184022903442383
2022-12-27,21.763702392578125,24.922222137451172
2022-12-28,21.920148849487305,25.300382614135742
2022-12-29,21.94911766052246,25.162206649780273
2023-01-02,21.624631881713867,24.958581924438477
2023-01-03,21.427623748779297,24.69677734375
2023-01-04,21.4392147064209,24.667688369750977
2023-01-05,21.30014419555664,24.769502639770508
2023-01-06,21.36388397216797,25.7221736907959
2023-01-09,21.89117431640625,25.998517990112305
2023-01-10,21.93173599243164,26.027610778808594
2023-01-11,22.522762298583984,25.993824005126953
2023-01-12,22.48799705505371,26.46218490600586
2023-01-13,21.92594337463379,26.356420516967773
2023-01-16,22.117155075073242,26.36397933959961
2023-01-17,22.464820861816406,26.522615432739258
2023-01-18,22.621265411376953,26.515060424804688
2023-01-19,22.424257278442383,26.87766456604004
2023-01-20,22.11136245727539,26.605709075927734
2023-01-23,22.04183006286621,26.847444534301758
2023-01-24,22.48799705505371,26.983423233032227
2023-01-25,22.540143966674805,27.06651496887207
2023-01-26,22.44164276123047,27.398897171020508
2023-01-27,22.51117515563965,27.580188751220703
2023-01-30,22.493789672851562,27.527315139770508
2023-01-31,22.800893783569336,28.010778427124023
2023-02-01,22.52855682373047,27.459333419799805
2023-02-02,22.262012481689453,27.202489852905273
2023-02-03,21.98388671875,26.99097442626953
2023-02-06,22.128746032714844,27.262916564941406
2023-02-07,21.64781379699707,26.839889526367188
2023-02-08,22.053417205810547,27.157163619995117
2023-02-09,21.688371658325195,26.87766456604004
2023-02-10,22.036035537719727,27.27047348022461
2023-02-13,22.372112274169922,27.42156219482422
2023-02-14,22.07659339904785,27.028743743896484
2023-02-15,22.464820861816406,27.134496688842773
2023-02-16,22.62706184387207,27.074068069458008
2023-02-17,22.82406997680664,27.240264892578125
2023-02-22,22.67921257019043,26.907875061035156
2023-02-23,22.615474700927734,26.975862503051758
2023-02-24,22.6038818359375,26.779457092285156
2023-02-27,22.65603256225586,26.67369842529297
2023-02-28,22.760330200195312,26.862545013427734
2023-03-01,22.76612663269043,26.96830940246582
2023-03-02,22.82406997680664,26.938093185424805
2023-03-03,22.748743057250977,26.96830940246582
2023-03-06,22.928367614746094,27.142053604125977
2023-03-07,23.438274383544922,27.12694549560547
2023-03-08,23.409303665161133,27.346017837524414
2023-03-09,23.93079948425293,27.27047348022461
2023-03-10,23.716407775878906,27.22515106201172
2023-03-13,23.87285614013672,27.459333419799805
2023-03-14,24.098833084106445,27.64818572998047
2023-03-15,24.376964569091797,28.139205932617188
2023-03-16,23.70481300354004,27.00607681274414
2023-03-17,23.177532196044922,26.802120208740234
2023-03-20,23.148557662963867,26.854995727539062
2023-03-21,22.992109298706055,26.32620620727539
2023-03-22,22.934162139892578,26.20534324645996
2023-03-23,22.81827735900879,26.061809539794922
2023-03-24,23.0616397857666,26.43952178955078
2023-03-27,23.055849075317383,26.41686248779297
2023-03-28,23.06743812561035,26.46218490600586
2023-03-29,23.119586944580078,26.37908363342285
2023-03-30,23.380332946777344,26.32620620727539
2023-03-31,23.276033401489258,26.311105728149414
2023-04-03,22.98051643371582,26.175125122070312
2023-04-04,23.3107967376709,26.575496673583984
2023-04-05,23.165935516357422,26.575496673583984
2023-04-06,23.26444435119629,26.47728729248047
2023-04-10,23.08481788635254,25.64633560180664
2023-04-11,23.08481788635254,25.638771057128906
2023-04-12,23.368741989135742,26.212892532348633
2023-04-13,23.58892822265625,26.40174674987793
2023-04-14,23.7801456451416,26.288436889648438
2023-04-17,23.8670597076416,26.71147346496582
2023-04-18,23.768556594848633,26.522615432739258
2023-04-19,23.5831356048584,26.235557556152344
2023-04-20,24.03509521484375,26.175125122070312
2023-04-24,23.855472564697266,26.771900177001953
2023-04-25,23.82649803161621,26.779457092285156
2023-04-26,23.565752029418945,26.537721633911133
2023-04-27,23.681640625,26.681251525878906
2023-04-28,23.890235900878906,27.504657745361328
2023-05-02,23.803321838378906,27.25537109375
2023-05-03,24.17416000366211,27.262916564941406
2023-05-04,24.689861297607422,27.01736068725586
2023-05-05,25.089672088623047,27.199039459228516
2023-05-08,25.170793533325195,27.282310485839844
2023-05-09,25.671892166137695,27.4412784576416
2023-05-10,25.792705535888672,27.66838264465332
2023-05-11,25.97391700744629,28.062021255493164
2023-05-12,26.37258529663086,28.152862548828125
2023-05-15,26.541717529296875,28.13772201538086
2023-05-16,26.100765228271484,28.024166107177734
2023-05-17,25.653772354125977,28.077159881591797
2023-05-18,25.563167572021484,28.130149841308594
2023-05-19,25.744380950927734,28.069591522216797
2023-05-22,25.665855407714844,28.069591522216797
2023-05-23,25.496719360351562,28.198280334472656
2023-05-24,25.53296661376953,28.258840560913086
2023-05-25,25.683971405029297,28.478370666503906
2023-05-26,25.75042152404785,28.523794174194336
2023-05-29,25.98599624633789,28.660051345825195
2023-05-30,25.816864013671875,28.455665588378906
2023-05-31,25.38799285888672,27.948463439941406
2023-06-01,25.557126998901367,28.069591522216797
2023-06-02,25.925594329833984,27.956035614013672
2023-06-05,25.88935089111328,27.75922203063965
2023-06-06,26.324262619018555,28.28155517578125
2023-06-07,26.14908790588379,28.357255935668945
2023-06-09,26.52963638305664,28.773597717285156
2023-06-12,26.668569564819336,28.887155532836914
2023-06-13,26.57192039489746,28.50107765197754
2023-06-14,27.04911994934082,28.84929656982422
2023-06-15,27.067237854003906,28.773597717285156
2023-06-16,27.302812576293945,28.30426025390625
2023-06-19,27.20616912841797,28.62220573425293
2023-06-20,27.345096588134766,28.637338638305664
2023-06-21,27.369258880615234,28.65247917175293
2023-06-22,27.254491806030273,28.44809341430664
2023-06-23,27.75584602355957,28.803882598876953
2023-06-26,27.151805877685547,28.62220573425293
2023-06-27,27.109519958496094,28.357255935668945
2023-06-28,27.073280334472656,28.220991134643555
2023-06-29,27.20616912841797,28.13772201538086
2023-06-30,27.598796844482422,28.493511199951172
2023-07-03,27.36322021484375,28.395095825195312
2023-07-04,27.272613525390625,28.311832427978516
2023-07-05,27.1820068359375,28.09987449645996
2023-07-06,26.964550018310547,28.031742095947266
2023-07-07,27.000791549682617,28.13772201538086
2023-07-10,26.94038963317871,27.819780349731445
2023-07-11,26.747093200683594,27.615394592285156
2023-07-12,26.87998390197754,27.4185733795166
2023-07-13,27.224287033081055,27.4185733795166
2023-07-14,27.03703498840332,27.38071632385254
2023-07-17,27.0189151763916,27.56240463256836
2023-07-18,26.97662925720215,27.524551391601562
2023-07-19,26.910186767578125,27.395854949951172
2023-07-20,26.892065048217773,27.539688110351562
2023-07-21,27.121601104736328,27.713796615600586
2023-07-24,27.447784423828125,27.819780349731445
2023-07-25,26.94038963317871,27.433712005615234
2023-07-26,26.970592498779297,27.49427032470703
2023-07-27,26.75313377380371,27.327726364135742
2023-07-28,26.86790657043457,27.395854949951172
2023-07-31,26.602121353149414,27.25202751159668
2023-08-01,26.765214920043945,27.350440979003906
2023-08-02,26.78333854675293,27.40342903137207
2023-08-03,26.414867401123047,27.56997299194336
2023-08-04,26.251773834228516,27.630529403686523
2023-08-07,26.124927520751953,27.516979217529297
2023-08-08,26.13096809387207,27.415922164916992
2023-08-09,24.977245330810547,26.934532165527344
2023-08-10,25.037647247314453,27.082054138183594
2023-08-11,25.236984252929688,27.04323387145996
2023-08-14,25.327592849731445,27.035470962524414
2023-08-15,25.35175323486328,26.787006378173828
2023-08-16,25.27926254272461,26.748193740844727
2023-08-17,25.11013412475586,26.787006378173828
2023-08-18,25.249061584472656,26.957828521728516
2023-08-21,25.309467315673828,26.748193740844727
2023-08-22,25.484283447265625,26.787006378173828
2023-08-23,25.62019920349121,26.84136199951172
2023-08-24,25.79318618774414,27.09758949279785
2023-08-25,25.990880966186523,26.996644973754883
2023-08-28,26.021770477294922,26.965593338012695
2023-08-29,26.268890380859375,27.12864112854004
2023-08-30,26.16386604309082,27.027706146240234
2023-08-31,26.021770477294922,26.554080963134766
2023-09-01,26.0279483795166,27.1053466796875
2023-09-04,26.120620727539062,27.0665283203125
2023-09-05,25.947633743286133,26.63172149658203
2023-09-06,25.484283447265625,26.39879608154297
2023-09-08,25.5522403717041,26.592899322509766
2023-09-11,25.90439224243164,26.942296981811523
2023-09-12,26.07119369506836,27.004413604736328
2023-09-13,26.095911026000977,27.004413604736328
2023-09-14,26.207109451293945,27.113109588623047
2023-09-15,26.47276496887207,27.415922164916992
2023-09-18,26.256534576416016,27.291696548461914
2023-09-19,26.287425994873047,27.182994842529297
2023-09-20,26.81873321533203,27.245105743408203
2023-09-21,26.54072380065918,27.159698486328125
2023-09-22,26.497478485107422,27.120878219604492
2023-09-25,26.30596160888672,26.965593338012695
2023-09-26,25.873498916625977,26.76371955871582
2023-09-27,25.3607234954834,26.70159912109375
2023-09-28,25.57077407836914,26.82583236694336
2023-09-29,25.595491409301758,26.833600997924805
2023-10-02,25.348371505737305,26.787006378173828
2023-10-03,25.107423782348633,26.266799926757812
2023-10-04,25.30512046813965,26.592899322509766
2023-10-05,25.163028717041016,26.58513832092285
2023-10-06,25.119781494140625,26.507495880126953
2023-10-09,25.379261016845703,26.375499725341797
2023-10-10,25.688159942626953,26.523021697998047
2023-10-11,25.657268524169922,26.414321899414062
2023-10-13,25.224809646606445,26.010574340820312
2023-10-16,25.422508239746094,26.227977752685547
2023-10-17,25.156850814819336,25.979515075683594
2023-10-18,24.798526763916016,26.088214874267578
2023-10-19,25.08888816833496,26.220212936401367
2023-10-20,25.095067977905273,26.212448120117188
2023-10-23,25.212453842163086,26.313383102416992
2023-10-24,25.05182647705078,26.313383102416992
2023-10-25,24.854127883911133,26.251270294189453
2023-10-26,24.946800231933594,26.63948631286621
2023-10-27,24.687320709228516,26.367734909057617
2023-10-30,24.304285049438477,26.204689025878906
2023-10-31,24.279571533203125,26.235742568969727
2023-11-01,24.829416275024414,26.39103126525879
2023-11-03,25.24951934814453,26.965593338012695
2023-11-06,25.255699157714844,27.32274627685547
2023-11-07,25.156850814819336,27.796375274658203
2023-11-08,25.614025115966797,27.726497650146484
2023-11-09,25.33601188659668,27.679914474487305
2023-11-10,25.817899703979492,27.974952697753906
2023-11-13,25.836429595947266,28.161300659179688
2023-11-14,26.392452239990234,28.724727630615234
2023-11-16,26.83726692199707,28.606319427490234
2023-11-17,26.602500915527344,28.574752807617188
2023-11-20,26.70135498046875,28.6299991607666
2023-11-21,26.812557220458984,28.61421775817871
2023-11-22,27.201770782470703,28.858919143676758
2023-11-23,27.467424392700195,29.072046279907227
2023-11-24,27.232656478881836,28.929962158203125
2023-11-27,26.979368209838867,28.98521614074707
2023-11-28,26.800201416015625,28.82734489440918
2023-11-29,26.726064682006836,28.732624053955078
2023-11-30,26.87433624267578,28.77998161315918
2023-12-01,26.973186492919922,28.80366325378418
2023-12-04,27.325328826904297,28.748409271240234
2023-12-05,27.45507049560547,28.843128204345703
2023-12-06,27.535383224487305,28.661579132080078
2023-12-07,26.794023513793945,28.393198013305664
2023-12-08,27.02878761291504,28.49581527709961
2023-12-11,26.99789810180664,28.26690101623535
2023-12-12,27.084392547607422,28.330047607421875
2023-12-13,27.38711166381836,29.008895874023438
2023-12-14,27.615697860717773,29.166765213012695
2023-12-15,27.74543571472168,29.37200164794922
2023-12-18,27.251195907592773,29.206239700317383
2023-12-19,27.245018005371094,29.54566192626953
2023-12-20,27.282087326049805,29.45882797241211
2023-12-21,27.553918838500977,29.48250961303711
2023-12-22,27.644678115844727,29.695634841918945
2023-12-26,27.7811336517334,29.7587890625
2023-12-27,28.06024742126465,29.806142807006836
2023-12-28,28.116069793701172,30.29555320739746
2024-01-02,27.613664627075195,30.098209381103516
2024-01-03,27.601261138916016,30.28765869140625
2024-01-04,27.520627975463867,30.040136337280273
2024-01-05,27.477210998535156,30.200782775878906
2024-01-08,27.278732299804688,30.040136337280273
2024-01-09,27.545434951782227,30.393552780151367
2024-01-10,27.48961639404297,30.29716682434082
2024-01-11,27.111263275146484,30.08029556274414
2024-01-12,26.73910903930664,30.184715270996094
2024-01-15,26.88176727294922,30.40157699584961
2024-01-16,26.26151466369629,30.240936279296875
2024-01-17,25.976198196411133,30.224878311157227
2024-01-18,25.49239730834961,29.895559310913086
2024-01-19,25.31252670288086,29.999975204467773
2024-01-22,25.114046096801758,29.654590606689453
2024-01-23,25.523414611816406,29.79917335510254
2024-01-24,25.641260147094727,29.654590606689453
2024-01-25,25.57303237915039,29.5501766204834
2024-01-26,25.455184936523438,29.638532638549805
2024-01-29,25.058223724365234,29.53411865234375
2024-01-30,24.872148513793945,29.26102066040039
2024-01-31,25.169870376586914,29.26102066040039
2024-02-01,24.95277976989746,29.73491859436035
2024-02-02,24.62404441833496,29.341346740722656
2024-02-05,24.934171676635742,29.148576736450195
2024-02-06,25.076831817626953,29.42166519165039
2024-02-07,25.49860191345215,29.56624412536621
2024-02-08,25.213287353515625,28.963830947875977
2024-02-09,25.002397537231445,28.979900360107422
2024-02-14,25.058223724365234,28.674678802490234
2024-02-15,25.349742889404297,28.8353214263916
2024-02-16,25.28151512145996,28.6345157623291
2024-02-19,25.579233169555664,28.433713912963867
2024-02-20,25.672273635864258,28.457807540893555
2024-02-21,25.5482234954834,28.0321102142334
2024-02-22,25.53582000732422,28.36142349243164
2024-02-23,25.5482234954834,28.2730655670166
2024-02-26,25.374549865722656,28.160621643066406
2024-02-27,25.920377731323242,28.393552780151367
2024-02-28,25.790122985839844,28.12849235534668
2024-02-29,26.063030242919922,28.433713912963867
2024-03-01,25.430376052856445,28.1124267578125
2024-03-04,25.12645149230957,27.943756103515625
2024-03-05,25.157461166381836,27.943756103515625
2024-03-06,24.81012535095215,27.815237045288086
2024-03-07,25.337337493896484,28.433713912963867
2024-03-08,25.25670623779297,28.41765022277832
2024-03-11,25.455184936523438,28.393552780151367
2024-03-12,25.28151512145996,28.41765022277832
2024-03-13,25.2194881439209,28.457807540893555
2024-03-14,25.089235305786133,28.44977569580078
2024-03-15,24.903160095214844,28.377487182617188
2024-03-18,25.058223724365234,28.353389739990234
2024-03-19,25.01480484008789,28.682708740234375
2024-03-20,25.25670623779297,28.87548065185547
2024-03-21,25.34354019165039,28.97186851501465
2024-03-22,24.977590560913086,28.92367172241211
2024-03-25,24.89075469970703,28.771060943603516
2024-03-26,24.853540420532227,28.85137939453125
2024-03-27,24.90936279296875,28.955799102783203
2024-03-28,24.97138786315918,29.164636611938477
2024-04-01,24.468982696533203,29.188730239868164
2024-04-02,25.145061492919922,29.03612518310547
2024-04-03,25.25670623779297,29.252988815307617
2024-04-04,25.417970657348633,29.212825775146484
2024-04-05,25.529619216918945,29.084314346313477
2024-04-08,25.988601684570312,29.076284408569336
2024-04-09,26.55923843383789,29.365442276000977
2024-04-10,25.740501403808594,29.236927032470703
2024-04-11,25.34354019165039,29.397563934326172
2024-04-12,25.3187313079834,28.66663932800293
2024-04-15,25.67847442626953,28.771060943603516
2024-04-16,24.903160095214844,28.754993438720703
2024-04-17,25.12645149230957,28.674678802490234
2024-04-18,25.05202293395996,28.60239028930664
2024-04-19,24.748098373413086,28.682708740234375
2024-04-22,24.921768188476562,28.754993438720703
2024-04-23,24.83493423461914,28.497970581054688
2024-04-24,24.69227409362793,28.40158462524414
2024-04-25,24.351133346557617,28.152585983276367
2024-04-26,24.67987060546875,28.313230514526367
2024-04-29,25.225692749023438,28.2730655670166
2024-04-30,25.368350982666016,28.289133071899414
2024-05-02,25.734296798706055,29.092350006103516
2024-05-03,26.44759178161621,29.35740089416504
2024-05-06,26.850753784179688,29.475862503051758
2024-05-07,26.626996994018555,29.293500900268555
2024-05-08,27.82020378112793,29.55046272277832
2024-05-09,27.928672790527344,28.854177474975586
2024-05-10,27.437355041503906,28.696687698364258
2024-05-13,28.018003463745117,29.01167106628418
2024-05-14,28.222190856933594,29.36454200744629
2024-05-15,28.049909591674805,29.372936248779297
2024-05-16,28.234952926635742,29.36454200744629
2024-05-17,27.80744171142578,29.238691329956055
2024-05-20,28.19666862487793,29.700138092041016
2024-05-21,28.47742462158203,29.99378776550293
2024-05-22,28.343427658081055,29.750473022460938
2024-05-23,28.049909591674805,29.33937644958496
2024-05-24,27.935054779052734,29.616235733032227
2024-05-27,28.06267547607422,29.42327308654785
2024-05-28,27.941436767578125,29.26386070251465
2024-05-29,27.845726013183594,28.995391845703125
2024-05-31,27.6543025970459,28.76047134399414
2024-06-03,28.081815719604492,28.659793853759766
2024-06-04,28.12647819519043,28.810813903808594
2024-06-05,27.947818756103516,28.483604431152344
2024-06-06,28.081815719604492,28.525558471679688
2024-06-07,27.743633270263672,28.265470504760742
2024-06-10,27.743633270263672,28.1312313079834
2024-06-11,27.813823699951172,28.3493709564209
2024-06-12,27.737253189086914,28.038944244384766
2024-06-13,27.826583862304688,27.980213165283203
2024-06-14,28.177528381347656,27.980213165283203
2024-06-17,27.973344802856445,27.879533767700195
2024-06-18,27.98610496520996,27.929874420166016
2024-06-19,28.075437545776367,27.988601684570312
2024-06-20,28.049909591674805,28.097671508789062
2024-06-21,28.15200424194336,28.189956665039062
2024-06-24,28.375329971313477,28.391315460205078
2024-06-25,28.158384323120117,28.40810203552246
2024-06-26,28.26685905456543,28.500391006469727
2024-06-27,28.330665588378906,28.659793853759766
2024-06-28,28.26047706604004,28.718521118164062
2024-07-01,28.36256980895996,28.83597755432129
2024-07-02,28.292381286621094,28.861148834228516
2024-07-03,28.790081024169922,29.0037784576416
2024-07-04,28.949602127075195,29.028942108154297
2024-07-05,28.873031616210938,29.138017654418945
2024-07-08,29.102739334106445,28.94504737854004
2024-07-09,29.204832077026367,29.104459762573242
2024-07-10,29.211214065551758,29.272253036499023
2024-07-11,29.326066970825195,29.532339096069336
2024-07-12,29.740819931030273,29.591073989868164
2024-07-15,29.574918746948242,29.4652156829834
2024-07-16,29.638723373413086,29.473615646362305
2024-07-17,29.689769744873047,29.44843864440918
2024-07-18,29.39625358581543,28.844371795654297
2024-07-19,29.096355438232422,28.441659927368164
2024-07-22,29.287782669067383,28.592676162719727
2024-07-23,29.03893280029297,28.399702072143555
2024-07-24,28.292381286621094,28.357759475708008
2024-07-25,28.18390655517578,28.28224754333496
2024-07-26,28.426376342773438,28.399702072143555
2024-07-29,28.54761505126953,28.391315460205078
2024-07-30,28.2413330078125,28.416486740112305
2024-07-31,28.222190856933594,28.3493709564209
2024-08-01,28.356189727783203,28.626230239868164
2024-08-02,28.14562225341797,29.096065521240234
2024-08-05,27.998865127563477,28.94504737854004
2024-08-06,28.13924217224121,29.104459762573242
2024-08-07,28.15200424194336,29.406492233276367
2024-08-08,28.649703979492188,29.507169723510742
2024-08-09,29.14740753173828,29.69174575805664
2024-08-12,29.19207000732422,29.683359146118164
2024-08-13,29.217592239379883,29.683359146118164
2024-08-14,29.55577278137207,29.725305557250977
2024-08-15,29.281402587890625,29.750473022460938
2024-08-16,29.472827911376953,29.680503845214844
2024-08-19,29.772724151611328,30.244539260864258
2024-08-20,29.689769744873047,30.42401123046875
2024-08-21,30.034332275390625,30.52657127380371
2024-08-22,30.082948684692383,30.65475082397461
2024-08-23,29.945646286010742,30.552204132080078
2024-08-26,29.494497299194336,30.261640548706055
2024-08-27,29.239503860473633,29.689054489135742
2024-08-28,29.036813735961914,30.09926414489746
2024-08-29,28.860280990600586,30.0223445892334
2024-08-30,29.52718734741211,30.29582405090332
2024-09-02,29.030277252197266,30.278732299804688
2024-09-03,29.200273513793945,30.51801872253418
2024-09-04,29.54680824279785,30.996599197387695
2024-09-05,29.3441162109375,30.629114151000977
2024-09-06,29.409500122070312,30.612024307250977
2024-09-09,29.11527442932129,30.48383140563965
2024-09-10,29.089120864868164,30.30436134338379
2024-09-11,28.919124603271484,30.167621612548828
2024-09-12,28.703357696533203,29.91124725341797
2024-09-13,28.84720230102539,30.04798698425293
2024-09-16,28.94527816772461,30.039440155029297
2024-09-17,28.866817474365234,29.612138748168945
2024-09-18,28.546436309814453,29.424118041992188
2024-09-19,28.415672302246094,29.389934539794922
2024-09-20,28.579132080078125,29.30447769165039
2024-09-23,28.415672302246094,29.31302261352539
2024-09-24,28.5072078704834,29.19338035583496
2024-09-25,28.11490821838379,29.12500762939453
2024-09-26,28.15413475036621,29.24465560913086
2024-09-27,28.062599182128906,29.176286697387695
2024-09-30,27.755298614501953,29.26174545288086
2024-10-01,27.892602920532227,29.24465560913086
2024-10-02,27.840295791625977,29.458311080932617
2024-10-03,27.408767700195312,29.210474014282227
2024-10-04,27.42184066772461,29.27883529663086
2024-10-07,27.493764877319336,29.52667236328125
2024-10-08,27.30415153503418,29.44121742248535
2024-10-09,26.80723762512207,29.21901512145996
2024-10-10,26.7614688873291,29.424118041992188
2024-10-11,26.539165496826172,29.210474014282227
2024-10-14,26.643774032592773,29.44121742248535
2024-10-15,26.91185188293457,29.654865264892578
2024-10-16,27.14069366455078,29.919788360595703
2024-10-17,26.990312576293945,29.637771606445312
2024-10-18,27.062232971191406,29.825786590576172
2024-10-21,27.101463317871094,29.66341209411621
2024-10-22,26.8203125,29.355754852294922
2024-10-23,26.75493049621582,29.31302261352539
2024-10-24,26.977231979370117,29.44121742248535
2024-10-25,26.676469802856445,29.355754852294922
2024-10-28,26.75493049621582,29.501033782958984
2024-10-29,26.774547576904297,29.49248695373535
2024-10-30,26.970693588256836,29.723234176635742
2024-10-31,27.114538192749023,29.928342819213867
2024-11-01,26.8791561126709,29.586496353149414
2024-11-04,27.291074752807617,29.868518829345703
2024-11-05,27.317228317260742,29.637771606445312
2024-11-06,26.519550323486328,29.577951431274414
2024-11-07,26.42147445678711,29.765968322753906
2024-11-08,26.329938888549805,29.859970092773438
2024-11-11,25.76110076904297,30.193267822265625
2024-11-12,25.71533203125,29.713293075561523
2024-11-13,25.64995002746582,29.704578399658203
2024-11-14,25.77417755126953,29.373559951782227
2024-11-18,25.564952850341797,29.687158584594727
2024-11-19,25.64995002746582,29.948490142822266
2024-11-21,24.969961166381836,29.486804962158203
2024-11-22,25.231496810913086,29.87009048461914
2024-11-25,25.780715942382812,29.84395408630371
2024-11-26,25.336109161376953,30.00075340270996
2024-11-27,24.878421783447266,29.626178741455078
2024-11-28,24.5515079498291,29.260318756103516
2024-11-29,24.845731735229492,29.695871353149414
2024-12-02,24.427276611328125,29.86137580871582
2024-12-03,24.72804069519043,29.643598556518555
2024-12-04,24.77381134033203,29.66102409362793
2024-12-05,25.035343170166016,29.98333168029785
2024-12-06,24.845731735229492,29.730712890625
2024-12-09,24.819578170776367,29.826534271240234
2024-12-10,24.83919334411621,29.74813461303711
2024-12-11,25.00265121459961,29.88751220703125
2024-12-12,24.35535430908203,29.626178741455078
2024-12-13,24.23766326904297,29.373559951782227
2024-12-16,23.936899185180664,29.303871154785156
2024-12-17,24.466508865356445,29.565196990966797
2024-12-18,23.832286834716797,28.441482543945312
2024-12-19,23.956518173217773,28.78120994567871
2024-12-20,24.275630950927734,29.295162200927734
2024-12-23,23.484464645385742,28.389217376708984
2024-12-26,23.458093643188477,28.606990814208984
2024-12-27,23.042728424072266,28.633121490478516
2024-12-30,23.40534782409668,28.62441635131836
2025-01-02,23.31304359436035,28.67667579650879
2025-01-03,23.280080795288086,28.058195114135742
2025-01-06,23.253707885742188,28.467615127563477
2025-01-07,23.458093643188477,29.147075653076172
2025-01-08,23.174591064453125,28.746368408203125
2025-01-09,23.273487091064453,28.720237731933594
2025-01-10,23.049320220947266,28.51988410949707
2025-01-13,22.85811996459961,28.04948616027832
2025-01-14,22.87131118774414,28.241127014160156
2025-01-15,23.37238121032715,28.397924423217773
2025-01-16,23.253707885742188,28.136594772338867
2025-01-17,23.20755386352539,28.432771682739258
2025-01-20,23.286670684814453,28.66796875
2025-01-21,23.385568618774414,28.85961151123047
2025-01-22,23.293264389038086,28.659259796142578
2025-01-23,23.174591064453125,28.00593376159668
2025-01-24,23.187776565551758,27.701045989990234
2025-01-27,23.827302932739258,28.336946487426758
2025-01-28,24.23607063293457,28.2324161529541
2025-01-29,24.209699630737305,28.180152893066406
2025-01-30,24.295408248901367,28.911876678466797
2025-01-31,24.2624454498291,29.190628051757812
2025-02-03,23.93938446044922,29.13836097717285
2025-02-04,23.80093002319336,29.094812393188477
2025-02-05,23.491060256958008,28.798633575439453
2025-02-06,23.6558837890625,28.903167724609375
2025-02-07,23.70203399658203,28.728946685791016
2025-02-10,23.537208557128906,28.65054702758789
2025-02-11,24.01849937438965,28.946718215942383
2025-02-12,23.609731674194336,28.485036849975586
2025-02-13,23.748186111450195,28.554725646972656
2025-02-14,24.11739730834961,29.208049774169922
2025-02-17,24.04487419128418,28.82476806640625
2025-02-18,24.09761619567871,28.62441635131836
2025-02-19,23.840490341186523,28.589569091796875
2025-02-20,24.07784080505371,28.450193405151367
2025-02-21,24.11739730834961,28.65054702758789
2025-02-24,24.130582809448242,28.5460147857666
2025-02-25,24.354747772216797,28.929296493530273
2025-02-26,24.526166915893555,28.763792037963867
2025-02-27,24.420677185058594,28.720237731933594
2025-02-28,24.50638771057129,28.56343650817871
2025-03-05,24.414087295532227,28.82476806640625
2025-03-06,24.631656646728516,28.720237731933594
2025-03-07,24.90196990966797,28.955434799194336
2025-03-10,24.921749114990234,29.1993408203125
2025-03-11,24.499792098999023,29.0076961517334
2025-03-12,24.387712478637695,28.938013076782227
2025-03-13,24.61187744140625,29.21676254272461
2025-03-14,24.90196990966797,29.678449630737305
2025-03-17,25.416227340698242,30.00946807861328
2025-03-18,25.508529663085938,29.931066513061523
2025-03-19,25.633800506591797,30.00075340270996
2025-03-20,25.844778060913086,30.183685302734375
2025-03-21,25.76565933227539,30.13142204284668
2025-03-24,25.396448135375977,29.92235565185547
2025-03-25,25.5349063873291,29.547779083251953
2025-03-26,25.521718978881836,29.617469787597656
2025-03-27,25.74588394165039,29.53907012939453
2025-03-28,25.75906753540039,29.57391357421875
2025-03-31,25.449195861816406,29.3212947845459
2025-04-01,25.317333221435547,29.591339111328125
2025-04-02,25.165691375732422,29.46938133239746
2025-04-03,26.35903549194336,30.00946807861328
2025-04-04,26.134872436523438,29.878799438476562
2025-04-07,25.752473831176758,29.512939453125
2025-04-08,25.74588394165039,29.634891510009766
2025-04-09,26.279918670654297,29.791688919067383
2025-04-10,26.08212661743164,29.765554428100586
2025-04-11,26.141468048095703,29.626178741455078
2025-04-14,26.200801849365234,29.97461700439453
2025-04-15,26.08871841430664,30.00946807861328
2025-04-16,25.976638793945312,29.965911865234375
2025-04-17,25.904115676879883,30.05301856994629
2025-04-22,25.970046997070312,30.331771850585938
2025-04-23,26.233768463134766,30.81959342956543
2025-04-24,26.754619598388672,31.455493927001953
2025-04-25,26.543643951416016,31.333541870117188
2025-04-28,26.906259536743164,31.481630325317383
2025-04-29,26.86669921875,31.499052047729492
2025-04-30,27.407331466674805,32.066104888916016
2025-05-02,27.071086883544922,31.601890563964844
2025-05-05,27.044713973999023,31.58403968811035
2025-05-06,26.86669921875,31.414424896240234
2025-05-07,27.082056045532227,31.137685775756836
2025-05-08,26.82605743408203,31.8875675201416
2025-05-09,26.50942611694336,31.762584686279297
2025-05-12,26.367950439453125,31.530475616455078
2025-05-13,26.940580368041992,31.645204544067383
2025-05-14,26.886686325073242,31.617998123168945
2025-05-15,27.445844650268555,32.10763931274414
2025-05-16,27.466054916381836,32.098567962646484
2025-05-19,27.816370010375977,32.30712127685547
2025-05-20,27.836580276489258,32.52473449707031
2025-05-21,27.64794921875,32.10763931274414
2025-05-22,27.05510902404785,32.098567962646484
2025-05-23,27.250476837158203,32.21644973754883
2025-05-26,27.52668571472168,32.497535705566406
2025-05-27,28.180158615112305,33.11412048339844
2025-05-28,28.287946701049805,32.28898239135742
2025-05-29,28.193634033203125,32.180179595947266
2025-05-30,27.66142463684082,32.080440521240234
2025-06-02,27.297632217407227,31.60893440246582
2025-06-03,27.823108673095703,32.007896423339844
2025-06-04,27.627737045288086,31.463850021362305
2025-06-05,27.580581665039062,31.19183349609375
2025-06-06,27.35152816772461,31.16463279724121
2025-06-09,27.196582794189453,30.874469757080078
2025-06-10,27.35152816772461,30.992353439331055
2025-06-11,27.115739822387695,30.83820152282715
2025-06-12,27.183109283447266,30.810998916625977
2025-06-13,27.257213592529297,30.801937103271484
2025-06-16,27.385211944580078,31.246234893798828
2025-06-17,27.237003326416016,31.273439407348633
2025-06-18,27.344791412353516,31.0467529296875
2025-06-20,26.981002807617188,31.31877899169922
2025-06-23,27.890474319458008,31.064884185791016
2025-06-24,29.33889389038086,31.10115623474121
2025-06-25,28.79994773864746,31.246234893798828
2025-06-26,29.10310173034668,31.237167358398438
2025-06-27,30.335941314697266,31.19183349609375
2025-06-30,30.591943740844727,31.672401428222656
2025-07-01,30.98941421508789,31.79934310913086
2025-07-02,31.474468231201172,31.282506942749023
2025-07-03,32.88920593261719,31.790281295776367
2025-07-04,31.191518783569336,31.763076782226562
2025-07-07,29.21763038635254,31.491058349609375
2025-07-08,29.042470932006836,31.373178482055664
2025-07-09,28.564157485961914,31.03768539428711
2025-07-10,28.49005126953125,30.974214553833008
2025-07-11,28.01173973083496,30.829137802124023
2025-07-14,28.631526947021484,30.720325469970703
2025-07-15,28.112791061401367,30.55711555480957
2025-07-16,28.092578887939453,30.638721466064453
2025-07-17,27.809633255004883,30.448305130004883
2025-07-18,28.099315643310547,30.656856536865234
2025-07-21,28.274473190307617,30.638721466064453
2025-07-22,28.025211334228516,30.25788688659668
2025-07-23,28.651735305786133,30.55711555480957
2025-07-24,28.67868423461914,30.439239501953125
2025-07-25,28.395736694335938,30.366703033447266
2025-07-28,28.2946834564209,30.19441795349121
2025-07-29,28.166685104370117,30.25788688659668
2025-07-30,27.49300193786621,30.511775970458984
2025-07-31,26.900157928466797,30.248825073242188
2025-08-01,27.082056045532227,30.321361541748047
2025-08-04,26.873214721679688,30.312294006347656
2025-08-05,26.89342498779297,30.212553024291992
2025-08-06,27.14942169189453,30.294158935546875
2025-08-07,27.03489875793457,30.493640899658203
2025-08-08,27.284162521362305,30.448305130004883
2025-08-11,26.610477447509766,30.321361541748047
2025-08-12,26.89342498779297,30.439239501953125
2025-08-13,26.41510772705078,30.085609436035156
2025-08-14,26.502687454223633,30.221622467041016
2025-08-15,26.50942611694336,30.67499351501465
2025-08-18,26.778898239135742,31.05582046508789
2025-08-19,26.610477447509766,30.80385398864746
2025-08-20,26.623950958251953,30.924802780151367
2025-08-21,27.014686584472656,30.896888732910156
2025-08-22,27.093599319458008,31.408580780029297
2025-08-25,26.96274185180664,31.538833618164062
2025-08-26,27.038501739501953,31.808631896972656
2025-08-27,27.300209045410156,32.04121780395508
2025-08-28,27.41728973388672,32.31101989746094
2025-08-29,27.506820678710938,32.44126892089844
2025-09-01,26.859437942504883,32.171470642089844
2025-09-02,26.94208335876465,31.901668548583984
2025-09-03,26.859437942504883,31.892364501953125
2025-09-04,26.831890106201172,32.208683013916016
2025-09-05,27.134920120239258,32.37614440917969
2025-09-08,27.20379066467285,32.525001525878906
2025-09-09,27.69277000427246,32.54360580444336
2025-09-10,27.940704345703125,32.469181060791016
2025-09-11,27.940704345703125,32.413360595703125
2025-09-12,27.81673812866211,32.413360595703125
2025-09-15,28.044008255004883,32.57151412963867
2025-09-16,27.864944458007812,32.8320198059082
2025-09-17,28.085330963134766,33.06460189819336
2025-09-18,28.22995948791504,32.980873107910156
2025-09-19,28.718936920166016,33.3157958984375
2025-09-22,28.436569213867188,33.213462829589844
2025-09-23,28.40213394165039,33.58559799194336
2025-09-24,27.96136474609375,33.52977752685547
2025-09-25,27.73409080505371,33.632118225097656
2025-09-26,27.65144920349121,33.81818389892578
2025-09-29,28.291942596435547,34.19962692260742
2025-09-30,28.030235290527344,34.106590270996094
2025-10-01,28.25750732421875,34.357791900634766
2025-10-02,27.947589874267578,33.95773696899414
2025-10-03,27.75475311279297,34.1438102722168
2025-10-06,27.513708114624023,33.8367919921875
2025-10-07,27.65144920349121,33.4925651550293
2025-10-08,27.424177169799805,33.68793869018555
2025-10-09,27.4586124420166,33.380924224853516
2025-10-10,27.85805892944336,33.33440399169922
2025-10-13,28.581195831298828,33.511173248291016
2025-10-14,27.582576751708984,33.35301208496094
2025-10-15,27.424177169799805,33.79957962036133
2025-10-16,27.727205276489258,33.74375915527344
2025-10-17,27.58946418762207,34.11589431762695
2025-10-20,27.479272842407227,33.92982482910156
2025-10-21,27.313983917236328,33.94843673706055
2025-10-22,27.086711883544922,33.99495315551758
2025-10-23,27.134920120239258,34.23684310913086
2025-10-24,27.045387268066406,34.39500045776367
2025-10-27,27.451723098754883,34.72062301635742
2025-10-28,27.375965118408203,35.03694152832031
2025-10-29,27.58946418762207,35.02763748168945
2025-10-30,27.424177169799805,35.46490478515625
2025-10-31,27.548141479492188,35.44629669189453
2025-11-03,27.75475311279297,35.9207763671875
2025-11-04,28.484779357910156,36.73017883300781
2025-11-05,29.07017707824707,37.23257064819336
2025-11-06,29.538496017456055,37.4372444152832
2025-11-07,29.27678680419922,37.72565460205078
2025-11-10,29.786428451538086,38.0977897644043
2025-11-11,30.144554138183594,39.4840087890625
2025-11-12,30.544004440307617,41.76336669921875
2025-11-13,30.10323143005371,41.81918716430664
2025-11-14,29.731332778930664,41.86570739746094
2025-11-17,29.717557907104492,42.757301330566406
2025-11-18,29.772653579711914,42.19670486450195
2025-11-19,29.517833709716797,41.037506103515625
2025-11-21,29.36631965637207,40.31538391113281
2025-11-24,29.910396575927734,40.799964904785156
2025-11-25,29.84152603149414,40.75245666503906
2025-11-26,30.557777404785156,41.313053131103516
2025-11-27,30.583946228027344,41.32255554199219
2025-11-28,29.542627334594727,41.35105895996094
2025-12-01,29.272659301757812,40.381893157958984
2025-12-02,29.95722770690918,40.381893157958984
2025-12-03,29.706539154052734,39.89731216430664
2025-12-04,30.121139526367188,40.19186019897461
2025-12-05,28.57844352722168,39.156185150146484
2025-12-08,29.012327194213867,39.45073318481445
2025-12-09,29.06053352355957,39.270206451416016
2025-12-10,29.205163955688477,39.74528503417969
2025-12-11,29.224445343017578,39.4697380065918
2025-12-12,29.359432220458984,39.68827438354492
2025-12-15,29.870450973510742,40.381893157958984
2025-12-16,29.224445343017578,39.25120162963867
2025-12-17,29.282297134399414,38.57658386230469
2025-12-18,29.561912536621094,38.32954406738281
2025-12-19,29.974655151367188,38.84263229370117
2025-12-22,29.307476043701172,38.3010368347168
2025-12-23,30.09068489074707,38.73811340332031
2025-12-26,30.245393753051758,39.298709869384766
2025-12-29,29.897300720214844,39.4222297668457
2025-12-30,30.33241844177246,40.011329650878906
2026-01-02,30.100353240966797,39.87831115722656
2026-01-05,30.09068489074707,40.13485336303711
2026-01-06,30.380762100219727,39.982826232910156
2026-01-07,29.877962112426758,39.28920364379883
2026-01-08,29.839284896850586,38.51957702636719
2026-01-09,29.92630958557129,38.073001861572266
2026-01-12,30.158370971679688,38.101505279541016
2026-01-13,29.268800735473633,37.67393112182617
2026-01-14,29.90696907043457,37.79745101928711
2026-01-15,29.55887794494629,37.89247131347656
2026-01-16,29.46218490600586,37.53140640258789
2026-01-19,29.73292350769043,37.86396026611328
2026-01-20,30.206716537475586,38.063499450683594
2026-01-21,31.2413272857666,38.68110275268555
2026-01-22,32.140567779541016,40.11585235595703
2026-01-23,32.130897521972656,40.88547897338867
2026-01-26,32.275936126708984,41.12302017211914
2026-01-27,32.36295700073242,41.959163665771484
2026-01-28,32.440311431884766,41.09451675415039
2026-01-29,32.42097473144531,40.50541305541992
2026-01-30,31.686111450195312,39.55525588989258
2026-02-02,32.401634216308594,40.16335678100586
2026-02-03,32.66270065307617,40.26787567138672
2026-02-04,32.15023422241211,39.4127311706543
2026-02-05,32.208251953125,39.62176513671875
2026-02-06,32.246925354003906,39.44123077392578
2026-02-09,32.34362030029297,40.334388732910156
2026-02-10,32.66270065307617,40.45790481567383
2026-02-11,33.81334686279297,42.206207275390625
2026-02-12,33.001129150390625,41.68361282348633
2026-02-13,32.585350036621094,41.42707061767578
2026-02-18,32.16957473754883,41.50308609008789
2026-02-19,32.60469055175781,42.339229583740234
2026-02-20,32.5273323059082,42.76679992675781
2026-02-23,32.54667282104492,42.785804748535156
2026-02-24,33.04947280883789,42.757301330566406
2026-02-25,32.3049430847168,41.82613754272461
2026-02-26,32.691715240478516,42.424747467041016
2026-02-27,32.56601333618164,41.97816848754883
2026-03-02,32.208251953125,41.41756820678711
2026-03-03,31.192977905273438,40.09684371948242
2026-03-04,31.91817283630371,41.037506103515625
2026-03-05,30.757862091064453,40.30588150024414
2026-03-06,31.06728172302246,40.54342269897461
2026-03-09,31.309011459350586,40.67644500732422
2026-03-10,31.521732330322266,40.62893295288086
2026-03-11,31.299339294433594,40.685943603515625
2026-03-12,30.5548095703125,40.011329650878906
2026-03-13,30.50646209716797,40.09684371948242
2026-03-16,30.9222412109375,40.50541305541992
2026-03-17,30.825546264648438,40.21086502075195
2026-03-18,30.5548095703125,39.764286041259766
2026-03-19,31.028602600097656,40.03033447265625
2026-03-20,30.27440071105957,38.79512405395508
2026-03-23,30.989925384521484,40.34388732910156
2026-03-24,30.661170959472656,39.89731216430664
2026-03-25,31.37669563293457,40.52442169189453
2026-03-26,30.64183235168457,39.72628402709961
2026-03-27,30.496793746948242,39.06117248535156
2026-03-30,30.844886779785156,39.536251068115234
2026-03-31,31.744129180908203,40.86647033691406
2026-04-01,31.79247283935547,40.657440185546875
2026-04-02,32.17924118041992,40.69544982910156
2026-04-06,32.19858169555664,40.799964904785156
2026-04-07,32.04387283325195,40.73345184326172
2026-04-08,33.06881332397461,41.91165542602539
2026-04-09,33.32020950317383,42.66228485107422
2026-04-10,34.86729431152344,42.966339111328125
2026-04-13,36.008262634277344,42.909324645996094
2026-04-14,36.69477844238281,43.137367248535156
2026-04-15,37.139564514160156,43.29888916015625
2026-04-16,36.926841735839844,42.09218215942383
2026-04-17,36.26933288574219,42.76679992675781
2026-04-20,36.182308197021484,43.574440002441406
2026-04-22,35.51512908935547,42.966339111328125
2026-04-23,35.71818161010742,42.434242248535156
2026-04-24,35.457115173339844,41.91165542602539
2026-04-27,35.002662658691406,41.43657684326172
2026-04-28,33.977718353271484,40.98999786376953
2026-04-29,33.503929138183594,40.44840621948242
2026-04-30,34.1421012878418,41.282264709472656
2026-05-04,33.98739242553711,40.291954040527344
2026-05-05,33.37411880493164,40.18516159057617
2026-05-06,33.158424377441406,40.99100112915039
2026-05-07,33.20744323730469,39.65116882324219
2026-05-08,33.61922836303711,39.767677307128906
2026-05-11,32.99174880981445,40.19486999511719
2026-05-12,32.51133346557617,39.14080810546875
2026-05-13,32.2073974609375,38.048370361328125
2026-05-14,31.86424446105957,37.99916076660156
2026-05-15,31.93287467956543,37.68422317504883
2026-05-18,31.697572708129883,37.94010925292969
2026-05-19,31.14852523803711,37.448020935058594
2026-05-20,31.72698402404785,37.949954986572266
2026-05-21,31.707374572753906,37.812164306640625
2026-05-22,31.677963256835938,38.11726379394531
2026-05-25,31.94268226623535,38.88492202758789
2026-05-26,31.6191349029541,38.382991790771484
2026-05-27,31.991703033447266,38.747135162353516
2026-05-28,31.68776512145996,38.599510192871094
2026-05-29,32.45250701904297,38.54045867919922
2026-06-01,32.15837478637695,38.284576416015625
2026-06-02,33.27607345581055,38.62903594970703
2026-06-03,33.42314147949219,38.17631530761719
2026-06-05,33.07018280029297,37.98931884765625
2026-06-08,32.7662467956543,38.20583724975586
2026-06-09,33.16822814941406,38.61919403076172
2026-06-10,32.58977127075195,38.37314987182617
2026-06-11,33.86433792114258,39.07191848754883
2026-06-12,34.52123260498047,39.06207275390625
2026-06-15,34.62908172607422,38.88492202758789
2026-06-16,33.658447265625,38.77666473388672
2026-06-17,32.79566192626953,38.264888763427734
2026-06-18,33.21725082397461,38.82587432861328
2026-06-19,33.21725082397461,38.678245544433594
2026-06-22,33.55059814453125,39.28843307495117
2026-06-23,33.53099060058594,39.160491943359375
2026-06-24,32.942726135253906,39.09160232543945
2026-06-25,33.050575256347656,39.24906921386719
2026-06-26,33.49177169799805,39.09160232543945
2026-06-29,33.51137924194336,39.48527145385742
2026-06-30,34.14866638183594,39.15065002441406
2026-07-01,32.0505256652832,39.21954345703125
2026-07-02,31.72698402404785,40.24308776855469
2026-07-03,31.51128578186035,40.42024230957031
2026-07-06,31.51128578186035,39.63290023803711
2026-07-07,32.10935592651367,39.76084518432617
2026-07-08,31.785808563232422,39.160491943359375
2026-07-09,31.981895446777344,39.67226791381836
2026-07-10,32.923118591308594,41.109169006347656
2026-07-13,31.805416107177734,40.6958122253418
2026-07-14,31.638744354248047,40.607234954833984
2026-07-15,30.021020889282227,40.272613525390625
2026-07-16,29.80532455444336,40.38087463378906
2026-07-17,29.38373565673828,40.24308776855469
2026-07-20,29.677867889404297,40.49897766113281
2026-07-21,29.746498107910156,40.47929382324219
2026-07-22,29.707279205322266,40.93201446533203
2026-07-23,29.56021499633789,40.76470184326172
2026-07-24,28.815080642700195,39.66242218017578
2026-07-27,29.452367782592773,39.317962646484375
2026-07-28,29.42295265197754,39.17033386230469
2026-07-29,28.717039108276367,38.43219757080078
2026-07-30,29.403343200683594,39.239227294921875
2026-07-31,29.217060089111328,39.03255081176758
2026-08-03,29.511192321777344,39.36717224121094
2026-08-04,29.540605545043945,39.2589111328125
2026-08-05,29.24647331237793,39.42622375488281
2026-08-06,29.324909210205078,38.91444778442383
2026-08-07,29.14842987060547,38.62903594970703
2026-08-10,28.677820205688477,37.890899658203125
2026-08-11,28.520950317382812,37.69406509399414
2026-08-12,27.87386131286621,37.10355758666992
2026-08-13,27.736600875854492,37.60548782348633
2026-08-14,27.481685638427734,37.339759826660156
2026-08-17,27.501293182373047,37.25
2026-08-18,27.265989303588867,36.90999984741211
2026-08-19,27.14833641052246,37.16999816894531
2026-08-20,27.275793075561523,37.45000076293945
2026-08-21,27.6299991607666,37.56999969482422
2026-08-24,28.040000915527344,37.779998779296875
2026-08-25,28.850000381469727,38.86000061035156
2026-08-26,28.84000015258789,38.939998626708984
2026-08-27,28.850000381469727,38.70000076293945
2026-08-28,28.809999465942383,38.68000030517578
2026-08-31,29.3799991607666,39.099998474121094
2026-09-01,29.020000457763672,39.72999954223633
2026-09-02,30.149999618530273,40.88999938964844
2026-09-03,30.360000610351562,41.54999923706055
2026-09-04,30.139999389648438,41.529998779296875
2026-09-08,30.889999389648438,41.83000183105469
2026-09-09,30.729999542236328,40.869998931884766
2026-09-10,31.0,41.290000915527344
2026-09-11,30.75,40.72999954223633
2026-09-14,30.459999084472656,40.5099983215332
2026-09-15,30.520000457763672,40.79999923706055
2026-09-16,30.649999618530273,41.04999923706055
2026-09-17,30.8799991607666,41.5
2026-09-18,30.389999389648438,41.90999984741211
