Date,EQTL3.SA,CPFE3.SA
2011-09-21,1.7594565153121948,10.777875900268555
2011-09-22,1.7549448013305664,10.356670379638672
2011-09-23,1.7399067878723145,10.317028999328613
2011-09-26,1.7444180250167847,10.272428512573242
2011-09-27,1.7474256753921509,10.287298202514648
2011-09-28,1.7579524517059326,10.232789039611816
2011-09-29,1.7263727188110352,10.317028999328613
2011-09-30,1.7444180250167847,10.22287654876709
2011-10-03,1.6872731447219849,10.257563591003418
2011-10-04,1.640655279159546,9.965198516845703
2011-10-05,1.684265375137329,10.04448413848877
2011-10-06,1.684265375137329,10.014748573303223
2011-10-07,1.6617087125778198,9.900777816772461
2011-10-10,1.6993038654327393,10.094037055969238
2011-10-11,1.6993038654327393,10.064305305480957
2011-10-13,1.6993038654327393,10.391357421875
2011-10-14,1.6993038654327393,10.257563591003418
2011-10-17,1.6857695579528809,10.208008766174316
2011-10-18,1.6857695579528809,10.208008766174316
2011-10-19,1.6993038654327393,10.460733413696289
2011-10-20,1.684265375137329,10.460733413696289
2011-10-21,1.6993038654327393,10.738232612609863
2011-10-24,1.684265375137329,10.807605743408203
2011-10-25,1.684265375137329,10.807605743408203
2011-10-26,1.6993038654327393,10.807605743408203
2011-10-27,1.6887776851654053,10.807605743408203
2011-10-28,1.6917847394943237,10.728320121765137
2011-10-31,1.6917847394943237,10.703545570373535
2011-11-01,1.7128381729125977,10.64408016204834
2011-11-03,1.7594565153121948,10.90176010131836
2011-11-04,1.7594565153121948,10.753098487854004
2011-11-07,1.7444180250167847,11.199081420898438
2011-11-08,1.7474256753921509,11.075196266174316
2011-11-09,1.7293797731399536,11.149527549743652
2011-11-10,1.7594565153121948,11.149527549743652
2011-11-11,1.7669754028320312,11.308097839355469
2011-11-14,1.7744942903518677,11.204036712646484
2011-11-16,1.7744942903518677,11.273407936096191
2011-11-17,1.717349648475647,11.075196266174316
2011-11-18,1.684265375137329,11.208991050720215
2011-11-21,1.684265375137329,11.035553932189941
2011-11-22,1.7293797731399536,11.199081420898438
2011-11-23,1.7594565153121948,11.238723754882812
2011-11-24,1.7323877811431885,11.25358772277832
2011-11-25,1.738403081893921,11.382428169250488
2011-11-28,1.7669754028320312,11.620282173156738
2011-11-29,1.762463927268982,11.347739219665527
2011-11-30,1.7293797731399536,11.347739219665527
2011-12-01,1.7729898691177368,11.347739219665527
2011-12-02,1.7970519065856934,11.223856925964355
2011-12-05,1.8105859756469727,11.451801300048828
2011-12-06,1.8541964292526245,11.823450088500977
2011-12-07,1.8857762813568115,11.699569702148438
2011-12-08,1.9083331823349,11.78381061553955
2011-12-09,1.9369055032730103,11.78381061553955
2011-12-12,1.8797610998153687,11.78381061553955
2011-12-13,1.860211730003357,12.140593528747559
2011-12-14,1.8857762813568115,12.200058937072754
2011-12-15,1.8737457990646362,12.393318176269531
2011-12-16,1.9083331823349,12.338809967041016
2011-12-19,1.9038214683532715,12.53702163696289
2011-12-20,1.8797610998153687,12.755057334899902
2011-12-21,1.878256916999817,12.735235214233398
2011-12-22,1.8632185459136963,12.834342956542969
2011-12-23,1.8722418546676636,13.012738227844238
2011-12-26,1.899310827255249,13.131664276123047
2011-12-27,1.8752496242523193,13.131664276123047
2011-12-28,1.8947993516921997,12.97309398651123
2011-12-29,1.9053256511688232,12.893807411193848
2012-01-02,1.9158520698547363,12.789746284484863
2012-01-03,1.8722418546676636,12.68568229675293
2012-01-04,1.9023174047470093,12.839298248291016
2012-01-05,1.9098368883132935,12.873987197875977
2012-01-06,1.9173561334609985,12.869028091430664
2012-01-09,1.9173561334609985,12.903717041015625
2012-01-10,1.914348840713501,12.586576461791992
2012-01-11,1.9173561334609985,12.546936988830566
2012-01-12,1.8872802257537842,12.561800956726074
2012-01-13,1.8797610998153687,12.586576461791992
2012-01-16,1.8797610998153687,12.636128425598145
2012-01-17,1.9023174047470093,12.636128425598145
2012-01-18,1.9384092092514038,12.631173133850098
2012-01-19,1.893295168876648,12.44782543182373
2012-01-20,1.8767532110214233,12.611352920532227
2012-01-23,1.8722418546676636,12.492424964904785
2012-01-24,1.8722418546676636,12.561800956726074
2012-01-26,1.8722418546676636,12.586576461791992
2012-01-27,1.8587076663970947,12.586576461791992
2012-01-30,1.8316391706466675,12.60639762878418
2012-01-31,1.8496850728988647,12.784789085388184
2012-02-01,1.8406625986099243,12.750102996826172
2012-02-02,1.8572031259536743,12.735235214233398
2012-02-03,1.864722490310669,12.68568229675293
2012-02-06,1.8271279335021973,12.883896827697754
2012-02-07,1.8181042671203613,13.106888771057129
2012-02-08,1.8271279335021973,12.983003616333008
2012-02-09,1.8271279335021973,13.156440734863281
2012-02-10,1.8376541137695312,13.116798400878906
2012-02-13,1.8376541137695312,13.339789390563965
2012-02-14,1.8196080923080444,13.255549430847168
2012-02-15,1.8346470594406128,13.28032398223877
2012-02-16,1.8496850728988647,13.45376205444336
2012-02-17,1.7729898691177368,13.65197467803955
2012-02-23,1.7729898691177368,13.478537559509277
2012-02-24,1.7895324230194092,13.617286682128906
2012-02-27,1.8196080923080444,13.622243881225586
2012-02-28,1.8496850728988647,13.597464561462402
2012-02-29,1.8722418546676636,13.711441040039062
2012-03-01,1.864722490310669,13.80063533782959
2012-03-02,1.8917913436889648,13.80063533782959
2012-03-05,1.9233715534210205,14.013714790344238
2012-03-06,1.9098368883132935,14.167332649230957
2012-03-07,1.933897614479065,13.899742126464844
2012-03-08,1.9624704122543335,14.023624420166016
2012-03-09,1.9850276708602905,14.434920310974121
2012-03-12,2.0045769214630127,14.51916217803955
2012-03-13,2.034653663635254,14.504292488098145
2012-03-14,2.034653663635254,14.429965019226074
2012-03-15,2.045179843902588,14.24661636352539
2012-03-16,2.045179843902588,14.16237735748291
2012-03-19,2.0286383628845215,14.043447494506836
2012-03-20,2.0213823318481445,13.874964714050293
2012-03-21,1.9894410371780396,13.998848915100098
2012-03-22,1.9894410371780396,13.998848915100098
2012-03-23,2.007693290710449,13.785767555236816
2012-03-26,2.053323268890381,13.9146089553833
2012-03-27,2.051802158355713,13.949295043945312
2012-03-28,2.03355073928833,13.80559253692627
2012-03-29,2.0213823318481445,13.726305961608887
2012-03-30,2.083742380142212,13.602421760559082
2012-04-02,2.0670113563537598,14.063267707824707
2012-04-03,2.112640857696533,13.765949249267578
2012-04-04,2.112640857696533,13.696575164794922
2012-04-05,2.0883052349090576,13.959207534790039
2012-04-09,2.129371404647827,13.82045841217041
2012-04-10,2.105036497116089,13.924518585205078
2012-04-11,2.063969612121582,13.528092384338379
2012-04-12,2.053323268890381,13.329878807067871
2012-04-13,2.0213823318481445,13.272807121276855
2012-04-16,2.0183398723602295,13.119658470153809
2012-04-17,2.0183398723602295,13.078821182250977
2012-04-18,2.1278507709503174,13.119658470153809
2012-04-19,2.0989527702331543,13.053295135498047
2012-04-20,2.136976957321167,13.022664070129395
2012-04-23,2.1278507709503174,12.910356521606445
2012-04-24,2.083742380142212,13.150286674499512
2012-04-25,2.1065571308135986,13.395326614379883
2012-04-26,2.155228614807129,13.262598037719727
2012-04-27,2.1537070274353027,13.563789367675781
2012-04-30,2.1400182247161865,13.60462760925293
2012-05-02,2.1400182247161865,13.60462760925293
2012-05-03,2.165875196456909,13.487214088439941
2012-05-04,2.217587947845459,13.466794967651367
2012-05-07,2.209984064102173,13.374905586242676
2012-05-08,2.2662601470947266,13.405537605285645
2012-05-09,2.287553548812866,13.28812313079834
2012-05-10,2.307326316833496,13.425955772399902
2012-05-11,2.275385618209839,13.425955772399902
2012-05-14,2.2358412742614746,12.930779457092285
2012-05-15,2.2662601470947266,12.935882568359375
2012-05-16,2.3499138355255127,13.201336860656738
2012-05-17,2.2814700603485107,12.992036819458008
2012-05-18,2.2845118045806885,12.94609260559082
2012-05-21,2.2845118045806885,12.507068634033203
2012-05-22,2.251049757003784,12.573431015014648
2012-05-23,2.2358412742614746,12.37434196472168
2012-05-24,2.220630645751953,12.307976722717285
2012-05-25,2.2160682678222656,12.1650390625
2012-05-28,2.2662601470947266,12.471335411071777
2012-05-29,2.251049757003784,12.251823425292969
2012-05-30,2.184126377105713,12.231404304504395
2012-05-31,2.2358412742614746,12.598958015441895
2012-06-01,2.3529560565948486,12.37944507598877
2012-06-04,2.3194947242736816,12.598958015441895
2012-06-05,2.3118896484375,12.318187713623047
2012-06-06,2.2814700603485107,12.542799949645996
2012-06-08,2.2038991451263428,12.573431015014648
2012-06-11,2.2358412742614746,12.639798164367676
2012-06-12,2.2966792583465576,13.114555358886719
2012-06-13,2.2358412742614746,13.145185470581055
2012-06-14,2.2054202556610107,13.160496711730957
2012-06-15,2.1430606842041016,13.119658470153809
2012-06-18,2.1430606842041016,13.231969833374023
2012-06-19,2.2647390365600586,13.12986946105957
2012-06-20,2.2647390365600586,13.24217700958252
2012-06-21,2.251049757003784,12.935882568359375
2012-06-22,2.26169753074646,12.71126651763916
2012-06-25,2.3042848110198975,12.736791610717773
2012-06-26,2.2495291233062744,12.808259010314941
2012-06-27,2.26169753074646,12.981825828552246
2012-06-28,2.3042848110198975,12.992036819458008
2012-06-29,2.2814700603485107,12.966512680053711
2012-07-02,2.24192476272583,13.094136238098145
2012-07-03,2.2814700603485107,12.660215377807617
2012-07-04,2.2677812576293945,12.747000694274902
2012-07-05,2.3194947242736816,12.537698745727539
2012-07-06,2.3118896484375,12.404972076416016
2012-07-10,2.293637752532959,12.098675727844238
2012-07-11,2.293637752532959,11.756646156311035
2012-07-12,2.3712077140808105,11.659650802612305
2012-07-13,2.416837453842163,11.843427658081055
2012-07-16,2.416837453842163,11.884269714355469
2012-07-17,2.410753011703491,11.838323593139648
2012-07-18,2.384896993637085,11.80258846282959
2012-07-19,2.447256088256836,11.945528030395508
2012-07-20,2.289073944091797,11.99657917022705
2012-07-23,2.2130258083343506,11.80258846282959
2012-07-24,2.2434451580047607,11.629022598266602
2012-07-25,2.2434451580047607,11.634127616882324
2012-07-26,2.413794755935669,11.80258846282959
2012-07-27,2.413794755935669,12.185458183288574
2012-07-30,2.346872091293335,12.226297378540039
2012-07-31,2.3058054447174072,12.068045616149902
2012-08-01,2.3058054447174072,12.124200820922852
2012-08-02,2.257134437561035,11.848530769348145
2012-08-03,2.2966792583465576,12.098675727844238
2012-08-06,2.2966792583465576,12.256925582885742
2012-08-07,2.2966792583465576,12.37944507598877
2012-08-08,2.2966792583465576,12.37944507598877
2012-08-09,2.4031484127044678,12.262032508850098
2012-08-10,2.4548611640930176,12.262032508850098
2012-08-13,2.4548611640930176,12.302870750427246
2012-08-14,2.509617328643799,12.313081741333008
2012-08-15,2.4746344089508057,11.95063304901123
2012-08-16,2.553725481033325,12.426321029663086
2012-08-17,2.556767225265503,12.294964790344238
2012-08-20,2.5613303184509277,12.000726699829102
2012-08-21,2.54003643989563,12.084793090820312
2012-08-22,2.54003643989563,11.95869255065918
2012-08-23,2.524826765060425,11.80106258392334
2012-08-24,2.486802101135254,11.874626159667969
2012-08-27,2.485280990600586,11.77479362487793
2012-08-28,2.4609456062316895,11.769538879394531
2012-08-29,2.5324316024780273,11.475299835205078
2012-08-30,2.5157010555267334,11.22309684753418
2012-08-31,2.3651235103607178,11.359705924987793
2012-09-03,2.5628509521484375,11.648691177368164
2012-09-04,2.509617328643799,11.48055362701416
2012-09-05,2.5476415157318115,11.622419357299805
2012-09-06,2.5476415157318115,12.21615219116211
2012-09-10,2.5476415157318115,11.995471954345703
2012-09-11,2.536994457244873,11.764286041259766
2012-09-12,2.5293900966644287,11.716996192932129
2012-09-13,2.524826765060425,12.05327033996582
2012-09-14,2.4944069385528564,12.342256546020508
2012-09-17,2.5141801834106445,12.321234703063965
2012-09-18,2.5522046089172363,12.368525505065918
2012-09-19,2.5765390396118164,12.242422103881836
2012-09-20,2.6008758544921875,12.100558280944824
2012-09-21,2.698218584060669,11.953435897827148
2012-09-24,2.5628509521484375,12.037505149841309
2012-09-25,2.6997387409210205,12.026998519897461
2012-09-26,2.689091920852661,12.189878463745117
2012-09-27,2.752973794937134,12.032251358032227
2012-09-28,2.7225539684295654,11.764286041259766
2012-10-01,2.6845295429229736,11.790555953979492
2012-10-02,2.7073442935943604,11.816828727722168
2012-10-03,2.692134380340576,11.769538879394531
2012-10-04,2.7012600898742676,11.664453506469727
2012-10-05,2.745368480682373,11.664453506469727
2012-10-08,2.759056806564331,11.816828727722168
2012-10-09,2.7544944286346436,11.596148490905762
2012-10-10,2.66627836227417,11.6959810256958
2012-10-11,2.717991590499878,11.732760429382324
2012-10-15,2.768183469772339,12.258186340332031
2012-10-16,2.745368480682373,12.147845268249512
2012-10-17,2.7712247371673584,12.289712905883789
2012-10-18,2.8062081336975098,12.442084312438965
2012-10-19,2.815333843231201,12.189878463745117
2012-10-22,2.833585739135742,12.426321029663086
2012-10-23,2.8594419956207275,12.373777389526367
2012-10-24,2.862483501434326,12.321234703063965
2012-10-25,2.752973794937134,12.41055679321289
2012-10-26,2.728637933731079,12.36327075958252
2012-10-29,2.7347216606140137,12.4368314743042
2012-10-30,2.7362430095672607,12.426321029663086
2012-10-31,2.7377641201019287,12.400049209594727
2012-11-01,2.851837158203125,12.557677268981934
2012-11-05,2.9187610149383545,12.205641746520996
2012-11-06,2.8822567462921143,12.221404075622559
2012-11-07,2.8594419956207275,12.163606643676758
2012-11-08,2.8594419956207275,11.979708671569824
2012-11-09,2.8442320823669434,11.743268013000488
2012-11-12,2.8138129711151123,11.6959810256958
2012-11-13,2.783393621444702,11.701234817504883
2012-11-14,2.751452684402466,11.459537506103516
2012-11-16,2.7377641201019287,11.648691177368164
2012-11-19,2.7712247371673584,11.559369087219238
2012-11-21,2.6906135082244873,11.596148490905762
2012-11-22,2.646505117416382,11.680217742919922
2012-11-23,2.654109239578247,11.979708671569824
2012-11-26,2.634336471557617,11.690723419189453
2012-11-27,2.644984245300293,11.748520851135254
2012-11-28,2.692134380340576,11.869370460510254
2012-11-29,2.6160852909088135,11.979708671569824
2012-11-30,2.623690366744995,12.005980491638184
2012-12-03,2.623690366744995,12.063776969909668
2012-12-04,2.509617328643799,12.032251358032227
2012-12-05,2.556767225265503,11.874626159667969
2012-12-06,2.555246353149414,11.769538879394531
2012-12-07,2.663236141204834,11.711742401123047
2012-12-10,2.661714792251587,11.77479362487793
2012-12-11,2.6389005184173584,11.91666030883789
2012-12-12,2.7043027877807617,11.837843894958496
2012-12-13,2.783393621444702,11.77479362487793
2012-12-14,2.798602819442749,11.6959810256958
2012-12-17,2.818375587463379,11.764286041259766
2012-12-18,2.832064390182495,11.690723419189453
2012-12-19,2.860963821411133,11.68547248840332
2012-12-20,2.8290224075317383,11.506824493408203
2012-12-21,2.783393621444702,11.517334938049316
2012-12-26,2.8138129711151123,11.31767463684082
2012-12-27,2.8427112102508545,11.181063652038574
2012-12-28,2.8487956523895264,11.24411392211914
2013-01-02,2.9126763343811035,11.643436431884766
2013-01-03,2.9567854404449463,11.533096313476562
2013-01-04,2.801645040512085,11.175806045532227
2013-01-07,2.7377641201019287,10.818519592285156
2013-01-08,2.7073442935943604,10.587331771850586
2013-01-09,2.8579206466674805,10.823771476745605
2013-01-10,2.8594419956207275,10.923603057861328
2013-01-11,2.905071496963501,10.886823654174805
2013-01-14,2.8974666595458984,10.991908073425293
2013-01-15,2.91723895072937,10.902587890625
2013-01-16,2.889861822128296,11.139028549194336
2013-01-17,2.8974666595458984,11.24411392211914
2013-01-18,2.8874733448028564,11.296656608581543
2013-01-21,2.863028049468994,11.24411392211914
2013-01-22,2.863028049468994,11.24411392211914
2013-01-23,2.8477509021759033,11.354452133178711
2013-01-24,2.780529499053955,11.280891418457031
2013-01-28,2.8859453201293945,11.007675170898438
2013-01-29,2.8477509021759033,10.881570816040039
2013-01-30,2.834001064300537,10.744959831237793
2013-01-31,2.8645572662353516,10.666143417358398
2013-02-01,2.9180281162261963,10.871062278747559
2013-02-04,2.9103894233703613,10.792248725891113
2013-02-05,2.881361961364746,10.718687057495117
2013-02-06,2.9256675243377686,10.613602638244629
2013-02-07,2.9485833644866943,10.50851821899414
2013-02-08,3.006638288497925,10.487500190734863
2013-02-13,2.9715003967285156,10.429703712463379
2013-02-14,2.9302499294281006,10.324618339538574
2013-02-15,2.9256675243377686,10.387667655944824
2013-02-18,2.95622181892395,10.455974578857422
2013-02-19,3.008166790008545,10.272077560424805
2013-02-20,3.008166790008545,10.114449501037598
2013-02-21,2.965388774871826,9.98309326171875
2013-02-22,2.9638617038726807,10.245803833007812
2013-02-25,3.009695053100586,10.434956550598145
2013-02-26,3.006638288497925,10.592583656311035
2013-02-27,2.994415760040283,10.377161979675293
2013-02-28,3.0539987087249756,10.603093147277832
2013-03-01,3.0784432888031006,10.455974578857422
2013-03-04,3.093721389770508,10.4769926071167
2013-03-05,3.0784432888031006,10.429703712463379
2013-03-06,3.13191556930542,10.771228790283203
2013-03-07,3.116637706756592,11.291400909423828
2013-03-08,3.13191556930542,10.986654281616211
2013-03-11,3.147193193435669,11.033944129943848
2013-03-12,3.1303870677948,11.165301322937012
2013-03-13,3.159414768218994,11.202077865600586
2013-03-14,3.13191556930542,11.060216903686523
2013-03-15,3.138026475906372,11.217843055725098
2013-03-18,3.1151106357574463,11.04970645904541
2013-03-19,3.116637706756592,11.033944129943848
2013-03-20,2.994415760040283,10.80801010131836
2013-03-21,3.0555269718170166,10.692418098449707
2013-03-22,3.061638355255127,10.603093147277832
2013-03-25,3.0249714851379395,10.697669982910156
2013-03-26,3.0249714851379395,10.928860664367676
2013-03-27,3.0494163036346436,10.981400489807129
2013-03-28,3.1013598442077637,11.086485862731934
2013-04-01,3.0402493476867676,11.07597827911377
2013-04-02,2.9485833644866943,11.002416610717773
2013-04-03,3.0051112174987793,11.196824073791504
2013-04-04,2.976083755493164,11.118011474609375
2013-04-05,3.028026580810547,11.160046577453613
2013-04-08,3.0784432888031006,11.24411392211914
2013-04-09,3.0555269718170166,11.380722999572754
2013-04-10,3.0555269718170166,11.401740074157715
2013-04-11,3.0860819816589355,11.296656608581543
2013-04-12,3.0692758560180664,11.191572189331055
2013-04-15,3.076916217803955,11.102246284484863
2013-04-16,3.0631656646728516,11.312417030334473
2013-04-17,3.0784432888031006,11.165301322937012
2013-04-18,3.1013598442077637,11.24411392211914
2013-04-19,3.167053461074829,11.296656608581543
2013-04-22,3.139554262161255,11.271822929382324
2013-04-23,3.185386896133423,11.438376426696777
2013-04-24,3.185386896133423,11.454493522644043
2013-04-25,3.2159423828125,11.49747371673584
2013-04-26,3.2159423828125,11.49747371673584
2013-04-29,3.254136085510254,11.37927532196045
2013-04-30,3.254136085510254,11.5888090133667
2013-05-02,3.2539594173431396,11.664026260375977
2013-05-03,3.2508785724639893,11.67477035522461
2013-05-06,3.2031404972076416,11.653280258178711
2013-05-07,3.2246997356414795,11.701634407043457
2013-05-08,3.2262394428253174,11.707009315490723
2013-05-09,3.2400994300842285,11.685517311096191
2013-05-10,3.2724387645721436,11.739242553710938
2013-05-13,3.2724387645721436,11.749988555908203
2013-05-14,3.2801384925842285,11.873559951782227
2013-05-15,3.2601187229156494,11.916543006896973
2013-05-16,3.1492412090301514,11.95414924621582
2013-05-17,3.1615614891052246,12.072346687316895
2013-05-20,3.1877405643463135,12.08846664428711
2013-05-21,3.2062203884124756,12.437687873840332
2013-05-22,3.2139201164245605,12.4269437789917
2013-05-23,3.2185394763946533,12.400077819824219
2013-05-24,3.2323997020721436,12.66334056854248
2013-05-27,3.2262394428253174,12.620360374450684
2013-05-28,3.2154595851898193,12.657967567443848
2013-05-29,3.1877405643463135,12.394710540771484
2013-05-31,3.2293195724487305,12.061603546142578
2013-06-03,3.2062203884124756,12.115327835083008
2013-06-04,3.195439577102661,12.126073837280273
2013-06-05,3.1831207275390625,12.08309268951416
2013-06-06,3.1261415481567383,12.050858497619629
2013-06-07,3.1400020122528076,11.895051956176758
2013-06-10,3.079942464828491,11.905797004699707
2013-06-11,3.026042938232422,11.642535209655762
2013-06-12,2.972144603729248,11.556571960449219
2013-06-13,3.041443347930908,11.733868598937988
2013-06-14,3.024503469467163,11.261076927185059
2013-06-17,3.002943992614746,11.261076927185059
2013-06-18,2.972144603729248,11.056917190551758
2013-06-19,2.918245315551758,10.745304107666016
2013-06-20,2.804287910461426,10.664712905883789
2013-06-21,2.7473084926605225,10.342353820800781
2013-06-24,2.7565481662750244,10.079094886779785
2013-06-25,2.909005641937256,10.519652366638184
2013-06-26,2.8612663745880127,10.750676155090332
2013-06-27,2.8658864498138428,11.013935089111328
2013-06-28,2.8489465713500977,11.126762390136719
2013-07-01,2.7719478607177734,11.094526290893555
2013-07-02,2.725748062133789,10.95483684539795
2013-07-03,2.6472105979919434,10.788283348083496
2013-07-04,2.7488489151000977,11.040800094604492
2013-07-05,2.6564512252807617,10.949463844299316
2013-07-08,2.7072696685791016,10.927971839904785
2013-07-10,2.7180490493774414,11.121387481689453
2013-07-11,2.8027477264404297,11.277195930480957
2013-07-12,2.7888872623443604,11.013935089111328
2013-07-15,2.7734882831573486,11.282569885253906
2013-07-16,2.755007743835449,11.175117492675781
2013-07-17,2.7719478607177734,11.357784271240234
2013-07-18,2.7873480319976807,11.49210262298584
2013-07-19,2.8227670192718506,11.443747520446777
2013-07-22,2.8089072704315186,11.513590812683105
2013-07-23,2.8612663745880127,11.45986270904541
2013-07-24,2.8751261234283447,11.228841781616211
2013-07-25,2.8566460609436035,11.551200866699219
2013-07-26,2.8566460609436035,11.551200866699219
2013-07-29,2.838167190551758,11.631789207458496
2013-07-30,2.8735857009887695,11.40613842010498
2013-07-31,2.8705062866210938,11.341668128967285
2013-08-01,2.9028453826904297,11.647908210754395
2013-08-02,2.87204647064209,11.336295127868652
2013-08-05,2.904385566711426,11.384647369384766
2013-08-06,2.864346742630005,11.185861587524414
2013-08-07,2.8951454162597656,11.282569885253906
2013-08-08,2.918245315551758,11.540454864501953
2013-08-09,2.949045181274414,11.551200866699219
2013-08-12,2.950584650039673,11.443747520446777
2013-08-13,2.950584650039673,11.685517311096191
2013-08-14,2.8951454162597656,11.685517311096191
2013-08-15,2.909005641937256,11.20197868347168
2013-08-16,2.910545825958252,11.282569885253906
2013-08-19,2.887446403503418,10.874245643615723
2013-08-20,2.887446403503418,10.85275650024414
2013-08-21,2.9629039764404297,10.637847900390625
2013-08-22,2.964444398880005,10.600241661071777
2013-08-23,3.002943992614746,10.752120018005371
2013-08-26,2.98600435256958,10.626140594482422
2013-08-27,2.975224256515503,10.675436019897461
2013-08-28,3.0275838375091553,10.680913925170898
2013-08-29,3.069162130355835,10.533024787902832
2013-08-30,3.0876424312591553,10.697344779968262
2013-09-02,3.079942464828491,10.889053344726562
2013-09-03,3.093801736831665,10.680913925170898
2013-09-04,3.1261415481567383,10.680913925170898
2013-09-05,3.103041410446167,10.735688209533691
2013-09-06,3.115361213684082,10.806894302368164
2013-09-09,3.1415417194366455,10.998602867126465
2013-09-10,3.1261415481567383,10.839756965637207
2013-09-11,3.1646411418914795,10.757596015930176
2013-09-12,3.2108402252197266,10.735688209533691
2013-09-13,3.1615614891052246,10.735688209533691
2013-09-16,3.1677207946777344,10.691868782043457
2013-09-17,3.1769609451293945,10.834278106689453
2013-09-18,3.1600210666656494,10.916440963745117
2013-09-19,3.1692607402801514,10.741165161132812
2013-09-20,3.178499937057495,10.57684326171875
2013-09-23,3.1738808155059814,10.565889358520508
2013-09-24,3.1800405979156494,10.604230880737305
2013-09-25,3.2031404972076416,10.593277931213379
2013-09-26,3.2046804428100586,10.615187644958496
2013-09-27,3.2262394428253174,10.648049354553223
2013-09-30,3.2339396476745605,10.620661735534668
2013-10-01,3.2647383213043213,10.52207088470459
2013-10-02,3.326338768005371,10.680913925170898
2013-10-03,3.3340375423431396,10.59875202178955
2013-10-04,3.378696918487549,10.543978691101074
2013-10-07,3.387937068939209,10.483726501464844
2013-10-08,3.361757278442383,10.461817741394043
2013-10-09,3.375617027282715,10.59875202178955
2013-10-10,3.3863954544067383,10.845232963562012
2013-10-11,3.389477014541626,10.889053344726562
2013-10-14,3.401796817779541,10.916440963745117
2013-10-15,3.464935064315796,10.746641159057617
2013-10-16,3.4957351684570312,10.839756965637207
2013-10-17,3.5619523525238037,10.77950668334961
2013-10-18,3.5496346950531006,10.861668586730957
2013-10-21,3.526533603668213,10.834278106689453
2013-10-22,3.526533603668213,10.954784393310547
2013-10-23,3.4664742946624756,11.004079818725586
2013-10-24,3.426435708999634,10.790462493896484
2013-10-25,3.4156558513641357,10.71377944946289
2013-10-28,3.4495348930358887,10.724733352661133
2013-10-29,3.503434419631958,10.626140594482422
2013-10-30,3.572732448577881,10.560410499572754
2013-10-31,3.588132858276367,10.379657745361328
2013-11-01,3.6189329624176025,10.587796211242676
2013-11-04,3.6189329624176025,10.494681358337402
2013-11-05,3.518833875656128,10.565889358520508
2013-11-06,3.472635269165039,10.379657745361328
2013-11-07,3.423356294631958,10.324881553649902
2013-11-08,3.3648364543914795,10.111266136169434
2013-11-11,3.387937068939209,10.22081184387207
2013-11-12,3.394096851348877,10.357746124267578
2013-11-13,3.447996139526367,10.407045364379883
2013-11-14,3.4988138675689697,10.582322120666504
2013-11-18,3.5419342517852783,10.653528213500977
2013-11-19,3.4957351684570312,10.489206314086914
2013-11-21,3.5111351013183594,10.390612602233887
2013-11-22,3.5419342517852783,10.489206314086914
2013-11-25,3.6281726360321045,10.467297554016113
2013-11-26,3.6389520168304443,10.565889358520508
2013-11-27,3.6497318744659424,10.659005165100098
2013-11-28,3.6635921001434326,10.571367263793945
2013-11-29,3.6959307193756104,10.648049354553223
2013-12-02,3.64203143119812,10.401566505432129
2013-12-03,3.605072259902954,10.379657745361328
2013-12-04,3.5912132263183594,10.149606704711914
2013-12-05,3.5958335399627686,10.2810640335083
2013-12-06,3.6343326568603516,10.20438003540039
2013-12-09,3.6004526615142822,10.292017936706543
2013-12-10,3.572732448577881,10.187948226928711
2013-12-11,3.503434419631958,10.072922706604004
2013-12-12,3.4957351684570312,10.10578727722168
2013-12-13,3.4325952529907227,10.308450698852539
2013-12-16,3.4033360481262207,10.138651847839355
2013-12-17,3.472635269165039,10.2810640335083
2013-12-18,3.49265456199646,10.324881553649902
2013-12-19,3.5203747749328613,10.324881553649902
2013-12-20,3.518833875656128,10.626140594482422
2013-12-23,3.526533603668213,10.55493450164795
2013-12-26,3.474175214767456,10.352270126342773
2013-12-27,3.5403940677642822,10.341314315795898
2013-12-30,3.565032958984375,10.456340789794922
2014-01-02,3.509593963623047,10.133173942565918
2014-01-03,3.4510762691497803,10.176993370056152
2014-01-06,3.414116144180298,10.111266136169434
2014-01-07,3.414116144180298,10.023626327514648
2014-01-08,3.427976608276367,10.061967849731445
2014-01-09,3.464935064315796,9.946942329406738
2014-01-10,3.464935064315796,10.078400611877441
2014-01-13,3.458775520324707,9.996237754821777
2014-01-14,3.526533603668213,10.078400611877441
2014-01-15,3.64203143119812,10.259154319763184
2014-01-16,3.6605122089385986,10.335838317871094
2014-01-17,3.6066131591796875,10.24272346496582
2014-01-20,3.5804331302642822,10.023626327514648
2014-01-21,3.5511727333068848,10.040059089660645
2014-01-22,3.5573337078094482,10.330360412597656
2014-01-23,3.572732448577881,10.171515464782715
2014-01-24,3.529613971710205,10.01267147064209
2014-01-27,3.464935064315796,10.100310325622559
2014-01-28,3.464935064315796,10.100310325622559
2014-01-29,3.4187357425689697,9.968852996826172
2014-01-30,3.3324973583221436,9.69498348236084
2014-01-31,3.426435708999634,9.9195556640625
2014-02-03,3.3109376430511475,9.629256248474121
2014-02-04,3.37715744972229,9.645685195922852
2014-02-05,3.324798107147217,9.437544822692871
2014-02-06,3.387937068939209,9.651161193847656
2014-02-07,3.4325952529907227,9.777143478393555
2014-02-10,3.3694565296173096,9.689505577087402
2014-02-11,3.3093981742858887,9.738801956176758
2014-02-12,3.2862987518310547,9.69498348236084
2014-02-13,3.1892802715301514,9.404681205749512
2014-02-14,3.1738808155059814,9.174631118774414
2014-02-17,3.0337440967559814,8.736441612243652
2014-02-18,2.8951454162597656,8.446137428283691
2014-02-19,3.0322039127349854,8.900761604309082
2014-02-20,3.11074161529541,9.284177780151367
2014-02-21,3.1261415481567383,9.15820026397705
2014-02-24,3.1415417194366455,8.982922554016113
2014-02-25,3.124601364135742,8.763827323913574
2014-02-26,3.0861024856567383,9.026741027832031
2014-02-27,3.0861024856567383,9.333475112915039
2014-02-28,3.0537633895874023,9.202017784118652
2014-03-05,3.01064395904541,8.928147315979004
2014-03-06,3.018343448638916,9.262269973754883
2014-03-07,2.925945281982422,8.944580078125
2014-03-10,2.8181471824645996,8.648801803588867
2014-03-11,2.905925750732422,8.982922554016113
2014-03-12,2.972144603729248,9.22940444946289
2014-03-13,3.013723373413086,9.667595863342285
2014-03-14,2.9213249683380127,9.262269973754883
2014-03-17,2.909005641937256,9.152722358703613
2014-03-18,2.965985059738159,9.311565399169922
2014-03-19,2.930565357208252,9.284177780151367
2014-03-20,2.967524528503418,9.470409393310547
2014-03-21,2.99216365814209,9.443023681640625
2014-03-24,3.016803741455078,9.541617393493652
2014-03-25,3.002943992614746,9.7278470993042
2014-03-26,3.012183904647827,9.585434913635254
2014-03-27,3.064542531967163,10.133173942565918
2014-03-28,3.098422050476074,10.226288795471191
2014-03-31,3.1492412090301514,10.187948226928711
2014-04-01,3.116901397705078,10.100310325622559
2014-04-02,3.1723413467407227,10.324881553649902
2014-04-03,3.1631007194519043,10.297496795654297
2014-04-04,3.1554007530212402,10.259154319763184
2014-04-07,3.1569411754608154,10.198902130126953
2014-04-08,3.1353814601898193,10.198902130126953
2014-04-09,3.002943992614746,10.100310325622559
2014-04-10,3.002943992614746,10.198902130126953
2014-04-11,3.018343448638916,10.407045364379883
2014-04-14,3.0322039127349854,10.527546882629395
2014-04-15,3.039903163909912,10.889053344726562
2014-04-16,3.079942464828491,10.68639087677002
2014-04-17,3.116901397705078,10.708301544189453
2014-04-22,3.1831207275390625,10.889053344726562
2014-04-23,3.1492412090301514,10.724733352661133
2014-04-24,3.1646411418914795,10.735688209533691
2014-04-25,3.153860569000244,10.626140594482422
2014-04-28,3.132112741470337,10.626140594482422
2014-04-29,3.1104588508605957,10.270108222961426
2014-04-30,3.1862475872039795,10.716917037963867
2014-05-02,3.206355333328247,10.914856910705566
2014-05-05,3.2744107246398926,10.830024719238281
2014-05-06,3.2790513038635254,11.05624008178711
2014-05-07,3.309985876083374,11.124104499816895
2014-05-08,3.3579347133636475,10.8809232711792
2014-05-09,3.334733009338379,10.609466552734375
2014-05-12,3.3610284328460693,10.807405471801758
2014-05-13,3.367213726043701,10.660362243652344
2014-05-14,3.402789831161499,10.677329063415527
2014-05-15,3.402789831161499,10.405872344970703
2014-05-16,3.4553780555725098,10.581188201904297
2014-05-19,3.4445512294769287,10.190969467163086
2014-05-20,3.3610284328460693,10.179657936096191
2014-05-21,3.3826818466186523,10.055240631103516
2014-05-22,3.4167096614837646,10.343663215637207
2014-05-23,3.447643756866455,10.22490119934082
2014-05-26,3.4863121509552,10.309732437133789
2014-05-27,3.464657783508301,10.009997367858887
2014-05-28,3.4739387035369873,10.241866111755371
2014-05-29,3.498685121536255,10.349319458007812
2014-05-30,3.5265274047851562,10.292766571044922
2014-06-02,3.4801249504089355,10.332353591918945
2014-06-03,3.4940459728240967,10.405872344970703
2014-06-04,3.46775221824646,10.43980598449707
2014-06-05,3.490952491760254,10.502012252807617
2014-06-06,3.5729284286499023,11.022307395935059
2014-06-09,3.64717173576355,11.42383861541748
2014-06-10,3.6982133388519287,11.58784294128418
2014-06-11,3.7770957946777344,11.627431869506836
2014-06-13,3.818857192993164,11.503012657165527
2014-06-16,3.7879230976104736,11.429492950439453
2014-06-17,3.8142168521881104,11.42383861541748
2014-06-18,3.8699002265930176,11.780126571655273
2014-06-20,3.8668057918548584,11.582188606262207
2014-06-23,3.8374183177948,11.316385269165039
2014-06-24,3.8606183528900146,11.42383861541748
2014-06-25,3.8915531635284424,11.514323234558105
2014-06-26,3.8760859966278076,11.435149192810059
2014-06-27,3.9209418296813965,11.406872749328613
2014-06-30,3.8884589672088623,11.497358322143555
2014-07-01,3.8513388633728027,11.208934783935547
2014-07-02,3.811124324798584,11.084517478942871
2014-07-03,3.859072208404541,11.191967010498047
2014-07-04,3.862166404724121,11.355975151062012
2014-07-07,3.897740364074707,11.327696800231934
2014-07-08,3.917846441268921,11.316385269165039
2014-07-10,3.9518754482269287,11.406872749328613
2014-07-11,3.9673426151275635,11.418182373046875
2014-07-14,3.97507643699646,11.683987617492676
2014-07-15,4.0431318283081055,11.525633811950684
2014-07-16,3.9596095085144043,11.42383861541748
2014-07-17,3.9487831592559814,11.293766021728516
2014-07-18,4.019931316375732,11.519979476928711
2014-07-21,4.036945819854736,11.746194839477539
2014-07-22,4.060145854949951,11.87626838684082
2014-07-23,4.006011009216309,11.706604957580566
2014-07-24,4.010650157928467,11.898889541625977
2014-07-25,4.013744354248047,11.689640998840332
2014-07-28,4.021476745605469,11.853646278381348
2014-07-29,3.9905436038970947,11.54825496673584
2014-07-30,3.942596435546875,11.519979476928711
2014-07-31,3.913207530975342,11.197623252868652
2014-08-01,3.92558217048645,11.42383861541748
2014-08-04,3.982811212539673,11.56522274017334
2014-08-05,3.9286742210388184,11.254176139831543
2014-08-06,3.942596435546875,11.163692474365234
2014-08-07,3.910114288330078,11.208934783935547
2014-08-08,3.9240353107452393,11.350316047668457
2014-08-11,3.9596095085144043,11.48604679107666
2014-08-12,3.8652591705322266,11.384249687194824
2014-08-13,3.896193504333496,11.175002098083496
2014-08-14,3.874539375305176,11.339006423950195
2014-08-15,3.913207530975342,11.655707359313965
2014-08-18,3.9085683822631836,11.904547691345215
2014-08-19,3.922487735748291,11.910201072692871
2014-08-20,3.9441423416137695,12.419183731079102
2014-08-21,3.958061695098877,12.554912567138672
2014-08-22,3.961155891418457,12.498357772827148
2014-08-25,4.021476745605469,12.820714950561523
2014-08-26,4.021476745605469,12.860301971435547
2014-08-27,4.049318790435791,12.848990440368652
2014-08-28,4.0462260246276855,12.894232749938965
2014-08-29,4.0570526123046875,12.905545234680176
2014-09-01,4.077160835266113,12.730230331420898
2014-09-02,4.0431318283081055,12.617120742797852
2014-09-03,4.083346366882324,12.594500541687012
2014-09-04,4.075613975524902,12.192968368530273
2014-09-05,4.1096415519714355,12.313474655151367
2014-09-08,4.0431318283081055,11.949784278869629
2014-09-09,4.041585445404053,11.638051986694336
2014-09-10,4.040038585662842,11.609188079833984
2014-09-11,4.072519779205322,11.603414535522461
2014-09-12,3.982811212539673,11.257043838500977
2014-09-15,4.023025989532471,11.366729736328125
2014-09-16,4.023025989532471,11.788146018981934
2014-09-17,4.036945819854736,11.59764289855957
2014-09-18,4.029211521148682,11.407139778137207
2014-09-19,3.982811212539673,11.713099479675293
2014-09-22,3.890007257461548,11.25127124786377
2014-09-23,3.9364078044891357,11.245497703552246
2014-09-24,3.9317681789398193,11.245497703552246
2014-09-25,3.9596095085144043,11.297453880310059
2014-09-26,3.9920902252197266,11.603414535522461
2014-09-29,3.9240353107452393,11.037677764892578
2014-09-30,3.8358712196350098,11.031903266906738
2014-10-01,3.7121336460113525,10.5585298538208
2014-10-02,3.7198679447174072,10.708624839782715
2014-10-03,3.7863762378692627,10.922219276428223
2014-10-06,3.84051251411438,11.591870307922363
2014-10-07,3.896193504333496,11.64959716796875
2014-10-08,3.886913299560547,11.522594451904297
2014-10-09,3.8699002265930176,11.378274917602539
2014-10-10,3.781736373901367,11.031903266906738
2014-10-13,3.8699002265930176,11.643824577331543
2014-10-14,3.8358712196350098,11.580324172973633
2014-10-15,3.7894692420959473,11.078085899353027
2014-10-16,3.7260541915893555,10.725942611694336
2014-10-17,3.8142168521881104,11.14158821105957
2014-10-20,3.7740023136138916,10.991493225097656
2014-10-21,3.6703715324401855,10.633575439453125
2014-10-22,3.6378910541534424,10.622031211853027
2014-10-23,3.557462453842163,9.95238208770752
2014-10-24,3.557462453842163,10.443073272705078
2014-10-27,3.627063274383545,9.842697143554688
2014-10-28,3.7863762378692627,10.264114379882812
2014-10-29,3.8281373977661133,10.454618453979492
2014-10-30,3.8436050415039062,10.443073272705078
2014-10-31,3.910114288330078,10.73748779296875
2014-11-03,3.913207530975342,10.41420841217041
2014-11-04,3.9209418296813965,10.645122528076172
2014-11-05,3.961155891418457,10.48925495147705
2014-11-06,3.9673426151275635,10.437299728393555
2014-11-07,3.9286742210388184,10.66244125366211
2014-11-10,3.910114288330078,10.49502944946289
2014-11-11,3.913207530975342,10.570075988769531
2014-11-12,3.9596095085144043,10.587393760681152
2014-11-13,3.9735302925109863,10.385343551635742
2014-11-14,3.9364078044891357,10.350708961486816
2014-11-17,3.9193954467773438,10.275660514831543
2014-11-18,3.984358310699463,10.379571914672852
2014-11-19,4.0431318283081055,10.876035690307617
2014-11-21,4.191617965698242,11.609188079833984
2014-11-24,4.217912197113037,11.459095001220703
2014-11-25,4.227190971374512,11.14158821105957
2014-11-26,4.2519402503967285,11.199315071105957
2014-11-27,4.284420013427734,11.297453880310059
2014-11-28,4.354023456573486,11.245497703552246
2014-12-01,4.275140762329102,11.07453441619873
2014-12-02,4.307621002197266,11.300911903381348
2014-12-03,4.270500183105469,11.283039093017578
2014-12-04,4.281328201293945,11.17580795288086
2014-12-05,4.248846530914307,11.318784713745117
2014-12-08,4.2364726066589355,10.871989250183105
2014-12-09,4.176149368286133,10.985179901123047
2014-12-10,4.230286121368408,11.163893699645996
2014-12-11,4.176149368286133,11.14601993560791
2014-12-12,4.1266560554504395,10.967306137084961
2014-12-15,4.077160835266113,10.609869003295898
2014-12-16,4.024571895599365,10.270309448242188
2014-12-17,4.10036039352417,10.597952842712402
2014-12-18,4.1885247230529785,10.490728378295898
2014-12-19,4.208631992340088,10.77071762084961
2014-12-22,4.225515842437744,10.818371772766113
2014-12-23,4.258357048034668,10.871989250183105
2014-12-26,4.252100944519043,10.973262786865234
2014-12-29,4.267739295959473,11.318784713745117
2014-12-30,4.331856727600098,11.199637413024902
2015-01-02,4.300581455230713,10.580084800720215
2015-01-05,4.136376857757568,10.443068504333496
2015-01-06,4.36939001083374,10.633702278137207
2015-01-07,4.331856727600098,11.009008407592773
2015-01-08,4.300581455230713,11.23538589477539
2015-01-09,4.06600284576416,10.621788024902344
2015-01-12,4.020651817321777,10.42519474029541
2015-01-13,4.0566205978393555,10.711145401000977
2015-01-14,4.175472259521484,11.18176555633545
2015-01-15,4.105100154876709,10.955397605895996
2015-01-16,4.112919807434082,11.211554527282715
2015-01-19,3.856447219848633,10.514558792114258
2015-01-20,3.920564889907837,10.276266098022461
2015-01-21,4.058183670043945,10.592000007629395
2015-01-22,4.017524242401123,10.29413890838623
2015-01-23,4.02534294128418,9.906916618347168
2015-01-26,3.9424591064453125,10.002228736877441
2015-01-27,4.0159592628479,10.240521430969238
2015-01-28,3.954969644546509,10.246479988098145
2015-01-29,4.070695877075195,10.454983711242676
2015-01-30,3.909618854522705,10.03797435760498
2015-02-02,4.198929786682129,10.818375587463379
2015-02-03,4.222386837005615,10.734978675842285
2015-02-04,4.112919807434082,10.472856521606445
2015-02-05,4.039419174194336,10.454983711242676
2015-02-06,3.9925036430358887,10.401368141174316
2015-02-09,4.072258472442627,10.818375587463379
2015-02-10,3.947150707244873,10.514558792114258
2015-02-11,4.081643104553223,10.37753963470459
2015-02-12,4.1911115646362305,10.729019165039062
2015-02-13,4.234898567199707,10.97922134399414
2015-02-18,4.261483669281006,10.949438095092773
2015-02-19,4.222386837005615,10.99709415435791
2015-02-20,4.136376857757568,10.854118347167969
2015-02-23,4.019087791442871,10.77071762084961
2015-02-24,4.225515842437744,11.06857681274414
2015-02-25,4.308399200439453,11.05666732788086
2015-02-26,4.3709540367126465,11.42601490020752
2015-02-27,4.334985256195068,11.08049201965332
2015-03-02,4.284942150115967,10.991133689880371
2015-03-03,4.264612674713135,10.931568145751953
2015-03-04,4.270867347717285,10.66944408416748
2015-03-05,4.306835651397705,10.657527923583984
2015-03-06,4.284942150115967,10.687317848205566
2015-03-09,4.233334541320801,10.514558792114258
2015-03-10,4.308399200439453,10.389455795288086
2015-03-11,4.316218852996826,10.627745628356934
2015-03-12,4.394410610198975,10.883902549743652
2015-03-13,4.358443260192871,10.693275451660156
2015-03-16,4.455401420593262,10.782632827758789
2015-03-17,4.564870834350586,10.991133689880371
2015-03-18,4.618041038513184,11.378361701965332
2015-03-19,4.650882720947266,11.050710678100586
2015-03-20,4.707181453704834,11.443889617919922
2015-03-23,4.727510452270508,11.74174976348877
2015-03-24,4.844799518585205,11.783451080322266
2015-03-25,4.76191520690918,11.527287483215332
2015-03-26,4.657138347625732,11.128152847290039
2015-03-27,4.708745002746582,11.408143997192383
2015-03-30,4.863564968109131,11.783451080322266
2015-03-31,4.887024402618408,12.188544273376465
2015-04-01,5.0371527671813965,12.414921760559082
2015-04-02,5.035587787628174,12.349393844604492
2015-04-06,5.012131214141846,12.510236740112305
2015-04-07,4.894843101501465,12.444707870483398
2015-04-08,4.879203796386719,12.444707870483398
2015-04-09,4.899535179138184,12.510236740112305
2015-04-10,4.894843101501465,12.367265701293945
2015-04-13,4.893279552459717,12.212373733520508
2015-04-14,4.973034858703613,12.1587553024292
2015-04-15,4.933938980102539,12.391091346740723
2015-04-16,4.971470832824707,12.456622123718262
2015-04-17,5.0559186935424805,11.986000061035156
2015-04-20,5.0078606605529785,12.027701377868652
2015-04-22,5.065001964569092,12.152802467346191
2015-04-23,5.071351051330566,12.569811820983887
2015-04-24,5.095160007476807,12.361308097839355
2015-04-27,5.038017749786377,12.25407886505127
2015-04-28,5.079288005828857,12.492362976074219
2015-04-29,5.103097438812256,12.444707870483398
2015-04-30,5.077700614929199,12.196762084960938
2015-05-04,5.14595365524292,12.069402694702148
2015-05-05,5.196746349334717,12.27194881439209
2015-05-06,5.139604091644287,12.21237564086914
2015-05-07,5.182459831237793,11.91451358795166
2015-05-08,5.306268692016602,12.093233108520508
2015-05-11,5.30944299697876,11.91451358795166
2015-05-12,5.447535037994385,12.27194881439209
2015-05-13,5.317378997802734,11.747709274291992
2015-05-14,5.525312423706055,12.21237564086914
2015-05-15,5.438011646270752,12.2362060546875
2015-05-18,5.39674186706543,12.003872871398926
2015-05-19,5.261825084686279,12.021743774414062
2015-05-20,5.372933864593506,11.854941368103027
2015-05-21,5.366584777832031,11.700050354003906
2015-05-22,5.339600086212158,11.72387981414795
2015-05-25,5.325314521789551,11.854941368103027
2015-05-26,5.3983306884765625,11.616649627685547
2015-05-27,5.4015045166015625,11.616649627685547
2015-05-28,5.3983306884765625,11.545162200927734
2015-05-29,5.363410472869873,11.515377044677734
2015-06-01,5.425313949584961,11.67622184753418
2015-06-02,5.499915599822998,11.592819213867188
2015-06-03,5.509439468383789,11.783452987670898
2015-06-05,5.536423206329346,11.586862564086914
2015-06-08,5.531661510467529,11.682178497314453
2015-06-09,5.523725986480713,11.533248901367188
2015-06-10,5.507852554321289,11.61069107055664
2015-06-11,5.372933864593506,11.580904960632324
2015-06-12,5.349125385284424,11.497507095336914
2015-06-15,5.377696514129639,11.449847221374512
2015-06-16,5.452296733856201,11.402189254760742
2015-06-17,5.571342945098877,11.378361701965332
2015-06-18,5.5634074211120605,11.545162200927734
2015-06-19,5.628485679626465,11.616649627685547
2015-06-22,5.6935648918151855,11.67622184753418
2015-06-23,5.666579723358154,11.568991661071777
2015-06-24,5.618961334228516,11.455803871154785
2015-06-25,5.544360160827637,11.104325294494629
2015-06-26,5.571342945098877,11.580904960632324
2015-06-29,5.5538835525512695,11.223471641540527
2015-06-30,5.571342945098877,11.408146858215332
2015-07-01,5.730072021484375,11.092411994934082
2015-07-02,5.745944499969482,11.199642181396484
2015-07-03,5.7792768478393555,11.223471641540527
2015-07-06,5.777690410614014,11.128156661987305
2015-07-07,5.806259632110596,11.497507095336914
2015-07-08,5.785626411437988,11.336658477783203
2015-07-10,5.8316569328308105,11.414104461669922
2015-07-13,5.822133541107178,11.61069107055664
2015-07-14,5.857053756713867,11.61069107055664
2015-07-15,5.9094343185424805,11.896642684936523
2015-07-16,5.936416149139404,11.646434783935547
2015-07-17,5.872925758361816,11.580904960632324
2015-07-20,5.877687931060791,11.574950218200684
2015-07-21,5.849116325378418,11.515377044677734
2015-07-22,5.809434413909912,11.414104461669922
2015-07-23,5.682453155517578,11.199642181396484
2015-07-24,5.650707244873047,11.086453437805176
2015-07-27,5.555470943450928,11.116241455078125
2015-07-28,5.603088855743408,11.318787574768066
2015-07-29,5.714198589324951,10.824335098266602
2015-07-30,5.711024284362793,11.25921630859375
2015-07-31,5.555470943450928,11.48559284210205
2015-08-03,5.560232639312744,11.56303596496582
2015-08-04,5.561820030212402,11.408146858215332
2015-08-05,5.606263637542725,11.223471641540527
2015-08-06,5.455471515655518,10.907737731933594
2015-08-07,5.360235691070557,10.609872817993164
2015-08-10,5.238015651702881,10.848165512084961
2015-08-11,5.293570518493652,11.01496696472168
2015-08-12,5.230078220367432,10.812419891357422
2015-08-13,5.318966388702393,10.389456748962402
2015-08-14,5.428488254547119,10.127335548400879
2015-08-17,5.633247375488281,10.07967758178711
2015-08-18,5.666579723358154,10.127335548400879
2015-08-19,5.645946025848389,10.198822021484375
2015-08-20,5.569756507873535,10.127335548400879
2015-08-21,5.463408946990967,9.76990032196045
2015-08-24,5.317378997802734,9.543525695800781
2015-08-25,5.496742248535156,9.233749389648438
2015-08-26,5.555470943450928,9.531609535217285
2015-08-27,5.666579723358154,9.829472541809082
2015-08-28,5.634834289550781,9.59118366241455
2015-08-31,5.611025333404541,9.352892875671387
2015-09-01,5.380870819091797,9.162261009216309
2015-09-02,5.279284954071045,9.025243759155273
2015-09-03,5.352298736572266,9.454166412353516
2015-09-04,5.190396785736084,9.013328552246094
2015-09-08,5.155477523803711,9.060986518859863
2015-09-09,5.174524307250977,9.08481502532959
2015-09-10,5.085636615753174,9.078858375549316
2015-09-11,5.290394306182861,9.346936225891113
2015-09-14,5.466583251953125,9.531609535217285
2015-09-15,5.450710773468018,9.35884952545166
2015-09-16,5.618961334228516,9.746071815490723
2015-09-17,5.634834289550781,9.674585342407227
2015-09-18,5.449122428894043,8.935885429382324
2015-09-21,5.393568515777588,8.98354434967041
2015-09-22,5.471343994140625,8.715466499328613
2015-09-23,5.428488254547119,8.608235359191895
2015-09-24,5.39674186706543,8.512919425964355
2015-09-25,5.320552825927734,8.590365409851074
2015-09-28,5.287220478057861,8.441431999206543
2015-09-29,5.384045124053955,8.72738265991211
2015-09-30,5.374521255493164,8.858441352844238
2015-10-01,5.330077171325684,8.6439790725708
2015-10-02,5.471343994140625,8.95971393585205
2015-10-05,5.404680252075195,8.965670585632324
2015-10-06,5.39674186706543,8.876311302185059
2015-10-07,5.476107597351074,9.019287109375
2015-10-08,5.447535037994385,9.340977668762207
2015-10-09,5.488805294036865,9.156304359436035
2015-10-13,5.476107597351074,9.144389152526855
2015-10-14,5.420551776885986,8.846527099609375
2015-10-15,5.493566513061523,8.965670585632324
2015-10-16,5.460233211517334,8.75716781616211
2015-10-19,5.574518203735352,8.900140762329102
2015-10-20,5.53959846496582,9.096729278564453
2015-10-21,5.339600086212158,9.138431549072266
2015-10-22,5.431663513183594,9.460124969482422
2015-10-23,5.426900863647461,9.209919929504395
2015-10-26,5.506264686584473,9.144389152526855
2015-10-27,5.585629463195801,9.192046165466309
2015-10-28,5.645946025848389,9.186089515686035
2015-10-29,5.5030903816223145,9.08481502532959
2015-10-30,5.45864725112915,9.227790832519531
2015-11-03,5.549121379852295,9.579268455505371
2015-11-04,5.70626163482666,9.775858879089355
2015-11-05,5.753880977630615,9.59118366241455
2015-11-06,5.7697529792785645,9.460124969482422
2015-11-09,5.701500415802002,9.186089515686035
2015-11-10,5.8189592361450195,9.376720428466797
2015-11-11,5.850703716278076,9.531609535217285
2015-11-12,5.904672622680664,9.650755882263184
2015-11-13,5.9602274894714355,9.740114212036133
2015-11-16,5.941178798675537,9.59118366241455
2015-11-17,5.879273891448975,9.59118366241455
2015-11-18,5.88562536239624,9.942662239074707
2015-11-19,5.868164539337158,9.823516845703125
2015-11-23,5.860227584838867,9.930747032165527
2015-11-24,5.928481101989746,9.95457649230957
2015-11-25,5.774514675140381,9.716285705566406
2015-11-26,5.7824506759643555,9.841388702392578
2015-11-27,5.526899814605713,9.472038269042969
2015-11-30,5.571342945098877,9.376720428466797
2015-12-01,5.450710773468018,9.388636589050293
2015-12-02,5.409440994262695,9.126517295837402
2015-12-03,5.57927942276001,9.37076473236084
2015-12-04,5.544360160827637,9.317148208618164
2015-12-07,5.612612724304199,9.340977668762207
2015-12-08,5.618961334228516,9.08481502532959
2015-12-09,5.761816024780273,9.513738632202148
2015-12-10,5.674515247344971,9.32310676574707
2015-12-11,5.690390110015869,9.209919929504395
2015-12-14,5.571342945098877,9.186089515686035
2015-12-15,5.5634074211120605,9.257577896118164
2015-12-16,5.5570573806762695,9.388636589050293
2015-12-17,5.5649943351745605,9.37076473236084
2015-12-18,5.506264686584473,9.025243759155273
2015-12-21,5.53959846496582,8.763124465942383
2015-12-22,5.490391731262207,8.98949909210205
2015-12-23,5.607851505279541,9.168217658996582
2015-12-28,5.586630821228027,9.055027961730957
2015-12-29,5.549759864807129,8.965670585632324
2015-12-30,5.488844871520996,9.04311466217041
2016-01-04,5.290066242218018,8.816740036010742
2016-01-05,5.546554088592529,8.935885429382324
2016-01-06,5.578616142272949,8.846527099609375
2016-01-07,5.424722194671631,8.489089965820312
2016-01-08,5.498462677001953,8.465261459350586
2016-01-11,5.488844871520996,8.495048522949219
2016-01-12,5.527317523956299,8.38185977935791
2016-01-13,5.546554088592529,8.489089965820312
2016-01-14,5.426325798034668,8.471219062805176
2016-01-15,5.330142021179199,8.435476303100586
2016-01-18,5.3317461013793945,8.280584335327148
2016-01-19,5.330142021179199,8.38185977935791
2016-01-20,5.314112663269043,8.262714385986328
2016-01-21,5.418310165405273,8.3878173828125
2016-01-22,5.484034538269043,8.78099536895752
2016-01-26,5.437547206878662,8.590365409851074
2016-01-27,5.504875183105469,8.840569496154785
2016-01-28,5.556173324584961,9.275449752807617
2016-01-29,5.7982330322265625,9.65671443939209
2016-02-01,5.827088356018066,9.823516845703125
2016-02-02,5.714874744415283,9.460124969482422
2016-02-03,5.754951000213623,9.597140312194824
2016-02-04,5.841516017913818,9.829472541809082
2016-02-05,5.836706638336182,9.889047622680664
2016-02-10,5.782203197479248,9.871175765991211
2016-02-11,5.742126941680908,9.531609535217285
2016-02-12,5.745332717895508,9.477995872497559
2016-02-15,5.7854084968566895,9.37076473236084
2016-02-16,5.793424606323242,9.44820785522461
2016-02-17,5.881592273712158,9.895004272460938
2016-02-18,5.9168596267700195,10.03797721862793
2016-02-19,5.9248738288879395,9.811601638793945
2016-02-22,5.97617244720459,10.216694831848145
2016-02-23,5.948920726776123,9.895004272460938
2016-02-24,5.974568843841553,9.847345352172852
2016-02-25,6.086782455444336,10.139248847961426
2016-02-26,6.101210117340088,9.704371452331543
2016-02-29,6.138080596923828,9.948617935180664
2016-03-01,6.091592788696289,10.216694831848145
2016-03-02,6.099606990814209,9.978404998779297
2016-03-03,6.288766860961914,10.329880714416504
2016-03-04,6.344872951507568,10.532430648803711
2016-03-07,6.304797649383545,10.454986572265625
2016-03-08,6.38014030456543,10.592001914978027
2016-03-09,6.3865532875061035,11.086453437805176
2016-03-10,6.492354393005371,11.223471641540527
2016-03-11,6.508384704589844,11.169858932495117
2016-03-14,6.267928123474121,11.003052711486816
2016-03-15,6.253499984741211,10.449028015136719
2016-03-16,6.30319356918335,10.824335098266602
2016-03-17,6.389758586883545,11.527291297912598
2016-03-18,6.476323127746582,11.527291297912598
2016-03-21,6.479529857635498,11.437932968139648
2016-03-22,6.545254707336426,11.426017761230469
2016-03-23,6.522812366485596,11.151984214782715
2016-03-24,6.479529857635498,11.592819213867188
2016-03-28,6.567697525024414,12.021743774414062
2016-03-29,6.508384704589844,12.093233108520508
2016-03-30,6.599757671356201,11.860899925231934
2016-03-31,6.582124710083008,11.896642684936523
2016-04-01,6.495560169219971,11.711966514587402
2016-04-04,6.290369987487793,11.408146858215332
2016-04-05,6.274339199066162,11.30687427520752
2016-04-06,6.224644660949707,11.068581581115723
2016-04-07,6.306401252746582,11.098368644714355
2016-04-08,6.38014030456543,11.348573684692383
2016-04-11,6.328843593597412,11.217513084411621
2016-04-12,6.489148139953613,11.580904960632324
2016-04-13,6.421820640563965,11.622607231140137
2016-04-14,6.441055774688721,11.408146858215332
2016-04-15,6.457087993621826,11.622607231140137
2016-04-18,6.58996057510376,11.491546630859375
2016-04-19,6.824559688568115,11.557079315185547
2016-04-20,6.793606281280518,11.497507095336914
2016-04-22,6.793606281280518,11.473677635192871
2016-04-25,6.718664169311523,11.461764335632324
2016-04-26,6.764280319213867,11.545162200927734
2016-04-27,6.902760982513428,12.093233108520508
2016-04-28,6.948376178741455,12.087274551391602
2016-04-29,6.930456638336182,11.825154304504395
2016-05-02,6.910905838012695,12.085916519165039
2016-05-03,6.907647132873535,12.085916519165039
2016-05-04,6.966296672821045,11.94394588470459
2016-05-05,6.915793418884277,11.974810600280762
2016-05-06,7.013542652130127,12.067398071289062
2016-05-09,7.168314456939697,11.876046180725098
2016-05-10,7.266062259674072,12.190849304199219
2016-05-11,7.300275802612305,12.159988403320312
2016-05-12,7.404540061950684,12.345165252685547
2016-05-13,7.249769687652588,12.197022438049316
2016-05-16,7.378474235534668,12.042708396911621
2016-05-17,7.266062259674072,11.758769035339355
2016-05-18,7.267691612243652,11.481003761291504
2016-05-19,7.388250350952148,11.4439697265625
2016-05-20,7.446898460388184,11.530384063720703
2016-05-23,7.42083215713501,11.295825004577637
2016-05-24,7.362183570861816,11.425451278686523
2016-05-25,7.38010311126709,11.203237533569336
2016-05-27,7.388250350952148,11.33286190032959
2016-05-30,7.404540061950684,11.31434440612793
2016-05-31,7.428979873657227,11.283480644226074
2016-06-01,7.428979873657227,11.437796592712402
2016-06-02,7.477853298187256,11.653833389282227
2016-06-03,7.575603485107422,11.820494651794434
2016-06-06,7.5511651039123535,11.7279052734375
2016-06-07,7.578863143920898,11.734078407287598
2016-06-08,7.600039005279541,12.252575874328613
2016-06-09,7.653803825378418,12.122952461242676
2016-06-10,7.5316162109375,11.845187187194824
2016-06-13,7.621219635009766,12.178505897521973
2016-06-14,7.516955375671387,12.104435920715332
2016-06-15,7.518583297729492,12.085916519165039
2016-06-16,7.727114677429199,12.37602710723877
2016-06-17,7.73689079284668,12.46861743927002
2016-06-20,7.833010673522949,12.555032730102539
2016-06-21,7.702677249908447,12.845142364501953
2016-06-22,7.732003688812256,12.629103660583496
2016-06-23,7.743407726287842,12.622929573059082
2016-06-24,7.59189510345459,12.437753677368164
2016-06-27,7.461561679840088,12.314301490783691
2016-06-28,7.67498254776001,12.37602710723877
2016-06-29,7.818348407745361,12.746381759643555
2016-06-30,7.925874710083008,12.709345817565918
2016-07-01,7.950310230255127,12.690828323364258
2016-07-04,7.934020042419434,13.77103042602539
2016-07-05,8.0610933303833,13.67844295501709
2016-07-06,7.994298458099365,13.641407012939453
2016-07-07,8.09693431854248,13.888310432434082
2016-07-08,8.080643653869629,13.863618850708008
2016-07-11,8.088788986206055,13.863618850708008
2016-07-12,8.129520416259766,13.795722007751465
2016-07-13,8.170249938964844,13.937691688537598
2016-07-14,8.088788986206055,13.888310432434082
2016-07-15,8.00244426727295,13.956212043762207
2016-07-18,8.214234352111816,13.851276397705078
2016-07-19,8.311984062194824,13.943863868713379
2016-07-20,8.101823806762695,13.919173240661621
2016-07-21,8.048059463500977,13.925345420837402
2016-07-22,8.325018882751465,14.061145782470703
2016-07-25,8.670398712158203,13.987070083618164
2016-07-26,8.812138557434082,13.919173240661621
2016-07-27,8.74045467376709,13.87596607208252
2016-07-28,8.952244758605957,13.919173240661621
2016-07-29,9.046736717224121,14.09817886352539
2016-08-01,8.862642288208008,13.950037956237793
2016-08-02,8.77303695678711,13.937691688537598
2016-08-03,8.735565185546875,13.962381362915039
2016-08-04,8.973423957824707,14.017935752868652
2016-08-05,8.940840721130371,13.950037956237793
2016-08-08,8.797475814819336,13.888310432434082
2016-08-09,8.67365837097168,13.826582908630371
2016-08-10,8.63455867767334,13.826582908630371
2016-08-11,8.66714096069336,14.116695404052734
2016-08-12,8.51888656616211,14.09200668334961
2016-08-15,8.517258644104004,14.412981033325195
2016-08-16,8.422767639160156,14.332736015319824
2016-08-17,8.494450569152832,14.388287544250488
2016-08-18,8.448834419250488,14.382116317749023
2016-08-19,8.452093124389648,14.382116317749023
2016-08-22,8.227269172668457,14.283354759216309
2016-08-23,8.308725357055664,14.172247886657715
2016-08-24,8.212605476379395,14.22162914276123
2016-08-25,8.342939376831055,14.209284782409668
2016-08-26,8.219121932983398,14.166078567504883
2016-08-29,8.408105850219727,14.301872253417969
2016-08-30,8.383666038513184,14.258666038513184
2016-08-31,8.238673210144043,14.351252555847168
2016-09-01,8.380410194396973,14.536431312561035
2016-09-02,8.406476020812988,14.758645057678223
2016-09-05,8.373892784118652,14.72160816192627
2016-09-06,8.494450569152832,14.82037353515625
2016-09-08,8.4683837890625,14.783336639404297
2016-09-09,8.176765441894531,14.70309066772461
2016-09-12,8.258222579956055,14.696919441223145
2016-09-13,8.105081558227539,14.629019737243652
2016-09-14,8.064352035522461,14.746298789978027
2016-09-15,8.210976600646973,14.814196586608887
2016-09-16,8.08227252960205,14.838890075683594
2016-09-19,8.145809173583984,14.91296100616455
2016-09-20,8.365747451782227,14.931478500366211
2016-09-21,8.430914878845215,15.011717796325684
2016-09-22,8.528663635253906,14.999374389648438
2016-09-23,8.520515441894531,14.999374389648438
2016-09-26,8.308725357055664,14.999374389648438
2016-09-27,8.390183448791504,14.974686622619629
2016-09-28,8.512371063232422,15.005546569824219
2016-09-29,8.325018882751465,14.931478500366211
2016-09-30,8.197943687438965,14.931478500366211
2016-10-03,8.359230995178223,14.956165313720703
2016-10-04,8.344566345214844,14.93764877319336
2016-10-05,8.382037162780762,14.900612831115723
2016-10-06,8.3999605178833,14.949993133544922
2016-10-07,8.279402732849121,14.894442558288574
2016-10-10,8.378780364990234,14.993203163146973
2016-10-11,8.243558883666992,14.925307273864746
2016-10-13,8.528663635253906,14.888269424438477
2016-10-14,8.525406837463379,14.943821907043457
2016-10-17,8.647592544555664,14.974686622619629
2016-10-18,8.60360336303711,15.054926872253418
2016-10-19,8.56287670135498,14.999374389648438
2016-10-20,8.732308387756348,14.968511581420898
2016-10-21,8.808878898620605,14.980859756469727
2016-10-24,8.813766479492188,14.968511581420898
2016-10-25,8.760005950927734,14.968511581420898
2016-10-26,8.887078285217285,14.93764877319336
2016-10-27,8.862642288208008,14.962340354919434
2016-10-28,9.0402193069458,14.931478500366211
2016-10-31,9.276449203491211,14.949993133544922
2016-11-01,9.074434280395508,14.875924110412598
2016-11-03,8.929436683654785,14.82037353515625
2016-11-04,9.036961555480957,14.875924110412598
2016-11-07,9.149374008178711,14.900612831115723
2016-11-08,9.180329322814941,14.863576889038086
2016-11-09,9.124938011169434,14.894442558288574
2016-11-10,8.755117416381836,14.715436935424805
2016-11-11,8.544954299926758,14.591983795166016
2016-11-14,8.585684776306152,14.567293167114258
2016-11-16,8.473271369934082,14.783336639404297
2016-11-17,8.447203636169434,14.740126609802246
2016-11-18,8.572650909423828,14.875924110412598
2016-11-21,8.698098182678223,14.93764877319336
2016-11-22,8.585684776306152,14.993203163146973
2016-11-23,8.487935066223145,14.956165313720703
2016-11-24,8.422767639160156,15.110481262207031
2016-11-25,8.513999938964844,15.091962814331055
2016-11-28,8.478158950805664,15.178380966186523
2016-11-29,8.352712631225586,15.1475191116333
2016-11-30,8.551473617553711,15.221586227416992
2016-12-01,8.228898048400879,15.011717796325684
2016-12-02,8.424396514892578,15.030237197875977
2016-12-05,8.316871643066406,15.024065017700195
2016-12-06,8.553099632263184,15.054926872253418
2016-12-07,8.571022987365723,15.0610990524292
2016-12-08,8.585684776306152,14.993203163146973
2016-12-09,8.473271369934082,15.270967483520508
2016-12-12,8.382037162780762,15.301833152770996
2016-12-13,8.553099632263184,15.505529403686523
2016-12-14,8.398331642150879,15.505529403686523
2016-12-15,8.422767639160156,15.505529403686523
2016-12-16,8.642704963684082,15.511698722839355
2016-12-19,8.623153686523438,15.530218124389648
2016-12-20,8.486305236816406,15.487009048461914
2016-12-21,8.590570449829102,15.511698722839355
2016-12-22,8.650850296020508,15.517870903015137
2016-12-23,8.569395065307617,15.524044036865234
2016-12-26,8.63455867767334,15.493182182312012
2016-12-27,8.712861061096191,15.505529403686523
2016-12-28,8.89465045928955,15.49935531616211
2016-12-29,8.909391403198242,15.561079978942871
2017-01-02,8.96671199798584,15.591941833496094
2017-01-03,8.948698997497559,15.628979682922363
2017-01-04,8.983091354370117,15.591941833496094
2017-01-05,8.96671199798584,15.561079978942871
2017-01-06,8.925769805908203,15.573421478271484
2017-01-09,8.868448257446289,15.573421478271484
2017-01-10,8.761992454528809,15.579596519470215
2017-01-11,8.716136932373047,15.585768699645996
2017-01-12,8.953609466552734,15.628979682922363
2017-01-13,9.040411949157715,15.677465438842773
2017-01-16,8.896289825439453,15.671239852905273
2017-01-17,9.01584529876709,15.702367782592773
2017-01-18,8.9634370803833,15.721048355102539
2017-01-19,9.087904930114746,15.727274894714355
2017-01-20,9.228754043579102,15.752181053161621
2017-01-23,9.440025329589844,15.80821418762207
2017-01-24,9.528465270996094,15.777085304260254
2017-01-26,9.580870628356934,15.758403778076172
2017-01-27,9.490796089172363,15.789535522460938
2017-01-30,9.415457725524902,15.764630317687988
2017-01-31,9.515361785888672,15.770857810974121
2017-02-01,9.397441864013672,15.770857810974121
2017-02-02,9.407268524169922,15.814441680908203
2017-02-03,9.458039283752441,15.845573425292969
2017-02-06,9.315555572509766,15.783312797546387
2017-02-07,9.281160354614258,15.783312797546387
2017-02-08,9.441661834716797,15.80198860168457
2017-02-09,9.394168853759766,15.814441680908203
2017-02-10,9.366325378417969,15.814441680908203
2017-02-13,9.399079322814941,15.839345932006836
2017-02-14,9.417098045349121,15.851797103881836
2017-02-15,9.498983383178711,15.876703262329102
2017-02-16,9.7577486038208,15.907832145690918
2017-02-17,9.54975414276123,15.926514625549316
2017-02-20,9.662758827209473,15.914057731628418
2017-02-21,9.85110092163086,15.907832145690918
2017-02-22,9.819984436035156,15.882930755615234
2017-02-23,9.896957397460938,15.864250183105469
2017-02-24,9.747922897338867,15.90160846710205
2017-03-01,9.774125099182129,15.882930755615234
2017-03-02,9.649658203125,15.851797103881836
2017-03-03,9.793779373168945,15.889154434204102
2017-03-06,9.826534271240234,15.90160846710205
2017-03-07,9.75938606262207,15.907832145690918
2017-03-08,9.625092506408691,15.914057731628418
2017-03-09,9.294264793395996,15.907832145690918
2017-03-10,9.441661834716797,15.895380973815918
2017-03-13,9.238582611083984,15.895380973815918
2017-03-14,9.045326232910156,15.907832145690918
2017-03-15,9.320469856262207,15.926514625549316
2017-03-16,9.327019691467285,15.951416969299316
2017-03-17,9.230392456054688,15.920287132263184
2017-03-20,9.112472534179688,15.932740211486816
2017-03-21,8.991277694702148,15.951416969299316
2017-03-22,9.046961784362793,15.976320266723633
2017-03-23,9.105921745300293,15.945189476013184
2017-03-24,9.400718688964844,16.001224517822266
2017-03-27,9.318831443786621,16.057262420654297
2017-03-28,9.335208892822266,16.057262420654297
2017-03-29,9.415457725524902,16.107070922851562
2017-03-30,9.503896713256836,16.08839225769043
2017-03-31,9.62836742401123,16.044811248779297
2017-04-03,9.548116683959961,16.057262420654297
2017-04-04,9.669310569763184,16.069713592529297
2017-04-05,9.728269577026367,16.057262420654297
2017-04-06,9.636554718017578,16.06348419189453
2017-04-07,9.575958251953125,16.075939178466797
2017-04-10,9.706978797912598,16.06348419189453
2017-04-11,9.744647026062012,16.051036834716797
2017-04-12,9.690601348876953,16.038583755493164
2017-04-13,9.664396286010742,16.013675689697266
2017-04-17,9.625092506408691,16.057262420654297
2017-04-18,9.564493179321289,16.069713592529297
2017-04-19,9.392529487609863,16.08839225769043
2017-04-20,9.482605934143066,16.075939178466797
2017-04-24,9.436750411987305,16.107070922851562
2017-04-25,9.466227531433105,16.125747680664062
2017-04-26,9.449849128723145,16.131973266601562
2017-04-27,9.40890884399414,16.150653839111328
2017-04-28,9.515478134155273,16.18800926208496
2017-05-02,9.533683776855469,16.206689834594727
2017-05-03,9.450925827026367,16.18800926208496
2017-05-04,9.177825927734375,16.169334411621094
2017-05-05,9.359892845153809,16.18800926208496
2017-05-08,9.268857955932617,16.175559997558594
2017-05-09,9.21920394897461,16.181787490844727
2017-05-10,8.838520050048828,16.181787490844727
2017-05-11,8.72265911102295,16.181787490844727
2017-05-12,8.742520332336426,16.200462341308594
2017-05-15,8.927897453308105,16.21914291381836
2017-05-16,9.071895599365234,16.268949508666992
2017-05-17,8.891483306884766,16.281404495239258
2017-05-18,8.423075675964355,16.21914291381836
2017-05-19,8.520730972290039,16.250272750854492
2017-05-22,8.40817928314209,16.18800926208496
2017-05-23,8.6233491897583,16.194238662719727
2017-05-24,8.838520050048828,16.200462341308594
2017-05-25,9.033825874328613,16.256500244140625
2017-05-26,8.937828063964844,16.343664169311523
2017-05-29,8.937828063964844,16.343664169311523
2017-05-30,8.957690238952637,16.393474578857422
2017-05-31,8.838520050048828,16.36857032775879
2017-06-01,8.689554214477539,16.36857032775879
2017-06-02,8.717691421508789,16.374794006347656
2017-06-05,8.821967124938965,16.381019592285156
2017-06-06,8.706108093261719,16.381019592285156
2017-06-07,8.769001007080078,16.387250900268555
2017-06-08,8.639901161193848,16.387250900268555
2017-06-09,8.586936950683594,16.387250900268555
2017-06-12,8.510797500610352,16.387250900268555
2017-06-13,8.648176193237305,16.387250900268555
2017-06-14,8.757417678833008,16.393474578857422
2017-06-15,8.757417678833008,16.393474578857422
2017-06-16,8.871623039245605,16.393474578857422
2017-06-19,8.75576114654541,16.405927658081055
2017-06-20,8.704451560974121,16.399702072143555
2017-06-21,8.689554214477539,16.399702072143555
2017-06-22,8.879899978637695,16.405927658081055
2017-06-23,8.772313117980957,16.405927658081055
2017-06-26,8.893139839172363,16.418380737304688
2017-06-27,8.835209846496582,16.405927658081055
2017-06-28,8.830242156982422,16.44951057434082
2017-06-29,8.808727264404297,16.48063850402832
2017-06-30,8.967621803283691,16.505542755126953
2017-07-03,9.035483360290527,16.51177215576172
2017-07-04,9.053689002990723,16.47441291809082
2017-07-05,9.070240020751953,16.486867904663086
2017-07-06,9.05037784576416,16.44951057434082
2017-07-07,9.038793563842773,16.461963653564453
2017-07-10,9.070240020751953,16.55535316467285
2017-07-11,9.169548988342285,16.61761474609375
2017-07-12,9.268857955932617,16.636293411254883
2017-07-13,9.296996116638184,16.648746490478516
2017-07-14,9.391339302062988,16.65496826171875
2017-07-17,9.386374473571777,16.66742515563965
2017-07-18,9.300308227539062,16.66742515563965
2017-07-19,9.287068367004395,16.66119956970215
2017-07-20,9.268857955932617,16.66119956970215
2017-07-21,9.293686866760254,16.68610382080078
2017-07-24,9.376444816589355,16.68610382080078
2017-07-25,9.434374809265137,16.69855499267578
2017-07-26,9.301962852478027,16.679880142211914
2017-07-27,9.43106460571289,16.69855499267578
2017-07-28,9.401270866394043,16.711008071899414
2017-07-31,9.384720802307129,16.72346305847168
2017-08-01,9.417824745178223,16.72968864440918
2017-08-02,9.419480323791504,16.72346305847168
2017-08-03,9.467477798461914,16.735912322998047
2017-08-04,9.429407119750977,16.742137908935547
2017-08-07,9.631338119506836,16.76704216003418
2017-08-08,9.603200912475586,16.74836540222168
2017-08-09,9.911059379577637,16.77949333190918
2017-08-10,9.831611633300781,16.77949333190918
2017-08-11,9.824991226196289,16.75459098815918
2017-08-14,9.76540470123291,16.785722732543945
2017-08-15,9.823334693908691,16.798171997070312
2017-08-16,9.930919647216797,16.82930564880371
2017-08-17,9.882920265197754,16.82308006286621
2017-08-18,9.9706449508667,16.83553123474121
2017-08-21,9.955748558044434,16.84175682067871
2017-08-22,10.197402000427246,16.84175682067871
2017-08-23,10.235469818115234,16.83553123474121
2017-08-24,10.215607643127441,16.854209899902344
2017-08-25,10.371192932128906,16.866662979125977
2017-08-28,10.154366493225098,16.87289047241211
2017-08-29,10.151055335998535,16.879114151000977
2017-08-30,10.268570899963379,16.879114151000977
2017-08-31,10.116297721862793,16.866662979125977
2017-09-01,10.220572471618652,16.866662979125977
2017-09-04,10.349675178527832,16.90401840209961
2017-09-05,10.33477783203125,16.916471481323242
2017-09-06,10.46884536743164,16.910247802734375
2017-09-07,10.46884536743164,16.910247802734375
2017-09-08,10.579742431640625,16.941377639770508
2017-09-11,10.592984199523926,16.941377639770508
2017-09-12,10.632704734802246,16.916471481323242
2017-09-13,10.579742431640625,16.928922653198242
2017-09-14,10.639327049255371,16.922697067260742
2017-09-15,10.531742095947266,16.960054397583008
2017-09-18,10.60456657409668,16.960054397583008
2017-09-19,10.588017463684082,16.960054397583008
2017-09-20,10.477121353149414,16.947599411010742
2017-09-21,10.26195240020752,16.941377639770508
2017-09-22,10.270227432250977,16.947599411010742
2017-09-25,10.109676361083984,16.947599411010742
2017-09-26,10.212297439575195,16.935152053833008
2017-09-27,10.117953300476074,16.922697067260742
2017-09-28,10.129538536071777,16.922697067260742
2017-09-29,10.137815475463867,16.947599411010742
2017-10-02,10.121264457702637,16.966279983520508
2017-10-03,10.228848457336426,17.009864807128906
2017-10-04,10.25367546081543,17.016088485717773
2017-10-05,10.26195240020752,17.028541564941406
2017-10-06,10.170918464660645,17.022314071655273
2017-10-09,10.170918464660645,17.022314071655273
2017-10-10,10.179192543029785,17.047222137451172
2017-10-11,10.232158660888672,17.04099464416504
2017-10-12,10.232158660888672,17.04099464416504
2017-10-13,10.33477783203125,17.047222137451172
2017-10-16,10.195744514465332,17.047222137451172
2017-10-17,10.247055053710938,17.028541564941406
2017-10-18,10.344708442687988,17.059673309326172
2017-10-19,10.452293395996094,17.059673309326172
2017-10-20,10.182503700256348,17.065898895263672
2017-10-23,9.930919647216797,17.053443908691406
2017-10-24,10.076574325561523,17.078350067138672
2017-10-25,10.192436218261719,17.084577560424805
2017-10-26,10.096435546875,17.103256225585938
2017-10-27,10.37781047821045,17.084577560424805
2017-10-30,10.24208927154541,17.128164291381836
2017-10-31,10.096435546875,17.121936798095703
2017-11-01,10.212297439575195,17.128164291381836
2017-11-02,10.212297439575195,17.128164291381836
2017-11-03,10.137815475463867,17.140613555908203
2017-11-06,10.129538536071777,17.140613555908203
2017-11-07,9.94250774383545,17.128164291381836
2017-11-08,10.26195240020752,17.153066635131836
2017-11-09,10.05671215057373,17.153066635131836
2017-11-10,10.096435546875,17.165517807006836
2017-11-13,10.273537635803223,17.17797088623047
2017-11-14,10.374500274658203,17.171743392944336
2017-11-15,10.374500274658203,17.171743392944336
2017-11-16,10.591327667236328,17.1841983795166
2017-11-17,10.665809631347656,17.190425872802734
2017-11-20,10.665809631347656,17.190425872802734
2017-11-21,10.712151527404785,17.1841983795166
2017-11-22,10.713808059692383,17.19664764404297
2017-11-23,10.808151245117188,17.17797088623047
2017-11-24,10.824703216552734,17.171743392944336
2017-11-27,10.821393966674805,16.810626983642578
2017-11-28,10.667463302612305,16.90401840209961
2017-11-29,10.692292213439941,15.739727973937988
2017-11-30,10.584707260131836,13.068705558776855
2017-12-01,10.611187934875488,12.464768409729004
2017-12-04,10.634361267089844,11.829700469970703
2017-12-05,10.740291595458984,11.362738609313965
2017-12-06,10.808151245117188,11.83592700958252
2017-12-07,10.73532485961914,11.65536880493164
2017-12-08,10.728706359863281,11.63669204711914
2017-12-11,10.813117980957031,11.194632530212402
2017-12-12,10.94056224822998,11.231990814208984
2017-12-13,10.924015045166016,11.393867492675781
2017-12-14,10.725395202636719,11.231990814208984
2017-12-15,10.871047019958496,11.306702613830566
2017-12-18,10.675740242004395,11.661592483520508
2017-12-19,10.634361267089844,11.58065414428711
2017-12-20,10.573121070861816,11.53707218170166
2017-12-21,10.622774124145508,11.68649959564209
2017-12-22,10.586360931396484,11.674047470092773
2017-12-25,10.586360931396484,11.674047470092773
2017-12-26,10.755187034606934,11.904414176940918
2017-12-27,10.882633209228516,12.028936386108398
2017-12-28,10.866084098815918,12.047616958618164
2017-12-29,10.866084098815918,12.047616958618164
2018-01-02,10.877668380737305,12.097426414489746
2018-01-03,10.899187088012695,11.947998046875
2018-01-04,10.776375770568848,11.86082935333252
2018-01-05,10.88248348236084,11.66781997680664
2018-01-08,11.025063514709473,11.854605674743652
2018-01-09,11.025063514709473,11.891961097717285
2018-01-10,10.940509796142578,12.452315330505371
2018-01-11,11.005168914794922,12.857016563415527
2018-01-12,11.093036651611328,12.564387321472168
2018-01-15,11.273748397827148,13.074931144714355
2018-01-16,11.147747993469238,12.91305160522461
2018-01-17,11.27043342590332,12.894373893737793
2018-01-18,11.011800765991211,12.981539726257324
2018-01-19,11.073140144348145,12.825885772705078
2018-01-22,11.031695365905762,12.701361656188965
2018-01-23,10.890771865844727,12.5830659866333
2018-01-24,11.238933563232422,12.869470596313477
2018-01-25,11.238933563232422,12.869470596313477
2018-01-26,11.30525016784668,13.012669563293457
2018-01-29,11.356645584106445,13.224359512329102
2018-01-30,11.439538955688477,13.280396461486816
2018-01-31,11.605329513549805,13.355110168457031
2018-02-01,11.719724655151367,13.560574531555176
2018-02-02,11.490934371948242,13.40492057800293
2018-02-05,11.356645584106445,13.386238098144531
2018-02-06,11.51082706451416,13.573023796081543
2018-02-07,11.62024974822998,13.927915573120117
2018-02-08,11.505854606628418,13.896783828735352
2018-02-09,11.401407241821289,13.747357368469238
2018-02-14,11.598699569702148,13.809618949890137
2018-02-15,11.580461502075195,13.896783828735352
2018-02-16,11.6285400390625,13.996402740478516
2018-02-19,11.623566627502441,14.295259475708008
2018-02-20,11.854015350341797,14.257902145385742
2018-02-21,11.779409408569336,14.575435638427734
2018-02-22,11.903752326965332,14.755993843078613
2018-02-23,11.718066215515137,14.99259090423584
2018-02-26,11.660039901733398,15.067302703857422
2018-02-27,11.804277420043945,15.098433494567871
2018-02-28,11.870594024658203,14.98636245727539
2018-03-01,11.812566757202148,14.849388122558594
2018-03-02,11.97006893157959,15.03617000579834
2018-03-05,12.081147193908691,15.067302703857422
2018-03-06,12.008200645446777,15.085980415344238
2018-03-07,12.052964210510254,15.048624038696289
2018-03-08,12.102703094482422,15.067302703857422
2018-03-09,11.887173652648926,15.2291841506958
2018-03-12,12.019804954528809,15.297669410705566
2018-03-13,11.791015625,15.260313034057617
2018-03-14,11.605329513549805,15.12956428527832
2018-03-15,11.46440601348877,14.98636245727539
2018-03-16,11.419644355773926,14.949007034301758
2018-03-19,11.373223304748535,14.911649703979492
2018-03-20,11.34172248840332,14.793351173400879
2018-03-21,11.524090766906738,14.936552047729492
2018-03-22,11.804277420043945,14.89919662475586
2018-03-23,11.820857048034668,14.924101829528809
2018-03-26,12.003226280212402,15.02371883392334
2018-03-27,11.936910629272461,15.191827774047852
2018-03-28,11.912041664123535,15.397287368774414
2018-03-29,11.854015350341797,15.509358406066895
2018-04-02,11.832460403442383,15.310123443603516
2018-04-03,11.767803192138672,15.366158485412598
2018-04-04,11.895463943481445,15.26654052734375
2018-04-05,12.019804954528809,15.341252326965332
2018-04-06,11.840751647949219,15.366158485412598
2018-04-09,11.771119117736816,15.185598373413086
2018-04-10,11.936910629272461,15.254087448120117
2018-04-11,11.854015350341797,15.204279899597168
2018-04-12,11.837434768676758,15.254087448120117
2018-04-13,11.787698745727539,15.222957611083984
2018-04-16,11.570513725280762,15.110885620117188
2018-04-17,11.676619529724121,15.154467582702637
2018-04-18,11.805936813354492,15.216729164123535
2018-04-19,11.563881874084473,15.12956428527832
2018-04-20,11.441197395324707,15.067302703857422
2018-04-23,11.439538955688477,15.005041122436523
2018-04-24,11.34006404876709,15.017495155334473
2018-04-25,11.426275253295898,14.89919662475586
2018-04-26,11.668331146240234,15.12333869934082
2018-04-27,11.787698745727539,15.272767066955566
2018-04-30,11.980254173278809,15.231998443603516
2018-05-02,11.954996109008789,15.112357139587402
2018-05-03,11.710844993591309,14.728254318237305
2018-05-04,11.569406509399414,14.482677459716797
2018-05-07,11.51215648651123,14.589725494384766
2018-05-08,11.486900329589844,14.432304382324219
2018-05-09,11.43301773071289,14.274883270263672
2018-05-10,11.449854850769043,14.55824089050293
2018-05-11,10.961553573608398,14.262290000915527
2018-05-14,10.725820541381836,14.079681396484375
2018-05-15,10.661836624145508,13.79002857208252
2018-05-16,10.776336669921875,13.909668922424316
2018-05-17,10.523764610290527,13.739655494689941
2018-05-18,10.397479057312012,13.72076416015625
2018-05-21,10.237517356872559,13.620016098022461
2018-05-22,10.441258430480957,14.104869842529297
2018-05-23,10.279611587524414,14.004118919372559
2018-05-24,10.39242935180664,14.4008207321167
2018-05-25,10.220681190490723,14.3252592086792
2018-05-28,10.013571739196777,14.098572731018066
2018-05-29,10.161747932434082,13.997823715209961
2018-05-30,10.235833168029785,14.419711112976074
2018-06-01,10.439574241638184,14.86678409576416
2018-06-04,10.45809555053711,14.917157173156738
2018-06-05,10.289716720581055,14.671581268310547
2018-06-06,10.079239845275879,14.539352416992188
2018-06-07,9.824986457824707,14.098572731018066
2018-06-08,9.841822624206543,14.104869842529297
2018-06-11,9.670076370239258,14.048197746276855
2018-06-12,9.79131031036377,13.960041999816895
2018-06-13,10.018623352050781,13.915966033935547
2018-06-14,9.868765830993652,13.764843940734863
2018-06-15,9.961373329162598,13.550749778747559
2018-06-18,9.934433937072754,13.758543968200684
2018-06-19,10.102812767028809,13.884481430053711
2018-06-20,9.998419761657715,13.947450637817383
2018-06-21,9.65660572052002,13.79632568359375
2018-06-22,9.594305992126465,13.79002857208252
2018-06-25,9.936116218566895,13.733357429504395
2018-06-26,9.693649291992188,13.651497840881348
2018-06-27,9.473072052001953,13.626312255859375
2018-06-28,9.732376098632812,13.519266128540039
2018-06-29,9.560627937316895,13.64520263671875
2018-07-02,9.850242614746094,13.557048797607422
2018-07-03,9.782892227172852,13.557048797607422
2018-07-04,10.0842924118042,13.821513175964355
2018-07-05,9.998419761657715,13.771140098571777
2018-07-06,9.9782133102417,13.815217971801758
2018-07-10,9.937801361083984,13.638903617858887
2018-07-11,9.934433937072754,13.676684379577637
2018-07-12,9.761001586914062,13.79002857208252
2018-07-13,9.597673416137695,13.884481430053711
2018-07-16,9.622931480407715,13.909668922424316
2018-07-17,9.848560333251953,14.048197746276855
2018-07-18,9.734062194824219,13.997823715209961
2018-07-19,9.850242614746094,14.004118919372559
2018-07-20,9.863715171813965,14.035606384277344
2018-07-23,9.681864738464355,13.997823715209961
2018-07-24,9.954639434814453,14.104869842529297
2018-07-25,9.968110084533691,14.085979461669922
2018-07-26,10.296451568603516,13.9852294921875
2018-07-27,10.355382919311523,13.928560256958008
2018-07-30,10.30655574798584,13.82780933380127
2018-07-31,10.313288688659668,13.695576667785645
2018-08-01,10.466513633728027,13.758543968200684
2018-08-02,10.202157974243164,13.821513175964355
2018-08-03,10.346965789794922,13.840405464172363
2018-08-06,10.102812767028809,13.79002857208252
2018-08-07,9.917594909667969,13.783732414245605
2018-08-08,9.875499725341797,13.695576667785645
2018-08-09,9.698699951171875,13.60112476348877
2018-08-10,9.71553897857666,13.412220001220703
2018-08-13,9.792994499206543,13.506672859191895
2018-08-14,10.021991729736328,13.79002857208252
2018-08-15,9.991683959960938,13.727060317993164
2018-08-16,9.968110084533691,13.72076416015625
2018-08-17,9.877184867858887,13.758543968200684
2018-08-20,9.883919715881348,13.758543968200684
2018-08-21,9.648186683654785,13.670391082763672
2018-08-22,9.698699951171875,13.79632568359375
2018-08-23,9.513483047485352,13.638903617858887
2018-08-24,9.641450881958008,13.676684379577637
2018-08-27,9.732376098632812,13.695576667785645
2018-08-28,9.863715171813965,13.620016098022461
2018-08-29,9.76436996459961,13.82780933380127
2018-08-30,9.501696586608887,13.79002857208252
2018-08-31,9.597673416137695,13.915966033935547
2018-09-03,9.592620849609375,14.482677459716797
2018-09-04,9.71385669708252,14.356741905212402
2018-09-05,9.755949020385742,14.658989906311035
2018-09-06,9.939484596252441,14.627506256103516
2018-09-10,9.833405494689941,14.67788028717041
2018-09-11,9.723958015441895,14.608616828918457
2018-09-12,9.614511489868164,14.79122257232666
2018-09-13,9.577467918395996,15.28867244720459
2018-09-14,9.511798858642578,15.162736892700195
2018-09-17,9.823301315307617,15.099764823913574
2018-09-18,10.107865333557129,14.93604850769043
2018-09-19,9.92601490020752,14.885672569274902
2018-09-20,10.096078872680664,15.017909049987793
2018-09-21,10.136490821838379,14.961236000061035
2018-09-24,10.074188232421875,14.923455238342285
2018-09-25,9.835089683532715,14.942346572875977
2018-09-26,9.740795135498047,14.992719650268555
2018-09-27,9.833405494689941,14.980128288269043
2018-09-28,9.675127983093262,15.03050422668457
2018-10-01,9.595989227294922,14.904566764831543
2018-10-02,9.98494815826416,15.043092727661133
2018-10-03,9.956324577331543,15.52795124053955
2018-10-04,9.934433937072754,16.056882858276367
2018-10-05,9.907491683959961,16.075773239135742
2018-10-08,10.129755020141602,15.798712730407715
2018-10-09,10.224048614501953,15.52795124053955
2018-10-10,9.996735572814941,15.320155143737793
2018-10-11,9.902441024780273,15.59721565246582
2018-10-15,9.883919715881348,15.836494445800781
2018-10-16,10.128070831298828,15.993914604187012
2018-10-17,10.515345573425293,16.252084732055664
2018-10-18,10.437891960144043,15.930947303771973
2018-10-19,10.574277877807617,15.930947303771973
2018-10-22,10.641630172729492,15.930947303771973
2018-10-23,10.882414817810059,15.786120414733887
2018-10-24,10.798224449157715,15.742043495178223
2018-10-25,10.848739624023438,15.742043495178223
2018-10-26,10.995227813720703,15.930947303771973
2018-10-29,10.882414817810059,15.679075241088867
2018-10-30,11.197284698486328,15.66648006439209
2018-10-31,11.448171615600586,15.836494445800781
2018-11-01,11.569406509399414,16.17022705078125
2018-11-05,11.786616325378418,16.390615463256836
2018-11-06,11.805139541625977,16.371721267700195
2018-11-07,11.803455352783203,16.258380889892578
2018-11-08,11.702425956726074,16.371721267700195
2018-11-09,11.660330772399902,16.31505012512207
2018-11-12,11.48521614074707,16.340240478515625
2018-11-13,11.542466163635254,16.459877014160156
2018-11-14,11.783247947692871,16.680269241333008
2018-11-16,12.047605514526367,16.74953269958496
2018-11-19,11.954996109008789,16.74953269958496
2018-11-21,12.04086971282959,16.560626983642578
2018-11-22,12.108221054077148,16.554332733154297
2018-11-23,12.20419979095459,16.491365432739258
2018-11-26,12.157052993774414,16.365428924560547
2018-11-27,12.490447044372559,16.17652130126953
2018-11-28,12.535908699035645,16.371721267700195
2018-11-29,12.460137367248535,17.121044158935547
2018-11-30,12.23114013671875,16.938438415527344
2018-12-03,12.375947952270508,16.963623046875
2018-12-04,12.14863395690918,16.957326889038086
2018-12-05,12.241244316101074,16.963623046875
2018-12-06,11.997090339660645,16.862876892089844
2018-12-07,11.848917007446289,16.793609619140625
2018-12-10,11.737786293029785,16.680269241333008
2018-12-11,11.938158988952637,16.781015396118164
2018-12-12,11.988672256469727,17.001405715942383
2018-12-13,12.108221054077148,17.064374923706055
2018-12-14,12.109906196594238,17.127344131469727
2018-12-17,11.926371574401855,16.99510955810547
2018-12-18,11.891012191772461,16.98880958557129
2018-12-19,11.830394744873047,17.30994987487793
2018-12-20,11.870806694030762,17.454776763916016
2018-12-21,11.877541542053223,17.624792098999023
2018-12-26,11.990358352661133,17.757022857666016
2018-12-27,12.03918743133545,17.933334350585938
2018-12-28,12.554430961608887,18.16631507873535
2019-01-02,12.613362312316895,18.222990036010742
2019-01-03,12.965277671813965,18.002601623535156
2019-01-04,13.133658409118652,18.040380477905273
2019-01-07,13.217849731445312,17.807397842407227
2019-01-08,13.251524925231934,17.819990158081055
2019-01-09,13.461999893188477,18.008895874023438
2019-01-10,13.637114524841309,17.945926666259766
2019-01-11,13.694364547729492,17.819990158081055
2019-01-14,14.010919570922852,17.70035171508789
2019-01-15,14.069853782653809,17.624792098999023
2019-01-16,14.069853782653809,17.731834411621094
2019-01-17,14.063115119934082,18.197799682617188
2019-01-18,13.94188404083252,19.205291748046875
2019-01-21,14.169195175170898,19.35011863708496
2019-01-22,13.807178497314453,19.513832092285156
2019-01-23,13.975558280944824,19.520132064819336
2019-01-24,14.142255783081055,19.520132064819336
2019-01-28,14.16077709197998,19.639772415161133
2019-01-29,14.58172607421875,19.63347625732422
2019-01-30,14.817460060119629,20.181299209594727
2019-01-31,14.8427152633667,20.527620315551758
2019-02-01,14.852818489074707,19.583101272583008
2019-02-04,14.809043884277344,19.595693588256836
2019-02-05,14.625507354736328,19.520132064819336
2019-02-06,14.55815601348877,19.324932098388672
2019-02-07,14.374621391296387,19.110841751098633
2019-02-08,14.29548168182373,19.06675910949707
2019-02-11,14.059751510620117,18.76451301574707
2019-02-12,14.010919570922852,18.821184158325195
2019-02-13,14.209607124328613,19.929426193237305
2019-02-14,14.194456100463867,20.130922317504883
2019-02-15,14.143940925598145,19.929426193237305
2019-02-18,14.142255783081055,19.89794158935547
2019-02-19,14.282011032104492,20.01128578186035
2019-02-20,14.202872276306152,19.834972381591797
2019-02-21,14.110261917114258,20.017581939697266
2019-02-22,14.202872276306152,20.067956924438477
2019-02-25,14.142255783081055,19.992393493652344
2019-02-26,14.078269958496094,19.79719352722168
2019-02-27,13.972189903259277,19.557912826538086
2019-02-28,13.829069137573242,19.324932098388672
2019-03-01,13.88631534576416,19.268260955810547
2019-03-06,13.613542556762695,19.16121482849121
2019-03-07,13.529352188110352,18.984907150268555
2019-03-08,13.891368865966797,19.14862060546875
2019-03-11,13.706149101257324,19.205291748046875
2019-03-12,13.88968563079834,19.37530517578125
2019-03-13,13.88294792175293,19.520132064819336
2019-03-14,13.807178497314453,19.356416702270508
2019-03-15,13.86611270904541,19.19899559020996
2019-03-18,13.965457916259766,19.268260955810547
2019-03-19,13.778555870056152,19.362712860107422
2019-03-20,13.680895805358887,19.261962890625
2019-03-21,13.59670352935791,19.00379180908203
2019-03-22,13.428323745727539,19.091949462890625
2019-03-25,13.470417976379395,19.173809051513672
2019-03-26,13.593337059020996,19.438274383544922
2019-03-27,13.125240325927734,19.318632125854492
2019-03-28,13.302038192749023,19.362712860107422
2019-03-29,13.470417976379395,19.19269561767578
2019-04-01,13.470417976379395,18.7015438079834
2019-04-02,13.524300575256348,18.575607299804688
2019-04-03,13.389595985412598,18.38670539855957
2019-04-04,13.65563678741455,18.254472732543945
2019-04-05,13.94188404083252,18.537830352783203
2019-04-08,13.88631534576416,18.462268829345703
2019-04-09,13.57144546508789,18.260770797729492
2019-04-10,13.470417976379395,18.260770797729492
2019-04-11,13.386229515075684,17.90814781188965
2019-04-12,13.25320816040039,18.16002082824707
2019-04-15,13.445160865783691,18.229284286499023
2019-04-16,13.360971450805664,17.952224731445312
2019-04-17,13.150495529174805,17.945926666259766
2019-04-18,13.453580856323242,18.040380477905273
2019-04-22,13.468735694885254,18.185209274291992
2019-04-23,13.473786354064941,18.260770797729492
2019-04-24,13.419901847839355,18.197799682617188
2019-04-25,13.59670352935791,18.323740005493164
2019-04-26,13.615225791931152,18.260770797729492
2019-04-29,13.605123519897461,18.323740005493164
2019-04-30,13.824018478393555,18.77710723876953
2019-05-02,13.81440258026123,19.06521987915039
2019-05-03,13.65087890625,18.962818145751953
2019-05-06,13.526532173156738,19.052417755126953
2019-05-07,13.5588960647583,19.1356143951416
2019-05-08,13.5946683883667,19.32121467590332
2019-05-09,13.729232788085938,19.42361068725586
2019-05-10,13.802481651306152,19.679607391357422
2019-05-13,13.509498596191406,19.481210708618164
2019-05-14,13.630437850952148,19.21241569519043
2019-05-15,13.983036041259766,19.020418167114258
2019-05-16,13.797368049621582,18.866823196411133
2019-05-17,13.560598373413086,18.495628356933594
2019-05-20,14.018810272216797,18.623628616333008
2019-05-21,14.27431583404541,19.199615478515625
2019-05-22,14.195959091186523,19.282814025878906
2019-05-23,14.052875518798828,19.21881675720215
2019-05-24,13.841660499572754,19.1356143951416
2019-05-27,13.966004371643066,19.07161521911621
2019-05-28,14.09886646270752,19.020418167114258
2019-05-29,14.219807624816895,19.03961944580078
2019-05-30,14.546857833862305,19.391611099243164
2019-05-31,14.674609184265137,19.673206329345703
2019-06-03,14.802362442016602,19.647607803344727
2019-06-04,14.655874252319336,19.76280403137207
2019-06-05,14.647356033325195,19.391611099243164
2019-06-06,14.717195510864258,19.03961944580078
2019-06-07,15.010174751281738,18.623628616333008
2019-06-10,14.819397926330566,18.111635208129883
2019-06-11,15.04254150390625,18.265233993530273
2019-06-12,14.887528419494629,18.52123260498047
2019-06-13,15.117485046386719,19.103620529174805
2019-06-14,15.228205680847168,18.93082046508789
2019-06-17,15.165181159973145,19.1356143951416
2019-06-18,15.263978958129883,19.167617797851562
2019-06-19,15.415578842163086,19.007619857788086
2019-06-21,15.533112525939941,19.058820724487305
2019-06-24,15.456461906433105,18.937219619750977
2019-06-25,15.187324523925781,18.623628616333008
2019-06-26,15.160073280334473,18.6876277923584
2019-06-27,15.427502632141113,18.99481773376465
2019-06-28,15.637019157409668,19.474811553955078
2019-07-01,15.37980842590332,19.385211944580078
2019-07-02,15.352554321289062,19.35321044921875
2019-07-03,15.839720726013184,19.91640281677246
2019-07-04,16.02709197998047,20.121198654174805
2019-07-05,16.062862396240234,20.114797592163086
2019-07-08,16.403539657592773,20.197996139526367
2019-07-10,16.546621322631836,20.38999366760254
2019-07-11,16.82427215576172,20.370792388916016
2019-07-12,16.41205596923828,20.159597396850586
2019-07-15,16.335403442382812,19.961200714111328
2019-07-16,16.173582077026367,19.948402404785156
2019-07-17,16.14632797241211,19.878002166748047
2019-07-18,16.24342155456543,19.820402145385742
2019-07-19,16.056047439575195,19.78200340270996
2019-07-22,16.158252716064453,19.89080047607422
2019-07-23,16.323476791381836,19.833202362060547
2019-07-24,15.783507347106934,19.775602340698242
2019-07-25,15.585917472839355,19.622007369995117
2019-07-26,15.63190746307373,19.858802795410156
2019-07-29,16.00835609436035,20.204395294189453
2019-07-30,16.052642822265625,20.415590286254883
2019-07-31,16.09693145751953,20.626787185668945
2019-08-01,16.139516830444336,21.119579315185547
2019-08-02,16.149736404418945,21.22837257385254
2019-08-05,15.839720726013184,20.95318031311035
2019-08-06,16.182096481323242,21.650768280029297
2019-08-07,16.182096481323242,21.759563446044922
2019-08-08,16.299631118774414,21.74676513671875
2019-08-09,16.604537963867188,21.66996955871582
2019-08-12,16.284305572509766,21.5291690826416
2019-08-13,16.565359115600586,21.516368865966797
2019-08-14,16.132699966430664,21.119579315185547
2019-08-15,16.04582977294922,20.735586166381836
2019-08-16,16.522775650024414,21.113178253173828
2019-08-19,16.449527740478516,20.965980529785156
2019-08-20,16.304744720458984,20.9915771484375
2019-08-21,16.567062377929688,21.15797996520996
2019-08-22,16.522775650024414,20.933979034423828
2019-08-23,16.151439666748047,20.72918701171875
2019-08-26,15.94362735748291,20.607587814331055
2019-08-27,15.737518310546875,20.63958740234375
2019-08-28,15.773289680480957,20.524389266967773
2019-08-29,15.994726181030273,20.607587814331055
2019-08-30,16.31325912475586,20.735586166381836
2019-09-02,16.72718048095703,20.90838050842285
2019-09-03,16.607942581176758,20.67798614501953
2019-09-04,16.91455078125,20.72918701171875
2019-09-05,16.688003540039062,20.524389266967773
2019-09-06,16.607942581176758,20.415590286254883
2019-09-09,16.10544776916504,19.858802795410156
2019-09-10,16.33029556274414,19.839603424072266
2019-09-11,16.866857528686523,20.274795532226562
2019-09-12,17.118955612182617,20.44759178161621
2019-09-13,17.055932998657227,20.313194274902344
2019-09-16,17.118955612182617,20.274795532226562
2019-09-17,17.130884170532227,21.055580139160156
2019-09-18,17.354021072387695,20.997982025146484
2019-09-19,17.410236358642578,21.234777450561523
2019-09-20,17.396608352661133,20.805980682373047
2019-09-23,17.27396583557129,20.594789505004883
2019-09-24,17.22456932067871,20.575590133666992
2019-09-25,16.948619842529297,20.498790740966797
2019-09-26,16.963951110839844,20.78678321838379
2019-09-27,16.984392166137695,20.895584106445312
2019-09-30,17.083187103271484,21.049177169799805
2019-10-01,16.91455078125,20.997982025146484
2019-10-02,16.64882469177246,20.575590133666992
2019-10-03,16.778282165527344,20.86358070373535
2019-10-04,17.095111846923828,21.13237762451172
2019-10-07,16.640308380126953,21.023578643798828
2019-10-08,16.427385330200195,20.86998176574707
2019-10-09,16.623273849487305,20.927581787109375
2019-10-10,16.846416473388672,20.927581787109375
2019-10-11,17.24160385131836,21.113178253173828
2019-10-14,17.536285400390625,20.831581115722656
2019-10-15,16.667560577392578,20.38999366760254
2019-10-16,17.033788681030273,20.38359260559082
2019-10-17,16.900928497314453,20.415590286254883
2019-10-18,17.103628158569336,20.3323917388916
2019-10-21,17.359134674072266,20.793184280395508
2019-10-22,17.003128051757812,20.684385299682617
2019-10-23,16.761247634887695,20.249195098876953
2019-10-24,16.906036376953125,20.338796615600586
2019-10-25,16.62497901916504,20.29399299621582
2019-10-28,16.814054489135742,20.492393493652344
2019-10-29,16.992908477783203,20.8571834564209
2019-10-30,17.41875457763672,20.876380920410156
2019-10-31,17.354021072387695,21.13237762451172
2019-11-01,17.258634567260742,21.183574676513672
2019-11-04,17.48177719116211,21.305173873901367
2019-11-05,17.466447830200195,21.125974655151367
2019-11-06,17.24160385131836,21.13237762451172
2019-11-07,17.42215919494629,21.317975997924805
2019-11-08,17.076374053955078,20.575590133666992
2019-11-11,17.51073455810547,20.415590286254883
2019-11-12,17.364246368408203,20.415590286254883
2019-11-13,17.41534423828125,20.159597396850586
2019-11-14,17.78498077392578,20.498790740966797
2019-11-18,17.6572265625,20.217195510864258
2019-11-19,17.48177719116211,20.370792388916016
2019-11-21,17.781574249267578,20.492393493652344
2019-11-22,17.57035255432129,20.67158317565918
2019-11-25,17.56013298034668,20.48598861694336
2019-11-26,17.118955612182617,20.287593841552734
2019-11-27,17.340396881103516,20.210796356201172
2019-11-28,17.45111656188965,20.479589462280273
2019-11-29,17.57887077331543,20.217195510864258
2019-12-02,17.544801712036133,20.223596572875977
2019-12-03,17.774757385253906,20.229995727539062
2019-12-04,18.158021926879883,20.479589462280273
2019-12-05,18.54128074645996,20.575590133666992
2019-12-06,18.54979705810547,20.594789505004883
2019-12-09,18.66903305053711,20.76118278503418
2019-12-10,18.890474319458008,20.76758575439453
2019-12-11,19.205598831176758,20.79958152770996
2019-12-12,18.890474319458008,21.055580139160156
2019-12-13,19.307798385620117,21.375572204589844
2019-12-16,18.78826904296875,21.567567825317383
2019-12-17,18.805301666259766,21.407573699951172
2019-12-18,19.060806274414062,21.893959045410156
2019-12-19,19.205598831176758,22.457149505615234
2019-12-20,19.00971221923828,22.546751022338867
2019-12-23,19.077842712402344,22.629945755004883
2019-12-26,19.350385665893555,22.917943954467773
2019-12-27,19.358901977539062,22.655548095703125
2019-12-30,19.410001754760742,22.751541137695312
2020-01-02,20.05728530883789,22.533946990966797
2020-01-03,19.81881332397461,22.393152236938477
2020-01-06,19.844364166259766,22.60434913635254
2020-01-07,19.74216079711914,22.34195327758789
2020-01-08,19.87843132019043,22.201152801513672
2020-01-09,20.116907119750977,22.60434913635254
2020-01-10,20.355377197265625,23.033140182495117
2020-01-13,20.34686279296875,22.949939727783203
2020-01-14,20.82380485534668,22.777143478393555
2020-01-15,20.653470993041992,22.943540573120117
2020-01-16,20.781225204467773,23.35953140258789
2020-01-17,20.874908447265625,23.87152099609375
2020-01-20,20.900461196899414,24.31951332092285
2020-01-21,20.781225204467773,24.165916442871094
2020-01-22,20.772705078125,24.12111473083496
2020-01-23,20.78973960876465,24.511507034301758
2020-01-24,20.806772232055664,24.27471351623535
2020-01-27,20.491649627685547,23.679527282714844
2020-01-28,20.985626220703125,23.813926696777344
2020-01-29,20.670503616333008,24.466711044311523
2020-01-30,20.76418685913086,24.613908767700195
2020-01-31,20.304279327392578,24.4923095703125
2020-02-03,21.207067489624023,24.959503173828125
2020-02-04,22.024690628051758,24.54351043701172
2020-02-05,22.033206939697266,25.087501525878906
2020-02-06,21.684011459350586,24.479511260986328
2020-02-07,21.43702507019043,24.19151496887207
2020-02-10,21.275203704833984,23.59632682800293
2020-02-11,21.80324935913086,24.114715576171875
2020-02-12,22.390914916992188,24.29391098022461
2020-02-13,22.45053482055664,24.02511978149414
2020-02-14,22.10133934020996,24.0443172454834
2020-02-17,22.459054946899414,24.415512084960938
2020-02-18,21.973590850830078,24.31951332092285
2020-02-19,22.53570556640625,24.607505798339844
2020-02-20,22.109859466552734,24.19151496887207
2020-02-21,22.442018508911133,24.153118133544922
2020-02-26,21.232620239257812,23.250736236572266
2020-02-27,20.64495277404785,22.80914306640625
2020-02-28,21.00266456604004,22.738744735717773
2020-03-02,22.05023956298828,23.730724334716797
2020-03-03,21.93952178955078,23.72432518005371
2020-03-04,22.910446166992188,25.02349853515625
2020-03-05,21.956554412841797,24.19151496887207
2020-03-06,21.207067489624023,23.679527282714844
2020-03-09,18.950090408325195,21.759563446044922
2020-03-10,19.163013458251953,22.053958892822266
2020-03-11,18.226152420043945,20.543588638305664
2020-03-12,16.25023651123047,17.836444854736328
2020-03-13,17.289297103881836,19.404409408569336
2020-03-16,15.807354927062988,17.9836368560791
2020-03-17,16.854938507080078,18.681224822998047
2020-03-18,15.330410957336426,16.12767791748047
2020-03-19,15.160073280334473,15.679685592651367
2020-03-20,14.7086763381958,16.15967559814453
2020-03-23,13.874021530151367,15.039698600769043
2020-03-24,14.342452049255371,16.191675186157227
2020-03-25,14.47872257232666,16.65886688232422
2020-03-26,15.415578842163086,17.964441299438477
2020-03-27,14.095458984375,17.27325439453125
2020-03-30,14.981219291687012,17.31805419921875
2020-03-31,14.98973560333252,17.196456909179688
2020-04-01,13.976223945617676,16.82526206970215
2020-04-02,13.831438064575195,16.575668334960938
2020-04-03,13.524829864501953,16.530868530273438
2020-04-06,14.316900253295898,16.985260009765625
2020-04-07,14.035842895507812,17.48444938659668
2020-04-08,14.921599388122559,17.663646697998047
2020-04-09,15.611465454101562,17.791643142700195
2020-04-13,15.7477388381958,18.42523193359375
2020-04-14,15.705153465270996,18.87961769104004
2020-04-15,15.62850284576416,18.9564208984375
2020-04-16,15.671085357666016,19.052417755126953
2020-04-17,16.182096481323242,18.937219619750977
2020-04-20,16.42909049987793,19.21241569519043
2020-04-22,16.590911865234375,19.263614654541016
2020-04-23,15.935111999511719,19.16121482849121
2020-04-24,15.279311180114746,17.88764190673828
2020-04-27,15.918075561523438,18.988422393798828
2020-04-28,16.258750915527344,19.647607803344727
2020-04-29,16.062862396240234,19.225215911865234
2020-04-30,15.611465454101562,18.585229873657227
2020-05-04,15.330410957336426,18.84762191772461
2020-05-05,15.47519588470459,19.44921112060547
2020-05-06,15.006767272949219,19.263614654541016
2020-05-07,14.223215103149414,18.04123878479004
2020-05-08,14.98973560333252,18.975618362426758
2020-05-11,15.236725807189941,18.668428421020508
2020-05-12,14.734225273132324,18.5532283782959
2020-05-13,14.308382987976074,18.047639846801758
2020-05-14,15.023802757263184,18.78362274169922
2020-05-15,14.98973560333252,19.001216888427734
2020-05-18,15.585917472839355,19.359615325927734
2020-05-19,15.134521484375,18.815624237060547
2020-05-20,14.904565811157227,18.322834014892578
2020-05-21,14.938632011413574,19.08441734313965
2020-05-22,15.355960845947266,19.564409255981445
2020-05-25,16.607942581176758,20.364391326904297
2020-05-26,16.51426124572754,20.19159507751465
2020-05-27,17.118955612182617,21.509971618652344
2020-05-28,16.948619842529297,20.97878074645996
2020-05-29,17.076374053955078,20.63958740234375
2020-06-01,16.906036376953125,20.30039405822754
2020-06-02,17.118955612182617,20.479589462280273
2020-06-03,17.715139389038086,20.543588638305664
2020-06-04,17.544801712036133,20.5115909576416
2020-06-05,17.51073455810547,20.735586166381836
2020-06-08,18.35390853881836,21.25397491455078
2020-06-09,18.54128074645996,21.407573699951172
2020-06-10,18.336872100830078,21.15797996520996
2020-06-12,18.396493911743164,20.67798614501953
2020-06-15,18.29429054260254,20.223596572875977
2020-06-16,18.192087173461914,19.948402404785156
2020-06-17,18.81382179260254,20.453990936279297
2020-06-18,18.50720977783203,20.281192779541016
2020-06-19,18.86492156982422,20.594789505004883
2020-06-22,18.890474319458008,20.223596572875977
2020-06-23,18.86492156982422,19.551607131958008
2020-06-24,18.890474319458008,19.372413635253906
2020-06-25,19.239665985107422,19.46200942993164
2020-06-26,19.154497146606445,19.174015045166016
2020-06-29,19.452585220336914,19.398012161254883
2020-06-30,19.77623176574707,19.622007369995117
2020-07-01,20.397960662841797,19.71800422668457
2020-07-02,20.10838508605957,19.474811553955078
2020-07-03,20.64495277404785,19.711606979370117
2020-07-06,20.568302154541016,20.153196334838867
2020-07-07,20.755672454833984,19.999601364135742
2020-07-08,20.891942977905273,19.78200340270996
2020-07-09,20.457578659057617,19.366012573242188
2020-07-10,20.815292358398438,19.417211532592773
2020-07-13,20.355377197265625,19.14841651916504
2020-07-14,20.185041427612305,19.44921112060547
2020-07-15,20.781225204467773,19.711606979370117
2020-07-16,20.76418685913086,19.35321044921875
2020-07-17,21.130416870117188,19.61560821533203
2020-07-20,20.964595794677734,19.929201126098633
2020-07-21,20.74028205871582,19.929201126098633
2020-07-22,20.964595794677734,20.29399299621582
2020-07-23,20.886951446533203,20.217195510864258
2020-07-24,21.2579288482666,20.62038803100586
2020-07-27,21.57714080810547,21.125974655151367
2020-07-28,21.439102172851562,21.1198673248291
2020-07-29,21.439102172851562,21.255250930786133
2020-07-30,21.956748962402344,21.47863006591797
2020-07-31,22.025768280029297,21.255250930786133
2020-08-03,21.87047576904297,21.011560440063477
2020-08-04,21.395965576171875,20.693405151367188
2020-08-05,21.715181350708008,20.882946014404297
2020-08-06,21.585769653320312,21.49894142150879
2020-08-07,21.266555786132812,21.1063289642334
2020-08-10,21.223419189453125,21.187557220458984
2020-08-11,20.62812614440918,20.808483123779297
2020-08-12,20.714399337768555,20.442947387695312
2020-08-13,20.326171875,20.17218017578125
2020-08-14,20.714399337768555,20.32787322998047
2020-08-17,20.19675636291504,19.65095329284668
2020-08-18,20.671266555786133,20.233102798461914
2020-08-19,20.119108200073242,19.86756706237793
2020-08-20,20.35205078125,19.8201847076416
2020-08-21,20.222640991210938,19.962331771850586
2020-08-24,20.81793212890625,19.88787078857422
2020-08-25,20.81793212890625,19.813413619995117
2020-08-26,20.515972137451172,19.326030731201172
2020-08-27,20.44695472717285,19.535879135131836
2020-08-28,20.77479362487793,19.969104766845703
2020-08-31,20.015581130981445,19.454647064208984
2020-09-01,20.679889678955078,19.806644439697266
2020-09-02,20.610872268676758,19.65095329284668
2020-09-03,20.326171875,19.90818214416504
2020-09-04,20.515972137451172,19.86756706237793
2020-09-08,20.438323974609375,19.982643127441406
2020-09-09,20.80930519104004,20.605409622192383
2020-09-10,20.19675636291504,20.158641815185547
2020-09-11,19.722253799438477,19.522336959838867
2020-09-14,20.050092697143555,20.341407775878906
2020-09-15,19.653230667114258,20.104490280151367
2020-09-16,19.96381950378418,20.273717880249023
2020-09-17,20.127737045288086,20.314332962036133
2020-09-18,19.653230667114258,19.630645751953125
2020-09-21,19.713621139526367,19.292184829711914
2020-09-22,19.48931312561035,19.630645751953125
2020-09-23,19.08382225036621,19.251569747924805
2020-09-24,19.368526458740234,19.380184173583984
2020-09-25,19.49793815612793,19.170339584350586
2020-09-28,18.8077449798584,18.798036575317383
2020-09-29,18.64382553100586,18.662649154663086
2020-09-30,18.272844314575195,18.655879974365234
2020-10-01,18.505783081054688,18.8048038482666
2020-10-02,18.1434326171875,18.561113357543945
2020-10-05,18.66107940673828,18.649112701416016
2020-10-06,18.428138732910156,18.838651657104492
2020-10-07,18.18657112121582,18.5814208984375
2020-10-08,18.333236694335938,18.825109481811523
2020-10-09,18.005395889282227,18.662649154663086
2020-10-13,17.772457122802734,18.66942024230957
2020-10-14,18.014022827148438,18.818342208862305
2020-10-15,17.996768951416016,19.00788116455078
2020-10-16,17.919124603271484,18.899572372436523
2020-10-19,18.048532485961914,19.089111328125
2020-10-20,18.255590438842773,19.8201847076416
2020-10-21,18.031278610229492,19.69833755493164
2020-10-22,17.988142013549805,20.131563186645508
2020-10-23,17.884613037109375,19.881105422973633
2020-10-26,17.936382293701172,19.989410400390625
2020-10-27,17.660297393798828,20.030025482177734
2020-10-28,17.056381225585938,19.373416900634766
2020-10-29,17.44461441040039,19.339569091796875
2020-10-30,17.194419860839844,18.8657283782959
2020-11-03,17.142656326293945,19.001110076904297
2020-11-04,18.117549896240234,19.488494873046875
2020-11-05,18.988920211791992,20.625715255737305
2020-11-06,19.144214630126953,20.98448371887207
2020-11-09,18.93715476989746,20.761098861694336
2020-11-10,18.971664428710938,20.842330932617188
2020-11-11,18.385000228881836,20.585102081298828
2020-11-12,17.91049575805664,20.104490280151367
2020-11-13,18.23833656311035,20.713712692260742
2020-11-16,18.402257919311523,20.483562469482422
2020-11-17,18.669706344604492,21.004791259765625
2020-11-18,18.126178741455078,20.90325164794922
2020-11-19,18.221078872680664,20.82879066467285
2020-11-23,17.815593719482422,20.38202476501465
2020-11-24,17.85873031616211,20.476795196533203
2020-11-25,18.669706344604492,20.456483840942383
2020-11-26,18.755983352661133,20.5241756439209
2020-11-27,19.101076126098633,20.713712692260742
2020-11-30,18.799118041992188,21.221405029296875
2020-12-01,18.945783615112305,20.774639129638672
2020-12-02,19.040681838989258,20.882946014404297
2020-12-03,19.46342658996582,21.38386344909668
2020-12-04,19.075191497802734,20.761098861694336
2020-12-07,18.988920211791992,20.882946014404297
2020-12-08,18.66107940673828,20.537715911865234
2020-12-09,18.333236694335938,20.578330993652344
2020-12-10,18.695589065551758,20.85586929321289
2020-12-11,19.411664962768555,20.747560501098633
2020-12-14,19.092449188232422,20.56479263305664
2020-12-15,19.532447814941406,21.614017486572266
2020-12-16,19.566959381103516,21.878013610839844
2020-12-17,19.86029052734375,22.135242462158203
2020-12-18,19.756759643554688,21.91863250732422
2020-12-21,19.144214630126953,21.431249618530273
2020-12-22,19.541074752807617,21.702016830444336
2020-12-23,19.55832862854004,21.566633224487305
2020-12-28,19.877544403076172,21.803552627563477
2020-12-29,19.82577896118164,21.88478660583496
2020-12-30,19.98107147216797,22.033706665039062
2021-01-04,19.627347946166992,21.33648109436035
2021-01-05,19.67048454284668,21.23494529724121
2021-01-06,19.247743606567383,21.22817611694336
2021-01-07,18.83362579345703,20.476795196533203
2021-01-08,19.4202880859375,21.268787384033203
2021-01-11,19.03205680847168,20.666332244873047
2021-01-12,19.03205680847168,20.767868041992188
2021-01-13,19.31675910949707,21.004791259765625
2021-01-14,20.024208068847656,21.49894142150879
2021-01-15,20.15361976623535,21.823862075805664
2021-01-18,19.722253799438477,21.62755584716797
2021-01-19,19.64460563659668,21.451555252075195
2021-01-20,19.22186279296875,21.26201820373535
2021-01-21,18.98029327392578,20.99125099182129
2021-01-22,18.98029327392578,20.632484436035156
2021-01-26,18.86813735961914,20.558025360107422
2021-01-27,19.13558578491211,20.842330932617188
2021-01-28,19.627347946166992,21.255250930786133
2021-01-29,19.428918838500977,21.058944702148438
2021-02-01,19.49793815612793,21.363555908203125
2021-02-02,19.687740325927734,21.911863327026367
2021-02-03,20.050092697143555,22.14878273010254
2021-02-04,20.119108200073242,22.426319122314453
2021-02-05,20.265775680541992,22.629396438598633
2021-02-08,20.13636589050293,22.676780700683594
2021-02-09,20.28303337097168,22.866313934326172
2021-02-10,20.110483169555664,22.744468688964844
2021-02-11,20.17950439453125,22.846012115478516
2021-02-12,20.326171875,22.676780700683594
2021-02-17,19.799896240234375,22.243553161621094
2021-02-18,19.834407806396484,22.169092178344727
2021-02-19,19.532447814941406,22.08786392211914
2021-02-22,18.86813735961914,20.544485092163086
2021-02-23,18.83362579345703,20.632484436035156
2021-02-24,18.65245246887207,20.300796508789062
2021-02-25,17.815593719482422,19.996183395385742
2021-02-26,17.34108543395996,19.535879135131836
2021-03-01,17.142656326293945,18.987573623657227
2021-03-02,17.34971046447754,19.414033889770508
2021-03-03,17.461870193481445,19.65772247314453
2021-03-04,18.05716323852539,19.969104766845703
2021-03-05,18.23833656311035,19.894641876220703
2021-03-08,17.75520133972168,19.27187728881836
2021-03-09,17.76382827758789,19.34634017944336
2021-03-10,18.074413299560547,19.969104766845703
2021-03-11,18.229705810546875,20.111257553100586
2021-03-12,18.28147315979004,20.21279525756836
2021-03-15,18.462646484375,20.233102798461914
2021-03-16,18.324607849121094,20.558025360107422
2021-03-17,18.928525924682617,21.15371322631836
2021-03-18,18.747352600097656,20.68663787841797
2021-03-19,19.20460319519043,21.444787979125977
2021-03-22,18.81637191772461,21.05217742919922
2021-03-23,18.60931396484375,20.81525230407715
2021-03-24,18.13480567932129,20.30756378173828
2021-03-25,19.3944091796875,20.82879066467285
2021-03-26,19.696365356445312,20.490333557128906
2021-03-29,19.523818969726562,20.185718536376953
2021-03-30,19.739503860473633,20.368486404418945
2021-03-31,21.395965576171875,20.591869354248047
2021-04-01,21.55988311767578,20.321102142333984
2021-04-05,21.741064071655273,20.713712692260742
2021-04-06,21.827335357666016,21.065711975097656
2021-04-07,21.413225173950195,20.74079132080078
2021-04-08,21.31831932067871,20.639251708984375
2021-04-09,21.137144088745117,20.30756378173828
2021-04-12,21.137144088745117,20.747560501098633
2021-04-13,21.02499008178711,20.612178802490234
2021-04-14,20.86969566345215,20.632484436035156
2021-04-15,21.180282592773438,20.67987060546875
2021-04-16,21.516752243041992,21.140172958374023
2021-04-19,21.266555786132812,20.98448371887207
2021-04-20,21.482240676879883,20.79494285583496
2021-04-22,21.603025436401367,20.639251708984375
2021-04-23,21.81007957458496,20.767868041992188
2021-04-26,21.594396591186523,20.612178802490234
2021-04-27,21.482240676879883,20.30756378173828
2021-04-28,21.965373992919922,20.497102737426758
2021-04-29,22.336353302001953,20.659563064575195
2021-04-30,21.603025436401367,19.86756706237793
2021-05-03,21.065828323364258,19.71192169189453
2021-05-04,20.90597152709961,19.63344383239746
2021-05-05,21.083589553833008,19.476491928100586
2021-05-06,21.04806900024414,19.576370239257812
2021-05-07,21.76742935180664,20.011558532714844
2021-05-10,21.16352081298828,19.7261905670166
2021-05-11,21.358905792236328,20.139976501464844
2021-05-12,20.604015350341797,19.412282943725586
2021-05-13,21.580928802490234,19.876008987426758
2021-05-14,22.46903419494629,20.239856719970703
2021-05-17,22.415748596191406,19.975889205932617
2021-05-18,22.229246139526367,19.89741325378418
2021-05-19,22.779869079589844,20.37540626525879
2021-05-20,22.85091781616211,20.518091201782227
2021-05-21,22.939729690551758,20.546627044677734
2021-05-24,22.886442184448242,20.632240295410156
2021-05-25,22.540082931518555,20.753520965576172
2021-05-26,22.646656036376953,20.8676700592041
2021-05-27,22.628890991210938,20.974681854248047
2021-05-28,22.575607299804688,20.69644546508789
2021-05-31,21.96281623840332,20.482419967651367
2021-06-01,22.247007369995117,21.081695556640625
2021-06-02,22.06050682067871,21.067428588867188
2021-06-04,22.104907989501953,21.309993743896484
2021-06-07,22.14043426513672,21.388469696044922
2021-06-08,21.90064811706543,21.224382400512695
2021-06-09,21.7585506439209,20.753520965576172
2021-06-10,22.344697952270508,21.302858352661133
2021-06-11,21.945053100585938,20.760656356811523
2021-06-14,22.54896354675293,20.9176082611084
2021-06-15,22.699941635131836,20.839130401611328
2021-06-16,21.95393180847168,20.617971420288086
2021-06-17,21.989458084106445,20.810596466064453
2021-06-18,22.042743682861328,20.646509170532227
2021-06-21,22.495676040649414,20.539493560791016
2021-06-22,22.02498435974121,20.36827278137207
2021-06-23,21.669740676879883,19.997291564941406
2021-06-24,22.58448600769043,20.154245376586914
2021-06-25,22.593366622924805,19.640581130981445
2021-06-28,22.557844161987305,19.512161254882812
2021-06-29,22.202604293823242,19.369476318359375
2021-06-30,22.02498435974121,19.198253631591797
2021-07-01,21.536523818969727,18.948556900024414
2021-07-02,21.723026275634766,19.134048461914062
2021-07-05,21.705265045166016,19.22679328918457
2021-07-06,21.580928802490234,19.048439025878906
2021-07-07,21.73190689086914,19.162586212158203
2021-07-08,21.580928802490234,18.905752182006836
2021-07-12,21.847362518310547,19.22679328918457
2021-07-13,21.447715759277344,18.962827682495117
2021-07-14,21.723026275634766,19.2767333984375
2021-07-15,21.438833236694336,19.212522506713867
2021-07-16,21.509883880615234,18.941423416137695
2021-07-19,21.314498901367188,18.71312713623047
2021-07-20,21.429950714111328,18.691722869873047
2021-07-21,21.74966812133789,18.813007354736328
2021-07-22,22.247007369995117,18.948556900024414
2021-07-23,21.71414566040039,18.65605354309082
2021-07-26,21.785194396972656,18.54190444946289
2021-07-27,21.882883071899414,18.8914852142334
2021-07-28,22.202604293823242,18.8914852142334
2021-07-29,22.23812484741211,18.442026138305664
2021-07-30,21.49212074279785,18.06390953063965
2021-08-02,21.660858154296875,18.13525390625
2021-08-03,21.71414566040039,18.213729858398438
2021-08-04,21.518760681152344,18.292207717895508
2021-08-05,21.092472076416016,17.842748641967773
2021-08-06,21.403308868408203,17.849882125854492
2021-08-09,21.474355697631836,17.956899642944336
2021-08-10,21.385549545288086,17.692928314208984
2021-08-11,21.545406341552734,17.47890281677246
2021-08-12,21.49212074279785,17.407562255859375
2021-08-13,21.483238220214844,18.848678588867188
2021-08-16,21.296735763549805,19.233928680419922
2021-08-17,20.861562728881836,19.26246452331543
2021-08-18,20.675064086914062,18.87008285522461
2021-08-19,21.607572555541992,19.654850006103516
2021-08-20,22.451271057128906,20.011558532714844
2021-08-23,22.069387435913086,19.76186180114746
2021-08-24,22.611129760742188,20.518091201782227
2021-08-25,22.824275970458984,20.703582763671875
2021-08-26,22.557844161987305,20.553760528564453
2021-08-27,22.46903419494629,20.68217658996582
2021-08-30,22.495676040649414,20.703582763671875
2021-08-31,22.50455665588379,20.717851638793945
2021-09-01,23.366018295288086,20.621423721313477
2021-09-02,23.108469009399414,20.478483200073242
2021-09-03,22.779869079589844,20.561237335205078
2021-09-06,22.557844161987305,20.73427391052246
2021-09-08,21.891767501831055,20.358108520507812
2021-09-09,22.18484115600586,20.95997428894043
2021-09-10,22.069387435913086,20.990068435668945
2021-09-13,22.460153579711914,21.00511360168457
2021-09-14,22.451271057128906,20.975021362304688
2021-09-15,22.51344108581543,20.884740829467773
2021-09-16,22.779869079589844,20.81702995300293
2021-09-17,22.886442184448242,20.91483497619629
2021-09-20,22.628890991210938,20.756845474243164
2021-09-21,22.842037200927734,21.08034896850586
2021-09-22,22.8065128326416,20.81702995300293
2021-09-23,22.984132766723633,20.839603424072266
2021-09-24,22.824275970458984,20.696659088134766
2021-09-27,22.744346618652344,20.44086456298828
2021-09-28,22.54896354675293,20.37315559387207
2021-09-29,22.824275970458984,20.463436126708984
2021-09-30,22.51344108581543,20.260305404663086
2021-10-01,22.762107849121094,20.312969207763672
2021-10-04,22.069387435913086,19.936803817749023
2021-10-05,21.705265045166016,19.49292755126953
2021-10-06,21.447715759277344,19.064096450805664
2021-10-07,21.563167572021484,19.124284744262695
2021-10-08,21.865121841430664,19.583206176757812
2021-10-11,21.7585506439209,19.530542373657227
2021-10-13,22.06050682067871,20.049652099609375
2021-10-14,22.149316787719727,19.771289825439453
2021-10-15,21.909526824951172,19.620820999145508
2021-10-18,21.99833869934082,20.019559860229492
2021-10-19,21.52764129638672,19.613300323486328
2021-10-20,21.261213302612305,19.64339256286621
2021-10-21,21.172399520874023,19.207040786743164
2021-10-22,20.550731658935547,18.92115592956543
2021-10-25,21.32337760925293,19.259702682495117
2021-10-26,21.234569549560547,19.41016960144043
2021-10-27,21.660858154296875,19.80138397216797
2021-10-28,20.81715965270996,19.440263748168945
2021-10-29,20.3198184967041,19.793859481811523
2021-11-01,20.408632278442383,19.59825325012207
2021-11-03,20.399749755859375,20.087270736694336
2021-11-04,20.07115364074707,19.989465713500977
2021-11-05,20.346464157104492,20.222688674926758
2021-11-08,20.23101234436035,20.064699172973633
2021-11-09,20.666179656982422,20.2903995513916
2021-11-10,21.394426345825195,20.839603424072266
2021-11-11,21.989458084106445,21.095394134521484
2021-11-12,21.545406341552734,20.493528366088867
2021-11-16,21.32337760925293,19.673484802246094
2021-11-17,20.941495895385742,18.928678512573242
2021-11-18,20.8970890045166,18.973817825317383
2021-11-19,20.834922790527344,19.372554779052734
2021-11-22,20.399749755859375,19.154375076293945
2021-11-23,20.826040267944336,19.237133026123047
2021-11-24,20.621776580810547,19.274749755859375
2021-11-25,20.559608459472656,19.568161010742188
2021-11-26,20.22212791442871,19.372554779052734
2021-11-29,20.23101234436035,19.823955535888672
2021-11-30,20.044509887695312,19.861570358276367
2021-12-01,20.115556716918945,20.064699172973633
2021-12-02,20.630659103393555,20.741798400878906
2021-12-03,20.92373275756836,20.982545852661133
2021-12-06,20.710586547851562,20.711706161499023
2021-12-07,20.737226486206055,20.470956802368164
2021-12-08,20.95925521850586,20.591333389282227
2021-12-09,21.225688934326172,20.463436126708984
2021-12-10,21.234569549560547,20.446264266967773
2021-12-13,21.25233268737793,20.847776412963867
2021-12-14,21.305618286132812,21.14891242980957
2021-12-15,21.1102352142334,21.210681915283203
2021-12-16,20.74611473083496,21.102581024169922
2021-12-17,20.90597152709961,21.442323684692383
2021-12-20,20.5329647064209,21.125747680664062
2021-12-21,20.337583541870117,20.979040145874023
2021-12-22,20.310941696166992,20.940433502197266
2021-12-23,20.115556716918945,20.716514587402344
2021-12-27,20.257654190063477,20.731958389282227
2021-12-28,20.26653480529785,20.608413696289062
2021-12-29,19.946821212768555,20.407657623291016
2021-12-30,20.080034255981445,20.716514587402344
2022-01-03,19.6004581451416,19.98297882080078
2022-01-04,19.422836303710938,19.92120933532715
2022-01-05,19.165285110473633,19.604633331298828
2022-01-06,19.00542640686035,19.141347885131836
2022-01-07,18.961021423339844,19.56602668762207
2022-01-10,19.289621353149414,19.728174209594727
2022-01-11,19.72479248046875,19.70500946044922
2022-01-12,20.204368591308594,20.268672943115234
2022-01-13,20.062271118164062,19.959815979003906
2022-01-14,20.088912963867188,20.037031173706055
2022-01-17,19.795841217041016,20.07563591003418
2022-01-18,19.396194458007812,20.230066299438477
2022-01-19,19.715909957885742,20.592971801757812
2022-01-20,19.769197463989258,20.73967742919922
2022-01-21,19.66262435913086,20.901826858520508
2022-01-24,19.32514190673828,21.118026733398438
2022-01-25,19.698148727416992,21.766624450683594
2022-01-26,19.680387496948242,21.75890350341797
2022-01-27,19.89353370666504,21.851558685302734
2022-01-28,20.115556716918945,21.928773880004883
2022-01-31,20.390871047973633,22.3380069732666
2022-02-01,20.381986618041992,22.415220260620117
2022-02-02,20.364227294921875,21.905609130859375
2022-02-03,20.763872146606445,22.260793685913086
2022-02-04,21.278974533081055,21.851558685302734
2022-02-07,21.314498901367188,21.928773880004883
2022-02-08,21.101356506347656,22.005985260009766
2022-02-09,21.314498901367188,22.175857543945312
2022-02-10,21.28785514831543,22.075477600097656
2022-02-11,21.11911392211914,22.276235580444336
2022-02-14,21.19904327392578,22.492433547973633
2022-02-15,21.829599380493164,22.94027328491211
2022-02-16,21.971694946289062,22.94027328491211
2022-02-17,21.971694946289062,22.96343994140625
2022-02-18,22.175960540771484,22.98660659790039
2022-02-21,21.669740676879883,23.1024227142334
2022-02-22,22.30917739868164,23.30318260192871
2022-02-23,22.557844161987305,23.727859497070312
2022-02-24,22.75322723388672,23.5579891204834
2022-02-25,22.708824157714844,23.364952087402344
2022-03-02,22.708824157714844,23.5888729095459
2022-03-03,22.75322723388672,23.34178924560547
2022-03-04,22.51344108581543,22.893949508666992
2022-03-07,22.1937198638916,22.56964874267578
2022-03-08,22.104907989501953,22.847618103027344
2022-03-09,22.886442184448242,23.357234954833984
2022-03-10,22.824275970458984,23.635202407836914
2022-03-11,22.50455665588379,23.61203956604004
2022-03-14,22.762107849121094,23.851402282714844
2022-03-15,22.8065128326416,23.735580444335938
2022-03-16,22.957490921020508,23.735580444335938
2022-03-17,23.30385398864746,24.51544189453125
2022-03-18,23.74790382385254,24.886070251464844
2022-03-21,23.818952560424805,25.109989166259766
2022-03-22,24.191953659057617,25.449731826782227
2022-03-23,24.06761932373047,25.295299530029297
2022-03-24,24.422861099243164,25.74314308166504
2022-03-25,24.2452392578125,25.68909454345703
2022-03-28,24.422861099243164,25.542390823364258
2022-03-29,24.485029220581055,25.557828903198242
2022-03-30,24.263004302978516,25.15631866455078
2022-03-31,24.165311813354492,24.916955947875977
2022-04-01,24.431745529174805,25.735424041748047
2022-04-04,24.3162899017334,25.557828903198242
2022-04-05,24.02322006225586,25.550107955932617
2022-04-06,23.614688873291016,25.67365074157715
2022-04-07,23.108469009399414,25.828079223632812
2022-04-08,22.948610305786133,26.129215240478516
2022-04-11,22.646656036376953,26.160099029541016
2022-04-12,22.628890991210938,26.129215240478516
2022-04-13,22.557844161987305,26.631107330322266
2022-04-14,22.993017196655273,27.109832763671875
2022-04-18,22.735462188720703,27.488178253173828
2022-04-19,22.42462730407715,27.156160354614258
2022-04-20,22.602251052856445,27.248817443847656
2022-04-22,22.362462997436523,26.955402374267578
2022-04-25,22.877559661865234,27.287425994873047
2022-04-26,23.268325805664062,27.789316177368164
2022-04-27,23.41930389404297,28.25259780883789
2022-04-28,23.117351531982422,28.144500732421875
2022-04-29,22.77098846435547,27.912857055664062
2022-05-02,22.68507957458496,27.312559127807617
2022-05-03,22.475622177124023,27.48220443725586
2022-05-04,22.976497650146484,28.118364334106445
2022-05-05,22.129562377929688,27.83845329284668
2022-05-06,21.829038619995117,28.271045684814453
2022-05-09,22.147777557373047,28.712114334106445
2022-05-10,22.10224151611328,28.627294540405273
2022-05-11,21.455657958984375,28.296489715576172
2022-05-12,21.69243621826172,28.7714900970459
2022-05-13,21.85635757446289,29.857208251953125
2022-05-16,22.31169891357422,30.03533172607422
2022-05-17,22.129562377929688,31.027746200561523
2022-05-18,21.246200561523438,30.34069061279297
2022-05-19,21.273523330688477,30.87506866455078
2022-05-20,21.501192092895508,30.9005126953125
2022-05-23,21.255308151245117,30.289796829223633
2022-05-24,22.011173248291016,31.044710159301758
2022-05-25,21.96563720703125,30.31524658203125
2022-05-26,21.865463256835938,29.543367385864258
2022-05-27,21.6104736328125,29.305864334106445
2022-05-30,21.255308151245117,29.4330997467041
2022-05-31,21.656007766723633,28.584884643554688
2022-06-01,21.48297882080078,29.305864334106445
2022-06-02,21.85635757446289,30.773279190063477
2022-06-03,22.020278930664062,30.026853561401367
2022-06-06,22.04759979248047,29.085330963134766
2022-06-07,22.284378051757812,29.44158172607422
2022-06-08,22.25705909729004,28.881757736206055
2022-06-09,22.04759979248047,27.982650756835938
2022-06-10,22.00206756591797,27.083539962768555
2022-06-13,21.419231414794922,26.66791534423828
2022-06-14,21.319053649902344,27.507648468017578
2022-06-15,22.138669967651367,27.770597457885742
2022-06-17,22.00206756591797,28.126846313476562
2022-06-20,21.956533432006836,28.491579055786133
2022-06-21,21.665117263793945,27.439790725708008
2022-06-22,21.410123825073242,27.219257354736328
2022-06-23,20.98210334777832,26.60005760192871
2022-06-24,20.827287673950195,25.955413818359375
2022-06-27,20.790857315063477,26.879968643188477
2022-06-28,20.563188552856445,26.66791534423828
2022-06-29,20.44480323791504,26.23532485961914
2022-06-30,20.79996681213379,26.192913055419922
2022-07-01,21.036745071411133,27.142915725708008
2022-07-04,20.59961700439453,26.447378158569336
2022-07-05,20.399269104003906,25.913000106811523
2022-07-06,20.417478561401367,25.955413818359375
2022-07-07,21.136919021606445,26.65943145751953
2022-07-08,20.891033172607422,26.540681838989258
2022-07-11,20.526762008666992,25.802736282348633
2022-07-12,20.60872459411621,26.354074478149414
2022-07-13,20.36284065246582,26.014787673950195
2022-07-14,20.45391082763672,26.540681838989258
2022-07-15,20.44480323791504,26.80362892150879
2022-07-18,20.481229782104492,26.9732723236084
2022-07-19,20.645151138305664,26.930862426757812
2022-07-20,21.100492477416992,27.388898849487305
2022-07-21,21.255308151245117,27.287109375
2022-07-22,20.991207122802734,27.26166534423828
2022-07-25,21.209774017333984,27.719701766967773
2022-07-26,21.382802963256836,26.73577308654785
2022-07-27,21.96563720703125,27.236221313476562
2022-07-28,22.302593231201172,27.431310653686523
2022-07-29,22.594009399414062,27.855417251586914
2022-08-01,22.55758285522461,27.94872283935547
2022-08-02,22.703290939331055,27.439790725708008
2022-08-03,22.767040252685547,27.20229148864746
2022-08-04,23.368087768554688,28.415241241455078
2022-08-05,23.204166412353516,28.304969787597656
2022-08-08,23.17684555053711,28.584884643554688
2022-08-09,23.277021408081055,28.321935653686523
2022-08-10,23.195058822631836,28.66970443725586
2022-08-11,22.029386520385742,27.99961280822754
2022-08-12,22.284378051757812,29.034439086914062
2022-08-15,22.803464889526367,29.53488540649414
2022-08-16,22.739717483520508,29.551849365234375
2022-08-17,23.05845832824707,30.179529190063477
2022-08-18,22.9400691986084,30.790246963500977
2022-08-19,22.730609893798828,30.69693946838379
2022-08-22,22.484729766845703,30.747833251953125
2022-08-23,22.530261993408203,30.501848220825195
2022-08-24,22.430086135864258,30.357654571533203
2022-08-25,22.266162872314453,30.19649314880371
2022-08-26,21.847251892089844,29.94202995300293
2022-08-29,21.883676528930664,29.94202995300293
2022-08-30,21.874570846557617,29.7299747467041
2022-08-31,22.020278930664062,29.662118911743164
2022-09-01,22.266162872314453,30.23890495300293
2022-09-02,22.211524963378906,30.34069061279297
2022-09-05,22.976497650146484,30.730871200561523
2022-09-06,22.694183349609375,30.705421447753906
2022-09-08,22.42098045349121,30.14560317993164
2022-09-09,22.31169891357422,29.848724365234375
2022-09-12,22.430086135864258,29.823280334472656
2022-09-13,22.320804595947266,29.297386169433594
2022-09-14,22.530261993408203,29.093812942504883
2022-09-15,22.293485641479492,29.322830200195312
2022-09-16,22.056711196899414,29.492473602294922
2022-09-19,22.484729766845703,29.37372589111328
2022-09-20,22.402767181396484,29.407651901245117
2022-09-21,22.512046813964844,29.382205963134766
2022-09-22,22.794361114501953,30.213457107543945
2022-09-23,24.56108283996582,30.61212158203125
2022-09-26,24.32430648803711,29.407651901245117
2022-09-27,23.81432342529297,28.627294540405273
2022-09-28,23.76879119873047,28.847829818725586
2022-09-29,23.68682861328125,28.508543014526367
2022-09-30,24.497337341308594,28.63577651977539
2022-10-03,26.045490264892578,30.272830963134766
2022-10-04,25.772289276123047,29.763904571533203
2022-10-05,26.118345260620117,29.051403045654297
2022-10-06,25.644792556762695,28.517024993896484
2022-10-07,25.499082565307617,28.423721313476562
2022-10-10,25.826927185058594,28.576400756835938
2022-10-11,26.09102439880371,28.8393497467041
2022-10-13,25.153024673461914,29.00899314880371
2022-10-14,24.843393325805664,28.90720558166504
2022-10-17,25.10749053955078,29.28890037536621
2022-10-18,25.517297744750977,29.170150756835938
2022-10-19,25.70854377746582,29.085330963134766
2022-10-20,25.70854377746582,28.98354148864746
2022-10-21,26.009065628051758,29.407651901245117
2022-10-24,25.63568687438965,29.280418395996094
2022-10-25,25.517297744750977,28.525508880615234
2022-10-26,24.98910140991211,27.558542251586914
2022-10-27,26.009065628051758,29.110776901245117
2022-10-28,26.027278900146484,29.28890037536621
2022-10-31,27.347766876220703,30.043813705444336
2022-11-01,27.32044792175293,30.06926155090332
2022-11-03,27.074565887451172,30.544260025024414
2022-11-04,27.37508773803711,31.09560203552246
2022-11-07,26.355125427246094,29.67908477783203
2022-11-08,26.737611770629883,29.823280334472656
2022-11-09,26.728504180908203,29.696043014526367
2022-11-10,25.972640991210938,27.90631103515625
2022-11-11,25.999958038330078,29.04292106628418
2022-11-14,26.06370735168457,29.110776901245117
2022-11-16,24.91624641418457,28.40675926208496
2022-11-17,24.979995727539062,28.321935653686523
2022-11-18,25.052852630615234,28.601848602294922
2022-11-21,25.25320053100586,28.856313705444336
2022-11-22,25.198558807373047,28.61033058166504
2022-11-23,25.42622947692871,28.712114334106445
2022-11-24,26.081920623779297,29.21256446838379
2022-11-25,25.043743133544922,28.695152282714844
2022-11-28,24.770536422729492,28.7714900970459
2022-11-29,24.979995727539062,28.941133499145508
2022-11-30,25.089279174804688,29.60274314880371
2022-12-01,24.92535400390625,28.898723602294922
2022-12-02,24.779644012451172,28.40675926208496
2022-12-05,24.105741500854492,27.151395797729492
2022-12-06,24.123952865600586,27.694255828857422
2022-12-07,24.23323631286621,28.160776138305664
2022-12-08,24.02377700805664,27.37193489074707
2022-12-09,24.02377700805664,27.321041107177734
2022-12-12,24.069313049316406,26.83755874633789
2022-12-13,23.75968360900879,25.802736282348633
2022-12-14,23.85985565185547,25.66701889038086
2022-12-15,23.65950584411621,25.904521942138672
2022-12-16,23.887174606323242,25.53130531311035
2022-12-19,24.1785945892334,26.693361282348633
2022-12-20,24.369836807250977,27.142915725708008
2022-12-21,24.378944396972656,26.947826385498047
2022-12-22,24.488229751586914,27.304075241088867
2022-12-23,24.56108283996582,27.73666763305664
2022-12-26,23.960033416748047,27.49068260192871
2022-12-27,24.014671325683594,27.56702423095703
2022-12-28,24.843393325805664,27.64336395263672
2022-12-29,24.606616973876953,28.160776138305664
2023-01-02,23.850753784179688,27.304075241088867
2023-01-03,23.267913818359375,26.96479034423828
2023-01-04,23.313446044921875,27.278629302978516
2023-01-05,23.386302947998047,27.312559127807617
2023-01-06,23.313446044921875,27.024166107177734
2023-01-09,23.632186889648438,27.27014923095703
2023-01-10,23.841644287109375,26.922378540039062
2023-01-11,24.91624641418457,27.617918014526367
2023-01-12,25.089279174804688,27.397380828857422
2023-01-13,24.661256790161133,27.185325622558594
2023-01-16,24.43358612060547,27.48220443725586
2023-01-17,24.424480438232422,27.73666763305664
2023-01-18,24.970888137817383,28.135326385498047
2023-01-19,24.943565368652344,28.058990478515625
2023-01-20,24.579296112060547,27.64336395263672
2023-01-23,24.579296112060547,27.431310653686523
2023-01-24,24.79785919189453,28.008098602294922
2023-01-25,25.38069725036621,28.644258499145508
2023-01-26,25.480871200561523,28.46613311767578
2023-01-27,25.30784034729004,28.075952529907227
2023-01-30,25.043743133544922,28.330419540405273
2023-01-31,25.517297744750977,28.2286319732666
2023-02-01,25.499082565307617,28.23711585998535
2023-02-02,25.55372428894043,27.73666763305664
2023-02-03,24.761432647705078,26.96479034423828
2023-02-06,24.524656295776367,27.12594985961914
2023-02-07,24.087526321411133,26.549163818359375
2023-02-08,24.55197525024414,26.718807220458984
2023-02-09,23.878070831298828,25.353179931640625
2023-02-10,24.360733032226562,26.26925277709961
2023-02-13,24.23323631286621,26.26925277709961
2023-02-14,23.9964599609375,26.06568145751953
2023-02-15,24.22412872314453,26.00630760192871
2023-02-16,24.11484718322754,26.23532485961914
2023-02-17,24.087526321411133,26.40496826171875
2023-02-22,23.55022430419922,26.04023551940918
2023-02-23,23.72325325012207,25.887556076049805
2023-02-24,23.404518127441406,25.77728843688965
2023-02-27,23.231487274169922,25.700946807861328
2023-02-28,23.15863037109375,25.692466735839844
2023-03-01,22.66686248779297,25.56523323059082
2023-03-02,22.712400436401367,25.327733993530273
2023-03-03,22.885427474975586,25.09871482849121
2023-03-06,23.213275909423828,25.20050048828125
2023-03-07,23.222379684448242,25.37862777709961
2023-03-08,23.72325325012207,25.99782371520996
2023-03-09,23.78700065612793,25.896038055419922
2023-03-10,23.823429107666016,25.751842498779297
2023-03-13,23.92360496520996,26.29469871520996
2023-03-14,23.750574111938477,26.930862426757812
2023-03-15,24.624828338623047,27.295595169067383
2023-03-16,24.369836807250977,26.64246940612793
2023-03-17,23.149526596069336,24.895143508911133
2023-03-20,22.9400691986084,24.90362548828125
2023-03-21,22.830785751342773,24.66612434387207
2023-03-22,22.91274642944336,25.056304931640625
2023-03-23,22.339017868041992,24.742464065551758
2023-03-24,23.103988647460938,25.293804168701172
2023-03-27,23.668617248535156,25.522823333740234
2023-03-28,24.29698371887207,26.583093643188477
2023-03-29,24.205913543701172,26.50675392150879
2023-03-30,24.652149200439453,27.024166107177734
2023-03-31,24.55197525024414,26.846040725708008
2023-04-03,24.47911834716797,26.86300277709961
2023-04-04,25.13481330871582,27.473718643188477
2023-04-05,24.834285736083984,27.558542251586914
2023-04-06,25.207664489746094,28.025062561035156
2023-04-10,25.29873275756836,27.829973220825195
2023-04-11,25.55372428894043,28.126846313476562
2023-04-12,25.981746673583984,28.483097076416016
2023-04-13,26.19120216369629,28.525508880615234
2023-04-14,26.200307846069336,28.695152282714844
2023-04-17,25.899784088134766,28.321935653686523
2023-04-18,25.535511016845703,28.271045684814453
2023-04-19,24.934459686279297,28.075952529907227
2023-04-20,25.581045150756836,28.271045684814453
2023-04-24,25.280519485473633,28.737564086914062
2023-04-25,25.143918991088867,28.746042251586914
2023-04-26,24.88892936706543,28.075952529907227
2023-04-27,24.770536422729492,28.03354263305664
2023-04-28,24.898035049438477,28.109882354736328
2023-05-02,24.65786361694336,28.30208969116211
2023-05-03,24.38080596923828,27.84925651550293
2023-05-04,25.02726936340332,28.139068603515625
2023-05-05,25.332029342651367,28.193408966064453
2023-05-08,25.368967056274414,28.102846145629883
2023-05-09,25.67372703552246,28.30208969116211
2023-05-10,25.895376205444336,28.754924774169922
2023-05-11,26.237071990966797,29.12624740600586
2023-05-12,26.588010787963867,28.945112228393555
2023-05-15,26.745004653930664,29.12624740600586
2023-05-16,26.52336311340332,28.754924774169922
2023-05-17,26.431013107299805,28.066617965698242
2023-05-18,26.634183883666992,28.33831787109375
2023-05-19,27.068235397338867,28.800207138061523
2023-05-22,27.003589630126953,28.65530014038086
2023-05-23,26.920473098754883,28.89077377319336
2023-05-24,26.52336311340332,28.754924774169922
2023-05-25,26.754240036010742,28.727754592895508
2023-05-26,26.68959617614746,28.754924774169922
2023-05-29,26.080074310302734,28.65530014038086
2023-05-30,25.95078468322754,28.139068603515625
2023-05-31,25.996959686279297,27.423595428466797
2023-06-01,25.812257766723633,27.06132698059082
2023-06-02,26.006195068359375,27.17906379699707
2023-06-05,25.978487014770508,26.96170425415039
2023-06-06,26.818889617919922,27.577556610107422
2023-06-07,27.345293045043945,27.876428604125977
2023-06-09,28.084104537963867,28.401714324951172
2023-06-12,28.536624908447266,28.41982650756836
2023-06-13,28.721330642700195,27.95793914794922
2023-06-14,28.767505645751953,28.36548614501953
2023-06-15,28.767505645751953,28.166240692138672
2023-06-16,28.370393753051758,28.981340408325195
2023-06-19,28.24110221862793,28.800207138061523
2023-06-20,28.51815414428711,29.216812133789062
2023-06-21,28.47197723388672,30.004745483398438
2023-06-22,27.705463409423828,28.727754592895508
2023-06-23,29.090736389160156,30.52097511291504
2023-06-26,29.0445613861084,30.6205997467041
2023-06-27,28.924501419067383,30.43040657043457
2023-06-28,28.850624084472656,30.330785751342773
2023-06-29,29.007617950439453,30.638713836669922
2023-06-30,29.691022872924805,31.145883560180664
2023-07-03,29.97730827331543,31.345130920410156
2023-07-04,30.10660171508789,31.209280014038086
2023-07-05,30.337480545043945,31.689287185668945
2023-07-06,30.180482864379883,32.223628997802734
2023-07-07,30.44830322265625,32.33230972290039
2023-07-10,30.18971824645996,32.305137634277344
2023-07-11,30.328245162963867,32.24174118041992
2023-07-12,30.42983055114746,31.970041275024414
2023-07-13,30.799236297607422,32.2779655456543
2023-07-14,30.34671974182129,32.133060455322266
2023-07-17,30.559125900268555,32.096832275390625
2023-07-18,30.5960693359375,32.015323638916016
2023-07-19,30.808475494384766,31.84324836730957
2023-07-20,31.25176429748535,31.743623733520508
2023-07-21,31.501108169555664,32.214569091796875
2023-07-24,31.824338912963867,32.40475845336914
2023-07-25,31.621170043945312,32.422874450683594
2023-07-26,31.565753936767578,32.68552017211914
2023-07-27,30.965473175048828,32.522499084472656
2023-07-28,31.297935485839844,32.51344299316406
2023-07-31,30.974706649780273,32.40475845336914
2023-08-01,30.522184371948242,32.422874450683594
2023-08-02,30.669946670532227,32.495330810546875
2023-08-03,30.23589515686035,32.04249572753906
2023-08-04,30.125070571899414,31.888532638549805
2023-08-07,30.06966209411621,31.589662551879883
2023-08-08,29.903430938720703,31.680227279663086
2023-08-09,29.940370559692383,31.480979919433594
2023-08-10,29.857255935668945,31.453811645507812
2023-08-11,29.921899795532227,31.861360549926758
2023-08-14,29.83878517150879,32.24174118041992
2023-08-15,29.247732162475586,31.96098518371582
2023-08-16,28.970678329467773,32.00626754760742
2023-08-17,28.952207565307617,31.8975887298584
2023-08-18,29.460140228271484,31.872909545898438
2023-08-21,29.22926139831543,31.215259552001953
2023-08-22,29.40472984313965,31.85438346862793
2023-08-23,29.617137908935547,31.94701385498047
2023-08-24,29.64484405517578,32.10447692871094
2023-08-25,29.19232177734375,31.919221878051758
2023-08-28,29.22926139831543,32.13226318359375
2023-08-29,29.700254440307617,32.27120590209961
2023-08-30,29.829547882080078,32.14152908325195
2023-08-31,29.238496780395508,31.632081985473633
2023-09-01,29.460140228271484,32.2434196472168
2023-09-04,29.580198287963867,32.67876434326172
2023-09-05,28.933738708496094,32.43793487548828
2023-09-06,28.3519229888916,31.48387908935547
2023-09-08,28.767505645751953,31.613555908203125
2023-09-11,29.36779022216797,31.771018981933594
2023-09-12,29.8480167388916,32.113739013671875
2023-09-13,30.623767852783203,32.28046798706055
2023-09-14,30.836177825927734,32.65097427368164
2023-09-15,31.362581253051758,32.984432220458984
2023-09-18,30.642240524291992,33.095584869384766
2023-09-19,30.734594345092773,32.845489501953125
2023-09-20,30.974706649780273,33.13263702392578
2023-09-21,30.614538192749023,33.095584869384766
2023-09-22,30.365190505981445,33.05853271484375
2023-09-25,30.245132446289062,33.0122184753418
2023-09-26,29.912662506103516,32.36383056640625
2023-09-27,29.460140228271484,31.798810958862305
2023-09-28,29.681785583496094,31.641342163085938
2023-09-29,29.60790252685547,31.131895065307617
2023-10-02,29.39549446105957,31.28936004638672
2023-10-03,29.13690948486328,30.872541427612305
2023-10-04,29.026090621948242,31.04853057861328
2023-10-05,28.933738708496094,31.0114803314209
2023-10-06,28.749034881591797,30.844751358032227
2023-10-09,29.026090621948242,31.159683227539062
2023-10-10,29.811077117919922,31.595029830932617
2023-10-11,29.49708366394043,31.76175880432129
2023-10-13,28.41657066345215,30.742860794067383
2023-10-16,28.51815414428711,30.752124786376953
2023-10-17,28.278045654296875,30.279726028442383
2023-10-18,27.77010726928711,29.723966598510742
2023-10-19,28.30574607849121,30.566871643066406
2023-10-20,28.628978729248047,30.427928924560547
2023-10-23,29.0445613861084,30.427928924560547
2023-10-24,29.266204833984375,30.381616592407227
2023-10-25,29.201557159423828,30.400142669677734
2023-10-26,30.20819091796875,31.28936004638672
2023-10-27,29.47861099243164,31.00221824645996
2023-10-30,28.86909294128418,30.613183975219727
2023-10-31,29.183086395263672,30.974428176879883
2023-11-01,29.792606353759766,31.446826934814453
2023-11-03,30.39288902282715,31.99332618713379
2023-11-06,30.734594345092773,32.35456848144531
2023-11-07,30.651473999023438,32.521297454833984
2023-11-08,30.799236297607422,32.14152908325195
2023-11-09,30.753061294555664,32.400882720947266
2023-11-10,31.140939712524414,33.03074645996094
2023-11-13,30.85464859008789,32.7899169921875
2023-11-14,31.39029312133789,33.160423278808594
2023-11-16,31.77816390991211,33.96627426147461
2023-11-17,31.63039779663086,33.790287017822266
2023-11-20,31.63039779663086,33.75323486328125
2023-11-21,31.454933166503906,33.679134368896484
2023-11-22,31.907459259033203,33.75323486328125
2023-11-23,32.21221923828125,33.97554016113281
2023-11-24,32.08292770385742,33.72544860839844
2023-11-27,31.98133659362793,34.253421783447266
2023-11-28,31.88898468017578,34.01259231567383
2023-11-29,31.547286987304688,33.58650588989258
2023-11-30,31.454933166503906,34.318260192871094
2023-12-01,31.556520462036133,34.38309860229492
2023-12-04,31.39952278137207,34.586875915527344
2023-12-05,31.824338912963867,34.82770538330078
2023-12-06,31.39952278137207,34.67950439453125
2023-12-07,31.602699279785156,34.27194595336914
2023-12-08,31.63039779663086,34.318260192871094
2023-12-11,31.519582748413086,34.16079330444336
2023-12-12,31.482643127441406,34.34605026245117
2023-12-13,31.861284255981445,34.818443298339844
2023-12-14,32.05521774291992,34.9481201171875
2023-12-15,31.66734504699707,34.99443435668945
2023-12-18,31.861284255981445,35.337158203125
2023-12-19,32.119869232177734,35.82807922363281
2023-12-20,32.61856460571289,35.43904495239258
2023-12-21,32.59085464477539,35.80955123901367
2023-12-22,32.5169792175293,35.8836555480957
2023-12-26,32.5169792175293,35.763240814208984
2023-12-27,32.76632308959961,35.513145446777344
2023-12-28,32.987972259521484,35.67061233520508
2024-01-02,32.323036193847656,35.57798385620117
2024-01-03,32.498504638671875,35.63356399536133
2024-01-04,32.16604232788086,35.4205207824707
2024-01-05,32.119869232177734,35.43904495239258
2024-01-08,32.045982360839844,35.19821548461914
2024-01-09,32.276859283447266,35.66135025024414
2024-01-10,32.720149993896484,35.698402404785156
2024-01-11,32.20298385620117,35.30936813354492
2024-01-12,32.20298385620117,34.73508071899414
2024-01-15,32.91408920288086,34.82770538330078
2024-01-16,32.5446891784668,34.43867492675781
2024-01-17,32.50774383544922,34.466461181640625
2024-01-18,31.953632354736328,33.7161865234375
2024-01-19,31.74122428894043,33.53093338012695
2024-01-22,31.39029312133789,33.37346267700195
2024-01-23,31.501108169555664,33.391990661621094
2024-01-24,31.427228927612305,33.43830108642578
2024-01-25,32.184513092041016,33.679134368896484
2024-01-26,32.61856460571289,34.36457061767578
2024-01-29,32.498504638671875,33.90143585205078
2024-01-30,31.92593002319336,33.18821334838867
2024-01-31,32.720149993896484,33.58650588989258
2024-02-01,33.08955764770508,33.76250076293945
2024-02-02,32.62779998779297,33.002960205078125
2024-02-05,32.50774383544922,33.26231384277344
2024-02-06,33.06185531616211,33.78102493286133
2024-02-07,33.04338073730469,33.78102493286133
2024-02-08,31.621170043945312,33.077056884765625
2024-02-09,31.482643127441406,33.215999603271484
2024-02-14,31.020885467529297,32.9381217956543
2024-02-15,31.602699279785156,33.41978073120117
2024-02-16,31.307172775268555,33.215999603271484
2024-02-19,31.39029312133789,33.215999603271484
2024-02-20,31.648874282836914,33.59577178955078
2024-02-21,31.12247085571289,32.97517013549805
2024-02-22,30.928531646728516,32.97517013549805
2024-02-23,31.030115127563477,33.215999603271484
2024-02-26,31.002412796020508,32.76212692260742
2024-02-27,31.39952278137207,32.66950225830078
2024-02-28,31.584224700927734,32.65097427368164
2024-02-29,31.565753936767578,32.7806510925293
2024-03-01,31.26099395751953,32.7899169921875
2024-03-04,31.131704330444336,32.3267822265625
2024-03-05,31.159408569335938,32.076690673828125
2024-03-06,31.168643951416016,31.863649368286133
2024-03-07,31.11323356628418,31.872909545898438
2024-03-08,31.030115127563477,31.669130325317383
2024-03-11,30.799236297607422,32.0118522644043
2024-03-12,30.799236297607422,31.493139266967773
2024-03-13,30.272836685180664,31.187469482421875
2024-03-14,30.42983055114746,31.150421142578125
2024-03-15,30.891590118408203,30.918853759765625
2024-03-18,30.790006637573242,31.159683227539062
2024-03-19,30.85464859008789,31.261571884155273
2024-03-20,31.270231246948242,31.687654495239258
2024-03-21,31.38105583190918,31.872909545898438
2024-03-22,30.8638858795166,32.113739013671875
2024-03-25,30.69765281677246,32.41014862060547
2024-03-26,30.34671974182129,32.558349609375
2024-03-27,30.328245162963867,32.53055953979492
2024-03-28,30.0604248046875,32.2434196472168
2024-04-01,29.52478790283203,32.06742477416992
2024-04-02,29.783370971679688,32.41014862060547
2024-04-03,29.829547882080078,33.1696891784668
2024-04-04,29.903430938720703,32.88254165649414
2024-04-05,29.450904846191406,32.38235855102539
2024-04-08,29.709489822387695,32.89180374145508
2024-04-09,30.198951721191406,33.7161865234375
2024-04-10,29.552494049072266,33.077056884765625
2024-04-11,29.386259078979492,32.688026428222656
2024-04-12,29.220027923583984,32.53055953979492
2024-04-15,29.081499099731445,32.558349609375
2024-04-16,28.933738708496094,32.31752014160156
2024-04-17,28.758270263671875,32.51203536987305
2024-04-18,28.68438720703125,32.15079116821289
2024-04-19,28.767505645751953,32.35456848144531
2024-04-22,28.850624084472656,32.400882720947266
2024-04-23,28.998384475708008,32.3267822265625
2024-04-24,28.86909294128418,32.3267822265625
2024-04-25,27.508338928222656,32.03037643432617
2024-04-26,27.846956253051758,32.36383056640625
2024-04-29,27.624181747436523,29.983320236206055
2024-04-30,27.25882911682129,29.547975540161133
2024-05-02,28.319215774536133,29.927745819091797
2024-05-03,29.641401290893555,30.640974044799805
2024-05-06,29.266311645507812,30.37235450744629
2024-05-07,29.54762840270996,30.474245071411133
2024-05-08,29.472612380981445,30.77065086364746
2024-05-09,29.003751754760742,30.261199951171875
2024-05-10,28.694299697875977,30.048158645629883
2024-05-13,28.647415161132812,30.60392189025879
2024-05-14,29.181915283203125,31.52092742919922
2024-05-15,29.58513832092285,31.53019142150879
2024-05-16,29.341331481933594,31.585765838623047
2024-05-17,28.82558250427246,31.687654495239258
2024-05-20,28.666168212890625,31.585765838623047
2024-05-21,28.68492317199707,32.3267822265625
2024-05-22,28.084781646728516,32.17858123779297
2024-05-23,27.803464889526367,32.19710159301758
2024-05-24,28.27232551574707,32.42866897583008
2024-05-27,28.534889221191406,32.27120590209961
2024-05-28,28.06602668762207,32.04890060424805
2024-05-29,27.578411102294922,31.493139266967773
2024-05-31,27.40962028503418,31.585765838623047
2024-06-03,27.79408836364746,31.863649368286133
2024-06-04,27.925369262695312,32.09521484375
2024-06-05,28.187931060791016,31.706180572509766
2024-06-06,28.047273635864258,31.724706649780273
2024-06-07,27.64405059814453,30.88180160522461
2024-06-10,27.362735748291016,30.427928924560547
2024-06-11,27.428373336791992,30.58539581298828
2024-06-12,27.222078323364258,30.25193977355957
2024-06-13,27.24083137512207,30.140789031982422
2024-06-14,27.925369262695312,30.3167781829834
2024-06-17,27.428373336791992,29.964794158935547
2024-06-18,27.40024185180664,29.918481826782227
2024-06-19,27.14706039428711,30.048158645629883
2024-06-20,27.006399154663086,30.11299705505371
2024-06-21,27.44713020324707,30.224151611328125
2024-06-24,27.897235870361328,30.279726028442383
2024-06-25,27.390867233276367,30.224151611328125
2024-06-26,27.287717819213867,30.122262954711914
2024-06-27,29.003751754760742,30.687286376953125
2024-06-28,28.778696060180664,30.3167781829834
2024-07-01,30.035242080688477,30.381616592407227
2024-07-02,29.538249969482422,30.233413696289062
2024-07-03,30.025867462158203,30.650236129760742
2024-07-04,30.47597312927246,30.88180160522461
2024-07-05,30.550992965698242,30.640974044799805
2024-07-08,30.710405349731445,30.99295425415039
2024-07-09,31.376184463500977,30.909589767456055
2024-07-10,31.535600662231445,30.99295425415039
2024-07-11,31.816919326782227,31.22452163696289
2024-07-12,32.0325927734375,31.29862403869629
2024-07-15,31.638748168945312,30.742860794067383
2024-07-16,31.582487106323242,30.99295425415039
2024-07-17,31.291790008544922,31.215259552001953
2024-07-18,30.75728988647461,30.863277435302734
2024-07-19,30.466598510742188,30.455718994140625
2024-07-22,31.085493087768555,30.798439025878906
2024-07-23,30.701026916503906,30.381616592407227
2024-07-24,30.157148361206055,30.5483455657959
2024-07-25,30.288427352905273,29.927745819091797
2024-07-26,30.635385513305664,30.381616592407227
2024-07-29,30.354068756103516,30.455718994140625
2024-07-30,30.316560745239258,30.279726028442383
2024-07-31,30.60725212097168,30.0852108001709
2024-08-01,30.85106658935547,30.427928924560547
2024-08-02,31.001100540161133,30.733598709106445
2024-08-05,30.588499069213867,29.89995574951172
2024-08-06,30.522859573364258,30.418668746948242
2024-08-07,31.104246139526367,30.474245071411133
2024-08-08,31.357431411743164,30.48350715637207
2024-08-09,32.50144958496094,30.48350715637207
2024-08-12,29.354944229125977,30.613183975219727
2024-08-13,29.78037452697754,30.983692169189453
2024-08-14,33.04874038696289,31.28009796142578
2024-08-15,32.396339416503906,30.872541427612305
2024-08-16,32.489540100097656,30.955902099609375
2024-08-19,33.10466384887695,30.752124786376953
2024-08-20,33.607940673828125,30.798439025878906
2024-08-21,33.4204216003418,31.122631072998047
2024-08-22,32.72650909423828,31.178207397460938
2024-08-23,33.1109733581543,31.28009796142578
2024-08-26,32.56709289550781,31.335676193237305
2024-08-27,32.7077522277832,30.48350715637207
2024-08-28,32.55772018432617,30.60392189025879
2024-08-29,32.1357421875,30.437192916870117
2024-08-30,32.070098876953125,31.57650375366211
2024-09-02,31.985708236694336,30.77065086364746
2024-09-03,32.08885955810547,31.06705665588379
2024-09-04,33.45793151855469,31.835857391357422
2024-09-05,32.8577880859375,32.17858123779297
2024-09-06,32.63273620605469,32.09521484375
2024-09-09,32.48270034790039,31.92848777770996
2024-09-10,32.35142135620117,31.724706649780273
2024-09-11,32.16386795043945,31.5579776763916
2024-09-12,31.695011138916016,31.317150115966797
2024-09-13,31.882558822631836,31.493139266967773
2024-09-16,31.93882179260254,31.73396873474121
2024-09-17,31.648128509521484,31.51166534423828
2024-09-18,31.610614776611328,31.261571884155273
2024-09-19,31.291790008544922,31.00221824645996
2024-09-20,30.61663246154785,30.918853759765625
2024-09-23,30.47597312927246,30.88180160522461
2024-09-24,30.550992965698242,30.78917694091797
2024-09-25,30.41033363342285,30.76138687133789
2024-09-26,30.522859573364258,30.955902099609375
2024-09-27,30.419710159301758,31.27083396911621
2024-09-30,30.47597312927246,31.428300857543945
2024-10-01,30.513484954833984,31.363462448120117
2024-10-02,30.49472999572754,31.446826934814453
2024-10-03,30.30718421936035,31.317150115966797
2024-10-04,30.47597312927246,31.50240135192871
2024-10-07,30.20403289794922,31.493139266967773
2024-10-08,30.75728988647461,31.53019142150879
2024-10-09,30.429088592529297,30.455718994140625
2024-10-10,30.053998947143555,30.242677688598633
2024-10-11,29.85707664489746,30.122262954711914
2024-10-14,30.654138565063477,30.261199951171875
2024-10-15,30.644763946533203,30.353830337524414
2024-10-16,30.776042938232422,30.446455001831055
2024-10-17,30.654138565063477,30.29825210571289
2024-10-18,30.457216262817383,30.196361541748047
2024-10-21,30.56036949157715,30.288991928100586
2024-10-22,30.30718421936035,30.3167781829834
2024-10-23,29.969602584838867,30.390880584716797
2024-10-24,30.232166290283203,30.60392189025879
2024-10-25,29.810192108154297,30.29825210571289
2024-10-28,29.707040786743164,30.502033233642578
2024-10-29,30.044620513916016,30.150049209594727
2024-10-30,30.297809600830078,30.32604217529297
2024-10-31,30.11963653564453,30.353830337524414
2024-11-01,29.453855514526367,30.029632568359375
2024-11-04,30.147769927978516,30.474245071411133
2024-11-05,30.147769927978516,30.446455001831055
2024-11-06,29.875829696655273,30.159313201904297
2024-11-07,29.716419219970703,29.964794158935547
2024-11-08,29.463233947753906,29.983320236206055
2024-11-11,29.40696907043457,29.927745819091797
2024-11-12,29.463233947753906,30.11299705505371
2024-11-13,29.44447898864746,30.038898468017578
2024-11-14,30.635385513305664,29.97406005859375
2024-11-18,30.11963653564453,29.88142967224121
2024-11-19,31.057357788085938,30.103736877441406
2024-11-21,30.47597312927246,30.07594871520996
2024-11-22,30.701026916503906,30.5483455657959
2024-11-25,30.85106658935547,30.705812454223633
2024-11-26,31.151134490966797,31.215259552001953
2024-11-27,30.279052734375,30.474245071411133
2024-11-28,29.088146209716797,30.81696319580078
2024-11-29,28.70368003845215,30.214887619018555
2024-12-02,28.24419403076172,29.844383239746094
2024-12-03,28.009763717651367,29.983320236206055
2024-12-04,27.962879180908203,29.723966598510742
2024-12-05,28.48800277709961,29.89995574951172
2024-12-06,27.897235870361328,29.66838836669922
2024-12-09,27.737825393676758,29.585025787353516
2024-12-10,28.187931060791016,29.872169494628906
2024-12-11,28.956863403320312,30.242677688598633
2024-12-12,27.822219848632812,29.761018753051758
2024-12-13,27.597164154052734,29.640602111816406
2024-12-16,27.287717819213867,29.27935791015625
2024-12-17,28.094160079956055,29.798065185546875
2024-12-18,26.72508430480957,29.353458404541016
2024-12-19,27.072040557861328,29.640602111816406
2024-12-20,27.306472778320312,30.11299705505371
2024-12-23,26.190582275390625,28.992212295532227
2024-12-26,26.087434768676758,29.16820526123047
2024-12-27,25.918642044067383,29.223779678344727
2024-12-30,25.693588256835938,29.260831832885742
2025-01-02,25.055938720703125,29.10336685180664
2025-01-03,24.605833053588867,28.714332580566406
2025-01-06,25.468534469604492,29.251569747924805
2025-01-07,25.943050384521484,29.473873138427734
2025-01-08,25.324243545532227,29.353458404541016
2025-01-09,25.5305118560791,29.594289779663086
2025-01-10,25.464879989624023,29.307144165039062
2025-01-13,25.446128845214844,29.659128189086914
2025-01-14,25.56186866760254,29.983320236206055
2025-01-15,26.126358032226562,30.29825210571289
2025-01-16,25.92878532409668,30.233413696289062
2025-01-17,26.211030960083008,30.78917694091797
2025-01-20,26.43682289123535,30.854015350341797
2025-01-21,26.606172561645508,30.622447967529297
2025-01-22,27.001312255859375,30.631710052490234
2025-01-23,26.68143653869629,30.705812454223633
2025-01-24,26.690845489501953,30.52981948852539
2025-01-27,27.528165817260742,31.3264102935791
2025-01-28,27.61284065246582,31.45608901977539
2025-01-29,27.396451950073242,31.215259552001953
2025-01-30,28.713590621948242,31.882171630859375
2025-01-31,28.365489959716797,31.845123291015625
2025-02-03,28.356081008911133,32.076690673828125
2025-02-04,28.553653717041016,32.15079116821289
2025-02-05,28.600692749023438,31.771018981933594
2025-02-06,28.882936477661133,31.57650375366211
2025-02-07,28.506610870361328,31.53019142150879
2025-02-10,28.299631118774414,31.381988525390625
2025-02-11,28.96761131286621,31.604291915893555
2025-02-12,28.51601791381836,30.82622528076172
2025-02-13,28.770038604736328,31.307886123657227
2025-02-14,29.569730758666992,31.863649368286133
2025-02-17,29.917829513549805,31.798810958862305
2025-02-18,29.46623992919922,31.771018981933594
2025-02-19,29.325117111206055,32.31752014160156
2025-02-20,29.259260177612305,32.60466384887695
2025-02-21,29.34393310546875,32.44719696044922
2025-02-24,28.54424476623535,32.521297454833984
2025-02-25,29.165180206298828,32.808441162109375
2025-02-26,28.619508743286133,33.03074645996094
2025-02-27,28.534835815429688,32.44719696044922
2025-02-28,28.28081512451172,32.49351119995117
2025-03-05,27.932716369628906,32.7899169921875
2025-03-06,28.431344985961914,34.43867492675781
2025-03-07,28.977014541625977,34.92033386230469
2025-03-10,29.353342056274414,35.19821548461914
2025-03-11,29.30630111694336,36.263423919677734
2025-03-12,29.842565536499023,35.448307037353516
2025-03-13,29.92723846435547,34.96664810180664
2025-03-14,30.312973022460938,34.67950439453125
2025-03-17,30.83041763305664,34.73508071899414
2025-03-18,30.689294815063477,35.1889533996582
2025-03-19,31.32904815673828,35.24452590942383
2025-03-20,31.140884399414062,34.96664810180664
2025-03-21,31.046804428100586,35.31863021850586
2025-03-24,30.585805892944336,35.5687255859375
2025-03-25,30.90567970275879,35.698402404785156
2025-03-26,30.868051528930664,35.58724594116211
2025-03-27,30.7269287109375,35.012962341308594
2025-03-28,30.36001205444336,35.03148651123047
2025-03-31,30.10599136352539,34.92033386230469
2025-04-01,30.322378158569336,35.66135025024414
2025-04-02,30.55758285522461,35.4205207824707
2025-04-03,31.376089096069336,35.300106048583984
2025-04-04,31.357275009155273,35.1055908203125
2025-04-07,30.849233627319336,34.67024230957031
2025-04-08,31.009172439575195,35.84660339355469
2025-04-09,31.404314041137695,35.84660339355469
2025-04-10,31.234968185424805,35.337158203125
2025-04-11,31.611289978027344,34.929595947265625
2025-04-14,32.3074951171875,35.42978286743164
2025-04-15,32.32630920410156,35.513145446777344
2025-04-16,31.573659896850586,35.42978286743164
2025-04-17,32.12873840332031,35.42978286743164
2025-04-22,32.006431579589844,35.19821548461914
2025-04-23,32.62736892700195,35.337158203125
2025-04-24,33.35179138183594,36.07817077636719
2025-04-25,33.822200775146484,36.161537170410156
2025-04-28,34.029178619384766,36.58761978149414
2025-04-29,33.90687561035156,36.207847595214844
2025-04-30,34.63130187988281,35.37420654296875
2025-05-02,34.430057525634766,35.24452590942383
2025-05-05,34.33415222167969,35.19821548461914
2025-05-06,34.343746185302734,35.1796875
2025-05-07,34.36293029785156,35.25379180908203
2025-05-08,35.30280303955078,35.75397491455078
2025-05-09,35.18770980834961,35.29084014892578
2025-05-12,34.84245681762695,34.818443298339844
2025-05-13,35.80150604248047,35.540931701660156
2025-05-14,35.65764617919922,35.24452590942383
2025-05-15,35.47542953491211,36.86549758911133
2025-05-16,34.98631286621094,36.82844543457031
2025-05-19,35.43706512451172,37.050750732421875
2025-05-20,35.78232955932617,37.86587142944336
2025-05-21,34.81367874145508,37.11559295654297
2025-05-22,34.66023254394531,37.134117126464844
2025-05-23,34.80409240722656,37.597251892089844
2025-05-26,34.976722717285156,37.7269287109375
2025-05-27,35.590518951416016,38.1900634765625
2025-05-28,35.30280303955078,37.93070983886719
2025-05-29,35.5329704284668,38.17153549194336
2025-05-30,35.0918083190918,37.5046272277832
2025-06-02,35.01508331298828,37.819557189941406
2025-06-03,35.46583557128906,38.09743881225586
2025-06-04,35.26443862915039,37.84734344482422
2025-06-05,35.17811965942383,37.52314758300781
2025-06-06,34.76572799682617,37.532413482666016
2025-06-09,34.36293029785156,37.3471565246582
2025-06-10,34.9191780090332,37.31937026977539
2025-06-11,34.90958786010742,37.29158020019531
2025-06-12,35.034263610839844,37.40273666381836
2025-06-13,34.90958786010742,37.513885498046875
2025-06-16,35.408294677734375,37.745452880859375
2025-06-17,35.1397590637207,37.977020263671875
2025-06-18,35.06303787231445,37.46757507324219
2025-06-20,34.458831787109375,37.31010818481445
2025-06-23,34.14234161376953,37.32863235473633
2025-06-24,34.525962829589844,37.476837158203125
2025-06-25,33.74913024902344,36.97665023803711
2025-06-26,34.02725601196289,37.421260833740234
2025-06-27,33.835445404052734,37.356422424316406
2025-06-30,34.48760223388672,37.84734344482422
2025-07-01,34.6506462097168,37.68061447143555
2025-07-02,33.940940856933594,37.31010818481445
2025-07-03,34.58351135253906,38.10669708251953
2025-07-04,34.59309768676758,37.95849609375
2025-07-07,33.87380599975586,37.532413482666016
2025-07-08,33.78749465942383,36.930335998535156
2025-07-09,33.279197692871094,35.7910270690918
2025-07-10,33.02983856201172,35.38346862792969
2025-07-11,32.94352340698242,35.25379180908203
2025-07-14,32.75171661376953,34.85549545288086
2025-07-15,33.05860900878906,34.99443435668945
2025-07-16,32.95311737060547,35.52240753173828
2025-07-17,33.116153717041016,35.235267639160156
2025-07-18,32.81884765625,35.36494445800781
2025-07-21,32.93393325805664,35.48535919189453
2025-07-22,32.54072189331055,34.47572708129883
2025-07-23,33.18328857421875,35.66135025024414
2025-07-24,32.75171661376953,35.337158203125
2025-07-25,32.49277114868164,35.38346862792969
2025-07-28,32.12833023071289,34.67024230957031
2025-07-29,32.38727569580078,34.82770538330078
2025-07-30,33.116153717041016,35.38346862792969
2025-07-31,32.67498779296875,35.11484909057617
2025-08-01,32.924346923828125,35.13337707519531
2025-08-04,32.84762191772461,35.4112548828125
2025-08-05,32.81884765625,34.67024230957031
2025-08-06,32.895572662353516,35.17042922973633
2025-08-07,33.701175689697266,36.41162872314453
2025-08-08,34.14234161376953,36.995174407958984
2025-08-11,33.614864349365234,36.457942962646484
2025-08-12,34.85204315185547,36.63393020629883
2025-08-13,34.21907043457031,36.28194808959961
2025-08-14,34.04643630981445,36.87476348876953
2025-08-15,34.430057525634766,36.569091796875
2025-08-18,34.468421936035156,36.42089080810547
2025-08-19,33.595680236816406,36.004066467285156
2025-08-20,33.845035552978516,36.10595703125
2025-08-21,33.28878402709961,35.994808197021484
2025-08-22,34.286197662353516,36.75434875488281
2025-08-25,34.1902961730957,36.38383865356445
2025-08-26,34.17111587524414,36.61540603637695
2025-08-27,34.76572799682617,36.41162872314453
2025-08-28,35.1397590637207,36.4857292175293
2025-08-29,35.07262420654297,36.467201232910156
2025-09-01,34.81367874145508,35.92070388793945
2025-09-02,34.420467376708984,35.58724594116211
2025-09-03,34.123165130615234,35.1055908203125
2025-09-04,34.37251663208008,35.068538665771484
2025-09-05,35.0918083190918,35.66135025024414
2025-09-08,34.92876434326172,35.1055908203125
2025-09-09,34.72736740112305,35.03148651123047
2025-09-10,34.95753860473633,35.03148651123047
2025-09-11,34.93836212158203,35.531673431396484
2025-09-12,34.689002990722656,35.40199661254883
2025-09-15,35.06303787231445,35.47609329223633
2025-09-16,34.76572799682617,35.66135025024414
2025-09-17,35.15894317626953,36.0225944519043
2025-09-18,35.11098861694336,35.89291763305664
2025-09-19,35.667240142822266,35.837337493896484
2025-09-22,35.082218170166016,36.004066467285156
2025-09-23,35.71519470214844,36.68950653076172
2025-09-24,35.408294677734375,36.86549758911133
2025-09-25,35.13016891479492,36.36531066894531
2025-09-26,35.22607421875,36.031856536865234
2025-09-29,35.49460983276367,36.2541618347168
2025-09-30,35.43706512451172,36.494991302490234
2025-10-01,35.21648406982422,35.95775604248047
2025-10-02,34.76572799682617,35.45756912231445
2025-10-03,34.76572799682617,35.642822265625
2025-10-06,34.63146209716797,35.698402404785156
2025-10-07,33.77790069580078,35.1055908203125
2025-10-08,33.845035552978516,35.08706283569336
2025-10-09,33.883399963378906,35.08706283569336
2025-10-10,33.806671142578125,35.0963249206543
2025-10-13,33.940940856933594,35.531673431396484
2025-10-14,33.816261291503906,35.94849395751953
2025-10-15,34.22865676879883,36.087432861328125
2025-10-16,34.41088104248047,36.235633850097656
2025-10-17,34.84245681762695,36.569091796875
2025-10-20,35.005489349365234,37.134117126464844
2025-10-21,34.77531814575195,37.17116928100586
2025-10-22,35.07262420654297,37.652828216552734
2025-10-23,35.17811965942383,37.69914245605469
2025-10-24,35.5809211730957,37.79176712036133
2025-10-27,35.7535514831543,38.33826446533203
2025-10-28,34.612281799316406,38.440155029296875
2025-10-29,35.197303771972656,38.514259338378906
2025-10-30,35.30280303955078,38.60688400268555
2025-10-31,35.149349212646484,38.532779693603516
2025-11-03,36.06045150756836,39.55167770385742
2025-11-04,36.21390151977539,39.903663635253906
2025-11-05,36.971553802490234,39.68135452270508
2025-11-06,37.46982192993164,39.4312629699707
2025-11-07,37.6591682434082,39.68135452270508
2025-11-10,37.958126068115234,40.385318756103516
2025-11-11,38.984561920166016,41.35790252685547
2025-11-12,39.36324691772461,42.15449142456055
2025-11-13,39.144004821777344,41.682098388671875
2025-11-14,39.32338333129883,42.700992584228516
2025-11-17,39.12407302856445,43.15486526489258
2025-11-18,39.04435348510742,43.84956741333008
2025-11-19,38.77528762817383,44.247859954833984
2025-11-21,38.70553207397461,44.17375946044922
2025-11-24,38.615840911865234,44.56279373168945
2025-11-25,39.01445770263672,44.646156311035156
2025-11-26,39.56255340576172,45.424224853515625
2025-11-27,39.52268981933594,45.62800216674805
2025-11-28,39.622344970703125,45.174129486083984
2025-12-01,39.163936614990234,45.01666259765625
2025-12-02,40.060821533203125,46.06334686279297
2025-12-03,40.02096176147461,45.93367004394531
2025-12-04,41.10718536376953,46.54500961303711
2025-12-05,39.104148864746094,44.97035217285156
2025-12-08,38.79521942138672,45.109291076660156
2025-12-09,38.416534423828125,45.37791061401367
2025-12-10,38.36670684814453,45.2019157409668
2025-12-11,38.745391845703125,45.24822998046875
2025-12-12,39.69210433959961,46.43385696411133
2025-12-15,40.30995559692383,47.79547119140625
2025-12-16,38.84504699707031,47.21192169189453
2025-12-17,37.958126068115234,46.74878692626953
2025-12-18,38.416534423828125,46.87846374511719
2025-12-19,38.57598114013672,47.34159851074219
2025-12-22,37.46982192993164,46.48942947387695
2025-12-23,38.29695129394531,47.69358444213867
2025-12-26,38.36670684814453,49.30529022216797
2025-12-29,38.36670684814453,49.19413757324219
2025-12-30,38.5,49.36086654663086
2026-01-02,38.29999923706055,49.79621124267578
2026-01-05,38.599998474121094,49.6943244934082
2026-01-06,38.9900016784668,49.3701286315918
2026-01-07,38.25,48.51796340942383
2026-01-08,38.79999923706055,50.046302795410156
2026-01-09,38.88999938964844,49.59243392944336
2026-01-12,38.29999923706055,50.018516540527344
2026-01-13,37.33000183105469,48.388282775878906
2026-01-14,37.59000015258789,48.12892532348633
2026-01-15,37.75,48.03630065917969
2026-01-16,37.439998626708984,47.44348907470703
2026-01-19,37.470001220703125,47.2860221862793
2026-01-20,37.959999084472656,48.008514404296875
2026-01-21,39.09000015258789,49.120033264160156
2026-01-22,40.25,50.935523986816406
2026-01-23,40.90999984741211,51.092987060546875
2026-01-26,40.720001220703125,50.81510925292969
2026-01-27,41.5,50.574275970458984
2026-01-28,41.400001525878906,49.1385612487793
2026-01-29,40.81999969482422,47.888099670410156
2026-01-30,40.91999816894531,47.66579055786133
2026-02-02,40.95000076293945,47.34159851074219
2026-02-03,41.209999084472656,47.3786506652832
2026-02-04,40.2599983215332,46.6005859375
2026-02-05,40.43000030517578,46.51721954345703
2026-02-06,40.88999938964844,45.67431640625
2026-02-09,41.40999984741211,46.498695373535156
2026-02-10,41.380001068115234,46.331966400146484
2026-02-11,42.04999923706055,46.40606689453125
2026-02-12,41.369998931884766,46.78583526611328
2026-02-13,41.0,46.99888229370117
2026-02-18,40.849998474121094,45.91514587402344
2026-02-19,41.27000045776367,46.331966400146484
2026-02-20,41.709999084472656,46.09113311767578
2026-02-23,41.5099983215332,46.39680480957031
2026-02-24,42.36000061035156,47.38791275024414
2026-02-25,42.2400016784668,47.119293212890625
2026-02-26,42.900001525878906,47.8417854309082
2026-02-27,42.11000061035156,46.63763427734375
2026-03-02,41.70000076293945,45.8225212097168
2026-03-03,40.4900016784668,44.08113479614258
2026-03-04,41.790000915527344,44.729522705078125
2026-03-05,40.5,43.48832321166992
2026-03-06,40.470001220703125,43.90514373779297
2026-03-09,40.900001525878906,45.54463577270508
2026-03-10,41.65999984741211,45.572425842285156
2026-03-11,41.400001525878906,45.15560531616211
2026-03-12,40.150001525878906,44.68320846557617
2026-03-13,40.0,44.59984588623047
2026-03-16,40.540000915527344,45.174129486083984
2026-03-17,40.560001373291016,45.118553161621094
2026-03-18,40.130001068115234,44.442378997802734
2026-03-19,41.29999923706055,44.10892105102539
2026-03-20,39.97999954223633,42.293434143066406
2026-03-23,41.36000061035156,43.67357635498047
2026-03-24,41.16999816894531,43.423484802246094
2026-03-25,42.209999084472656,43.64578628540039
2026-03-26,40.0,43.219703674316406
2026-03-27,39.08000183105469,43.39569091796875
2026-03-30,39.599998474121094,44.145973205566406
2026-03-31,40.77000045776367,45.16486740112305
2026-04-01,40.61000061035156,44.93330001831055
2026-04-02,40.5,45.61874008178711
2026-04-06,40.459999084472656,44.78509521484375
2026-04-07,41.09000015258789,45.24822998046875
2026-04-08,43.150001525878906,47.3786506652832
2026-04-09,43.79999923706055,48.96257019042969
2026-04-10,44.77000045776367,49.842525482177734
2026-04-13,44.650001525878906,50.59280014038086
2026-04-14,45.040000915527344,51.898841857910156
2026-04-15,45.349998474121094,52.3156623840332
2026-04-16,45.2599983215332,52.111881256103516
2026-04-17,45.189998626708984,50.954044342041016
2026-04-20,45.060001373291016,51.33381652832031
2026-04-22,43.75,49.65727233886719
2026-04-23,43.91999816894531,50.148193359375
2026-04-24,44.11000061035156,49.38865280151367
2026-04-27,43.38999938964844,48.9069938659668
2026-04-28,42.63999938964844,47.7491569519043
2026-04-29,41.70000076293945,46.87846374511719
2026-04-30,42.31999969482422,48.93000030517578
2026-05-04,42.04999923706055,48.099998474121094
2026-05-05,42.93000030517578,49.40999984741211
2026-05-06,43.68000030517578,49.7400016784668
2026-05-07,42.20000076293945,48.22999954223633
2026-05-08,42.310001373291016,48.939998626708984
2026-05-11,41.52000045776367,47.45000076293945
2026-05-12,40.900001525878906,46.59000015258789
2026-05-13,39.25,45.470001220703125
2026-05-14,38.79999923706055,45.209999084472656
2026-05-15,38.59000015258789,44.52000045776367
2026-05-18,38.61000061035156,44.720001220703125
2026-05-19,37.81999969482422,43.720001220703125
2026-05-20,38.54999923706055,44.369998931884766
2026-05-21,38.13999938964844,43.70000076293945
2026-05-22,37.66999816894531,43.310001373291016
2026-05-25,38.5,43.29999923706055
2026-05-26,38.599998474121094,43.59000015258789
2026-05-27,37.9900016784668,44.18000030517578
2026-05-28,38.20000076293945,43.029998779296875
2026-05-29,38.54999923706055,43.38999938964844
2026-06-01,38.43000030517578,42.849998474121094
2026-06-02,39.06999969482422,43.5
2026-06-03,39.810001373291016,43.29999923706055
2026-06-05,38.90999984741211,42.689998626708984
2026-06-08,38.599998474121094,42.689998626708984
2026-06-09,38.7599983215332,43.599998474121094
2026-06-10,38.40999984741211,43.279998779296875
2026-06-11,38.88999938964844,44.369998931884766
2026-06-12,38.77000045776367,44.41999816894531
2026-06-15,38.41999816894531,44.06999969482422
2026-06-16,37.599998474121094,43.77000045776367
2026-06-17,37.09000015258789,43.43000030517578
2026-06-18,36.86000061035156,44.0099983215332
2026-06-19,37.04999923706055,43.880001068115234
2026-06-22,37.650001525878906,44.369998931884766
2026-06-23,38.20000076293945,44.119998931884766
2026-06-24,38.0,44.369998931884766
2026-06-25,39.04999923706055,45.119998931884766
2026-06-26,39.75,45.5
2026-06-29,39.7400016784668,45.150001525878906
2026-06-30,38.939998626708984,44.779998779296875
2026-07-01,38.7400016784668,44.2599983215332
2026-07-02,39.29999923706055,45.099998474121094
2026-07-03,39.439998626708984,45.689998626708984
2026-07-06,39.060001373291016,44.880001068115234
2026-07-07,39.13999938964844,45.439998626708984
2026-07-08,38.650001525878906,45.459999084472656
2026-07-09,39.5099983215332,46.290000915527344
2026-07-10,40.90999984741211,47.869998931884766
2026-07-13,40.209999084472656,46.84000015258789
2026-07-14,40.95000076293945,47.20000076293945
2026-07-15,40.33000183105469,46.83000183105469
2026-07-16,39.849998474121094,47.189998626708984
2026-07-17,39.5,46.869998931884766
2026-07-20,39.290000915527344,46.31999969482422
2026-07-21,38.83000183105469,46.400001525878906
2026-07-22,39.349998474121094,46.709999084472656
2026-07-23,39.02000045776367,46.220001220703125
2026-07-24,38.34000015258789,45.09000015258789
2026-07-27,38.79999923706055,44.75
2026-07-28,38.83000183105469,45.959999084472656
2026-07-29,37.81999969482422,44.790000915527344
2026-07-30,38.65999984741211,46.09000015258789
2026-07-31,38.65999984741211,46.13999938964844
2026-08-03,38.88999938964844,46.11000061035156
2026-08-04,39.209999084472656,46.349998474121094
2026-08-05,39.18000030517578,46.09000015258789
2026-08-06,38.43000030517578,45.849998474121094
2026-08-07,37.279998779296875,44.79999923706055
2026-08-10,36.77000045776367,44.400001525878906
2026-08-11,35.810001373291016,43.650001525878906
2026-08-12,35.5,43.11000061035156
2026-08-13,34.81999969482422,43.22999954223633
2026-08-14,34.900001525878906,41.290000915527344
2026-08-17,34.22999954223633,40.9900016784668
2026-08-18,34.5,41.18000030517578
2026-08-19,34.83000183105469,42.290000915527344
2026-08-20,34.970001220703125,42.25
2026-08-21,35.77000045776367,42.31999969482422
2026-08-24,36.33000183105469,42.849998474121094
2026-08-25,37.150001525878906,44.2400016784668
2026-08-26,36.83000183105469,44.54999923706055
2026-08-27,36.709999084472656,44.060001373291016
2026-08-28,36.75,44.79999923706055
2026-08-31,36.66999816894531,44.540000915527344
2026-09-01,37.09000015258789,45.0099983215332
2026-09-02,38.380001068115234,46.08000183105469
2026-09-03,38.91999816894531,46.72999954223633
2026-09-04,39.15999984741211,46.83000183105469
2026-09-08,39.25,47.31999969482422
2026-09-09,38.810001373291016,46.0
2026-09-10,40.099998474121094,46.439998626708984
2026-09-11,39.650001525878906,45.540000915527344
2026-09-14,39.47999954223633,44.72999954223633
2026-09-15,39.540000915527344,44.720001220703125
2026-09-16,39.560001373291016,45.13999938964844
2026-09-17,39.16999816894531,45.16999816894531
2026-09-18,39.56999969482422,45.45000076293945
