Date,GGBR4.SA,CSNA3.SA
2011-09-21,6.533446311950684,7.413041591644287
2011-09-22,6.27696418762207,6.906874656677246
2011-09-23,6.227468967437744,6.874664783477783
2011-09-26,6.4569501876831055,6.975896835327148
2011-09-27,6.411954402923584,6.902273178100586
2011-09-28,6.245467185974121,6.879264831542969
2011-09-29,6.150975227355957,6.9114766120910645
2011-09-30,6.0069899559021,6.791835784912109
2011-10-03,5.7865071296691895,6.400708198547363
2011-10-04,5.759509086608887,6.2764668464660645
2011-10-05,5.728010654449463,6.285670280456543
2011-10-06,5.912497043609619,6.423715114593506
2011-10-07,5.782008171081543,6.31328010559082
2011-10-10,6.065483570098877,6.672196865081787
2011-10-11,6.231968402862549,6.690603256225586
2011-10-13,6.281464576721191,6.709009170532227
2011-10-14,6.344460964202881,6.80564022064209
2011-10-17,6.060983657836914,6.451325416564941
2011-10-18,6.060983657836914,6.451325416564941
2011-10-19,6.132977485656738,6.44672155380249
2011-10-20,5.961990833282471,6.29487419128418
2011-10-21,6.186973571777344,6.465128421783447
2011-10-24,6.186973571777344,6.874664783477783
2011-10-25,6.186973571777344,6.874664783477783
2011-10-26,6.186973571777344,6.874664783477783
2011-10-27,6.186973571777344,6.874664783477783
2011-10-28,7.064398765563965,7.5464863777160645
2011-10-31,7.064398765563965,7.5464863777160645
2011-11-01,6.803421974182129,7.201371669769287
2011-11-03,6.929410934448242,7.321012020111084
2011-11-04,7.032900333404541,7.5464863777160645
2011-11-07,7.064398765563965,7.6615214347839355
2011-11-08,7.019400596618652,7.601701736450195
2011-11-09,6.839417934417725,7.293402671813965
2011-11-10,6.839417934417725,7.293402671813965
2011-11-11,6.978906631469727,7.583296298980713
2011-11-14,6.816920280456543,7.45445442199707
2011-11-16,6.8124213218688965,7.500469207763672
2011-11-17,6.5019450187683105,7.357822895050049
2011-11-18,6.407453536987305,7.169161796569824
2011-11-21,6.407453536987305,6.939086437225342
2011-11-22,6.253170490264893,6.8378520011901855
2011-11-23,6.1351823806762695,6.667595386505127
2011-11-24,6.067115306854248,6.529550075531006
2011-11-25,6.008121967315674,6.5663628578186035
2011-11-28,6.126108169555664,6.7964372634887695
2011-11-29,5.876522541046143,6.520347595214844
2011-11-30,6.126108169555664,6.787234783172607
2011-12-01,6.284931182861328,6.856258392333984
2011-12-02,6.280394077301025,6.819446086883545
2011-12-05,6.475521087646484,7.086333751678467
2011-12-06,6.607120990753174,7.28879976272583
2011-12-07,6.543588638305664,7.0541229248046875
2011-12-08,6.371150016784668,6.768829345703125
2011-12-09,6.36661434173584,6.920679092407227
2011-12-12,6.36661434173584,6.920679092407227
2011-12-13,6.357536792755127,6.7412190437316895
2011-12-14,6.280394077301025,6.575565338134766
2011-12-15,6.257705211639404,6.483534812927246
2011-12-16,6.284931182861328,6.391504287719727
2011-12-19,6.080729007720947,6.299473762512207
2011-12-20,6.3303093910217285,6.626182556152344
2011-12-21,6.334847927093506,6.7412190437316895
2011-12-22,6.534513473510742,6.860858917236328
2011-12-23,6.634347915649414,6.897672176361084
2011-12-26,6.598043918609619,6.952888488769531
2011-12-27,6.725107669830322,7.012709140777588
2011-12-28,6.484597682952881,6.828649044036865
2011-12-29,6.579892158508301,6.893068790435791
2012-01-02,6.625272274017334,6.952888488769531
2012-01-03,6.874855041503906,7.311807155609131
2012-01-04,6.98829984664917,7.362424850463867
2012-01-05,7.101746559143066,7.302606105804443
2012-01-06,7.169814109802246,7.284197807312012
2012-01-09,7.147126197814941,7.284197807312012
2012-01-10,7.414859771728516,7.569493293762207
2012-01-11,7.510153293609619,7.569493293762207
2012-01-12,7.569145679473877,7.592499256134033
2012-01-13,7.442086696624756,7.532680988311768
2012-01-16,7.442086696624756,7.55568790435791
2012-01-17,7.442086696624756,7.55568790435791
2012-01-18,7.668977737426758,7.850184440612793
2012-01-19,7.510153293609619,7.983627796173096
2012-01-20,7.596370697021484,8.236712455749512
2012-01-23,7.555531024932861,8.356351852416992
2012-01-24,7.473850250244141,8.342547416687012
2012-01-26,7.646290302276611,8.434576988220215
2012-01-27,7.650825500488281,8.420772552490234
2012-01-30,7.596370697021484,8.301132202148438
2012-01-31,7.555531024932861,8.397765159606934
2012-02-01,7.895872116088867,8.522006034851074
2012-02-02,8.009320259094238,8.365553855895996
2012-02-03,8.240745544433594,8.581826210021973
2012-02-06,8.258899688720703,8.522006034851074
2012-02-07,8.304279327392578,8.563420295715332
2012-02-08,8.281593322753906,8.475991249084473
2012-02-09,8.326969146728516,8.489795684814453
2012-02-10,7.986629486083984,8.227508544921875
2012-02-13,7.986629486083984,8.227508544921875
2012-02-14,7.873182773590088,8.227508544921875
2012-02-15,7.80511474609375,8.029643058776855
2012-02-16,7.868645668029785,8.011238098144531
2012-02-17,8.041082382202148,8.052650451660156
2012-02-23,7.991164684295654,8.080259323120117
2012-02-24,8.068310737609863,8.094066619873047
2012-02-27,7.93217658996582,8.029643058776855
2012-02-28,8.041584014892578,8.084861755371094
2012-02-29,8.182905197143555,8.057254791259766
2012-03-01,8.278636932373047,8.17229175567627
2012-03-02,8.369811058044434,8.388562202453613
2012-03-05,8.223933219909668,8.291932106018066
2012-03-06,7.822763442993164,8.048050880432129
2012-03-07,7.795411109924316,8.020441055297852
2012-03-08,7.9321746826171875,8.130876541137695
2012-03-09,8.141875267028809,8.255118370056152
2012-03-12,8.146434783935547,8.19529914855957
2012-03-13,8.570396423339844,8.535810470581055
2012-03-14,8.71627426147461,8.788894653320312
2012-03-15,8.720832824707031,8.857915878295898
2012-03-16,8.739068031311035,8.940744400024414
2012-03-19,8.729950904846191,8.940744400024414
2012-03-20,8.538482666015625,8.857915878295898
2012-03-21,8.424517631530762,8.531208992004395
2012-03-22,8.424517631530762,8.531208992004395
2012-03-23,8.465548515319824,8.347147941589355
2012-03-26,8.570396423339844,8.420772552490234
2012-03-27,8.374370574951172,8.232110977172852
2012-03-28,8.105406761169434,7.983627796173096
2012-03-29,8.164669036865234,7.979028701782227
2012-03-30,7.959526538848877,7.923809051513672
2012-04-02,8.228492736816406,8.075658798217773
2012-04-03,8.059818267822266,7.896200180053711
2012-04-04,7.863795280456543,7.744349956512451
2012-04-05,7.900267601013184,7.767357349395752
2012-04-09,7.781737327575684,7.712140083312988
2012-04-10,7.781737327575684,7.610906600952148
2012-04-11,7.781737327575684,7.615507125854492
2012-04-12,7.781737327575684,7.822575092315674
2012-04-13,7.923057556152344,7.679928779602051
2012-04-16,7.859236240386963,7.620110034942627
2012-04-17,7.977757453918457,7.785764217376709
2012-04-18,8.269521713256836,7.946817398071289
2012-04-19,8.128199577331543,7.813371181488037
2012-04-20,8.160114288330078,7.7581562995910645
2012-04-23,7.904823303222656,7.638515949249268
2012-04-24,8.059818267822266,7.6707258224487305
2012-04-25,8.114523887634277,7.762758255004883
2012-04-26,8.205698013305664,7.767357349395752
2012-04-27,8.114523887634277,7.808771133422852
2012-04-30,8.169227600097656,7.906970977783203
2012-05-02,8.169227600097656,7.906970977783203
2012-05-03,7.918498992919922,7.737710952758789
2012-05-04,7.494538307189941,7.466888904571533
2012-05-07,7.535566806793213,7.355659484863281
2012-05-08,7.293955326080322,7.200906753540039
2012-05-09,7.334981441497803,7.302463054656982
2012-05-10,7.512772083282471,7.312136650085449
2012-05-11,7.572035312652588,7.041316509246826
2012-05-14,7.407325744628906,6.910742282867432
2012-05-15,7.407325744628906,6.673774719238281
2012-05-16,7.407325744628906,6.557709217071533
2012-05-17,7.0916361808776855,6.427135467529297
2012-05-18,7.123661994934082,6.349757671356201
2012-05-21,7.123661994934082,6.349757671356201
2012-05-22,7.530858993530273,6.741479873657227
2012-05-23,7.471381664276123,6.504511833190918
2012-05-24,7.320396423339844,6.378775119781494
2012-05-25,7.389026165008545,6.335251808166504
2012-05-28,7.480530738830566,6.344922065734863
2012-05-29,7.44850492477417,6.349757671356201
2012-05-30,7.356998443603516,6.349757671356201
2012-05-31,7.256343364715576,6.282052993774414
2012-06-01,7.196864128112793,6.195004940032959
2012-06-04,7.389026165008545,6.17082405090332
2012-06-05,7.297520637512207,6.069267272949219
2012-06-06,7.723021507263184,6.093447208404541
2012-06-08,7.686416149139404,6.069267272949219
2012-06-11,7.6406636238098145,6.011233806610107
2012-06-12,7.896879196166992,6.03057861328125
2012-06-13,7.974658489227295,6.083775520324707
2012-06-14,8.011258125305176,6.074102878570557
2012-06-15,8.189695358276367,6.069267272949219
2012-06-18,8.189695358276367,6.069267272949219
2012-06-19,8.217147827148438,5.861314296722412
2012-06-20,8.006683349609375,5.967708587646484
2012-06-21,7.718443870544434,5.779102325439453
2012-06-22,7.567460060119629,5.638856410980225
2012-06-25,7.45307731628418,5.392215251922607
2012-06-26,7.430205345153809,5.426070213317871
2012-06-27,7.535437107086182,5.368036270141602
2012-06-28,7.507981300354004,5.28582239151001
2012-06-29,8.098188400268555,5.50344705581665
2012-07-02,8.116488456726074,5.585659027099609
2012-07-03,8.098188400268555,5.83713436126709
2012-07-04,8.070737838745117,6.016068935394287
2012-07-05,8.294922828674316,5.938693046569824
2012-07-06,8.079889297485352,5.7549214363098145
2012-07-10,7.837398052215576,5.3148393630981445
2012-07-11,7.837398052215576,5.184266567230225
2012-07-12,7.823676586151123,5.155248165130615
2012-07-13,7.988383769989014,5.213281631469727
2012-07-16,7.988383769989014,5.213281631469727
2012-07-17,7.938056468963623,5.029511451721191
2012-07-18,8.212571144104004,5.053691387176514
2012-07-19,8.322375297546387,5.058527946472168
2012-07-20,8.079889297485352,4.840904235839844
2012-07-23,7.92432975769043,4.734511375427246
2012-07-24,7.782495975494385,4.6958231925964355
2012-07-25,7.6406636238098145,4.5120530128479
2012-07-26,7.9151787757873535,4.468526840209961
2012-07-27,7.9151787757873535,4.758692264556885
2012-07-30,8.500812530517578,4.927954196929932
2012-07-31,8.519110679626465,5.092380523681641
2012-08-01,8.519110679626465,4.923118591308594
2012-08-02,8.386432647705078,4.7538557052612305
2012-08-03,8.64721965789795,5.048855781555176
2012-08-06,8.875981330871582,5.426070213317871
2012-08-07,8.875981330871582,5.368036270141602
2012-08-08,8.875981330871582,5.426070213317871
2012-08-09,8.743297576904297,5.430905342102051
2012-08-10,8.743297576904297,5.430905342102051
2012-08-13,8.743297576904297,5.203610897064209
2012-08-14,8.78467082977295,5.053691387176514
2012-08-15,8.78467082977295,5.005331039428711
2012-08-16,8.78467082977295,5.261642932891846
2012-08-17,8.78467082977295,5.150413513183594
2012-08-20,8.78467082977295,5.31000280380249
2012-08-21,9.009917259216309,5.28582239151001
2012-08-22,9.000727653503418,5.47926664352417
2012-08-23,8.683538436889648,5.585659027099609
2012-08-24,8.637569427490234,5.2809882164001465
2012-08-27,8.485872268676758,5.135904788970947
2012-08-28,8.564020156860352,4.995659351348877
2012-08-29,8.315787315368652,4.778036117553711
2012-08-30,8.38474178314209,4.671643257141113
2012-08-31,8.24683666229248,4.8070526123046875
2012-09-03,8.136507034301758,4.86992073059082
2012-09-04,8.191672325134277,4.623281955718994
2012-09-05,8.403128623962402,5.000494956970215
2012-09-06,8.858219146728516,5.0875444412231445
2012-09-10,8.826045036315918,5.397052764892578
2012-09-11,8.950162887573242,5.619511604309082
2012-09-12,9.097257614135742,5.716233730316162
2012-09-13,9.483399391174316,6.325577735900879
2012-09-14,9.520174980163574,6.625413417816162
2012-09-17,9.469609260559082,6.446479797363281
2012-09-18,9.3822660446167,6.286890029907227
2012-09-19,9.294927597045898,6.335251808166504
2012-09-20,9.294927597045898,6.359431743621826
2012-09-21,9.258150100708008,6.214348316192627
2012-09-24,9.396059036254883,6.151480197906494
2012-09-25,9.009917259216309,5.643692493438721
2012-09-26,9.166213035583496,5.750085830688477
2012-09-27,8.973145484924316,5.624349117279053
2012-09-28,8.862820625305176,5.52278995513916
2012-10-01,8.913385391235352,5.561479568481445
2012-10-02,8.803058624267578,5.440576553344727
2012-10-03,8.75709056854248,5.329348564147949
2012-10-04,8.614585876464844,5.426070213317871
2012-10-05,8.614585876464844,5.343856334686279
2012-10-08,8.780077934265137,5.513118267059326
2012-10-09,8.75709056854248,5.358363628387451
2012-10-10,8.642167091369629,5.266479015350342
2012-10-11,8.770878791809082,5.426070213317871
2012-10-15,8.692733764648438,5.561479568481445
2012-10-16,8.872011184692383,5.605003356933594
2012-10-17,8.816848754882812,5.677545070648193
2012-10-18,8.651361465454102,5.711398124694824
2012-10-19,8.27441692352295,5.5179548263549805
2012-10-22,8.306593894958496,5.609838962554932
2012-10-23,8.251433372497559,5.508282661437988
2012-10-24,8.34337043762207,5.416396617889404
2012-10-25,8.297399520874023,5.484102725982666
2012-10-26,8.076748847961426,5.353527545928955
2012-10-29,8.223851203918457,5.401888847351074
2012-10-30,8.269818305969238,5.52278995513916
2012-10-31,8.159491539001465,5.430905342102051
2012-11-01,8.260625839233398,5.561479568481445
2012-11-05,8.311190605163574,5.513118267059326
2012-11-06,8.619182586669922,5.721069812774658
2012-11-07,8.393937110900879,5.513118267059326
2012-11-08,8.320384979248047,5.3728718757629395
2012-11-09,8.334175109863281,5.343856334686279
2012-11-12,8.338772773742676,5.266479015350342
2012-11-13,8.33877182006836,5.222954273223877
2012-11-14,8.121882438659668,5.015003204345703
2012-11-16,7.997285842895508,4.7538557052612305
2012-11-19,8.223405838012695,4.947298526763916
2012-11-21,8.366459846496582,5.02467679977417
2012-11-22,8.440298080444336,4.952134132385254
2012-11-23,8.69871997833252,5.174593448638916
2012-11-26,8.527978897094727,4.952134132385254
2012-11-27,8.352617263793945,4.903773784637451
2012-11-28,8.518746376037598,4.879594326019287
2012-11-29,8.555663108825684,5.348692417144775
2012-11-30,8.177258491516113,5.073036193847656
2012-12-03,8.177258491516113,5.044020175933838
2012-12-04,8.126496315002441,5.02467679977417
2012-12-05,8.311083793640137,5.116561412811279
2012-12-06,8.251093864440918,5.0778727531433105
2012-12-07,8.491059303283691,5.184266567230225
2012-12-10,8.606426239013672,5.445414066314697
2012-12-11,8.629499435424805,5.561479568481445
2012-12-12,8.509517669677734,5.624349117279053
2012-12-13,8.384920120239258,5.542135238647461
2012-12-14,8.32031536102295,5.614675521850586
2012-12-17,8.255709648132324,5.619511604309082
2012-12-18,8.500286102294922,5.9048380851745605
2012-12-19,8.41722297668457,5.870988368988037
2012-12-20,8.34338665008545,5.80811882019043
2012-12-21,8.214176177978516,5.672708511352539
2012-12-26,8.306471824645996,5.696889877319336
2012-12-27,8.246479034423828,5.600168228149414
2012-12-28,8.274165153503418,5.839334964752197
2013-01-02,8.707951545715332,6.213525295257568
2013-01-03,8.906380653381348,6.30214786529541
2013-01-04,8.76794147491455,6.065816402435303
2013-01-07,8.878694534301758,6.036276817321777
2013-01-08,8.69871997833252,5.982117176055908
2013-01-09,8.537203788757324,6.14951753616333
2013-01-10,8.477213859558105,6.25783634185791
2013-01-11,8.375691413879395,6.213525295257568
2013-01-14,8.380305290222168,6.252912521362305
2013-01-15,8.269552230834961,6.139671802520752
2013-01-16,8.255709648132324,6.124899864196777
2013-01-17,8.352617263793945,5.898416519165039
2013-01-18,8.260324478149414,5.908263683319092
2013-01-21,8.260324478149414,5.780251502990723
2013-01-22,8.260324478149414,5.780251502990723
2013-01-23,8.306471824645996,5.893494129180908
2013-01-24,8.16341495513916,5.603004455566406
2013-01-28,7.891146659851074,5.430678844451904
2013-01-29,8.024971961975098,5.553767204284668
2013-01-30,7.951136112213135,5.322361946105957
2013-01-31,8.061887741088867,5.292819023132324
2013-02-01,8.075733184814453,5.489760875701904
2013-02-04,8.001898765563965,5.332208156585693
2013-02-05,8.094193458557129,5.356825351715088
2013-02-06,8.094193458557129,5.406061172485352
2013-02-07,8.02035903930664,5.317437648773193
2013-02-08,7.992670059204102,5.209120750427246
2013-02-13,8.135725021362305,5.223889350891113
2013-02-14,8.094193458557129,5.228813171386719
2013-02-15,7.941908359527588,5.233737468719482
2013-02-18,7.706557750701904,5.189425945281982
2013-02-19,7.558887481689453,5.095877170562744
2013-02-20,7.245089054107666,4.898935794830322
2013-02-21,7.448134899139404,4.854623794555664
2013-02-22,7.480437278747559,4.785694122314453
2013-02-25,7.50351095199585,4.8201584815979
2013-02-26,7.7527031898498535,4.923554420471191
2013-02-27,7.568118572235107,4.908782482147217
2013-02-28,7.591192722320557,4.923554420471191
2013-03-01,7.35122537612915,4.785694122314453
2013-03-04,7.263545989990234,4.825083255767822
2013-03-05,7.023277282714844,4.898935794830322
2013-03-06,7.305132865905762,5.1697306632995605
2013-03-07,7.300510883331299,5.228813171386719
2013-03-08,7.369819641113281,5.238661289215088
2013-03-11,7.392924785614014,5.164807319641113
2013-03-12,7.231202602386475,5.154960632324219
2013-03-13,7.152652263641357,4.997406005859375
2013-03-14,7.161895751953125,4.972789764404297
2013-03-15,7.023277282714844,4.815234661102295
2013-03-18,6.990931987762451,4.889088153839111
2013-03-19,6.8523149490356445,4.569057464599609
2013-03-20,6.880039215087891,4.63798713684082
2013-03-21,6.833832740783691,4.4902801513671875
2013-03-22,6.912382125854492,4.578904628753662
2013-03-25,6.843074321746826,4.460740566253662
2013-03-26,7.138789653778076,4.524745941162109
2013-03-27,7.101829528808594,4.475510120391846
2013-03-28,7.101829528808594,4.495203971862793
2013-04-01,7.06948184967041,4.731534004211426
2013-04-02,6.912382125854492,4.395936012268066
2013-04-03,6.912382125854492,4.42077112197876
2013-04-04,6.829211711883545,4.281691074371338
2013-04-05,7.000174522399902,4.187314987182617
2013-04-08,6.829211711883545,4.137643337249756
2013-04-09,6.917006015777588,4.207184314727783
2013-04-10,6.884659290313721,4.192281246185303
2013-04-11,6.866176605224609,4.0681023597717285
2013-04-12,6.704456806182861,4.063136577606201
2013-04-15,6.445704936981201,3.8892855644226074
2013-04-16,6.704456806182861,3.814777374267578
2013-04-17,6.792248725891113,3.8247122764587402
2013-04-18,7.06948184967041,3.8843185901641846
2013-04-19,7.051001071929932,3.8992199897766113
2013-04-22,7.06948184967041,3.904186487197876
2013-04-23,7.161895751953125,3.958824872970581
2013-04-24,7.115688323974609,4.003530502319336
2013-04-25,7.101829528808594,3.904186487197876
2013-04-26,7.101829528808594,3.904186487197876
2013-04-29,7.0741047859191895,3.904186487197876
2013-04-30,7.217342853546143,3.929023027420044
2013-05-02,7.055619239807129,3.8644492626190186
2013-05-03,7.129549503326416,3.854515552520752
2013-05-06,7.157271862030029,3.834646224975586
2013-05-07,6.986314296722412,3.834646224975586
2013-05-08,6.699835777282715,3.775041341781616
2013-05-09,6.630528926849365,3.7353034019470215
2013-05-10,6.5150146484375,3.6111245155334473
2013-05-13,6.427221775054932,3.5415847301483154
2013-05-14,6.367155075073242,3.4223721027374268
2013-05-15,6.200815677642822,3.3329641819000244
2013-05-16,6.233160018920898,3.3279964923858643
2013-05-17,6.265501499176025,3.337930202484131
2013-05-20,6.404322147369385,3.402503490447998
2013-05-21,6.520008087158203,3.47701096534729
2013-05-22,6.506124496459961,3.47701096534729
2013-05-23,6.302520275115967,3.4621095657348633
2013-05-24,6.149819850921631,3.5018467903137207
2013-05-27,6.2238545417785645,3.5068135261535645
2013-05-28,6.2516188621521,3.4521751403808594
2013-05-29,6.135934352874756,3.3528318405151367
2013-05-31,6.03875732421875,3.283292293548584
2013-06-03,6.2238545417785645,3.357799768447876
2013-06-04,6.237738132476807,3.337930202484131
2013-06-05,5.997113227844238,3.198850393295288
2013-06-06,5.997113227844238,3.1442112922668457
2013-06-07,5.8814287185668945,3.0299673080444336
2013-06-10,5.812016010284424,3.000164270401001
2013-06-11,5.622295379638672,2.8908867835998535
2013-06-12,5.654684543609619,2.915722131729126
2013-06-13,5.973975658416748,3.1541457176208496
2013-06-14,5.923074722290039,3.2435545921325684
2013-06-17,5.946210861206055,3.183948040008545
2013-06-18,5.983231067657471,3.2733583450317383
2013-06-19,5.867546558380127,3.2187187671661377
2013-06-20,6.001738548278809,3.2981934547424316
2013-06-21,5.756485462188721,3.1690468788146973
2013-06-24,5.492725372314453,3.0746710300445557
2013-06-25,5.613037109375,3.134277582168579
2013-06-26,5.562136650085449,3.0597691535949707
2013-06-27,5.8814287185668945,3.069704055786133
2013-06-28,5.812016010284424,2.960426092147827
2013-07-01,6.149819850921631,3.0150654315948486
2013-07-02,6.03875732421875,2.831280469894409
2013-07-03,6.228482723236084,2.7567732334136963
2013-07-04,6.242365837097168,2.8163790702819824
2013-07-05,6.061896324157715,2.707101583480835
2013-07-08,5.992485523223877,2.712069272994995
2013-07-10,5.923074722290039,2.7269699573516846
2013-07-11,6.1220526695251465,2.9455254077911377
2013-07-12,5.899936676025391,2.786576509475708
2013-07-15,5.969350337982178,3.0200324058532715
2013-07-16,6.1220526695251465,2.9206888675689697
2013-07-17,6.293266773223877,2.985262393951416
2013-07-18,6.381186008453369,2.975327968597412
2013-07-19,6.358048915863037,2.980295181274414
2013-07-22,6.436716079711914,3.129309892654419
2013-07-23,6.603304386138916,3.2236859798431396
2013-07-24,6.672713756561279,3.134277582168579
2013-07-25,6.81153678894043,3.178981304168701
2013-07-26,6.81153678894043,3.178981304168701
2013-07-29,6.705105304718018,3.5217151641845703
2013-07-30,6.561656475067139,3.3130955696105957
2013-07-31,6.751380443572998,3.2634236812591553
2013-08-01,7.042905330657959,3.2882585525512695
2013-08-02,6.978119373321533,3.20381760597229
2013-08-05,6.941104412078857,3.258455753326416
2013-08-06,6.853182315826416,3.2187187671661377
2013-08-07,7.015140533447266,3.2236859798431396
2013-08-08,7.0752973556518555,3.428931951522827
2013-08-09,7.172476291656494,3.586409091949463
2013-08-12,7.1863555908203125,3.6880080699920654
2013-08-13,7.1259260177612305,3.804845094680786
2013-08-14,7.111979007720947,3.8861234188079834
2013-08-15,7.08873987197876,3.962322235107422
2013-08-16,7.558222770690918,4.2417168617248535
2013-08-19,7.995169639587402,4.510951519012451
2013-08-20,7.892904758453369,4.3534746170043945
2013-08-21,7.92079496383667,4.389033317565918
2013-08-22,8.232234001159668,4.592229843139648
2013-08-23,8.046300888061523,4.475391864776611
2013-08-26,8.032353401184082,4.444912433624268
2013-08-27,7.906850337982178,4.3534746170043945
2013-08-28,7.925443649291992,4.368713855743408
2013-08-29,8.032353401184082,4.322995662689209
2013-08-30,7.971928119659424,4.3179144859313965
2013-09-02,8.213641166687012,4.490631580352783
2013-09-03,8.069540023803711,4.495711326599121
2013-09-04,8.09278392791748,4.612548351287842
2013-09-05,7.902200222015381,4.653188705444336
2013-09-06,7.8324761390686035,4.668428421020508
2013-09-09,7.957983493804932,4.759866237640381
2013-09-10,8.064892768859863,4.800505638122559
2013-09-11,7.94868278503418,4.759866237640381
2013-09-12,7.902200222015381,4.754786014556885
2013-09-13,7.92079496383667,4.790345191955566
2013-09-16,7.8324761390686035,4.719227313995361
2013-09-17,7.693028450012207,4.739546298980713
2013-09-18,7.744156837463379,4.800505638122559
2013-09-19,7.716268539428711,4.795424938201904
2013-09-20,7.651191234588623,4.698907375335693
2013-09-23,7.799940586090088,4.744626998901367
2013-09-24,7.744156837463379,4.754786014556885
2013-09-25,7.809235572814941,4.800505638122559
2013-09-26,7.902200222015381,4.947822570800781
2013-09-27,7.930093288421631,4.912262439727783
2013-09-30,7.716268539428711,4.8055853843688965
2013-10-01,7.660486698150635,4.775105953216553
2013-10-02,7.716268539428711,4.770026683807373
2013-10-03,7.618650436401367,4.810664176940918
2013-10-04,7.874311447143555,4.968142032623291
2013-10-07,7.962627410888672,5.008781909942627
2013-10-08,7.985874652862549,5.054499626159668
2013-10-09,8.074191093444824,5.0392608642578125
2013-10-10,8.041651725769043,5.278016567230225
2013-10-11,8.204344749450684,5.389772891998291
2013-10-14,8.29731273651123,5.633609294891357
2013-10-15,8.301959991455078,5.811404705047607
2013-10-16,8.27407169342041,5.963801860809326
2013-10-17,7.94868278503418,5.877443790435791
2013-10-18,7.7720489501953125,5.97396183013916
2013-10-21,7.883608341217041,6.050162315368652
2013-10-22,8.139269828796387,6.299075126647949
2013-10-23,8.023056983947754,6.20255708694458
2013-10-24,7.883608341217041,6.0349202156066895
2013-10-25,7.739509105682373,5.943481922149658
2013-10-28,7.748805522918701,6.065401077270508
2013-10-29,7.730212688446045,6.004440784454346
2013-10-30,7.846419334411621,6.070479869842529
2013-10-31,8.24152946472168,6.222877502441406
2013-11-01,8.515786170959473,6.527672290802002
2013-11-04,8.44140911102295,6.456552505493164
2013-11-05,8.408872604370117,6.46163272857666
2013-11-06,8.483245849609375,6.451473236083984
2013-11-07,8.436761856079102,6.349874019622803
2013-11-08,8.506487846374512,6.507351875305176
2013-11-11,8.483245849609375,6.532750129699707
2013-11-12,8.455171585083008,6.299075126647949
2013-11-13,8.403698921203613,6.1822381019592285
2013-11-14,8.600224494934082,6.827995777130127
2013-11-18,8.796748161315918,6.941617488861084
2013-11-19,8.637655258178711,6.80094575881958
2013-11-21,8.651693344116211,6.817177772521973
2013-11-22,8.52067756652832,6.763072967529297
2013-11-25,8.253968238830566,6.622400760650635
2013-11-26,8.211857795715332,6.395160675048828
2013-11-27,8.441131591796875,6.4709086418151855
2013-11-28,8.422417640686035,6.362698554992676
2013-11-29,8.422417640686035,6.443856239318848
2013-12-02,8.45984935760498,6.4709086418151855
2013-12-03,8.356908798217773,6.368110656738281
2013-12-04,8.333516120910645,6.525012969970703
2013-12-05,8.590867042541504,6.763072967529297
2013-12-06,8.497284889221191,6.768483638763428
2013-12-09,8.586188316345215,6.8929243087768555
2013-12-10,8.576827049255371,6.952439308166504
2013-12-11,8.50664234161377,6.833409309387207
2013-12-12,8.436453819274902,6.806356430053711
2013-12-13,8.34287166595459,6.838819980621338
2013-12-16,8.366267204284668,7.087700843811035
2013-12-17,8.50196361541748,7.033595085144043
2013-12-18,8.773353576660156,7.379864692687988
2013-12-19,8.923083305358887,7.612513065338135
2013-12-20,8.852896690368652,7.493484973907471
2013-12-23,8.815463066101074,7.747776031494141
2013-12-26,8.72655963897705,7.801880359649658
2013-12-27,8.604904174804688,7.764009475708008
2013-12-30,8.58150577545166,7.780238151550293
2014-01-02,8.534712791442871,7.596283912658691
2014-01-03,8.469207763671875,7.834344387054443
2014-01-06,8.417739868164062,7.731545448303223
2014-01-07,8.408378601074219,7.655797481536865
2014-01-08,8.422417640686035,7.747776031494141
2014-01-09,8.366267204284668,7.531358242034912
2014-01-10,8.436453819274902,7.515127658843994
2014-01-13,8.258651733398438,7.5259480476379395
2014-01-14,8.048089981079102,7.374454021453857
2014-01-15,8.165066719055176,7.428558349609375
2014-01-16,8.160386085510254,7.482663154602051
2014-01-17,8.090198516845703,7.439379692077637
2014-01-20,7.996617317199707,7.401505947113037
2014-01-21,7.860923767089844,6.849639415740967
2014-01-22,7.9732184410095215,6.736020088195801
2014-01-23,7.931108474731445,6.541244029998779
2014-01-24,7.931108474731445,6.384342193603516
2014-01-27,7.818810939788818,6.140869140625
2014-01-28,7.809453964233398,6.232848167419434
2014-01-29,8.015334129333496,6.157101631164551
2014-01-30,7.921751499176025,6.086765766143799
2014-01-31,8.024694442749023,6.0543012619018555
2014-02-03,7.739266395568848,5.745906829833984
2014-02-04,7.683116912841797,6.0543012619018555
2014-02-05,7.57549524307251,5.88657808303833
2014-02-06,7.711191654205322,6.222026824951172
2014-02-07,7.940466403961182,6.286953449249268
2014-02-10,7.678438663482666,6.081355094909668
2014-02-11,7.725229263305664,6.276131629943848
2014-02-12,7.580175876617432,6.362698554992676
2014-02-13,7.580175876617432,6.308594703674316
2014-02-14,7.6410040855407715,6.319415092468262
2014-02-17,7.439802646636963,6.0975871086120605
2014-02-18,6.990604877471924,5.794599533081055
2014-02-19,7.130980014801025,6.0921759605407715
2014-02-20,7.1777729988098145,6.189564228057861
2014-02-21,6.953172206878662,6.119228839874268
2014-02-24,7.154376029968262,6.021840572357178
2014-02-25,7.037398338317871,5.810832977294922
2014-02-26,6.962531089782715,5.772960186004639
2014-02-27,6.929778575897217,5.946094036102295
2014-02-28,6.756649971008301,5.372584819793701
2014-03-05,6.714539527893066,5.328829288482666
2014-03-06,6.789772033691406,5.373422145843506
2014-03-07,6.554666042327881,5.1002912521362305
2014-03-10,6.418309688568115,4.933067798614502
2014-03-11,6.484136581420898,4.821587085723877
2014-03-12,6.564074993133545,4.8661789894104
2014-03-13,6.502944469451904,4.799289703369141
2014-03-14,6.648710250854492,5.356699466705322
2014-03-17,6.587581157684326,5.367847442626953
2014-03-18,6.681624412536621,5.468181133270264
2014-03-19,6.691030502319336,5.3789963722229
2014-03-20,6.653412342071533,5.356699466705322
2014-03-21,6.8179826736450195,5.367847442626953
2014-03-24,6.813282489776611,5.457033634185791
2014-03-25,6.780367374420166,5.54621696472168
2014-03-26,6.676922798156738,5.395719051361084
2014-03-27,6.8556013107299805,5.629830837249756
2014-03-28,6.799177169799805,5.512774467468262
2014-03-31,6.827390193939209,5.484902858734131
2014-04-01,6.625200271606445,5.4012908935546875
2014-04-02,6.761560440063477,5.507198810577393
2014-04-03,6.733346939086914,5.462606430053711
2014-04-04,6.559370517730713,5.557367324829102
2014-04-07,6.49354362487793,5.4793291091918945
2014-04-08,6.559370517730713,5.356699466705322
2014-04-09,6.390099048614502,5.0779948234558105
2014-04-10,6.390099048614502,5.083569049835205
2014-04-11,6.33837366104126,5.105865478515625
2014-04-14,6.333670139312744,5.206199645996094
2014-04-15,6.216118812561035,4.988810062408447
2014-04-16,6.249035835266113,5.105865478515625
2014-04-17,6.502944469451904,5.222921848297119
2014-04-22,6.394795894622803,5.156031608581543
2014-04-23,6.366583347320557,5.1002912521362305
2014-04-24,6.357181072235107,4.994383811950684
2014-04-25,6.361885070800781,4.905198097229004
2014-04-28,6.343077659606934,4.821587085723877
2014-04-29,6.314864158630371,4.899623870849609
2014-04-30,6.291353225708008,4.771420478820801
2014-05-02,6.606392860412598,4.988810062408447
2014-05-05,6.578178882598877,4.977661609649658
2014-05-06,6.6204986572265625,5.156031608581543
2014-05-07,6.780367374420166,4.977661609649658
2014-05-08,6.761560440063477,5.011105537414551
2014-05-09,6.733346939086914,5.038975715637207
2014-05-12,6.883812427520752,5.206199645996094
2014-05-13,6.799177169799805,5.178328514099121
2014-05-14,6.681624412536621,5.222921848297119
2014-05-15,6.761560440063477,5.250791549682617
2014-05-16,6.723942279815674,5.206199645996094
2014-05-19,6.578178882598877,5.072420597076416
2014-05-20,6.470029830932617,4.849457263946533
2014-05-21,6.390099048614502,4.849457263946533
2014-05-22,6.475172519683838,4.860606670379639
2014-05-23,6.38064432144165,4.838309288024902
2014-05-26,6.465719223022461,5.016679286956787
2014-05-27,6.55079460144043,5.016679286956787
2014-05-28,6.5460686683654785,4.955365180969238
2014-05-29,6.484624862670898,4.91077184677124
2014-05-30,6.300294876098633,4.78814172744751
2014-06-02,6.3617401123046875,4.8661789894104
2014-06-03,6.560247421264648,4.927494525909424
2014-06-04,6.48935079574585,4.91077184677124
2014-06-05,6.423183917999268,4.905198097229004
2014-06-06,6.4798994064331055,5.133735656738281
2014-06-09,6.564975261688232,5.267513751983643
2014-06-10,6.598059177398682,5.267513751983643
2014-06-11,6.522437572479248,5.339976787567139
2014-06-13,6.409002780914307,5.23964262008667
2014-06-16,6.371192455291748,5.195051193237305
2014-06-17,6.4420857429504395,5.139310359954834
2014-06-18,6.569700717926025,5.2898101806640625
2014-06-20,6.503530025482178,5.167181015014648
2014-06-23,6.522437572479248,5.30653190612793
2014-06-24,6.5933308601379395,5.351125717163086
2014-06-25,6.451539993286133,5.328829288482666
2014-06-26,6.328653812408447,5.328829288482666
2014-06-27,6.149051189422607,5.217347145080566
2014-06-30,6.115966320037842,5.23964262008667
2014-07-01,6.111238479614258,5.206199645996094
2014-07-02,6.276663780212402,5.384570121765137
2014-07-03,6.465719223022461,5.6744232177734375
2014-07-04,6.498804569244385,5.635402679443359
2014-07-07,6.569700717926025,5.852792739868164
2014-07-08,6.536614418029785,5.813775062561035
2014-07-10,6.4798994064331055,5.8806633949279785
2014-07-11,6.498804569244385,5.925257205963135
2014-07-14,6.616965293884277,6.170516490936279
2014-07-15,6.702041149139404,6.410201072692871
2014-07-16,6.650048732757568,6.37675666809082
2014-07-17,6.4420857429504395,5.953126907348633
2014-07-18,6.319202423095703,6.44364595413208
2014-07-21,6.281390190124512,6.53283166885376
2014-07-22,6.224672794342041,6.44364595413208
2014-07-23,6.27193546295166,6.2987213134765625
2014-07-24,6.460992813110352,6.354461669921875
2014-07-25,6.470446586608887,6.2987213134765625
2014-07-28,6.4798994064331055,6.410201072692871
2014-07-29,6.484624862670898,6.242979526519775
2014-07-30,6.319202423095703,6.248553276062012
2014-07-31,6.309748649597168,6.382330894470215
2014-08-01,6.205767631530762,6.560703754425049
2014-08-04,6.2861151695251465,6.622016906738281
2014-08-05,6.238852500915527,6.521684646606445
2014-08-06,6.300294876098633,6.44364595413208
2014-08-07,6.253030776977539,6.348886966705322
2014-08-08,6.309748649597168,6.287570476531982
2014-08-11,6.219947338104248,6.315441608428955
2014-08-12,6.172465801239014,6.103627681732178
2014-08-13,6.006284236907959,5.969849109649658
2014-08-14,5.95405387878418,5.8862385749816895
2014-08-15,5.935063362121582,5.82492208480835
2014-08-18,5.935063362121582,5.925257205963135
2014-08-19,6.0537638664245605,5.975423336029053
2014-08-20,6.0775065422058105,6.01444149017334
2014-08-21,6.115489959716797,5.8639421463012695
2014-08-22,6.148725509643555,5.808200359344482
2014-08-25,6.2531819343566895,5.908534526824951
2014-08-26,6.367137432098389,5.8639421463012695
2014-08-27,6.4098687171936035,5.852792739868164
2014-08-28,6.153476715087891,5.540642738342285
2014-08-29,6.167715549468994,5.484902858734131
2014-09-01,6.020528316497803,5.3789963722229
2014-09-02,6.219946384429932,5.54621696472168
2014-09-03,6.371885776519775,5.66327428817749
2014-09-04,6.45734977722168,5.5740885734558105
2014-09-05,6.362387657165527,5.440310955047607
2014-09-08,6.191455841064453,5.284235954284668
2014-09-09,6.044267654418945,5.30653190612793
2014-09-10,5.878087997436523,5.328829288482666
2014-09-11,5.821110248565674,5.284235954284668
2014-09-12,5.868589401245117,5.23964262008667
2014-09-15,5.892331600189209,5.390143394470215
2014-09-16,5.868589401245117,5.440310955047607
2014-09-17,5.935063362121582,5.3789963722229
2014-09-18,5.963551044464111,5.568515300750732
2014-09-19,6.015781402587891,5.607533931732178
2014-09-22,5.825859546661377,5.423587799072266
2014-09-23,5.821110248565674,5.434736728668213
2014-09-24,5.844851970672607,5.468181133270264
2014-09-25,5.854347229003906,5.362273693084717
2014-09-26,5.768883228302002,5.133735656738281
2014-09-29,5.654929161071777,4.8940510749816895
2014-09-30,5.59320592880249,4.849457263946533
2014-10-01,5.559966087341309,4.743549823760986
2014-10-02,5.67866849899292,4.8661789894104
2014-10-03,5.68341588973999,4.927494525909424
2014-10-06,5.692912578582764,4.977661609649658
2014-10-07,5.607448577880859,5.016679286956787
2014-10-08,5.621690273284912,5.033401966094971
2014-10-09,5.460258960723877,4.849457263946533
2014-10-10,5.184871673583984,4.6989569664001465
2014-10-13,5.327311992645264,4.810439109802246
2014-10-14,5.446015357971191,4.994383811950684
2014-10-15,5.3842902183532715,4.977661609649658
2014-10-16,5.279832363128662,4.843883037567139
2014-10-17,5.284580230712891,4.726827144622803
2014-10-20,5.222855567932129,4.693383693695068
2014-10-21,5.222855567932129,4.654363632202148
2014-10-22,5.189619541168213,4.620919704437256
2014-10-23,5.436519622802734,4.7937164306640625
2014-10-24,5.521982669830322,5.083569049835205
2014-10-27,5.327311992645264,4.6989569664001465
2014-10-28,5.303573131561279,4.654363632202148
2014-10-29,5.1991167068481445,4.45927095413208
2014-10-30,5.056674003601074,4.347789287567139
2014-10-31,5.265589237213135,4.598622798919678
2014-11-03,5.270333766937256,4.526159763336182
2014-11-04,5.436519622802734,4.659937381744385
2014-11-05,5.403282642364502,4.509437561035156
2014-11-06,5.3605499267578125,4.303196430206299
2014-11-07,5.502989768981934,4.386807441711426
2014-11-10,5.3842902183532715,4.364511966705322
2014-11-11,5.265589237213135,4.1694183349609375
2014-11-12,5.275084495544434,4.124825477600098
2014-11-13,5.127896308898926,4.069084644317627
2014-11-14,5.218108177185059,3.9241585731506348
2014-11-17,5.0281853675842285,3.846121311187744
2014-11-18,4.947086811065674,3.701195240020752
2014-11-19,4.96139669418335,3.5562679767608643
2014-11-21,5.16176176071167,3.7234911918640137
2014-11-24,5.242862224578857,3.7680840492248535
2014-11-25,5.247632026672363,3.7234911918640137
2014-11-26,5.0091023445129395,3.4280645847320557
2014-11-27,5.056809425354004,3.3444533348083496
2014-11-28,5.199924945831299,3.372324228286743
2014-12-01,4.885067939758301,3.2106754779815674
2014-12-02,4.837363243103027,3.1326379776000977
2014-12-03,4.885067939758301,3.1493606567382812
2014-12-04,4.808740615844727,3.088045597076416
2014-12-05,4.861215591430664,3.088045597076416
2014-12-08,4.703786849975586,2.9096741676330566
2014-12-09,4.45094633102417,2.826063632965088
2014-12-10,4.369847774505615,2.7090070247650146
2014-12-11,4.269662380218506,2.6811368465423584
2014-12-12,3.964348316192627,2.547358751296997
2014-12-15,3.8689351081848145,2.591951370239258
2014-12-16,4.117004871368408,2.78147029876709
2014-12-17,4.279205799102783,3.0824718475341797
2014-12-18,4.3746161460876465,2.937544822692871
2014-12-19,4.627458095550537,3.18837833404541
2014-12-22,4.470028400421143,3.2719898223876953
2014-12-23,4.66085147857666,3.5061023235321045
2014-12-26,4.465259075164795,3.372324228286743
2014-12-29,4.574981689453125,3.249694347381592
2014-12-30,4.570208549499512,3.1493606567382812
2015-01-02,4.3746161460876465,2.936821222305298
2015-01-05,4.174252510070801,2.792292594909668
2015-01-06,4.61314582824707,3.017756938934326
2015-01-07,4.951857566833496,3.3472824096679688
2015-01-08,4.837363243103027,3.237440586090088
2015-01-09,4.617915630340576,3.0986931324005127
2015-01-12,4.508193492889404,3.0466628074645996
2015-01-13,4.379387378692627,2.9426026344299316
2015-01-14,4.2124176025390625,2.861665964126587
2015-01-15,4.283976078033447,2.8154172897338867
2015-01-16,4.493881702423096,2.983070135116577
2015-01-19,4.298287868499756,2.7865116596221924
2015-01-20,4.384157657623291,2.9310405254364014
2015-01-21,4.3603057861328125,3.040882110595703
2015-01-22,4.341222763061523,3.0986931324005127
2015-01-23,4.260123252868652,2.8905718326568604
2015-01-26,4.264893531799316,2.902134656906128
2015-01-27,4.193336486816406,2.769167900085449
2015-01-28,4.159940719604492,2.6419830322265625
2015-01-29,4.264893531799316,2.543703317642212
2015-01-30,4.422322750091553,2.4280803203582764
2015-02-02,4.522505283355713,2.5205793380737305
2015-02-03,4.608375549316406,2.630420446395874
2015-02-04,4.560669898986816,2.5610463619232178
2015-02-05,4.608375549316406,2.5610463619232178
2015-02-06,4.66085147857666,2.6419830322265625
2015-02-09,4.932775497436523,2.879009485244751
2015-02-10,4.651310443878174,2.8905718326568604
2015-02-11,4.832592487335205,2.913696765899658
2015-02-12,4.6942458152771,2.7865116596221924
2015-02-13,4.837363243103027,2.850104331970215
2015-02-18,4.904150485992432,2.9079155921936035
2015-02-19,4.823052406311035,2.9772889614105225
2015-02-20,4.8564453125,3.0524444580078125
2015-02-23,4.770574569702148,2.9252588748931885
2015-02-24,4.813509464263916,2.9946327209472656
2015-02-25,4.870756149291992,2.9946327209472656
2015-02-26,4.861215591430664,2.9715077877044678
2015-02-27,4.837363243103027,2.988851547241211
2015-03-02,4.6751627922058105,2.988851547241211
2015-03-03,4.7753448486328125,3.0061941146850586
2015-03-04,4.990020751953125,3.0293197631835938
2015-03-05,5.047268867492676,2.9252588748931885
2015-03-06,5.1188273429870605,2.9079155921936035
2015-03-09,5.247632026672363,2.9946327209472656
2015-03-10,5.199924945831299,2.988851547241211
2015-03-11,5.195156574249268,3.017756938934326
2015-03-12,5.1713032722473145,3.2178235054016113
2015-03-13,5.1713032722473145,3.302028179168701
2015-03-16,5.128369331359863,3.3561596870422363
2015-03-17,5.325244903564453,3.5185546875
2015-03-18,5.47410249710083,3.428335189819336
2015-03-19,5.358856678009033,3.33811616897583
2015-03-20,5.301236152648926,3.5365982055664062
2015-03-23,5.330044746398926,3.56667160987854
2015-03-24,5.238809585571289,3.5185546875
2015-03-25,5.339649200439453,3.656891345977783
2015-03-26,5.19559383392334,3.6328327655792236
2015-03-27,4.782636642456055,3.374203681945801
2015-03-30,4.965106964111328,3.43435001373291
2015-03-31,4.849861145019531,3.2599260807037354
2015-04-01,4.897879600524902,3.3561596870422363
2015-04-02,4.821050643920898,3.386232852935791
2015-04-06,4.801843166351318,3.4884822368621826
2015-04-07,4.749021530151367,3.440363645553589
2015-04-08,4.638580799102783,3.374203681945801
2015-04-09,4.657787799835205,3.3982622623443604
2015-04-10,4.604966640472412,3.440363645553589
2015-04-13,4.657787799835205,3.416306257247925
2015-04-14,4.686598300933838,3.560657262802124
2015-04-15,4.801843166351318,3.8192856311798096
2015-04-16,4.633778095245361,3.933563232421875
2015-04-17,4.436903953552246,3.69899320602417
2015-04-20,4.513733386993408,3.6809492111206055
2015-04-22,4.681797027587891,3.9576218128204346
2015-04-23,4.917087078094482,4.294440746307373
2015-04-24,5.041935443878174,4.294440746307373
2015-04-27,4.873870372772217,4.757567405700684
2015-04-28,4.854663372039795,4.727493762969971
2015-04-29,4.763428688049316,4.691405773162842
2015-04-30,4.811446666717529,4.829741954803467
2015-05-04,4.979511260986328,5.220693588256836
2015-05-05,5.104358673095703,5.443234920501709
2015-05-06,4.912285804748535,5.443234920501709
2015-05-07,4.816248893737793,5.010181903839111
2015-05-08,4.969908714294434,4.823727607727051
2015-05-11,5.01792573928833,5.190619945526123
2015-05-12,4.859464645385742,5.004167079925537
2015-05-13,4.763428688049316,4.769596099853516
2015-05-14,4.801843166351318,4.775610446929932
2015-05-15,4.801843166351318,4.751552581787109
2015-05-18,4.686598300933838,4.553069591522217
2015-05-19,4.542542457580566,4.3004560470581055
2015-05-20,4.508929252624512,4.420748233795166
2015-05-21,4.552146911621094,4.414732933044434
2015-05-22,4.441000461578369,4.31850004196167
2015-05-25,4.445833206176758,4.306469917297363
2015-05-26,4.344351768493652,4.186178684234619
2015-05-27,4.383012294769287,4.240309715270996
2015-05-28,4.30086088180542,3.9576218128204346
2015-05-29,4.160720348358154,3.692978858947754
2015-06-01,4.305692672729492,3.795226812362671
2015-06-02,4.368515491485596,4.059870719909668
2015-06-03,4.296029090881348,3.915519952774048
2015-06-05,4.184881687164307,3.7230517864227295
2015-06-08,4.141391754150391,3.6448612213134766
2015-06-09,4.160720348358154,3.6809492111206055
2015-06-10,4.097898483276367,3.650876522064209
2015-06-11,4.204211711883545,3.668919801712036
2015-06-12,4.141391754150391,3.7230517864227295
2015-06-15,4.093066215515137,3.6328327655792236
2015-06-16,3.967424154281616,3.4764516353607178
2015-06-17,3.832115888595581,3.4223203659057617
2015-06-18,3.8997700214385986,3.470438003540039
2015-06-19,3.9384286403656006,3.428335189819336
2015-06-22,3.8707752227783203,3.416306257247925
2015-06-23,3.8127849102020264,3.4223203659057617
2015-06-24,3.6678123474121094,3.374203681945801
2015-06-25,3.6436502933502197,3.2358672618865967
2015-06-26,3.7209694385528564,3.3621747493743896
2015-06-29,3.764460802078247,3.205794095993042
2015-06-30,3.61948823928833,3.1215896606445312
2015-07-01,3.4793479442596436,3.0433993339538574
2015-07-02,3.3295435905456543,2.977238416671753
2015-07-03,3.2183971405029297,2.8629605770111084
2015-07-06,3.3102128505706787,2.935136079788208
2015-07-07,3.402028799057007,2.965209484100342
2015-07-08,3.305379867553711,2.802814245223999
2015-07-10,3.2570550441741943,2.718609571456909
2015-07-13,3.402028799057007,2.9170920848846436
2015-07-14,3.1459100246429443,2.881004810333252
2015-07-15,3.1459100246429443,2.7907848358154297
2015-07-16,3.150744676589966,2.7607123851776123
2015-07-17,3.025099754333496,2.7005653381347656
2015-07-20,2.942949056625366,2.5923027992248535
2015-07-21,2.9864397048950195,2.44193696975708
2015-07-22,2.826969861984253,2.3577325344085693
2015-07-23,2.9042887687683105,2.4178783893585205
2015-07-24,2.8221375942230225,2.3817906379699707
2015-07-27,2.715824842453003,2.2855565547943115
2015-07-28,2.88979172706604,2.52614164352417
2015-07-29,2.8801262378692627,2.4960687160491943
2015-07-30,2.8028080463409424,2.490054130554199
2015-07-31,2.8463003635406494,2.616361141204834
2015-08-03,2.8463003635406494,2.616361141204834
2015-08-04,2.9284508228302,2.628389835357666
2015-08-05,3.015434741973877,2.6223764419555664
2015-08-06,2.9961044788360596,2.5381712913513184
2015-08-07,2.9042887687683105,2.4178783893585205
2015-08-10,2.913954257965088,2.4058492183685303
2015-08-11,2.8849589824676514,2.351717472076416
2015-08-12,2.807640552520752,2.393820285797119
2015-08-13,2.744819164276123,2.1772937774658203
2015-08-14,2.7061595916748047,2.0810599327087402
2015-08-17,2.768981456756592,2.0570008754730225
2015-08-18,2.715824842453003,1.9727963209152222
2015-08-19,2.6191763877868652,1.8705477714538574
2015-08-20,2.556354522705078,1.8946062326431274
2015-08-21,2.49353289604187,1.834459900856018
2015-08-24,2.3340628147125244,1.7081531286239624
2015-08-25,2.2119882106781006,1.648006796836853
2015-08-26,2.38289213180542,1.864533543586731
2015-08-27,2.6661055088043213,2.0930893421173096
2015-08-28,2.583094835281372,1.9968549013137817
2015-08-31,2.563563108444214,2.1051180362701416
2015-09-01,2.670987844467163,2.123161792755127
2015-09-02,2.939551830291748,2.2314250469207764
2015-09-03,2.8956050872802734,2.3156299591064453
2015-09-04,2.9639663696289062,2.4238932132720947
2015-09-08,3.0616257190704346,2.562229633331299
2015-09-09,3.0469777584075928,2.6043319702148438
2015-09-10,3.2813615798950195,2.802814245223999
2015-09-11,3.261829376220703,3.085501194000244
2015-09-14,3.0762763023376465,2.9591946601867676
2015-09-15,3.1153390407562256,2.9591946601867676
2015-09-16,3.1641693115234375,3.0975308418273926
2015-09-17,3.159285545349121,3.2599260807037354
2015-09-18,3.1202213764190674,3.4584076404571533
2015-09-21,3.0372109413146973,3.4042763710021973
2015-09-22,2.988381862640381,3.0794870853424072
2015-09-23,2.8809561729431152,2.4479517936706543
2015-09-24,2.9786150455474854,2.52614164352417
2015-09-25,2.9834980964660645,2.4118638038635254
2015-09-28,2.871190309524536,2.3817906379699707
2015-09-29,2.773531436920166,2.3637468814849854
2015-09-30,2.670987844467163,2.3577325344085693
2015-10-01,2.661221742630005,2.2193961143493652
2015-10-02,2.763765335083008,2.2735273838043213
2015-10-05,2.9102540016174316,2.4599809646606445
2015-10-06,2.934669017791748,2.6704928874969482
2015-10-07,3.139752149581909,2.8268728256225586
2015-10-08,3.256945848464966,3.0073115825653076
2015-10-09,3.2764763832092285,3.205794095993042
2015-10-13,3.0762763023376465,2.802814245223999
2015-10-14,3.081157684326172,2.6704928874969482
2015-10-15,3.1202213764190674,2.8208582401275635
2015-10-16,3.02744460105896,3.019341468811035
2015-10-19,2.9834980964660645,3.085501194000244
2015-10-20,2.9639663696289062,2.887019634246826
2015-10-21,3.0420944690704346,2.8148434162139893
2015-10-22,2.934669017791748,2.887019634246826
2015-10-23,2.812594175338745,2.9591946601867676
2015-10-26,2.788179874420166,2.9832534790039062
2015-10-27,2.7539987564086914,2.9591946601867676
2015-10-28,2.7539987564086914,2.9110779762268066
2015-10-29,2.651455879211426,2.5923027992248535
2015-10-30,2.651455879211426,2.610346794128418
2015-11-03,2.871190309524536,3.0433993339538574
2015-11-04,2.773531436920166,2.9832534790039062
2015-11-05,2.8272440433502197,2.977238416671753
2015-11-06,2.763765335083008,3.0073115825653076
2015-11-09,2.714935302734375,3.0433993339538574
2015-11-10,2.729689598083496,3.1035454273223877
2015-11-11,2.7346086502075195,3.211808919906616
2015-11-12,2.5723025798797607,3.2599260807037354
2015-11-13,2.5723025798797607,2.9471652507781982
2015-11-16,2.478853702545166,2.9591946601867676
2015-11-17,2.5919761657714844,2.9531795978546143
2015-11-18,2.6313226222991943,3.464423179626465
2015-11-19,2.8723220825195312,3.524569034576416
2015-11-23,2.8280577659606934,3.446378707885742
2015-11-24,3.0149545669555664,3.6268184185028076
2015-11-25,3.0739755630493164,3.668919801712036
2015-11-26,3.00019907951355,3.6208038330078125
2015-11-27,2.9657719135284424,3.5365982055664062
2015-11-30,3.00019907951355,3.308042049407959
2015-12-01,2.9116694927215576,3.0915160179138184
2015-12-02,2.9116694927215576,2.9952821731567383
2015-12-03,2.960852861404419,3.025355577468872
2015-12-04,2.6755878925323486,2.929121732711792
2015-12-07,2.606731414794922,2.9231069087982178
2015-12-08,2.4542617797851562,2.7366535663604736
2015-12-09,2.4296696186065674,2.796799898147583
2015-12-10,2.4591801166534424,2.7787554264068604
2015-12-11,2.405078172683716,2.712595224380493
2015-12-14,2.380486249923706,2.6704928874969482
2015-12-15,2.409996271133423,2.6524486541748047
2015-12-16,2.395242214202881,2.580273389816284
2015-12-17,2.3854048252105713,2.5862879753112793
2015-12-18,2.4247519969940186,2.520127296447754
2015-12-21,2.2870378494262695,2.4118638038635254
2015-12-22,2.3214657306671143,2.4178783893585205
2015-12-23,2.375568151473999,2.6043319702148438
2015-12-28,2.341139554977417,2.5501999855041504
2015-12-29,2.282119035720825,2.52614164352417
2015-12-30,2.2870378494262695,2.4058492183685303
2016-01-04,2.2329354286193848,2.3216447830200195
2016-01-05,2.1296496391296387,2.207366466522217
2016-01-06,1.9575077295303345,2.032942533493042
2016-01-07,1.868977427482605,1.9848253726959229
2016-01-08,1.9329153299331665,2.0570008754730225
2016-01-11,1.8591402769088745,2.026927947998047
2016-01-12,1.8050382137298584,1.9727963209152222
2016-01-13,1.6869981288909912,1.9246795177459717
2016-01-14,1.736181378364563,1.9848253726959229
2016-01-15,1.6968343257904053,1.9066357612609863
2016-01-18,1.7312623262405396,1.9246795177459717
2016-01-19,1.6919162273406982,1.9727963209152222
2016-01-20,1.6722418069839478,1.9367085695266724
2016-01-21,1.6279773712158203,1.9968549013137817
2016-01-22,1.6328951120376587,2.075045108795166
2016-01-26,1.6132224798202515,2.0570008754730225
2016-01-27,1.6525695323944092,2.0930893421173096
2016-01-28,1.6771609783172607,2.075045108795166
2016-01-29,1.7706093788146973,2.1351912021636963
2016-02-01,1.868977427482605,2.255483627319336
2016-02-02,1.8443851470947266,2.2675130367279053
2016-02-03,1.8296300172805786,2.2795419692993164
2016-02-04,2.0214459896087646,2.5020835399627686
2016-02-05,2.0558743476867676,2.6344048976898193
2016-02-10,2.070629358291626,2.616361141204834
2016-02-11,1.8296300172805786,2.3336737155914307
2016-02-12,1.8443851470947266,2.4178783893585205
2016-02-15,1.864058494567871,2.4659955501556396
2016-02-16,2.0165276527404785,2.664477825164795
2016-02-17,2.075547933578491,2.7366535663604736
2016-02-18,2.0116090774536133,2.7607123851776123
2016-02-19,2.0116090774536133,2.7847704887390137
2016-02-22,2.031282663345337,3.0794870853424072
2016-02-23,1.913241982460022,3.1396331787109375
2016-02-24,1.8542221784591675,3.1456480026245117
2016-02-25,1.7656916379928589,3.1396331787109375
2016-02-26,1.7165076732635498,3.0073115825653076
2016-02-29,1.736181378364563,3.12760329246521
2016-03-01,1.7706093788146973,3.247896671295166
2016-03-02,1.8443851470947266,3.3982622623443604
2016-03-03,1.9870176315307617,3.9095046520233154
2016-03-04,2.306711435317993,4.547054767608643
2016-03-07,2.43458890914917,4.950035095214844
2016-03-08,2.370649814605713,4.276397228240967
2016-03-09,2.409996271133423,4.101972579956055
2016-03-10,2.6411585807800293,4.408719062805176
2016-03-11,2.5231192111968994,4.246323585510254
2016-03-14,2.5968945026397705,4.1621198654174805
2016-03-15,2.336221218109131,3.650876522064209
2016-03-16,2.4591801166534424,4.035812854766846
2016-03-17,2.700179100036621,4.769596099853516
2016-03-18,2.8772411346435547,4.763581275939941
2016-03-21,2.8772411346435547,4.751552581787109
2016-03-22,3.0592195987701416,4.895903587341309
2016-03-23,2.8674044609069824,4.571113109588623
2016-03-24,2.9411795139312744,4.685391426086426
2016-03-28,3.044466018676758,4.691405773162842
2016-03-29,2.9903624057769775,4.4508209228515625
2016-03-30,3.3149757385253906,4.480894088745117
2016-03-31,3.216607093811035,4.288426399230957
2016-04-01,3.4625251293182373,4.420748233795166
2016-04-04,3.167424440383911,4.180163383483887
2016-04-05,3.2067723274230957,4.571113109588623
2016-04-06,3.0838112831115723,4.6192307472229
2016-04-07,3.0198721885681152,4.565099239349365
2016-04-08,3.3494043350219727,4.962063789367676
2016-04-11,3.5608925819396973,5.407145977020264
2016-04-12,3.8018929958343506,6.483764171600342
2016-04-13,4.096994400024414,7.819009304046631
2016-04-14,3.6740150451660156,6.892757415771484
2016-04-15,3.8609135150909424,7.169431686401367
2016-04-18,3.639585494995117,7.277695178985596
2016-04-19,3.9789531230926514,7.999449253082275
2016-04-20,4.003546714782715,8.215973854064941
2016-04-22,3.816648244857788,8.05959415435791
2016-04-25,3.5658111572265625,7.319796562194824
2016-04-26,3.7723822593688965,7.39798641204834
2016-04-27,3.9789531230926514,7.788936138153076
2016-04-28,3.816648244857788,7.794952392578125
2016-04-29,3.8412396907806396,7.903214931488037
2016-05-02,3.733035087585449,7.75886344909668
2016-05-03,3.4920363426208496,7.349870204925537
2016-05-04,3.614995241165161,7.079212188720703
2016-05-05,3.4477717876434326,6.628114700317383
2016-05-06,3.614995241165161,6.700289726257324
2016-05-09,3.3936686515808105,6.0266523361206055
2016-05-10,3.5313832759857178,6.297309875488281
2016-05-11,3.605159282684326,5.984548568725586
2016-05-12,3.4674441814422607,5.7920823097229
2016-05-13,3.2461187839508057,5.05228328704834
2016-05-16,3.0297093391418457,5.004167079925537
2016-05-17,2.9510152339935303,4.962063789367676
2016-05-18,2.9067511558532715,4.697420120239258
2016-05-19,2.7887113094329834,4.480894088745117
2016-05-20,2.857567071914673,4.378645420074463
2016-05-23,2.891995906829834,4.348572731018066
2016-05-24,2.7985472679138184,4.120016574859619
2016-05-25,2.8674044609069824,4.059870719909668
2016-05-27,2.7985472679138184,3.8674027919769287
2016-05-30,2.7542824745178223,3.9034907817840576
2016-05-31,2.7395262718200684,3.933563232421875
2016-06-01,2.7739551067352295,3.831315279006958
2016-06-02,2.8280577659606934,4.095958232879639
2016-06-03,3.005117654800415,4.414732933044434
2016-06-06,3.1231584548950195,4.4448065757751465
2016-06-07,3.103484869003296,4.204221725463867
2016-06-08,3.196934223175049,4.895903587341309
2016-06-09,3.039546489715576,4.5350260734558105
2016-06-10,2.8821585178375244,4.180163383483887
2016-06-13,2.8378937244415283,4.210236072540283
2016-06-14,2.7788734436035156,4.011753082275391
2016-06-15,2.8821585178375244,4.234294891357422
2016-06-16,2.936260938644409,4.354587554931641
2016-06-17,2.887078046798706,4.408719062805176
2016-06-20,2.8772411346435547,4.474880695343018
2016-06-21,2.8378937244415283,4.498937606811523
2016-06-22,2.852649211883545,4.462850093841553
2016-06-23,3.0739755630493164,4.8598151206970215
2016-06-24,2.8821585178375244,4.432776927947998
2016-06-27,2.8182213306427,4.390675067901611
2016-06-28,2.8280577659606934,4.516982078552246
2016-06-29,2.852649211883545,4.703434944152832
2016-06-30,2.896914482116699,4.703434944152832
2016-07-01,3.044466018676758,5.268809795379639
2016-07-04,3.0985682010650635,5.593599796295166
2016-07-05,2.9510152339935303,5.178589820861816
2016-07-06,3.0198721885681152,5.449248790740967
2016-07-07,2.955934762954712,5.13648796081543
2016-07-08,3.0297093391418457,5.449248790740967
2016-07-11,3.0838112831115723,5.497365474700928
2016-07-12,3.2657909393310547,5.7559943199157715
2016-07-13,3.413341522216797,5.798097133636475
2016-07-14,3.339566707611084,5.882301330566406
2016-07-15,3.413341522216797,6.164989948272705
2016-07-18,3.506791591644287,6.303325176239014
2016-07-19,3.457608461380005,6.261221885681152
2016-07-20,3.3592395782470703,6.164989948272705
2016-07-21,3.403505802154541,6.495793342590332
2016-07-22,3.585484504699707,6.543910026550293
2016-07-25,3.605159282684326,6.604056358337402
2016-07-26,3.73795485496521,6.742391586303711
2016-07-27,3.895341396331787,6.826597213745117
2016-07-28,3.846158266067505,6.826597213745117
2016-07-29,3.8117294311523438,6.6581878662109375
2016-08-01,3.8904237747192383,6.423617839813232
2016-08-02,3.7281179428100586,6.03868293762207
2016-08-03,3.8609135150909424,6.381515026092529
2016-08-04,4.057646751403809,6.549924373626709
2016-08-05,4.215035915374756,6.628114700317383
2016-08-08,4.0084638595581055,6.459705352783203
2016-08-09,4.101912975311279,6.579997539520264
2016-08-10,4.2297892570495605,6.315353870391846
2016-08-11,4.45111608505249,6.604056358337402
2016-08-12,4.456034183502197,6.483764171600342
2016-08-15,4.775728225708008,6.706304550170898
2016-08-16,4.716709136962891,6.333398818969727
2016-08-17,4.87901496887207,6.219120502471924
2016-08-18,5.085585594177246,6.122887134552002
2016-08-19,5.056074142456055,6.06875467300415
2016-08-22,4.756056308746338,5.563526153564453
2016-08-23,4.795524597167969,5.647731304168701
2016-08-24,4.494569778442383,5.250765800476074
2016-08-25,4.5044379234313965,5.310912609100342
2016-08-26,4.538973808288574,5.292868137359619
2016-08-29,4.588310718536377,5.443234920501709
2016-08-30,4.538973808288574,5.274825096130371
2016-08-31,4.479769229888916,5.172575950622559
2016-09-01,4.415632247924805,5.292868137359619
2016-09-02,4.672182083129883,5.834184169769287
2016-09-05,4.75605583190918,5.840199947357178
2016-09-06,4.741254806518555,5.69584846496582
2016-09-08,4.820192337036133,5.563526153564453
2016-09-09,4.573508262634277,5.2026495933532715
2016-09-12,4.6771159172058105,5.286853790283203
2016-09-13,4.2676215171813965,4.895903587341309
2016-09-14,4.3120245933532715,4.968079090118408
2016-09-15,4.2972235679626465,4.974094390869141
2016-09-16,4.139345645904541,4.817713260650635
2016-09-19,4.154146671295166,5.112429618835449
2016-09-20,4.094942092895508,5.106414794921875
2016-09-21,4.32682466506958,5.32895565032959
2016-09-22,4.292289733886719,5.353014945983887
2016-09-23,4.287357330322266,5.238737106323242
2016-09-26,4.282422065734863,5.214678764343262
2016-09-27,4.257753372192383,5.178589820861816
2016-09-28,4.460033893585205,5.593599796295166
2016-09-29,4.450167179107666,5.449248790740967
2016-09-30,4.37122917175293,5.467291831970215
2016-10-03,4.440300464630127,5.719907760620117
2016-10-04,4.366293907165527,5.665774822235107
2016-10-05,4.479769229888916,5.810126304626465
2016-10-06,4.5932440757751465,5.912374019622803
2016-10-07,4.770856857299805,5.984548568725586
2016-10-10,4.810326099395752,6.134916305541992
2016-10-11,4.686983585357666,6.134916305541992
2016-10-13,4.617912769317627,5.942446708679199
2016-10-14,4.657382011413574,6.146945953369141
2016-10-17,4.706717491149902,6.195061683654785
2016-10-18,4.943533897399902,6.381515026092529
2016-10-19,5.0076727867126465,6.207090854644775
2016-10-20,5.04714298248291,6.128900051116943
2016-10-21,5.249422073364258,6.134916305541992
2016-10-24,5.224753379821777,6.267237186431885
2016-10-25,5.20008659362793,6.429631233215332
2016-10-26,5.234621047973633,6.357456207275391
2016-10-27,5.279023170471191,6.507822513580322
2016-10-28,5.412233352661133,6.519852161407471
2016-10-31,5.4369001388549805,6.459705352783203
2016-11-01,5.209951877593994,6.1589741706848145
2016-11-03,5.0126051902771,5.8462138175964355
2016-11-04,5.131013870239258,5.810126304626465
2016-11-07,5.481305122375488,6.201076984405518
2016-11-08,5.584911346435547,6.3454270362854
2016-11-09,5.9401350021362305,6.519852161407471
2016-11-10,6.167083263397217,6.766451358795166
2016-11-11,5.964802265167236,6.267237186431885
2016-11-14,6.586446762084961,6.592027187347412
2016-11-16,6.216420650482178,6.315353870391846
2016-11-17,6.320029258728027,6.357456207275391
2016-11-18,6.561776638031006,6.531880855560303
2016-11-21,6.680184841156006,6.892757415771484
2016-11-22,6.961820602416992,7.211533546447754
2016-11-23,7.100166320800781,7.692702770233154
2016-11-24,6.917352676391602,7.560381889343262
2016-11-25,7.016172409057617,7.752849578857422
2016-11-28,7.223692417144775,8.023506164550781
2016-11-29,6.848178386688232,7.656615257263184
2016-11-30,6.695008277893066,7.476177215576172
2016-12-01,6.398550033569336,7.013051509857178
2016-12-02,6.373846530914307,7.163416862487793
2016-12-05,6.447959899902344,7.121314525604248
2016-12-06,6.472663402557373,7.211533546447754
2016-12-07,6.779004096984863,7.235591411590576
2016-12-08,6.709831714630127,7.0070366859436035
2016-12-09,6.359022617340088,6.796524524688721
2016-12-12,5.988449573516846,6.640143871307373
2016-12-13,5.775987148284912,6.592027187347412
2016-12-14,5.385651588439941,6.381515026092529
2016-12-15,5.657405376434326,6.573984146118164
2016-12-16,5.395533561706543,6.447676181793213
2016-12-19,5.207777500152588,6.06875467300415
2016-12-20,5.247304916381836,5.942446708679199
2016-12-21,5.32636022567749,5.912374019622803
2016-12-22,5.099077224731445,5.774039268493652
2016-12-23,5.089195728302002,5.984548568725586
2016-12-26,5.247304916381836,6.110857009887695
2016-12-27,5.425179481506348,6.453690528869629
2016-12-28,5.321419715881348,6.507822513580322
2016-12-29,5.336243152618408,6.525867462158203
2017-01-02,5.356007099151611,6.531880855560303
2017-01-03,5.509175777435303,6.86870002746582
2017-01-04,5.444942951202393,6.802539348602295
2017-01-05,5.830338954925537,7.037109375
2017-01-06,5.795752048492432,6.784493446350098
2017-01-09,5.800693511962891,6.88674259185791
2017-01-10,5.919277667999268,7.037109375
2017-01-11,6.225616931915283,7.127329349517822
2017-01-12,6.324435710906982,7.446103572845459
2017-01-13,6.452902317047119,7.349870204925537
2017-01-16,6.522075653076172,7.428060054779053
2017-01-17,6.418312072753906,7.337839603424072
2017-01-18,6.230556488037109,7.169431686401367
2017-01-19,5.978569507598877,7.049138069152832
2017-01-20,6.037858963012695,7.193490028381348
2017-01-23,6.27008581161499,7.464146614074707
2017-01-24,6.205851078033447,7.452118873596191
2017-01-26,6.171265125274658,7.295738697052002
2017-01-27,6.210793972015381,7.277695178985596
2017-01-30,5.948922634124756,6.898773193359375
2017-01-31,6.02797794342041,6.946889877319336
2017-02-01,6.136681079864502,7.013051509857178
2017-02-02,6.289848327636719,7.295738697052002
2017-02-03,6.275026798248291,6.9649338722229
2017-02-06,6.126796245574951,6.694276332855225
2017-02-07,6.092209339141846,6.838627815246582
2017-02-08,6.042801856994629,6.826597213745117
2017-02-09,6.176205158233643,6.820582866668701
2017-02-10,6.368903160095215,7.39197301864624
2017-02-13,6.57148551940918,7.566397190093994
2017-02-14,6.492430210113525,7.4701619148254395
2017-02-15,6.60113000869751,7.6084980964660645
2017-02-16,6.650538921356201,7.536322116851807
2017-02-17,6.5813679695129395,7.524293899536133
2017-02-20,6.6455979347229,7.638571262359619
2017-02-21,6.754300594329834,7.6084980964660645
2017-02-22,6.477604866027832,7.488205432891846
2017-02-23,6.329377174377441,7.21754789352417
2017-02-24,6.398550033569336,7.205519199371338
2017-03-01,6.57148551940918,7.289722442626953
2017-03-02,6.457841873168945,7.061166763305664
2017-03-03,6.596188545227051,7.205519199371338
2017-03-06,6.477604866027832,6.946889877319336
2017-03-07,6.433136940002441,6.796524524688721
2017-03-08,5.998332977294922,6.381515026092529
2017-03-09,5.904452323913574,6.321368217468262
2017-03-10,5.8846893310546875,6.477749824523926
2017-03-13,6.111975193023682,6.646159648895264
2017-03-14,6.136681079864502,6.453690528869629
2017-03-15,6.457841873168945,6.86870002746582
2017-03-16,6.334319591522217,6.682246685028076
2017-03-17,6.0971503257751465,6.393544673919678
2017-03-20,6.24537992477417,6.586012840270996
2017-03-21,5.800693511962891,5.996580123901367
2017-03-22,5.800693511962891,6.014623165130615
2017-03-23,5.657405376434326,5.942446708679199
2017-03-24,5.509175777435303,5.888317108154297
2017-03-27,5.440003871917725,6.128900051116943
2017-03-28,5.435063362121582,5.852227687835693
2017-03-29,5.464706897735596,5.834184169769287
2017-03-30,5.2868332862854,5.533453464508057
2017-03-31,5.380712032318115,5.4793219566345215
2017-04-03,5.306595802307129,5.395116806030273
2017-04-04,5.385651588439941,5.587584495544434
2017-04-05,5.262128829956055,5.316926956176758
2017-04-06,5.173189163208008,5.2086639404296875
2017-04-07,5.212717533111572,5.256779670715332
2017-04-10,5.113898754119873,5.0823564529418945
2017-04-11,4.955787181854248,5.04626989364624
2017-04-12,4.703799247741699,4.60720157623291
2017-04-13,4.669212818145752,4.4508209228515625
2017-04-17,4.753208160400391,4.595171928405762
2017-04-18,4.629684925079346,4.396689414978027
2017-04-19,4.595097541809082,4.270382404327393
2017-04-20,4.718621730804443,4.48690938949585
2017-04-24,4.772972583770752,4.4387922286987305
2017-04-25,4.861909866333008,4.583142280578613
2017-04-26,4.8470869064331055,4.775610446929932
2017-04-27,4.7828545570373535,4.571113109588623
2017-04-28,4.8421454429626465,4.661333084106445
2017-05-02,4.965669631958008,4.769596099853516
2017-05-03,4.723562240600586,4.571113109588623
2017-05-04,4.619802951812744,4.2583537101745605
2017-05-05,4.604979991912842,4.4508209228515625
2017-05-08,4.540748596191406,4.306469917297363
2017-05-09,4.728504657745361,4.4508209228515625
2017-05-10,4.8470869064331055,4.547054767608643
2017-05-11,4.926141738891602,4.510967254638672
2017-05-12,4.753208160400391,4.366616725921631
2017-05-15,4.9310832023620605,4.631259918212891
2017-05-16,5.113898754119873,4.685391426086426
2017-05-17,5.054606914520264,4.498937606811523
2017-05-18,4.446868896484375,3.8734171390533447
2017-05-19,4.723562240600586,4.150090217590332
2017-05-22,4.644508361816406,4.1621198654174805
2017-05-23,4.861909866333008,4.204221725463867
2017-05-24,4.772972583770752,4.138060569763184
2017-05-25,4.713681221008301,4.180163383483887
2017-05-26,4.718621730804443,4.192192554473877
2017-05-29,4.718621730804443,4.192192554473877
2017-05-30,4.911318302154541,4.31850004196167
2017-05-31,4.713681221008301,4.126031398773193
2017-06-01,4.703799247741699,4.023782730102539
2017-06-02,4.723562240600586,4.059870719909668
2017-06-05,4.664271354675293,3.981680154800415
2017-06-06,4.6790947914123535,3.9696507453918457
2017-06-07,4.614861488342285,3.8914613723754883
2017-06-08,4.728504657745361,3.9696507453918457
2017-06-09,4.777913570404053,4.035812854766846
2017-06-12,4.703799247741699,3.915519952774048
2017-06-13,4.68403434753418,3.8734171390533447
2017-06-14,4.560510635375977,3.8914613723754883
2017-06-15,4.560510635375977,3.8914613723754883
2017-06-16,4.456750392913818,3.753124713897705
2017-06-19,4.550627708435059,3.753124713897705
2017-06-20,4.461690902709961,3.6208038330078125
2017-06-21,4.540748596191406,3.6869640350341797
2017-06-22,4.624743461608887,3.807255744934082
2017-06-23,4.792736053466797,3.8373289108276367
2017-06-26,4.955787181854248,3.921535015106201
2017-06-27,4.926141738891602,4.144075393676758
2017-06-28,5.074371814727783,4.3004560470581055
2017-06-29,5.020022869110107,4.132046222686768
2017-06-30,5.079311847686768,4.31850004196167
2017-07-03,5.138604640960693,4.384660720825195
2017-07-04,5.11884069442749,4.336543560028076
2017-07-05,5.232481002807617,4.246323585510254
2017-07-06,5.301655292510986,4.246323585510254
2017-07-07,5.316478729248047,4.324514389038086
2017-07-10,5.444942951202393,4.372631072998047
2017-07-11,5.410358428955078,4.655318260192871
2017-07-12,5.444942951202393,4.763581275939941
2017-07-13,5.395533561706543,4.649303436279297
2017-07-14,5.405416965484619,4.673362731933594
2017-07-17,5.444942951202393,4.691405773162842
2017-07-18,5.351065158843994,4.625245571136475
2017-07-19,5.464706897735596,4.721478462219238
2017-07-20,5.3708295822143555,4.547054767608643
2017-07-21,5.281890392303467,4.432776927947998
2017-07-24,5.4152984619140625,4.571113109588623
2017-07-25,5.504233360290527,4.703434944152832
2017-07-26,5.212717533111572,4.492924213409424
2017-07-27,5.222600936889648,4.432776927947998
2017-07-28,5.232481002807617,4.498937606811523
2017-07-31,5.267068862915039,4.583142280578613
2017-08-01,5.217658519744873,4.5350260734558105
2017-08-02,5.3708295822143555,4.613216400146484
2017-08-03,5.390593528747559,4.5350260734558105
2017-08-04,5.523999214172363,4.715465068817139
2017-08-07,5.726577281951904,5.124459266662598
2017-08-08,5.667288780212402,5.220693588256836
2017-08-09,5.6178765296936035,5.070327281951904
2017-08-10,5.662347316741943,4.907933235168457
2017-08-11,5.578349590301514,5.094386577606201
2017-08-14,5.533882141113281,5.040254592895508
2017-08-15,5.420240879058838,4.895903587341309
2017-08-16,5.573409080505371,4.877859592437744
2017-08-17,5.553646087646484,4.8477864265441895
2017-08-18,5.523999214172363,4.895903587341309
2017-08-21,5.459766387939453,4.8056840896606445
2017-08-22,5.623114585876465,4.8538007736206055
2017-08-23,5.761712551116943,4.968079090118408
2017-08-24,5.727062702178955,5.160546779632568
2017-08-25,5.6775641441345215,5.148518085479736
2017-08-28,5.70231294631958,5.118444442749023
2017-08-29,5.667665004730225,5.142502784729004
2017-08-30,5.850809097290039,5.142502784729004
2017-08-31,5.865660190582275,5.2267069816589355
2017-09-01,6.231955528259277,5.57555627822876
2017-09-04,6.390353679656982,5.689834117889404
2017-09-05,6.246802806854248,5.810126304626465
2017-09-06,6.390353679656982,5.912374019622803
2017-09-07,6.390353679656982,5.912374019622803
2017-09-08,6.048808574676514,6.014623165130615
2017-09-11,6.118106842041016,6.315353870391846
2017-09-12,6.038907051086426,6.393544673919678
2017-09-13,5.954759120941162,6.267237186431885
2017-09-14,5.910208225250244,6.249194622039795
2017-09-15,6.019108295440674,6.525867462158203
2017-09-18,6.068607330322266,6.748407363891602
2017-09-19,5.890411376953125,6.555938243865967
2017-09-20,5.855759620666504,6.3454270362854
2017-09-21,5.717162132263184,6.1589741706848145
2017-09-22,5.598364353179932,5.8462138175964355
2017-09-25,5.430068016052246,5.653745651245117
2017-09-26,5.499365329742432,5.7078776359558105
2017-09-27,5.524115562438965,5.57555627822876
2017-09-28,5.375617504119873,5.461277008056641
2017-09-29,5.464716911315918,5.78005313873291
2017-10-02,5.44491720199585,5.942446708679199
2017-10-03,5.642912864685059,6.531880855560303
2017-10-04,5.62806510925293,6.471734523773193
2017-10-05,5.484516143798828,6.333398818969727
2017-10-06,5.326119422912598,6.164989948272705
2017-10-09,5.296419620513916,5.954476833343506
2017-10-10,5.5191650390625,6.014623165130615
2017-10-11,5.45481538772583,5.804112434387207
2017-10-12,5.45481538772583,5.804112434387207
2017-10-13,5.662712574005127,6.146945953369141
2017-10-16,5.652815818786621,6.092813491821289
2017-10-17,5.60331392288208,5.9364333152771
2017-10-18,5.77161169052124,5.960492134094238
2017-10-19,5.801312446594238,5.930418968200684
2017-10-20,5.781510829925537,6.110857009887695
2017-10-23,5.756761074066162,5.918389320373535
2017-10-24,5.94981050491333,6.0266523361206055
2017-10-25,5.964659214019775,5.954476833343506
2017-10-26,5.811211585998535,5.737950801849365
2017-10-27,5.732013702392578,5.449248790740967
2017-10-30,5.568664073944092,5.142502784729004
2017-10-31,5.420167922973633,5.070327281951904
2017-11-01,5.281569480895996,4.907933235168457
2017-11-02,5.281569480895996,4.907933235168457
2017-11-03,5.336019515991211,4.79966926574707
2017-11-06,5.425116062164307,5.05228328704834
2017-11-07,5.232069969177246,4.835756778717041
2017-11-08,5.296419620513916,4.974094390869141
2017-11-09,5.182570934295654,4.721478462219238
2017-11-10,5.088521480560303,4.6192307472229
2017-11-13,5.167721271514893,4.7335076332092285
2017-11-14,4.92517614364624,4.456835746765137
2017-11-15,4.92517614364624,4.456835746765137
2017-11-16,5.073671817779541,4.420748233795166
2017-11-17,5.217220306396484,4.643289566040039
2017-11-20,5.217220306396484,4.643289566040039
2017-11-21,5.212270259857178,4.595171928405762
2017-11-22,5.306587219238281,4.769596099853516
2017-11-23,5.386013031005859,4.841772079467773
2017-11-24,5.3463006019592285,4.769596099853516
2017-11-27,5.490257263183594,4.8116984367370605
2017-11-28,5.450544357299805,4.679377555847168
2017-11-29,5.51011323928833,4.5229973793029785
2017-11-30,5.500186443328857,4.426762104034424
2017-12-01,5.485293865203857,4.468864917755127
2017-12-04,5.604432106018066,4.5229973793029785
2017-12-05,5.52500581741333,4.366616725921631
2017-12-06,5.52500581741333,4.510967254638672
2017-12-07,5.594503402709961,4.396689414978027
2017-12-08,5.807960033416748,4.432776927947998
2017-12-11,5.877455234527588,4.504952430725098
2017-12-12,5.956881046295166,4.655318260192871
2017-12-13,5.8327789306640625,4.595171928405762
2017-12-14,5.877455234527588,4.595171928405762
2017-12-15,5.98666524887085,4.673362731933594
2017-12-18,5.9469523429870605,4.516982078552246
2017-12-19,6.0114850997924805,4.456835746765137
2017-12-20,6.0909104347229,4.679377555847168
2017-12-21,6.200119972229004,4.781625747680664
2017-12-22,6.1753010749816895,4.841772079467773
2017-12-25,6.1753010749816895,4.841772079467773
2017-12-26,6.140552043914795,4.8538007736206055
2017-12-27,6.1306233406066895,5.022210121154785
2017-12-28,6.145515441894531,5.040254592895508
2017-12-29,6.145515441894531,5.040254592895508
2018-01-02,6.438396453857422,5.220693588256836
2018-01-03,6.428465843200684,5.41316032409668
2018-01-04,6.775951862335205,5.581569671630859
2018-01-05,6.691562175750732,5.7078776359558105
2018-01-08,6.924875736236572,5.984548568725586
2018-01-09,6.9645867347717285,6.146945953369141
2018-01-10,6.870268821716309,6.164989948272705
2018-01-11,7.431206226348877,6.525867462158203
2018-01-12,7.431206226348877,6.321368217468262
2018-01-15,7.356748104095459,6.483764171600342
2018-01-16,7.178040027618408,6.303325176239014
2018-01-17,7.446099758148193,6.555938243865967
2018-01-18,7.217755317687988,6.339412212371826
2018-01-19,7.02911901473999,6.423617839813232
2018-01-22,6.939768314361572,6.465719223022461
2018-01-23,6.805736064910889,6.171002388000488
2018-01-24,7.019191265106201,6.531880855560303
2018-01-25,7.019191265106201,6.531880855560303
2018-01-26,7.416316509246826,6.543910026550293
2018-01-29,7.257467269897461,6.447676181793213
2018-01-30,7.307108402252197,6.513836860656738
2018-01-31,7.148255825042725,6.610070705413818
2018-02-01,7.257467269897461,6.688261985778809
2018-02-02,7.232645511627197,6.477749824523926
2018-02-05,6.820628643035889,6.104842662811279
2018-02-06,7.232645511627197,6.339412212371826
2018-02-07,6.979475975036621,6.1168718338012695
2018-02-08,6.8305535316467285,6.03868293762207
2018-02-09,6.9645867347717285,5.948462963104248
2018-02-14,7.42624568939209,6.465719223022461
2018-02-15,7.446099758148193,6.351442337036133
2018-02-16,7.9077582359313965,6.393544673919678
2018-02-19,8.304885864257812,6.453690528869629
2018-02-20,8.016968727111816,6.273252010345459
2018-02-21,8.091429710388184,6.231149673461914
2018-02-22,7.99711275100708,6.152958869934082
2018-02-23,8.250280380249023,6.171002388000488
2018-02-26,8.453807830810547,6.543910026550293
2018-02-27,8.265174865722656,6.399559497833252
2018-02-28,8.250280380249023,6.104842662811279
2018-03-01,8.513378143310547,5.834184169769287
2018-03-02,8.389276504516602,5.5394673347473145
2018-03-05,8.473663330078125,5.461277008056641
2018-03-06,8.101359367370605,5.461277008056641
2018-03-07,8.304885864257812,5.443234920501709
2018-03-08,7.957400798797607,5.166561126708984
2018-03-09,8.007040977478027,5.371058464050293
2018-03-12,8.156241416931152,5.425190448760986
2018-03-13,8.101533889770508,5.334970951080322
2018-03-14,7.982176780700684,5.298882961273193
2018-03-15,7.72853422164917,5.130473613739014
2018-03-16,7.683776378631592,5.118444442749023
2018-03-19,7.474893569946289,4.968079090118408
2018-03-20,7.828002452850342,5.064312934875488
2018-03-21,7.947362899780273,5.3409857749938965
2018-03-22,7.639017581939697,5.232722282409668
2018-03-23,7.504734992980957,5.154532432556152
2018-03-26,7.6141486167907715,5.154532432556152
2018-03-27,7.514683723449707,5.05228328704834
2018-03-28,7.4351091384887695,5.004167079925537
2018-03-29,7.708643436431885,5.292868137359619
2018-04-02,7.778268337249756,5.377072811126709
2018-04-03,7.823029041290283,5.286853790283203
2018-04-04,7.6340436935424805,5.172575950622559
2018-04-05,8.146292686462402,5.334970951080322
2018-04-06,8.02196216583252,5.184605598449707
2018-04-09,7.862815856933594,5.04626989364624
2018-04-10,8.026933670043945,5.142502784729004
2018-04-11,7.967253684997559,5.286853790283203
2018-04-12,8.181106567382812,5.32895565032959
2018-04-13,8.161213874816895,5.268809795379639
2018-04-16,8.136346817016602,5.124459266662598
2018-04-17,8.355175018310547,5.2267069816589355
2018-04-18,8.62372875213623,5.5514960289001465
2018-04-19,8.539185523986816,5.57555627822876
2018-04-20,8.429773330688477,5.467291831970215
2018-04-23,8.320358276367188,5.4913506507873535
2018-04-24,8.335280418395996,5.4913506507873535
2018-04-25,8.340252876281738,5.497365474700928
2018-04-26,8.464585304260254,5.545482635498047
2018-04-27,8.295494079589844,5.353014945983887
2018-04-30,8.280573844909668,5.280839920043945
2018-05-02,8.076667785644531,5.359029293060303
2018-05-03,8.201000213623047,5.160546779632568
2018-05-04,8.3750638961792,5.232722282409668
2018-05-07,8.136346817016602,5.094386577606201
2018-05-08,8.12142562866211,5.094386577606201
2018-05-09,8.633676528930664,5.232722282409668
2018-05-10,8.877370834350586,5.407145977020264
2018-05-11,8.827638626098633,5.581569671630859
2018-05-14,8.807744026184082,5.725921154022217
2018-05-15,8.842559814453125,5.653745651245117
2018-05-16,9.076305389404297,5.762009620666504
2018-05-17,8.93208122253418,5.59961462020874
2018-05-18,8.832612037658691,5.57555627822876
2018-05-21,8.539185523986816,5.443234920501709
2018-05-22,8.444252014160156,5.527438640594482
2018-05-23,8.254379272460938,5.232722282409668
2018-05-24,8.264372825622559,5.172575950622559
2018-05-25,7.919608116149902,4.913948059082031
2018-05-28,7.4249444007873535,4.420748233795166
2018-05-29,7.5348687171936035,4.60720157623291
2018-05-30,7.394962787628174,4.631259918212891
2018-06-01,7.724741458892822,4.673362731933594
2018-06-04,7.929601192474365,5.371058464050293
2018-06-05,8.069507598876953,5.377072811126709
2018-06-06,7.949586868286133,5.238737106323242
2018-06-07,7.414948463439941,5.148518085479736
2018-06-08,7.155128479003906,4.889888763427734
2018-06-11,7.095170497894287,4.8477864265441895
2018-06-12,7.255063056945801,5.088371276855469
2018-06-13,7.230076789855957,5.05228328704834
2018-06-14,7.1301445960998535,4.931991100311279
2018-06-15,7.015224933624268,4.727493762969971
2018-06-18,7.04520320892334,4.727493762969971
2018-06-19,7.015224933624268,4.79966926574707
2018-06-20,7.364985466003418,4.817713260650635
2018-06-21,6.990240573883057,4.541040420532227
2018-06-22,7.125147819519043,4.643289566040039
2018-06-25,6.9302802085876465,4.577128887176514
2018-06-26,6.72542142868042,4.5350260734558105
2018-06-27,6.775387763977051,4.5229973793029785
2018-06-28,6.960259914398193,4.565099239349365
2018-06-29,6.950268745422363,4.727493762969971
2018-07-02,6.955265998840332,4.679377555847168
2018-07-03,7.140137195587158,4.703434944152832
2018-07-04,7.285040378570557,4.829741954803467
2018-07-05,7.5748419761657715,4.7094502449035645
2018-07-06,7.754721164703369,4.793653964996338
2018-07-10,7.619812965393066,4.793653964996338
2018-07-11,7.4399333000183105,4.553069591522217
2018-07-12,7.844658851623535,4.817713260650635
2018-07-13,7.749722003936768,4.823727607727051
2018-07-16,7.859648704528809,4.781625747680664
2018-07-17,8.074503898620605,4.944020748138428
2018-07-18,8.12946605682373,4.8658294677734375
2018-07-19,7.97956657409668,4.781625747680664
2018-07-20,8.11947250366211,4.931991100311279
2018-07-23,8.144454002380371,4.925976276397705
2018-07-24,8.38429069519043,5.238737106323242
2018-07-25,8.319334030151367,5.262794494628906
2018-07-26,8.124467849731445,5.2086639404296875
2018-07-27,8.41426944732666,5.593599796295166
2018-07-30,8.55417537689209,5.4853363037109375
2018-07-31,8.334325790405273,5.521424770355225
2018-08-01,8.194422721862793,5.5514960289001465
2018-08-02,8.314339637756348,5.749980449676514
2018-08-03,8.539185523986816,5.804112434387207
2018-08-06,8.419266700744629,5.743964672088623
2018-08-07,8.334325790405273,5.786067485809326
2018-08-08,8.594149589538574,5.76802396774292
2018-08-09,8.389287948608398,5.69584846496582
2018-08-10,8.029533386230469,5.509394645690918
2018-08-13,7.949586868286133,5.76802396774292
2018-08-14,8.144454002380371,5.737950801849365
2018-08-15,7.754721164703369,5.437219142913818
2018-08-16,7.754721164703369,5.401130676269531
2018-08-17,7.819676876068115,5.419175624847412
2018-08-20,8.099485397338867,5.677804946899414
2018-08-21,7.969572067260742,5.4793219566345215
2018-08-22,8.176248550415039,5.68381929397583
2018-08-23,7.964533805847168,5.058298110961914
2018-08-24,8.00990104675293,5.184605598449707
2018-08-27,8.12079906463623,5.232722282409668
2018-08-28,8.1712064743042,5.106414794921875
2018-08-29,8.216575622558594,5.172575950622559
2018-08-30,8.02502155303955,5.2086639404296875
2018-08-31,8.085511207580566,5.280839920043945
2018-09-03,7.989736557006836,5.322941303253174
2018-09-04,7.868757247924805,5.04626989364624
2018-09-05,7.853634834289551,4.992137432098389
2018-09-06,7.994777679443359,5.022210121154785
2018-09-10,7.858675003051758,5.13648796081543
2018-09-11,7.662082195281982,4.913948059082031
2018-09-12,7.707450866699219,4.998151779174805
2018-09-13,7.702410697937012,4.980108261108398
2018-09-14,7.692327976226807,5.112429618835449
2018-09-17,7.878839492797852,5.196634769439697
2018-09-18,8.40308666229248,5.371058464050293
2018-09-19,8.458535194396973,5.377072811126709
2018-09-20,8.468616485595703,5.310912609100342
2018-09-21,8.569435119628906,5.473307132720947
2018-09-24,8.347638130187988,5.286853790283203
2018-09-25,8.801313400268555,5.587584495544434
2018-09-26,8.624882698059082,5.593599796295166
2018-09-27,8.655129432678223,5.563526153564453
2018-09-28,8.66520881652832,5.617658615112305
2018-10-01,8.40812873840332,5.59961462020874
2018-10-02,8.473657608032227,5.822155952453613
2018-10-03,8.31235122680664,5.78005313873291
2018-10-04,8.1712064743042,5.78005313873291
2018-10-05,7.964533805847168,5.641716480255127
2018-10-08,7.868757247924805,5.834184169769287
2018-10-09,8.080471992492676,5.954476833343506
2018-10-10,7.8385114669799805,5.611642837524414
2018-10-11,7.934286117553711,5.497365474700928
2018-10-15,7.82843017578125,5.617658615112305
2018-10-16,8.16616439819336,6.092813491821289
2018-10-17,8.115756034851074,6.074770450592041
2018-10-18,7.808265686035156,5.900345325469971
2018-10-19,7.616714000701904,5.8943305015563965
2018-10-22,7.959493637084961,6.014623165130615
2018-10-23,7.9040422439575195,5.834184169769287
2018-10-24,7.546140670776367,5.5514960289001465
2018-10-25,7.747776985168457,5.593599796295166
2018-10-26,7.959493637084961,5.593599796295166
2018-10-29,7.883880615234375,5.365043640136719
2018-10-30,7.964533805847168,5.581569671630859
2018-10-31,8.196410179138184,5.7559943199157715
2018-11-01,8.27706527709961,5.816140174865723
2018-11-05,8.539189338684082,5.960492134094238
2018-11-06,8.56439208984375,5.840199947357178
2018-11-07,8.317392349243164,5.9063591957092285
2018-11-08,8.105676651000977,5.8943305015563965
2018-11-09,8.125838279724121,5.762009620666504
2018-11-12,7.783062934875488,5.617658615112305
2018-11-13,7.707450866699219,5.5514960289001465
2018-11-14,7.6368794441223145,5.545482635498047
2018-11-16,8.181289672851562,5.804112434387207
2018-11-19,8.140961647033691,5.67179012298584
2018-11-21,7.737696647644043,5.455262184143066
2018-11-22,7.819037914276123,5.383088111877441
2018-11-23,7.585177898406982,5.190619945526123
2018-11-26,7.524171352386475,5.0823564529418945
2018-11-27,7.473333358764648,5.148518085479736
2018-11-28,7.661438465118408,5.2086639404296875
2018-11-29,7.6766886711120605,5.280839920043945
2018-11-30,7.869875431060791,5.334970951080322
2018-12-03,8.210495948791504,5.521424770355225
2018-12-04,8.037646293640137,5.359029293060303
2018-12-05,8.134242057800293,5.377072811126709
2018-12-06,8.042728424072266,5.407145977020264
2018-12-07,7.966471195220947,5.2267069816589355
2018-12-10,7.793619155883789,5.100399971008301
2018-12-11,7.869875431060791,5.214678764343262
2018-12-12,7.829207420349121,5.4853363037109375
2018-12-13,7.798701763153076,5.455262184143066
2018-12-14,7.69194221496582,5.461277008056641
2018-12-17,7.6766886711120605,5.587584495544434
2018-12-18,7.737696647644043,5.569540977478027
2018-12-19,7.702108383178711,5.563526153564453
2018-12-20,7.397075653076172,5.377072811126709
2018-12-21,7.47841739654541,5.298882961273193
2018-12-26,7.519089698791504,5.190619945526123
2018-12-27,7.330982685089111,5.148518085479736
2018-12-28,7.534339427947998,5.316926956176758
2019-01-02,7.727527141571045,5.5394673347473145
2019-01-03,7.6766886711120605,5.605628490447998
2019-01-04,7.8800458908081055,5.864258289337158
2019-01-07,7.900379180908203,5.876287460327148
2019-01-08,7.910547733306885,5.8943305015563965
2019-01-09,8.134242057800293,5.942446708679199
2019-01-10,7.9257988929748535,6.002594470977783
2019-01-11,7.737696647644043,5.930418968200684
2019-01-14,7.727527141571045,5.876287460327148
2019-01-15,7.575008392333984,5.786067485809326
2019-01-16,7.590261459350586,5.97853422164917
2019-01-17,7.651270389556885,5.9665069580078125
2019-01-18,7.874959468841553,5.918389320373535
2019-01-21,7.8800458908081055,5.972522258758545
2019-01-22,7.864792823791504,5.888317108154297
2019-01-23,7.956302642822266,6.207090854644775
2019-01-24,8.129156112670898,6.2371649742126465
2019-01-28,7.9512200355529785,5.882301330566406
2019-01-29,7.9512200355529785,6.03868293762207
2019-01-30,8.210495948791504,6.2431793212890625
2019-01-31,7.956302642822266,6.134916305541992
2019-02-01,8.032562255859375,6.074770450592041
2019-02-04,8.129156112670898,5.954476833343506
2019-02-05,8.093567848205566,5.942446708679199
2019-02-06,7.793619155883789,5.59961462020874
2019-02-07,7.742780685424805,5.725921154022217
2019-02-08,7.803785800933838,5.924404144287109
2019-02-11,7.854623317718506,5.786067485809326
2019-02-12,7.8800458908081055,5.942446708679199
2019-02-13,7.946135997772217,6.002594470977783
2019-02-14,7.996973037719727,6.092813491821289
2019-02-15,7.869875431060791,6.0988287925720215
2019-02-18,7.905463218688965,6.189046859741211
2019-02-19,7.900379180908203,6.110857009887695
2019-02-20,8.032562255859375,6.339412212371826
2019-02-21,7.6766886711120605,6.9348602294921875
2019-02-22,7.717360496520996,7.458134174346924
2019-02-25,7.7631144523620605,7.87915563583374
2019-02-26,7.869875431060791,7.933287143707275
2019-02-27,7.844455718994141,7.626543045043945
2019-02-28,7.697024345397949,7.86712646484375
2019-03-01,7.6411004066467285,8.330253601074219
2019-03-06,7.6411004066467285,9.112154006958008
2019-03-07,7.53874397277832,8.865553855895996
2019-03-08,7.528507709503174,8.276121139526367
2019-03-11,7.6257476806640625,8.757290840148926
2019-03-12,7.508033752441406,8.522720336914062
2019-03-13,7.666689395904541,9.316651344299316
2019-03-14,7.554096698760986,9.262519836425781
2019-03-15,7.7332234382629395,9.388827323913574
2019-03-18,7.943061828613281,9.80383586883545
2019-03-19,8.111952781677246,9.430930137634277
2019-03-20,7.994239807128906,9.563251495361328
2019-03-21,8.014711380004883,9.370782852172852
2019-03-22,7.646218299865723,8.997875213623047
2019-03-25,7.6103949546813965,8.961788177490234
2019-03-26,7.799757957458496,9.527162551879883
2019-03-27,7.497799396514893,9.03997802734375
2019-03-28,7.615512371063232,9.430930137634277
2019-03-29,7.74857759475708,9.773762702941895
2019-04-01,8.229663848876953,10.176742553710938
2019-04-02,8.229663848876953,10.152685165405273
2019-04-03,8.188725471496582,10.303049087524414
2019-04-04,8.2910795211792,10.21282958984375
2019-04-05,8.07101058959961,10.11058235168457
2019-04-08,8.111952781677246,10.315077781677246
2019-04-09,7.984003067016602,10.056447982788086
2019-04-10,7.948179721832275,9.689558029174805
2019-04-11,7.774167537689209,9.382811546325684
2019-04-12,7.6820454597473145,9.713615417480469
2019-04-15,7.5643310546875,9.755719184875488
2019-04-16,7.717870712280273,9.394840240478516
2019-04-17,7.666689395904541,9.232447624206543
2019-04-18,7.641102313995361,9.184329986572266
2019-04-22,7.651336669921875,8.937729835510254
2019-04-23,7.53874397277832,9.136211395263672
2019-04-24,7.4722113609313965,8.87156867980957
2019-04-25,7.461971282958984,8.727218627929688
2019-04-26,7.354496479034424,8.919686317443848
2019-04-29,7.364732265472412,8.691131591796875
2019-04-30,7.24190092086792,8.745262145996094
2019-05-02,7.165132999420166,8.354312896728516
2019-05-03,7.282846450805664,9.023782730102539
2019-05-06,7.206077575683594,8.985918045043945
2019-05-07,7.2777276039123535,8.94805908203125
2019-05-08,7.421029090881348,9.004851341247559
2019-05-09,7.2879638671875,8.992229461669922
2019-05-10,7.24190092086792,9.080574989318848
2019-05-13,7.067890644073486,8.651473045349121
2019-05-14,7.1395416259765625,9.042713165283203
2019-05-15,7.124188423156738,9.042713165283203
2019-05-16,7.032065391540527,9.459195137023926
2019-05-17,7.032065391540527,9.711609840393066
2019-05-20,7.088653087615967,9.711609840393066
2019-05-21,7.3510026931762695,10.48777961730957
2019-05-22,7.3510026931762695,10.815916061401367
2019-05-23,7.17609977722168,10.69602108001709
2019-05-24,7.124660491943359,10.872710227966309
2019-05-27,7.109226703643799,11.48481273651123
2019-05-28,7.273840427398682,10.998916625976562
2019-05-29,7.227542877197266,10.544572830200195
2019-05-30,7.17609977722168,10.664468765258789
2019-05-31,7.134946823120117,10.437299728393555
2019-06-03,7.170958042144775,10.147021293640137
2019-06-04,7.1298065185546875,10.595056533813477
2019-06-05,7.052639961242676,10.210124969482422
2019-06-06,7.021778106689453,10.47515869140625
2019-06-07,7.150380611419678,10.46884822845459
2019-06-10,7.278984546661377,10.879020690917969
2019-06-11,7.495038986206055,11.49743366241455
2019-06-12,7.438453674316406,10.853778839111328
2019-06-13,7.536192417144775,10.80329704284668
2019-06-14,7.381868839263916,10.582435607910156
2019-06-17,7.309845924377441,10.330020904541016
2019-06-18,7.582489490509033,10.658157348632812
2019-06-19,7.695663928985596,10.47515869140625
2019-06-21,7.829408645629883,10.412055969238281
2019-06-24,7.7831130027771,10.374195098876953
2019-06-25,7.587634563446045,10.147021293640137
2019-06-26,7.762534141540527,10.197504043579102
2019-06-27,7.711095333099365,10.393123626708984
2019-06-28,7.819122314453125,10.544572830200195
2019-07-01,7.731668472290039,10.721261978149414
2019-07-02,7.53104829788208,10.367883682250977
2019-07-03,7.659651756286621,10.651847839355469
2019-07-04,7.87056303024292,10.677088737487793
2019-07-05,7.906572341918945,10.538261413574219
2019-07-08,7.896283149719238,10.879020690917969
2019-07-10,7.875707626342773,10.879020690917969
2019-07-11,7.685373306274414,10.841156959533691
2019-07-12,7.572201251983643,10.771743774414062
2019-07-15,7.680230140686035,10.91688060760498
2019-07-16,7.608212471008301,11.106193542480469
2019-07-17,7.515614986419678,10.897953033447266
2019-07-18,7.453886985778809,11.112504005432129
2019-07-19,7.376726150512695,11.087261199951172
2019-07-22,7.206965923309326,10.95474624633789
2019-07-23,7.232686996459961,10.778055191040039
2019-07-24,7.124660491943359,10.355264663696289
2019-07-25,7.05778694152832,10.304780006408691
2019-07-26,7.078361988067627,10.380504608154297
2019-07-29,7.150380611419678,10.330020904541016
2019-07-30,7.248119831085205,10.348952293395996
2019-07-31,7.073218822479248,10.430987358093262
2019-08-01,6.944614410400391,10.241676330566406
2019-08-02,6.980622291564941,10.008193969726562
2019-08-05,6.7388482093811035,9.408713340759277
2019-08-06,6.733705520629883,9.35822868347168
2019-08-07,6.671974182128906,9.206782341003418
2019-08-08,6.8880295753479,9.433953285217285
2019-08-09,6.8365864753723145,9.24464225769043
2019-08-12,6.651398658752441,9.16260814666748
2019-08-13,6.826297283172607,9.452885627746582
2019-08-14,6.538225173950195,9.061643600463867
2019-08-15,6.317025184631348,8.771368026733398
2019-08-16,6.522792816162109,8.903884887695312
2019-08-19,6.341747760772705,8.752436637878418
2019-08-20,6.367612361907959,9.067953109741211
2019-08-21,6.491758346557617,8.8660249710083
2019-08-22,6.522794246673584,8.683023452758789
2019-08-23,6.357268333435059,8.594679832458496
2019-08-26,6.212429523468018,8.537884712219238
2019-08-27,6.08828592300415,8.430610656738281
2019-08-28,6.160703182220459,8.46847152709961
2019-08-29,6.481410980224609,8.966988563537598
2019-08-30,6.657286167144775,9.061643600463867
2019-09-02,6.548657417297363,9.055334091186523
2019-09-03,6.507274627685547,8.790299415588379
2019-09-04,6.507274627685547,8.910194396972656
2019-09-05,6.553830146789551,8.992229461669922
2019-09-06,6.429685592651367,8.878645896911621
2019-09-09,6.781431198120117,9.16260814666748
2019-09-10,6.993509769439697,9.402400970458984
2019-09-11,6.843502521514893,9.143678665161133
2019-09-12,7.040064334869385,9.345608711242676
2019-09-13,7.01420259475708,9.206782341003418
2019-09-16,6.983165264129639,9.074263572692871
2019-09-17,7.024548530578613,9.250954627990723
2019-09-18,6.946955680847168,9.042713165283203
2019-09-19,6.93143892288208,8.960678100585938
2019-09-20,6.8538498878479,9.017472267150879
2019-09-23,6.833155155181885,9.131057739257812
2019-09-24,6.698664665222168,8.763136863708496
2019-09-25,6.781431198120117,8.917780876159668
2019-09-26,6.791774272918701,8.788908958435059
2019-09-27,6.740045070648193,8.621380805969238
2019-09-30,6.80729341506958,8.524727821350098
2019-10-01,6.771084308624268,8.51828384399414
2019-10-02,6.517621040344238,8.228326797485352
2019-10-03,6.610730171203613,8.428074836730957
2019-10-04,6.740045070648193,8.569831848144531
2019-10-07,6.610730171203613,8.370084762573242
2019-10-08,6.491758346557617,8.009249687194824
2019-10-09,6.476237773895264,8.009249687194824
2019-10-10,6.714183807373047,8.434517860412598
2019-10-11,6.874537467956543,8.582717895507812
2019-10-14,6.8538498878479,8.531169891357422
2019-10-15,6.977993488311768,8.776023864746094
2019-10-16,6.905576229095459,8.511839866638184
2019-10-17,6.93143892288208,8.563387870788574
2019-10-18,6.80729341506958,8.408744812011719
2019-10-21,6.843502521514893,8.627822875976562
2019-10-22,6.869366645812988,8.730918884277344
2019-10-23,6.884883880615234,8.653596878051758
2019-10-24,6.7245306968688965,8.060794830322266
2019-10-25,6.848674774169922,7.809500217437744
2019-10-28,6.833155155181885,7.867491722106934
2019-10-29,6.781431198120117,7.745065689086914
2019-10-30,6.921092987060547,7.6033101081848145
2019-10-31,6.946955680847168,7.6033101081848145
2019-11-01,7.195247173309326,7.687074661254883
2019-11-04,7.552165508270264,7.796614170074463
2019-11-05,7.629754066467285,7.931925296783447
2019-11-06,7.619410991668701,7.925485134124756
2019-11-07,7.929771900177002,8.11878776550293
2019-11-08,7.888389587402344,7.925485134124756
2019-11-11,7.903909683227539,7.867491722106934
2019-11-12,7.929839611053467,7.629083156585693
2019-11-13,7.945399761199951,7.268247127532959
2019-11-14,8.007637023925781,7.371343612670898
2019-11-18,7.914281368255615,7.371343612670898
2019-11-19,7.935026168823242,7.474438667297363
2019-11-21,8.531450271606445,7.757952690124512
2019-11-22,8.655921936035156,7.796614170074463
2019-11-25,8.712970733642578,7.957701683044434
2019-11-26,8.951539993286133,8.29276180267334
2019-11-27,9.034520149230957,8.157448768615723
2019-11-28,8.904864311218262,8.12523078918457
2019-11-29,8.816695213317871,8.09301471710205
2019-12-02,9.050080299377441,8.55694580078125
2019-12-03,8.842625617980957,8.234769821166992
2019-12-04,8.951539993286133,8.46029281616211
2019-12-05,8.972284317016602,8.363640785217285
2019-12-06,9.127872467041016,8.58916187286377
2019-12-09,8.91004753112793,8.479622840881348
2019-12-10,9.164178848266602,8.58916187286377
2019-12-11,9.127872467041016,8.801796913146973
2019-12-12,9.28864860534668,9.085309982299805
2019-12-13,9.58945083618164,9.136858940124512
2019-12-16,9.392374038696289,9.027318954467773
2019-12-17,9.345698356628418,8.94355297088623
2019-12-18,9.24715805053711,8.846901893615723
2019-12-19,9.47535514831543,8.846901893615723
2019-12-20,9.931750297546387,8.898449897766113
2019-12-23,10.092523574829102,9.362380027770996
2019-12-26,10.315533638000488,9.343048095703125
2019-12-27,10.310346603393555,8.995101928710938
2019-12-30,10.372583389282227,9.091753959655762
2020-01-02,10.766741752624512,9.465476036071777
2020-01-03,10.590407371520996,9.394598960876465
2020-01-06,10.564476013183594,9.16263198852539
2020-01-07,10.730437278747559,9.16263198852539
2020-01-08,10.771925926208496,9.149744987487793
2020-01-09,10.714879989624023,9.053094863891602
2020-01-10,10.860095024108887,9.156188011169434
2020-01-13,11.326860427856445,9.710328102111816
2020-01-14,11.109040260314941,9.555684089660645
2020-01-15,10.943075180053711,9.426814079284668
2020-01-16,11.046801567077637,9.510579109191895
2020-01-17,11.1868314743042,9.523466110229492
2020-01-20,11.549875259399414,9.729659080505371
2020-01-21,11.30611515045166,9.446146011352539
2020-01-22,11.446146965026855,10.103379249572754
2020-01-23,11.492823600769043,9.980953216552734
2020-01-24,11.238692283630371,9.607233047485352
2020-01-27,10.346652030944824,8.859786987304688
2020-01-28,10.476309776306152,8.788908958435059
2020-01-29,10.445191383361816,8.608492851257324
2020-01-30,10.75637149810791,8.640710830688477
2020-01-31,10.398513793945312,8.312090873718262
2020-02-03,10.657828330993652,8.389413833618164
2020-02-04,11.114224433898926,8.537614822387695
2020-02-05,11.098664283752441,8.569831848144531
2020-02-06,11.015684127807617,8.51828384399414
2020-02-07,10.502238273620605,8.196109771728516
2020-02-10,10.336278915405273,7.835275173187256
2020-02-11,10.937891006469727,8.196109771728516
2020-02-12,11.03642749786377,8.363640785217285
2020-02-13,10.984563827514648,8.370084762573242
2020-02-14,10.631897926330566,8.157448768615723
2020-02-17,10.735624313354492,8.434517860412598
2020-02-18,10.642271995544434,8.582717895507812
2020-02-19,10.59559440612793,8.71803092956543
2020-02-20,10.128829002380371,8.51828384399414
2020-02-21,9.905817985534668,8.46029281616211
2020-02-26,8.868558883666992,7.538874626159668
2020-02-27,8.863372802734375,7.294021129608154
2020-02-28,8.780391693115234,7.203812599182129
2020-03-02,8.993408203125,7.957701683044434
2020-03-03,9.071340560913086,7.841717720031738
2020-03-04,9.523348808288574,7.9383697509765625
2020-03-05,9.055754661560059,7.699961185455322
2020-03-06,8.390727996826172,7.1587090492248535
2020-03-09,6.884034156799316,5.348090171813965
2020-03-10,7.450341701507568,6.037543296813965
2020-03-11,6.593087673187256,5.167673587799072
2020-03-12,5.507228374481201,4.239811420440674
2020-03-13,6.468393325805664,5.122568607330322
2020-03-16,5.553987979888916,4.639307498931885
2020-03-17,5.621529579162598,4.993699073791504
2020-03-18,4.940918922424316,4.323576927185059
2020-03-19,4.982483386993408,4.098054885864258
2020-03-20,4.805835723876953,3.9691848754882812
2020-03-23,4.4889116287231445,3.7372193336486816
2020-03-24,4.9461140632629395,3.7372193336486816
2020-03-25,5.465663909912109,4.2204813957214355
2020-03-26,5.678680419921875,4.5748724937438965
2020-03-27,5.2474541664123535,4.362237930297852
2020-03-30,5.081196308135986,4.549098014831543
2020-03-31,5.221477031707764,4.497550964355469
2020-04-01,4.972092628479004,4.407341480255127
2020-04-02,5.216280460357666,4.49110746383667
2020-04-03,4.8473992347717285,4.027176380157471
2020-04-06,5.039633274078369,4.2204813957214355
2020-04-07,5.36175537109375,4.478219985961914
2020-04-08,5.741026878356934,4.774620056152344
2020-04-09,5.559183597564697,4.61997652053833
2020-04-13,5.834545135498047,4.7230730056762695
2020-04-14,6.0059967041015625,4.793951034545898
2020-04-15,5.876108646392822,4.697299480438232
2020-04-16,6.016386985778809,4.793951034545898
2020-04-17,6.390463829040527,4.890603065490723
2020-04-20,6.156665325164795,4.716629505157471
2020-04-22,6.078733444213867,4.72951602935791
2020-04-23,6.198229789733887,4.832611560821533
2020-04-24,5.678680419921875,4.561985969543457
2020-04-27,5.881302833557129,4.6715240478515625
2020-04-28,6.224206447601318,5.032359600067139
2020-04-29,6.47359037399292,5.8184638023376465
2020-04-30,6.099514007568359,5.773359775543213
2020-05-04,5.959237575531006,5.302985668182373
2020-05-05,5.98001766204834,5.129012107849121
2020-05-06,6.0475592613220215,5.2192206382751465
2020-05-07,6.468393325805664,5.476513862609863
2020-05-08,6.754149913787842,5.489415168762207
2020-05-11,6.494373321533203,5.173338413238525
2020-05-12,6.302138805389404,5.083030700683594
2020-05-13,6.042365074157715,4.85081148147583
2020-05-14,6.099514007568359,5.412009239196777
2020-05-15,5.673483371734619,5.083030700683594
2020-05-18,6.141078472137451,5.341053009033203
2020-05-19,6.130687713623047,5.637777805328369
2020-05-20,6.1930341720581055,5.528119087219238
2020-05-21,6.260577201843262,5.495865821838379
2020-05-22,6.0267767906188965,5.482964515686035
2020-05-25,6.421635627746582,5.573272228240967
2020-05-26,6.208619117736816,5.502316951751709
2020-05-27,6.889230251312256,6.095767021179199
2020-05-28,7.029510498046875,6.198975563049316
2020-05-29,6.977555274963379,6.6569647789001465
2020-06-01,7.0243144035339355,6.676315784454346
2020-06-02,7.4607367515563965,6.934338092803955
2020-06-03,7.969894886016846,6.837580680847168
2020-06-04,7.980287075042725,6.766624450683594
2020-06-05,7.88157320022583,6.856931686401367
2020-06-08,8.053024291992188,8.030930519104004
2020-06-09,7.772465705871582,7.772907733917236
2020-06-10,7.450341701507568,7.405227184295654
2020-06-12,7.211352348327637,7.011744022369385
2020-06-15,7.039898872375488,6.844029426574707
2020-06-16,7.68933629989624,7.289118766784668
2020-06-17,7.647773265838623,7.198810577392578
2020-06-18,7.949113845825195,7.514886379241943
2020-06-19,8.027045249938965,7.231063365936279
2020-06-22,7.907548904418945,7.173008441925049
2020-06-23,8.058218955993652,7.340722560882568
2020-06-24,8.177712440490723,7.147205829620361
2020-06-25,8.136150360107422,7.179458141326904
2020-06-26,7.88676643371582,6.908535003662109
2020-06-29,8.151735305786133,6.80532693862915
2020-06-30,8.3179931640625,6.889184474945068
2020-07-01,8.042630195617676,6.831129550933838
2020-07-02,8.198495864868164,7.005292892456055
2020-07-03,8.162128448486328,6.908535003662109
2020-07-06,8.390727996826172,7.224613666534424
2020-07-07,8.1933012008667,7.0568976402282715
2020-07-08,8.29201602935791,7.327820301055908
2020-07-09,8.338775634765625,7.147205829620361
2020-07-10,8.364751815795898,7.243965148925781
2020-07-13,8.44787883758545,7.527787685394287
2020-07-14,8.624528884887695,7.863217353820801
2020-07-15,8.598548889160156,7.695502758026123
2020-07-16,8.43748950958252,7.540687561035156
2020-07-17,8.473859786987305,7.676149845123291
2020-07-20,8.473859786987305,7.656799793243408
2020-07-21,8.390727996826172,7.52133846282959
2020-07-22,8.697264671325684,7.618098258972168
2020-07-23,8.515421867370605,7.514886379241943
2020-07-24,8.905082702636719,7.489084720611572
2020-07-27,9.268770217895508,7.895469665527344
2020-07-28,9.21161937713623,7.934172630310059
2020-07-29,9.346699714660645,8.385710716247559
2020-07-30,9.216814041137695,8.24379825592041
2020-07-31,9.066144943237305,7.901920318603516
2020-08-03,9.092122077941895,8.398612976074219
2020-08-04,9.081731796264648,8.230896949768066
2020-08-05,9.622064590454102,8.463117599487305
2020-08-06,9.383070945739746,8.456665992736816
2020-08-07,9.149271011352539,8.3534574508667
2020-08-10,9.486980438232422,9.01141357421875
2020-08-11,9.429828643798828,8.979162216186523
2020-08-12,9.409046173095703,8.90820598602295
2020-08-13,9.279159545898438,8.83079719543457
2020-08-14,9.346699714660645,8.824348449707031
2020-08-17,9.362289428710938,8.992061614990234
2020-08-18,10.126026153564453,9.559710502624512
2020-08-19,10.401388168334961,9.604865074157715
2020-08-20,10.53127670288086,9.553258895874023
2020-08-21,10.22474193572998,9.340391159057617
2020-08-24,10.167590141296387,9.38554573059082
2020-08-25,10.157197952270508,9.572612762451172
2020-08-26,10.152002334594727,9.424248695373535
2020-08-27,10.001335144042969,9.643567085266113
2020-08-28,10.18317699432373,9.837082862854004
2020-08-31,9.918205261230469,9.811281204223633
2020-09-01,10.390996932983398,9.978996276855469
2020-09-02,10.281892776489258,9.843533515930176
2020-09-03,10.068875312805176,9.695171356201172
2020-09-04,10.349432945251465,9.656468391418457
2020-09-08,10.229936599731445,9.714523315429688
2020-09-09,10.666357040405273,10.198315620422363
2020-09-10,10.313064575195312,9.920940399169922
2020-09-11,10.34423542022705,10.32087516784668
2020-09-14,10.536471366882324,10.449886322021484
2020-09-15,11.144343376159668,10.701457023620605
2020-09-16,11.00926399230957,10.520841598510742
2020-09-17,11.139148712158203,10.791765213012695
2020-09-18,10.889765739440918,10.578897476196289
2020-09-21,10.697532653808594,10.469237327575684
2020-09-22,10.765071868896484,10.824018478393555
2020-09-23,10.728703498840332,10.39183235168457
2020-09-24,10.744290351867676,10.204764366149902
2020-09-25,10.655964851379395,10.26282024383545
2020-09-28,10.671553611755371,10.153160095214844
2020-09-29,10.500102996826172,9.882238388061523
2020-09-30,10.806639671325684,10.643403053283691
2020-10-01,10.780659675598145,10.669205665588379
2020-10-02,10.702726364135742,10.824018478393555
2020-10-05,11.326186180114746,11.430368423461914
2020-10-06,11.274230003356934,11.404566764831543
2020-10-07,11.637917518615723,11.61098575592041
2020-10-08,11.559983253479004,11.514226913452148
2020-10-09,11.326186180114746,11.456172943115234
2020-10-13,11.419706344604492,11.810949325561523
2020-10-14,11.4872465133667,11.869007110595703
2020-10-15,11.778197288513184,12.54631519317627
2020-10-16,11.856128692626953,12.597917556762695
2020-10-19,11.819757461547852,12.681775093078613
2020-10-20,11.949642181396484,13.339733123779297
2020-10-21,11.980816841125488,13.507445335388184
2020-10-22,12.043161392211914,13.49454402923584
2020-10-23,12.095118522644043,13.849324226379395
2020-10-26,11.980816841125488,13.694509506225586
2020-10-27,12.266571998596191,13.842872619628906
2020-10-28,11.544397354125977,13.33327865600586
2020-10-29,11.689870834350586,13.584853172302246
2020-10-30,11.331381797790527,13.24942398071289
2020-11-03,12.043161392211914,14.442773818969727
2020-11-04,11.575569152832031,13.829974174499512
2020-11-05,11.611940383911133,13.533248901367188
2020-11-06,11.69506549835205,13.397787094116211
2020-11-09,11.491355895996094,13.513894081115723
2020-11-10,10.880223274230957,12.907546043395996
2020-11-11,10.932456970214844,12.868842124938965
2020-11-12,10.801875114440918,12.591469764709473
2020-11-13,10.932456970214844,12.443105697631836
2020-11-16,10.963798522949219,12.739830017089844
2020-11-17,11.172731399536133,12.868842124938965
2020-11-18,10.953351974487305,12.655972480773926
2020-11-19,11.09438419342041,13.088160514831543
2020-11-23,11.517470359802246,13.771918296813965
2020-11-24,11.815203666687012,14.597586631774902
2020-11-25,11.77341365814209,14.9652681350708
2020-11-26,11.99802303314209,15.642578125
2020-11-27,11.888331413269043,15.487762451171875
2020-11-30,11.804758071899414,15.165234565734863
2020-12-01,12.43155574798584,15.455511093139648
2020-12-02,12.243515968322754,15.55226993560791
2020-12-03,11.742074966430664,14.978169441223145
2020-12-04,11.98235034942627,16.84238052368164
2020-12-07,12.154720306396484,16.93268394470215
2020-12-08,12.050252914428711,16.939136505126953
2020-12-09,11.820428848266602,16.655309677124023
2020-12-10,12.013690948486328,18.403411865234375
2020-12-11,11.99279499053955,18.222797393798828
2020-12-14,11.914447784423828,17.551939010620117
2020-12-15,12.43155574798584,18.158288955688477
2020-12-16,12.421112060546875,18.300201416015625
2020-12-17,12.74496078491211,18.977510452270508
2020-12-18,12.969560623168945,19.609663009643555
2020-12-21,12.73973274230957,19.906387329101562
2020-12-22,12.655576705932617,19.55160903930664
2020-12-23,12.75025463104248,19.906387329101562
2020-12-28,12.744994163513184,20.022499084472656
2020-12-29,12.887019157409668,20.996532440185547
2020-12-30,12.8607177734375,20.54499053955078
2021-01-04,13.69705867767334,22.041519165039062
2021-01-05,14.028435707092285,22.441452026367188
2021-01-06,14.701720237731934,23.389680862426758
2021-01-07,15.538060188293457,24.853954315185547
2021-01-08,15.306623458862305,25.002317428588867
2021-01-11,14.885823249816895,24.454023361206055
2021-01-12,14.475540161132812,24.56368064880371
2021-01-13,13.996880531311035,23.383230209350586
2021-01-14,14.580741882324219,24.11859703063965
2021-01-15,13.718098640441895,22.164081573486328
2021-01-18,13.9127197265625,22.60271644592285
2021-01-19,13.50243854522705,21.312606811523438
2021-01-20,13.223655700683594,21.35131072998047
2021-01-21,13.160539627075195,21.557727813720703
2021-01-22,13.339376449584961,21.918960571289062
2021-01-26,12.65031623840332,21.286806106567383
2021-01-27,12.439913749694824,20.719158172607422
2021-01-28,12.776558876037598,21.377111434936523
2021-01-29,12.229513168334961,19.609663009643555
2021-02-01,12.224257469177246,20.441783905029297
2021-02-02,12.08223819732666,19.738672256469727
2021-02-03,12.376794815063477,20.112804412841797
2021-02-04,12.197957038879395,20.061201095581055
2021-02-05,12.729218482971191,21.538373947143555
2021-02-08,12.624013900756836,22.325342178344727
2021-02-09,12.702916145324707,22.8671875
2021-02-10,12.397836685180664,22.183427810668945
2021-02-11,12.681876182556152,21.299707412719727
2021-02-12,12.681876182556152,21.177146911621094
2021-02-17,12.865974426269531,21.789945602416992
2021-02-18,12.829155921936035,22.035066604614258
2021-02-19,13.097416877746582,22.744626998901367
2021-02-22,13.034296989440918,23.08005714416504
2021-02-23,13.533995628356934,22.976848602294922
2021-02-24,14.275663375854492,23.963783264160156
2021-02-25,13.691797256469727,22.415651321411133
2021-02-26,13.607636451721191,21.20294761657715
2021-03-01,14.028435707092285,21.91250991821289
2021-03-02,14.217794418334961,22.473703384399414
2021-03-03,14.170459747314453,22.847837448120117
2021-03-04,14.154678344726562,22.712373733520508
2021-03-05,14.52813720703125,23.867021560668945
2021-03-08,14.180978775024414,23.544498443603516
2021-03-09,14.375597953796387,22.68012046813965
2021-03-10,14.186235427856445,22.02861976623535
2021-03-11,14.722760200500488,24.04764175415039
2021-03-12,14.532517433166504,24.266958236694336
2021-03-15,15.055685997009277,23.11231231689453
2021-03-16,15.208940505981445,23.83477210998535
2021-03-17,15.3886137008667,24.279857635498047
2021-03-18,15.119098663330078,23.892826080322266
2021-03-19,15.134955406188965,22.970396041870117
2021-03-22,14.675198554992676,22.576913833618164
2021-03-23,14.035767555236816,21.609329223632812
2021-03-24,14.146744728088379,21.480318069458008
2021-03-25,14.358126640319824,21.589982986450195
2021-03-26,15.11381721496582,22.667221069335938
2021-03-29,15.325197219848633,23.499343872070312
2021-03-30,15.56828784942627,23.783164978027344
2021-03-31,15.9699125289917,24.447574615478516
2021-04-01,15.526013374328613,23.738014221191406
2021-04-05,15.557718276977539,24.383068084716797
2021-04-06,15.92763614654541,25.26679229736328
2021-04-07,16.22885513305664,25.731231689453125
2021-04-08,16.281696319580078,26.511751174926758
2021-04-09,16.445526123046875,27.795408248901367
2021-04-12,16.498371124267578,28.305002212524414
2021-04-13,16.87885856628418,29.079065322875977
2021-04-14,17.116661071777344,30.001489639282227
2021-04-15,17.238203048706055,30.349822998046875
2021-04-16,17.190643310546875,30.962629318237305
2021-04-19,17.18007469177246,30.594942092895508
2021-04-20,17.053247451782227,30.098247528076172
2021-04-22,17.597557067871094,31.427061080932617
2021-04-23,17.713815689086914,31.627029418945312
2021-04-26,18.126012802124023,33.23322296142578
2021-04-27,18.19470977783203,32.89133834838867
2021-04-28,18.321535110473633,33.1364631652832
2021-04-29,18.173572540283203,32.40755081176758
2021-04-30,17.555280685424805,31.730241775512695
2021-05-03,17.174785614013672,31.26148223876953
2021-05-04,17.254058837890625,31.47067642211914
2021-05-05,18.205280303955078,32.48395919799805
2021-05-06,19.034950256347656,33.013484954833984
2021-05-07,19.21991539001465,33.098472595214844
2021-05-10,19.225196838378906,33.170379638671875
2021-05-11,19.896333694458008,33.84372329711914
2021-05-12,19.367876052856445,32.30744934082031
2021-05-13,18.828855514526367,31.333389282226562
2021-05-14,18.289831161499023,30.725421905517578
2021-05-17,18.92604637145996,31.647180557250977
2021-05-18,19.171974182128906,32.170169830322266
2021-05-19,18.963472366333008,30.888851165771484
2021-05-20,18.337953567504883,30.85616683959961
2021-05-21,18.108057022094727,29.875572204589844
2021-05-24,17.584115982055664,29.56831169128418
2021-05-25,17.21521759033203,28.862281799316406
2021-05-26,17.4023380279541,29.365657806396484
2021-05-27,17.691043853759766,29.39180564880371
2021-05-28,17.455801010131836,29.18260955810547
2021-05-31,17.60015106201172,29.365657806396484
2021-06-01,18.24171257019043,30.99344825744629
2021-06-02,17.85143280029297,30.45738983154297
2021-06-04,17.354223251342773,29.82326889038086
2021-06-07,17.04947853088379,28.940732955932617
2021-06-08,16.755430221557617,28.633474349975586
2021-06-09,17.145713806152344,29.274131774902344
2021-06-10,17.183137893676758,29.306825637817383
2021-06-11,17.64292335510254,29.744823455810547
2021-06-14,17.161752700805664,29.49639892578125
2021-06-15,16.979978561401367,29.091089248657227
2021-06-16,16.113868713378906,27.71825408935547
2021-06-17,15.504386901855469,26.34541130065918
2021-06-18,15.547157287597656,27.06451988220215
2021-06-21,15.96951961517334,27.482908248901367
2021-06-22,15.932092666625977,27.7901611328125
2021-06-23,15.926749229431152,28.22162628173828
2021-06-24,16.4506893157959,29.15645980834961
2021-06-25,16.488117218017578,28.47003936767578
2021-06-28,16.343761444091797,28.064729690551758
2021-06-29,16.178024291992188,29.21529769897461
2021-06-30,15.83051586151123,28.757686614990234
2021-07-01,15.477656364440918,28.3915958404541
2021-07-02,15.910709381103516,29.463716506958008
2021-07-05,15.86794376373291,29.78404426574707
2021-07-06,15.803783416748047,29.149930953979492
2021-07-07,16.039016723632812,30.15667152404785
2021-07-08,15.557848930358887,28.82305908203125
2021-07-12,16.258222579956055,30.601213455200195
2021-07-13,16.322376251220703,30.908466339111328
2021-07-14,16.108522415161133,29.679452896118164
2021-07-15,16.0015926361084,30.267807006835938
2021-07-16,15.750317573547363,29.22183609008789
2021-07-19,15.777050018310547,28.8295955657959
2021-07-20,15.841208457946777,29.13684844970703
2021-07-21,16.199411392211914,29.78404426574707
2021-07-22,16.338417053222656,30.006317138671875
2021-07-23,16.434650421142578,29.90172004699707
2021-07-26,17.001361846923828,30.96076774597168
2021-07-27,16.391878128051758,30.646968841552734
2021-07-28,16.429304122924805,29.79058265686035
2021-07-29,16.787508010864258,31.464139938354492
2021-07-30,16.46673011779785,30.561988830566406
2021-08-02,16.429304122924805,30.130596160888672
2021-08-03,16.867704391479492,30.20451545715332
2021-08-04,16.899784088134766,30.527055740356445
2021-08-05,16.434650421142578,29.317529678344727
2021-08-06,16.766122817993164,29.176416397094727
2021-08-09,16.552268981933594,29.115942001342773
2021-08-10,16.969284057617188,29.425037384033203
2021-08-11,17.151060104370117,29.633344650268555
2021-08-12,16.915821075439453,29.310806274414062
2021-08-13,16.744739532470703,28.632131576538086
2021-08-16,16.22079849243164,27.8526611328125
2021-08-17,15.758122444152832,27.012714385986328
2021-08-18,15.622037887573242,26.38779067993164
2021-08-19,15.099491119384766,24.862445831298828
2021-08-20,15.050505638122559,24.82213020324707
2021-08-23,15.159369468688965,24.61382484436035
2021-08-24,15.725464820861816,25.93086051940918
2021-08-25,15.812554359436035,25.332815170288086
2021-08-26,15.480513572692871,24.566783905029297
2021-08-27,15.758122444152832,25.16482925415039
2021-08-30,15.616600036621094,24.654136657714844
2021-08-31,15.415199279785156,23.424455642700195
2021-09-01,15.322663307189941,23.437898635864258
2021-09-02,14.908981323242188,22.994403839111328
2021-09-03,14.903534889221191,23.390859603881836
2021-09-06,15.07227611541748,22.94736671447754
2021-09-08,14.723913192749023,22.315725326538086
2021-09-09,14.919867515563965,22.98096466064453
2021-09-10,14.859992980957031,22.6785831451416
2021-09-13,14.974299430847168,22.584510803222656
2021-09-14,14.996068954467773,22.261966705322266
2021-09-15,14.876320838928223,22.403079986572266
2021-09-16,14.370100975036621,21.01884651184082
2021-09-17,13.390321731567383,20.02434730529785
2021-09-20,13.265129089355469,19.406145095825195
2021-09-21,13.145378112792969,19.332231521606445
2021-09-22,13.912870407104492,19.70853042602539
2021-09-23,14.696695327758789,20.232656478881836
2021-09-24,14.489853858947754,19.506940841674805
2021-09-27,14.54428482055664,20.138580322265625
2021-09-28,14.135676383972168,18.559480667114258
2021-09-29,14.395194053649902,18.734188079833984
2021-09-30,14.963936805725098,19.305355072021484
2021-10-01,15.295238494873047,19.634611129760742
2021-10-04,14.98602294921875,18.653554916381836
2021-10-05,14.908717155456543,18.714031219482422
2021-10-06,14.610544204711914,18.693870544433594
2021-10-07,14.847979545593262,18.45868492126465
2021-10-08,15.008112907409668,19.02985191345215
2021-10-11,15.002589225769043,18.89546012878418
2021-10-13,15.256589889526367,18.45868492126465
2021-10-14,15.549242973327637,18.19662094116211
2021-10-15,15.554762840270996,18.539321899414062
2021-10-18,15.560287475585938,17.773290634155273
2021-10-19,15.367024421691895,17.249162673950195
2021-10-20,15.135108947753906,17.215564727783203
2021-10-21,14.66576099395752,16.845985412597656
2021-10-22,14.759634017944336,16.859426498413086
2021-10-25,15.43880558013916,17.538103103637695
2021-10-26,15.488503456115723,16.415935516357422
2021-10-27,15.101981163024902,16.462970733642578
2021-10-28,15.129587173461914,16.153871536254883
2021-10-29,14.85350227355957,15.307204246520996
2021-11-01,14.687850952148438,15.555829048156738
2021-11-03,14.10806941986084,14.843551635742188
2021-11-04,14.097021102905273,14.332863807678223
2021-11-05,13.533804893493652,14.272388458251953
2021-11-08,14.071844100952148,14.574769020080566
2021-11-09,14.184185981750488,14.319424629211426
2021-11-10,14.006808280944824,14.225351333618164
2021-11-11,14.84638786315918,15.287042617797852
2021-11-12,15.017851829528809,15.07873821258545
2021-11-16,15.041500091552734,14.185033798217773
2021-11-17,14.970550537109375,14.064079284667969
2021-11-18,14.355642318725586,13.31148624420166
2021-11-19,14.657184600830078,14.373183250427246
2021-11-22,15.035590171813965,14.648682594299316
2021-11-23,15.124277114868164,15.152653694152832
2021-11-24,15.37260627746582,15.401278495788574
2021-11-25,15.514507293701172,15.743973731994629
2021-11-26,15.10654354095459,14.971222877502441
2021-11-29,15.254351615905762,15.145936012268066
2021-11-30,15.254351615905762,14.621806144714355
2021-12-01,15.473119735717773,14.507574081420898
2021-12-02,16.35408592224121,15.838048934936523
2021-12-03,16.4664249420166,15.643181800842285
2021-12-06,16.850740432739258,16.214345932006836
2021-12-07,17.116804122924805,16.402496337890625
2021-12-08,17.1049747467041,16.194189071655273
2021-12-09,17.116804122924805,16.436092376708984
2021-12-10,17.495203018188477,16.382333755493164
2021-12-13,17.418346405029297,16.630962371826172
2021-12-14,17.335567474365234,16.382333755493164
2021-12-15,17.240970611572266,16.362178802490234
2021-12-16,17.63710594177246,17.34995460510254
2021-12-17,17.152278900146484,17.114768981933594
2021-12-20,16.13532257080078,15.932122230529785
2021-12-21,16.401384353637695,16.691436767578125
2021-12-22,16.24765968322754,16.637680053710938
2021-12-23,15.934296607971191,16.56376838684082
2021-12-27,16.082107543945312,16.74519157409668
2021-12-28,16.017072677612305,16.76535415649414
2021-12-29,16.04072380065918,16.825828552246094
2021-12-30,16.117584228515625,16.792232513427734
2022-01-03,16.117584228515625,16.469688415527344
2022-01-04,16.342262268066406,16.221067428588867
2022-01-05,16.07028579711914,15.87664794921875
2022-01-06,16.07619857788086,15.67344856262207
2022-01-07,16.218095779418945,16.337234497070312
2022-01-10,16.306785583496094,16.879098892211914
2022-01-11,16.67336082458496,16.838459014892578
2022-01-12,17.05767822265625,17.800270080566406
2022-01-13,16.714750289916992,17.73253631591797
2022-01-14,16.72066307067871,17.42096519470215
2022-01-17,16.35408592224121,17.02811050415039
2022-01-18,16.909866333007812,17.4683780670166
2022-01-19,17.17001724243164,17.92896270751953
2022-01-20,16.92760467529297,17.847681045532227
2022-01-21,16.235830307006836,17.4412841796875
2022-01-24,16.436859130859375,17.569978713989258
2022-01-25,16.194448471069336,17.21099090576172
2022-01-26,16.484161376953125,17.61061668395996
2022-01-27,16.531461715698242,17.73253631591797
2022-01-28,16.59650230407715,17.387096405029297
2022-01-31,16.46051025390625,17.29904556274414
2022-02-01,16.98672866821289,18.172801971435547
2022-02-02,17.116804122924805,18.260854721069336
2022-02-03,16.98672866821289,17.956056594848633
2022-02-04,17.016292572021484,18.037334442138672
2022-02-07,17.264616012573242,18.606294631958008
2022-02-08,17.087238311767578,18.85690689086914
2022-02-09,17.17001724243164,19.08719825744629
2022-02-10,17.02811622619629,19.107519149780273
2022-02-11,16.608322143554688,18.836585998535156
2022-02-14,16.42503547668457,18.789175033569336
2022-02-15,16.360000610351562,17.881547927856445
2022-02-16,16.22992515563965,17.956056594848633
2022-02-17,15.366692543029785,16.906190872192383
2022-02-18,15.100627899169922,16.68944549560547
2022-02-21,14.923247337341309,16.757177352905273
2022-02-22,15.017851829528809,16.872323989868164
2022-02-23,14.515283584594727,16.052757263183594
2022-02-24,14.355642318725586,15.91728687286377
2022-02-25,15.053326606750488,17.001020431518555
2022-03-02,16.02298355102539,18.376001358032227
2022-03-03,16.73249053955078,19.297170639038086
2022-03-04,17.38286781311035,19.64261245727539
2022-03-07,17.069501876831055,19.601972579956055
2022-03-08,16.622968673706055,18.660478591918945
2022-03-09,17.1826229095459,18.94495964050293
2022-03-10,17.97447967529297,18.62661361694336
2022-03-11,17.992340087890625,17.52933692932129
2022-03-14,17.18857765197754,16.506567001342773
2022-03-15,16.408626556396484,15.815689086914062
2022-03-16,16.76586151123047,16.188220977783203
2022-03-17,17.58152961730957,17.475147247314453
2022-03-18,18.153093338012695,17.39387321472168
2022-03-21,18.08759880065918,17.840909957885742
2022-03-22,17.78395652770996,17.603843688964844
2022-03-23,17.849451065063477,17.766403198242188
2022-03-24,18.385290145874023,18.084747314453125
2022-03-25,18.20667839050293,18.003467559814453
2022-03-28,18.28407859802246,17.79349708557129
2022-03-29,17.914941787719727,17.637710571289062
2022-03-30,18.290027618408203,18.07120132446289
2022-03-31,18.343612670898438,17.630935668945312
2022-04-01,18.242399215698242,17.712215423583984
2022-04-04,17.95661735534668,17.90186882019043
2022-04-05,17.94470977783203,17.4412841796875
2022-04-06,17.87326431274414,16.95360565185547
2022-04-07,17.43863868713379,17.048431396484375
2022-04-08,17.49817657470703,17.427736282348633
2022-04-11,17.43268394470215,17.271949768066406
2022-04-12,17.450546264648438,17.42096519470215
2022-04-13,17.652971267700195,17.820589065551758
2022-04-14,17.516035079956055,17.231311798095703
2022-04-18,17.557714462280273,16.763952255249023
2022-04-19,18.022109985351562,16.838459014892578
2022-04-20,17.295747756958008,16.147579193115234
2022-04-22,16.831350326538086,14.908065795898438
2022-04-25,16.491987228393555,14.515213966369629
2022-04-26,15.84897518157959,13.600814819335938
2022-04-27,16.801584243774414,14.223958969116211
2022-04-28,17.289791107177734,14.542305946350098
2022-04-29,16.652742385864258,14.271371841430664
2022-05-02,16.313371658325195,14.020500183105469
2022-05-03,16.444353103637695,14.643475532531738
2022-05-04,16.319326400756836,15.028461456298828
2022-05-05,16.700366973876953,14.139495849609375
2022-05-06,16.789674758911133,13.978498458862305
2022-05-09,16.396726608276367,13.34852123260498
2022-05-10,15.682268142700195,12.571548461914062
2022-05-11,16.146671295166016,12.774541854858398
2022-05-12,16.30742073059082,12.067567825317383
2022-05-13,16.551523208618164,12.543549537658691
2022-05-16,16.789674758911133,12.879538536071777
2022-05-17,16.984128952026367,13.103530883789062
2022-05-18,16.0179443359375,12.340556144714355
2022-05-19,16.437231063842773,13.229525566101074
2022-05-20,16.99020767211914,13.887503623962402
2022-05-23,17.45810317993164,14.440483093261719
2022-05-24,17.68293571472168,14.671472549438477
2022-05-25,17.567481994628906,14.69947338104248
2022-05-26,17.6464786529541,15.140457153320312
2022-05-27,17.865236282348633,15.609439849853516
2022-05-30,17.6464786529541,15.518444061279297
2022-05-31,17.72547149658203,15.28745174407959
2022-06-01,17.676862716674805,15.525445938110352
2022-06-02,18.393903732299805,16.07142448425293
2022-06-03,18.2784423828125,15.959427833557129
2022-06-06,18.42428207397461,15.39944839477539
2022-06-07,18.466821670532227,15.490446090698242
2022-06-08,17.5614013671875,14.727474212646484
2022-06-09,16.795757293701172,13.747507095336914
2022-06-10,16.686368942260742,13.740506172180176
2022-06-13,15.799187660217285,12.907538414001465
2022-06-14,15.440668106079102,12.690545082092285
2022-06-15,15.410280227661133,12.557550430297852
2022-06-17,14.194964408874512,11.91357421875
2022-06-20,14.219268798828125,11.794578552246094
2022-06-21,14.49878978729248,11.71757984161377
2022-06-22,13.927593231201172,11.178600311279297
2022-06-23,13.532610893249512,10.954607009887695
2022-06-24,14.067351341247559,11.521586418151855
2022-06-27,14.280036926269531,11.87857437133789
2022-06-28,14.219268798828125,11.948572158813477
2022-06-29,14.061278343200684,11.549586296081543
2022-06-30,13.58122444152832,10.807612419128418
2022-07-01,13.538689613342285,10.555622100830078
2022-07-04,13.46576976776123,10.450626373291016
2022-07-05,13.228782653808594,10.261631965637207
2022-07-06,13.502230644226074,10.31762981414795
2022-07-07,14.280036926269531,10.863611221313477
2022-07-08,14.207114219665527,10.534623146057129
2022-07-11,13.939743995666504,10.002641677856445
2022-07-12,14.049125671386719,9.967642784118652
2022-07-13,14.134200096130371,10.058639526367188
2022-07-14,13.502230644226074,9.414663314819336
2022-07-15,14.304339408874512,9.687652587890625
2022-07-18,14.207114219665527,9.806648254394531
2022-07-19,14.577789306640625,10.037640571594238
2022-07-20,14.468411445617676,10.100637435913086
2022-07-21,14.486639976501465,10.121637344360352
2022-07-22,14.468411445617676,10.086638450622559
2022-07-25,14.760087966918945,10.17763614654541
2022-07-26,14.608172416687012,10.051640510559082
2022-07-27,14.589942932128906,10.261631965637207
2022-07-28,14.662862777709961,10.38062858581543
2022-07-29,14.86339282989502,10.296631813049316
2022-08-01,14.38333797454834,9.890645980834961
2022-08-02,14.82693099975586,10.051640510559082
2022-08-03,14.225346565246582,9.911643981933594
2022-08-04,14.675016403198242,10.492623329162598
2022-08-05,14.978843688964844,10.772614479064941
2022-08-08,15.100377082824707,10.681618690490723
2022-08-09,15.343442916870117,10.807612419128418
2022-08-10,15.422435760498047,11.010604858398438
2022-08-11,15.54396915435791,11.332594871520996
2022-08-12,15.859955787658691,11.68258285522461
2022-08-15,15.635117530822754,11.150601387023926
2022-08-16,15.266424179077148,11.19959831237793
2022-08-17,15.441396713256836,11.388592720031738
2022-08-18,15.135194778442383,11.073602676391602
2022-08-19,14.828991889953613,10.758615493774414
2022-08-22,14.460299491882324,10.401626586914062
2022-08-23,15.322665214538574,11.367592811584473
2022-08-24,15.197690963745117,11.16460132598877
2022-08-25,15.416404724121094,11.171600341796875
2022-08-26,15.035210609436035,10.506623268127441
2022-08-29,14.972721099853516,10.149637222290039
2022-08-30,14.710258483886719,9.827648162841797
2022-08-31,14.572784423828125,9.659655570983887
2022-09-01,14.591529846191406,9.498659133911133
2022-09-02,15.041459083557129,9.393662452697754
2022-09-05,15.260175704956055,9.582655906677246
2022-09-06,15.060206413269043,9.23266887664795
2022-09-08,14.772754669189453,9.071674346923828
2022-09-09,15.335165977478027,9.876646995544434
2022-09-12,15.378910064697266,9.946643829345703
2022-09-13,14.797746658325195,9.477660179138184
2022-09-14,14.247831344604492,9.106674194335938
2022-09-15,14.247831344604492,9.050676345825195
2022-09-16,14.36656379699707,9.169672012329102
2022-09-19,15.19143295288086,9.540658950805664
2022-09-20,15.05395793914795,9.169672012329102
2022-09-21,15.07895565032959,8.763686180114746
2022-09-22,15.422653198242188,9.085674285888672
2022-09-23,15.19143295288086,8.980677604675293
2022-09-26,14.785248756408691,8.623690605163574
2022-09-27,14.85399055480957,8.469696998596191
2022-09-28,14.81649112701416,8.546693801879883
2022-09-29,14.766501426696777,8.427699089050293
2022-09-30,15.272675514221191,8.903681755065918
2022-10-03,15.716354370117188,9.274667739868164
2022-10-04,15.941322326660156,9.729650497436523
2022-10-05,15.778848648071289,10.016640663146973
2022-10-06,15.960071563720703,10.023641586303711
2022-10-07,15.985065460205078,10.009641647338867
2022-10-10,16.13504409790039,9.771650314331055
2022-10-11,16.1600399017334,9.645654678344727
2022-10-13,16.1912841796875,9.575657844543457
2022-10-14,15.810093879699707,9.00867748260498
2022-10-17,16.141294479370117,8.945679664611816
2022-10-18,16.378759384155273,9.211669921875
2022-10-19,16.12879180908203,9.00867748260498
2022-10-20,16.53497886657715,9.3656644821167
2022-10-21,16.85993194580078,9.93264389038086
2022-10-24,16.78494644165039,9.127673149108887
2022-10-25,16.69120979309082,9.043676376342773
2022-10-26,16.6474666595459,9.19067096710205
2022-10-27,16.609968185424805,9.14167308807373
2022-10-28,16.003808975219727,8.616692543029785
2022-10-31,16.09130096435547,8.595690727233887
2022-11-01,16.391254425048828,8.994677543640137
2022-11-03,16.110050201416016,8.945679664611816
2022-11-04,16.847436904907227,9.512659072875977
2022-11-07,16.603723526000977,9.19067096710205
2022-11-08,17.022409439086914,9.498659133911133
2022-11-09,17.816036224365234,9.3656644821167
2022-11-10,17.841033935546875,9.24666976928711
2022-11-11,19.447038650512695,10.800613403320312
2022-11-14,19.497032165527344,10.464625358581543
2022-11-16,19.103343963623047,10.34562873840332
2022-11-17,18.97211456298828,10.226633071899414
2022-11-18,18.640907287597656,9.86264705657959
2022-11-21,18.809635162353516,9.750650405883789
2022-11-22,19.48261260986328,10.09363842010498
2022-11-23,19.758529663085938,10.11463737487793
2022-11-24,19.953689575195312,10.408628463745117
2022-11-25,19.765256881713867,10.492623329162598
2022-11-28,19.697961807250977,10.0515775680542
2022-11-29,20.87566566467285,10.902504920959473
2022-11-30,21.245803833007812,11.031664848327637
2022-12-01,20.64685821533203,10.887309074401855
2022-12-02,20.929506301879883,11.024066925048828
2022-12-05,20.62666893005371,11.039260864257812
2022-12-06,20.895854949951172,11.16841983795166
2022-12-07,20.84874725341797,10.955687522888184
2022-12-08,20.815099716186523,10.697370529174805
2022-12-09,21.178508758544922,11.251993179321289
2022-12-12,21.03717803955078,10.910102844238281
2022-12-13,20.835289001464844,10.54542064666748
2022-12-14,20.942964553833008,10.910102844238281
2022-12-15,20.350749969482422,10.659383773803711
2022-12-16,20.30363655090332,10.568211555480957
2022-12-19,20.02098846435547,10.355480194091797
2022-12-20,20.49207305908203,10.758151054382324
2022-12-21,20.478614807128906,10.818931579589844
2022-12-22,20.095016479492188,10.811334609985352
2022-12-23,19.314363479614258,10.568211555480957
2022-12-26,18.96442222595215,10.742956161499023
2022-12-27,19.906587600708008,10.986078262329102
2022-12-28,19.819095611572266,11.236797332763672
2022-12-29,19.765256881713867,11.463601112365723
2023-01-02,19.825830459594727,11.597539901733398
2023-01-03,19.866207122802734,11.463601112365723
2023-01-04,19.771987915039062,11.55026626586914
2023-01-05,20.256528854370117,12.314506530761719
2023-01-06,20.411312103271484,12.818748474121094
2023-01-09,20.82855796813965,12.87389850616455
2023-01-10,21.407318115234375,13.488443374633789
2023-01-11,21.62267303466797,13.512078285217285
2023-01-12,21.703420639038086,13.338746070861816
2023-01-13,21.82456398010254,13.307230949401855
2023-01-16,21.46115493774414,13.086627006530762
2023-01-17,21.770723342895508,13.220564842224121
2023-01-18,22.484079360961914,13.638138771057129
2023-01-19,22.544645309448242,13.716926574707031
2023-01-20,22.34275245666504,14.047835350036621
2023-01-23,21.86493682861328,14.142380714416504
2023-01-24,21.797645568847656,13.8902587890625
2023-01-25,21.723617553710938,13.874502182006836
2023-01-26,22.20815658569336,14.489046096801758
2023-01-27,21.71688461303711,14.339349746704102
2023-01-30,21.817825317382812,14.418136596679688
2023-01-31,22.033180236816406,14.575713157653809
2023-02-01,21.615938186645508,14.58359146118164
2023-02-02,20.640125274658203,13.787836074829102
2023-02-03,20.895854949951172,13.8902587890625
2023-02-06,20.72761344909668,13.606624603271484
2023-02-07,21.023719787597656,13.622382164001465
2023-02-08,20.956424713134766,13.638138771057129
2023-02-09,19.29417610168457,13.46480655670166
2023-02-10,19.058637619018555,13.441169738769531
2023-02-13,19.240337371826172,13.386018753051758
2023-02-14,19.287443161010742,13.425413131713867
2023-02-15,19.20669174194336,13.921774864196777
2023-02-16,19.422039031982422,14.15025806427002
2023-02-17,19.240337371826172,13.709047317504883
2023-02-22,18.944229125976562,13.669654846191406
2023-02-23,19.146121978759766,13.732686042785645
2023-02-24,18.87693214416504,13.015717506408691
2023-02-27,18.97787857055664,13.181170463562012
2023-02-28,19.26725959777832,13.133898735046387
2023-03-01,19.866207122802734,14.134501457214355
2023-03-02,19.89985466003418,14.00056266784668
2023-03-03,19.798906326293945,14.370863914489746
2023-03-06,19.166311264038086,13.819352149963379
2023-03-07,18.903852462768555,13.63025951385498
2023-03-08,19.260528564453125,14.173894882202148
2023-03-09,18.426040649414062,13.031475067138672
2023-03-10,18.16358184814453,12.542990684509277
2023-03-13,17.968414306640625,12.653292655944824
2023-03-14,18.203956604003906,12.385415077209473
2023-03-15,17.356477737426758,11.636934280395508
2023-03-16,17.539531707763672,11.64481258392334
2023-03-17,17.288677215576172,11.502994537353516
2023-03-20,17.18697738647461,11.290266990661621
2023-03-21,17.370031356811523,11.148448944091797
2023-03-22,17.441225051879883,11.219358444213867
2023-03-23,17.298847198486328,10.864814758300781
2023-03-24,17.50528907775879,10.8490571975708
2023-03-27,17.569364547729492,10.912087440490723
2023-03-28,17.633432388305664,11.361176490783691
2023-03-29,17.583600997924805,11.597539901733398
2023-03-30,18.153112411499023,12.2278413772583
2023-03-31,18.00361442565918,12.164811134338379
2023-04-03,18.08192253112793,11.896932601928711
2023-04-04,17.640552520751953,11.715720176696777
2023-04-05,17.113754272460938,11.581782341003418
2023-04-06,17.042566299438477,11.479357719421387
2023-04-10,17.51953125,11.912691116333008
2023-04-11,18.452098846435547,12.739960670471191
2023-04-12,18.274127960205078,12.629658699035645
2023-04-13,18.466341018676758,12.322385787963867
2023-04-14,18.615835189819336,11.416327476501465
2023-04-17,18.516170501708984,11.566024780273438
2023-04-18,18.54464340209961,11.786630630493164
2023-04-19,18.20294189453125,11.502994537353516
2023-04-20,18.43074607849121,11.447842597961426
2023-04-24,17.896833419799805,11.069663047790527
2023-04-25,17.270368576049805,10.786026000976562
2023-04-26,17.2063045501709,10.683603286743164
2023-04-27,17.398509979248047,10.904208183288574
2023-04-28,17.925308227539062,11.195722579956055
2023-05-02,17.391395568847656,10.960577964782715
2023-05-03,17.590717315673828,11.081212043762207
2023-05-04,16.864593505859375,10.391867637634277
2023-05-05,17.647668838500977,11.124296188354492
2023-05-08,17.811405181884766,11.408651351928711
2023-05-09,17.911069869995117,11.425884246826172
2023-05-10,17.34868049621582,11.210464477539062
2023-05-11,17.17070770263672,11.038127899169922
2023-05-12,17.270368576049805,10.995043754577637
2023-05-15,17.384273529052734,11.201847076416016
2023-05-16,16.977109909057617,10.934725761413574
2023-05-17,17.536958694458008,11.408651351928711
2023-05-18,17.595123291015625,11.477584838867188
2023-05-19,17.507875442504883,11.54651927947998
2023-05-22,18.242218017578125,11.54651927947998
2023-05-23,18.20586395263672,11.296631813049316
2023-05-24,17.784160614013672,10.865792274475098
2023-05-25,17.602394104003906,10.615903854370117
2023-05-26,18.14769744873047,10.762391090393066
2023-05-29,18.140426635742188,10.745158195495605
2023-05-30,17.682371139526367,10.340167045593262
2023-05-31,17.42789649963379,10.4694185256958
2023-06-01,17.660560607910156,10.52973747253418
2023-06-02,18.234943389892578,11.046744346618652
2023-06-05,18.220401763916016,11.150146484375
2023-06-06,18.17677879333496,11.382800102233887
2023-06-07,18.314922332763672,11.124296188354492
2023-06-09,18.394901275634766,11.219080924987793
2023-06-12,18.271299362182617,10.917492866516113
2023-06-13,18.285839080810547,10.857175827026367
2023-06-14,18.93293571472168,11.262164115905762
2023-06-15,18.84568214416504,11.39141845703125
2023-06-16,18.86749839782715,11.563753128051758
2023-06-19,19.07107925415039,11.563753128051758
2023-06-20,18.802059173583984,11.305249214172363
2023-06-21,18.649375915527344,11.253548622131348
2023-06-22,18.29311180114746,11.081212043762207
2023-06-23,18.271299362182617,11.0553617477417
2023-06-26,18.41671371459961,11.184614181518555
2023-06-27,18.482149124145508,11.279398918151855
2023-06-28,18.198591232299805,11.012276649475098
2023-06-29,18.38035774230957,11.14153003692627
2023-06-30,18.227676391601562,10.45218563079834
2023-07-03,18.882038116455078,10.607287406921387
2023-07-04,18.84568214416504,10.615903854370117
2023-07-05,18.772977828979492,10.633138656616211
2023-07-06,18.591209411621094,10.478035926818848
2023-07-07,19.00564193725586,10.960577964782715
2023-07-10,19.114700317382812,10.598670959472656
2023-07-11,19.16559600830078,10.676222801208496
2023-07-12,19.56548500061035,10.822708129882812
2023-07-13,19.907209396362305,11.175997734069824
2023-07-14,19.74725341796875,11.107063293457031
2023-07-17,19.819961547851562,11.098445892333984
2023-07-18,20.01626968383789,11.046744346618652
2023-07-19,19.943565368652344,10.943343162536621
2023-07-20,20.008995056152344,10.92611026763916
2023-07-21,19.79088020324707,10.960577964782715
2023-07-24,20.372533798217773,11.2449312210083
2023-07-25,21.085065841674805,11.908424377441406
2023-07-26,21.121416091918945,12.0204439163208
2023-07-27,20.706987380981445,11.856724739074707
2023-07-28,20.63428497314453,11.598220825195312
2023-07-31,21.26683235168457,11.9256591796875
2023-08-01,21.201396942138672,11.805023193359375
2023-08-02,20.910566329956055,11.46035099029541
2023-08-03,20.714258193969727,11.296631813049316
2023-08-04,20.408885955810547,11.132913589477539
2023-08-07,20.19803810119629,11.089829444885254
2023-08-08,19.594566345214844,10.977810859680176
2023-08-09,18.802059173583984,10.84855842590332
2023-08-10,18.816600799560547,10.779623985290527
2023-08-11,18.65665054321289,10.736540794372559
2023-08-14,18.78752326965332,10.59005355834961
2023-08-15,18.743892669677734,10.52112102508545
2023-08-16,18.729352951049805,10.4694185256958
2023-08-17,18.642107009887695,10.3746337890625
2023-08-18,18.54031753540039,10.52973747253418
2023-08-21,18.42938232421875,10.478035926818848
2023-08-22,18.629058837890625,10.54697036743164
2023-08-23,18.673433303833008,10.564203262329102
2023-08-24,18.35542869567871,10.322933197021484
2023-08-25,18.333242416381836,10.253998756408691
2023-08-28,18.636455535888672,10.297082901000977
2023-08-29,18.991437911987305,10.486652374267578
2023-08-30,19.13195037841797,10.54697036743164
2023-08-31,19.117158889770508,10.434951782226562
2023-09-01,19.22808837890625,10.607287406921387
2023-09-04,19.3612060546875,10.857175827026367
2023-09-05,19.072786331176758,10.676222801208496
2023-09-06,18.776968002319336,10.486652374267578
2023-09-08,18.71780776977539,10.2798490524292
2023-09-11,18.895296096801758,10.45218563079834
2023-09-12,19.028411865234375,10.4694185256958
2023-09-13,18.75478172302246,10.38325023651123
2023-09-14,18.969249725341797,10.762391090393066
2023-09-15,19.06538963317871,10.702073097229004
2023-09-18,18.444175720214844,10.66760540008545
2023-09-19,18.185333251953125,10.693455696105957
2023-09-20,18.46636199951172,10.693455696105957
2023-09-21,18.03742790222168,10.53835391998291
2023-09-22,17.941286087036133,10.426335334777832
2023-09-25,18.04482078552246,10.38325023651123
2023-09-26,18.0670108795166,10.340167045593262
2023-09-27,18.081802368164062,10.2798490524292
2023-09-28,17.970869064331055,10.366016387939453
2023-09-29,17.84514617919922,10.460803031921387
2023-10-02,17.5863037109375,10.357400894165039
2023-10-03,17.22393226623535,10.167830467224121
2023-10-04,17.009462356567383,9.961027145385742
2023-10-05,16.765413284301758,9.874859809875488
2023-10-06,16.765413284301758,9.917943000793457
2023-10-09,16.661876678466797,9.823158264160156
2023-10-10,16.706249237060547,10.012728691101074
2023-10-11,16.65448570251465,10.141980171203613
2023-10-13,16.513973236083984,10.029962539672852
2023-10-16,16.669275283813477,10.047195434570312
2023-10-17,16.513973236083984,10.038578033447266
2023-10-18,16.018474578857422,9.736989974975586
2023-10-19,15.996288299560547,9.6939058303833
2023-10-20,15.863176345825195,9.37508487701416
2023-10-23,16.092432022094727,9.435402870178223
2023-10-24,15.937128067016602,9.59050464630127
2023-10-25,15.877962112426758,9.51295280456543
2023-10-26,16.129409790039062,9.728373527526855
2023-10-27,16.151596069335938,9.797307968139648
2023-10-30,16.181177139282227,9.909326553344727
2023-10-31,16.099824905395508,10.133363723754883
2023-11-01,16.40304183959961,10.31431770324707
2023-11-03,16.898534774780273,10.917492866516113
2023-11-06,17.09821128845215,10.92611026763916
2023-11-07,16.861553192138672,10.943343162536621
2023-11-08,16.78020668029785,10.943343162536621
2023-11-09,16.802392959594727,10.788240432739258
2023-11-10,17.571514129638672,10.917492866516113
2023-11-13,17.41621208190918,10.891642570495605
2023-11-14,17.867334365844727,11.839491844177246
2023-11-16,17.926494598388672,12.658087730407715
2023-11-17,18.12616729736328,12.804573059082031
2023-11-20,17.342012405395508,14.019543647766113
2023-11-21,17.62853240966797,14.139431953430176
2023-11-22,17.568212509155273,14.4644775390625
2023-11-23,17.5305118560791,14.247780799865723
2023-11-24,16.82929229736328,14.103316307067871
2023-11-27,16.821752548217773,14.446418762207031
2023-11-28,16.80667495727539,14.599912643432617
2023-11-29,16.851913452148438,14.708261489868164
2023-11-30,16.474912643432617,14.825637817382812
2023-12-01,16.701108932495117,15.493783950805664
2023-12-04,16.655872344970703,15.35835075378418
2023-12-05,16.7840518951416,15.511842727661133
2023-12-06,16.77651023864746,15.466696739196777
2023-12-07,16.821752548217773,15.322232246398926
2023-12-08,16.972549438476562,15.529902458190918
2023-12-11,16.99517250061035,15.475726127624512
2023-12-12,17.115812301635742,15.484755516052246
2023-12-13,17.342012405395508,15.818829536437988
2023-12-14,17.696393966674805,15.900091171264648
2023-12-15,17.515432357788086,16.279308319091797
2023-12-18,17.749174118041992,16.730758666992188
2023-12-19,17.311853408813477,16.884252548217773
2023-12-20,17.168594360351562,16.59532356262207
2023-12-21,17.64361572265625,17.200265884399414
2023-12-22,17.832109451293945,17.25444221496582
2023-12-26,17.794414520263672,17.480167388916016
2023-12-27,17.74163055419922,17.615602493286133
2023-12-28,17.915050506591797,17.751035690307617
2024-01-02,17.74163055419922,17.525312423706055
2024-01-03,17.545595169067383,17.678804397583008
2024-01-04,17.45511245727539,17.416963577270508
2024-01-05,17.462650299072266,17.37181854248047
2024-01-08,17.613452911376953,17.380847930908203
2024-01-09,16.69356918334961,16.604351043701172
2024-01-10,16.19593048095703,16.170961380004883
2024-01-11,15.984811782836914,16.134843826293945
2024-01-12,16.067750930786133,16.16193199157715
2024-01-15,16.045133590698242,16.107757568359375
2024-01-16,15.592730522155762,15.520872116088867
2024-01-17,15.502250671386719,15.069421768188477
2024-01-18,15.69074821472168,15.412522315979004
2024-01-19,15.886794090270996,15.64727783203125
2024-01-22,15.728450775146484,15.466696739196777
2024-01-23,16.007431030273438,15.72853946685791
2024-01-24,16.37689208984375,16.089698791503906
2024-01-25,16.422128677368164,16.179988861083984
2024-01-26,16.467370986938477,16.396684646606445
2024-01-29,16.105449676513672,16.324453353881836
2024-01-30,16.03759765625,16.170961380004883
2024-01-31,15.864171028137207,16.00843620300293
2024-02-01,15.811392784118652,15.863974571228027
2024-02-02,16.18838882446289,15.457669258117676
2024-02-05,16.090370178222656,15.683394432067871
2024-02-06,16.38443374633789,16.243192672729492
2024-02-07,16.422128677368164,16.550180435180664
2024-02-08,16.09791374206543,16.306394577026367
2024-02-09,15.81893253326416,16.071640014648438
2024-02-14,15.637971878051758,16.134843826293945
2024-02-15,15.607812881469727,16.640470504760742
2024-02-16,15.992350578308105,17.191240310668945
2024-02-19,16.030046463012695,17.082889556884766
2024-02-20,16.135610580444336,16.252222061157227
2024-02-21,16.467370986938477,15.773683547973633
2024-02-22,16.324113845825195,15.75562572479248
2024-02-23,16.180850982666016,16.00843620300293
2024-02-26,15.984811782836914,15.502813339233398
2024-02-27,16.324113845825195,15.64727783203125
2024-02-28,16.24871253967285,15.403494834899902
2024-02-29,16.211009979248047,15.186797142028809
2024-03-01,16.912235260009766,15.412522315979004
2024-03-04,16.609281539916992,15.060392379760742
2024-03-05,16.41236114501953,14.970101356506348
2024-03-06,16.192724227905273,15.033304214477539
2024-03-07,15.950361251831055,14.310983657836914
2024-03-08,16.086692810058594,14.726318359375
2024-03-11,16.048824310302734,14.4644775390625
2024-03-12,16.313905715942383,14.626999855041504
2024-03-13,16.556262969970703,14.690203666687012
2024-03-14,16.056396484375,14.139431953430176
2024-03-15,15.738297462463379,13.778271675109863
2024-03-18,16.230592727661133,14.184577941894531
2024-03-19,16.404787063598633,14.437389373779297
2024-03-20,16.54869270324707,14.726318359375
2024-03-21,16.700166702270508,14.708261489868164
2024-03-22,16.366918563842773,14.329042434692383
2024-03-25,16.33662223815918,14.175548553466797
2024-03-26,16.291181564331055,14.031084060668945
2024-03-27,16.63957405090332,14.12137508392334
2024-03-28,16.813772201538086,14.175548553466797
2024-04-01,16.889511108398438,14.193607330322266
2024-04-02,17.018264770507812,13.841474533081055
2024-04-03,17.169736862182617,13.850504875183105
2024-04-04,17.472692489624023,13.687982559204102
2024-04-05,17.22275733947754,13.498373031616211
2024-04-08,17.533281326293945,13.850504875183105
2024-04-09,17.419673919677734,13.633808135986328
2024-04-10,17.30607032775879,12.956632614135742
2024-04-11,17.321216583251953,12.929544448852539
2024-04-12,16.897085189819336,12.956632614135742
2024-04-15,17.487838745117188,12.992748260498047
2024-04-16,16.98039436340332,12.794110298156738
2024-04-17,17.04855728149414,12.929544448852539
2024-04-18,17.059165954589844,12.830225944519043
2024-04-19,17.4681453704834,13.254590034484863
2024-04-22,17.831687927246094,13.344880104064941
2024-04-23,17.11369514465332,13.019835472106934
2024-04-24,16.686534881591797,12.902457237243652
2024-04-25,16.56838035583496,12.712848663330078
2024-04-26,16.931922912597656,12.7489652633667
2024-04-29,16.904659271240234,12.830225944519043
2024-04-30,16.595651626586914,12.568384170532227
2024-05-02,16.931922912597656,12.658675193786621
2024-05-03,17.8680419921875,12.866341590881348
2024-05-06,17.849864959716797,12.839255332946777
2024-05-07,17.549942016601562,12.667702674865723
2024-05-08,17.677181243896484,12.694790840148926
2024-05-09,17.586301803588867,12.532268524169922
2024-05-10,17.395435333251953,12.496152877807617
2024-05-13,17.549942016601562,12.767023086547852
2024-05-14,17.549942016601562,12.550326347351074
2024-05-15,18.04072380065918,12.451693534851074
2024-05-16,18.492429733276367,12.651605606079102
2024-05-17,18.02228546142578,12.756321907043457
2024-05-20,17.773386001586914,12.822959899902344
2024-05-21,17.469173431396484,12.93719482421875
2024-05-22,17.109647750854492,12.680164337158203
2024-05-23,17.00824546813965,12.470732688903809
2024-05-24,17.25714683532715,12.775361061096191
2024-05-27,17.06355857849121,12.718242645263672
2024-05-28,17.02667808532715,12.670645713806152
2024-05-29,16.814653396606445,12.594487190246582
2024-05-31,16.69481658935547,12.451693534851074
2024-06-03,16.215452194213867,12.080427169799805
2024-06-04,16.03107452392578,11.899554252624512
2024-06-05,15.902016639709473,11.87099552154541
2024-06-06,15.92967700958252,12.070907592773438
2024-06-07,15.64389705657959,11.842435836791992
2024-06-10,15.53327751159668,11.756759643554688
2024-06-11,15.902016639709473,11.699641227722168
2024-06-12,16.01263999938965,11.337894439697266
2024-06-13,15.975769996643066,11.328374862670898
2024-06-14,15.671553611755371,11.452130317687988
2024-06-17,15.570149421691895,11.337894439697266
2024-06-18,15.653115272521973,12.366016387939453
2024-06-19,15.883581161499023,12.137544631958008
2024-06-20,16.04029655456543,12.37553596496582
2024-06-21,16.353727340698242,12.04234790802002
2024-06-24,16.45513343811035,12.099466323852539
2024-06-25,16.445913314819336,11.966191291809082
2024-06-26,16.78700065612793,11.93763256072998
2024-06-27,16.83309555053711,12.280339241027832
2024-06-28,16.943714141845703,12.2898588180542
2024-07-01,16.888402938842773,12.2898588180542
2024-07-02,17.035900115966797,12.366016387939453
2024-07-03,16.90683937072754,12.518330574035645
2024-07-04,16.814653396606445,12.651605606079102
2024-07-05,16.593412399291992,12.394576072692871
2024-07-08,16.409038543701172,12.346977233886719
2024-07-09,16.51044273376465,12.394576072692871
2024-07-10,16.482786178588867,12.270820617675781
2024-07-11,16.70403289794922,12.470732688903809
2024-07-12,16.84231185913086,12.708724021911621
2024-07-15,17.146522521972656,12.81343936920166
2024-07-16,17.5152645111084,12.470732688903809
2024-07-17,17.533706665039062,12.546890258789062
2024-07-18,17.220272064208984,12.032829284667969
2024-07-19,17.32167625427246,12.032829284667969
2024-07-22,17.413860321044922,12.070907592773438
2024-07-23,16.630285263061523,11.461649894714355
2024-07-24,16.547319412231445,11.41405200958252
2024-07-25,16.888402938842773,11.385493278503418
2024-07-26,16.888402938842773,11.452130317687988
2024-07-29,16.70403289794922,11.34741497039795
2024-07-30,16.62106704711914,11.157022476196289
2024-07-31,16.83309555053711,11.29029655456543
2024-08-01,16.7501277923584,10.890471458435059
2024-08-02,15.975769996643066,10.804795265197754
2024-08-05,15.874361038208008,10.804795265197754
2024-08-06,15.855928421020508,10.728638648986816
2024-08-07,15.791393280029297,10.766716957092285
2024-08-08,16.02185821533203,10.85239315032959
2024-08-09,16.141700744628906,11.128462791442871
2024-08-12,16.33662986755371,11.118943214416504
2024-08-13,16.253087997436523,11.60444450378418
2024-08-14,16.150983810424805,11.137982368469238
2024-08-15,16.150983810424805,10.966629028320312
2024-08-16,15.983901977539062,10.766716957092285
2024-08-19,16.383037567138672,11.43309211730957
2024-08-20,16.475860595703125,11.318856239318848
2024-08-21,17.10704803466797,11.737719535827637
2024-08-22,16.967815399169922,11.547327041625977
2024-08-23,16.967815399169922,11.6615629196167
2024-08-26,17.097763061523438,11.633004188537598
2024-08-27,16.958532333374023,11.699641227722168
2024-08-28,16.763607025146484,11.337894439697266
2024-08-29,17.1441707611084,11.356934547424316
2024-08-30,16.986379623413086,11.29029655456543
2024-09-02,17.004941940307617,11.18558120727539
2024-09-03,16.4294490814209,10.78575611114502
2024-09-04,16.930683135986328,10.85239315032959
2024-09-05,17.079198837280273,10.97614860534668
2024-09-06,16.865713119506836,11.042786598205566
2024-09-09,17.17202377319336,10.919031143188477
2024-09-10,17.162738800048828,10.709598541259766
2024-09-11,17.236997604370117,11.0332670211792
2024-09-12,17.264842987060547,10.97614860534668
2024-09-13,17.450483322143555,11.328374862670898
2024-09-16,17.15345573425293,11.337894439697266
2024-09-17,17.190589904785156,11.442611694335938
2024-09-18,17.097763061523438,11.318856239318848
2024-09-19,17.1256103515625,11.471170425415039
2024-09-20,16.754323959350586,10.595362663269043
2024-09-23,16.466575622558594,10.547764778137207
2024-09-24,17.15345573425293,11.53780746459961
2024-09-25,16.958532333374023,11.594925880432129
2024-09-26,17.617563247680664,12.632567405700684
2024-09-27,17.636127471923828,12.613527297973633
2024-09-30,17.728954315185547,12.270820617675781
2024-10-01,17.75679588317871,12.423134803771973
2024-10-02,17.979572296142578,12.661125183105469
2024-10-03,17.496898651123047,12.299379348754883
2024-10-04,17.803211212158203,12.032829284667969
2024-10-07,18.025983810424805,12.147065162658691
2024-10-08,17.710390090942383,11.575885772705078
2024-10-09,17.73823356628418,11.55684757232666
2024-10-10,17.775362014770508,11.271257400512695
2024-10-11,17.10704803466797,11.299816131591797
2024-10-14,17.134891510009766,11.271257400512695
2024-10-15,17.02350616455078,11.118943214416504
2024-10-16,16.94925308227539,11.366453170776367
2024-10-17,16.884275436401367,11.109423637390137
2024-10-18,17.079198837280273,11.109423637390137
2024-10-21,17.02350616455078,11.118943214416504
2024-10-22,16.865713119506836,10.938069343566895
2024-10-23,16.6707820892334,10.90951156616211
2024-10-24,16.633655548095703,11.128462791442871
2024-10-25,16.698633193969727,11.233179092407227
2024-10-28,16.967815399169922,11.480690002441406
2024-10-29,17.15345573425293,11.195100784301758
2024-10-30,17.097763061523438,11.214138984680176
2024-10-31,16.986379623413086,11.204620361328125
2024-11-01,16.893556594848633,11.090383529663086
2024-11-04,16.92140007019043,11.366453170776367
2024-11-05,16.90283966064453,11.699641227722168
2024-11-06,18.5272159576416,11.34741497039795
2024-11-07,19.028457641601562,11.699641227722168
2024-11-08,18.9913272857666,11.18558120727539
2024-11-11,18.982046127319336,10.747676849365234
2024-11-12,18.26732063293457,10.547764778137207
2024-11-13,18.369422912597656,10.128900527954102
2024-11-14,18.592193603515625,10.128900527954102
2024-11-18,18.50865364074707,11.061824798583984
2024-11-19,18.499229431152344,11.090383529663086
2024-11-21,18.574621200561523,10.90951156616211
2024-11-22,18.650014877319336,11.109999656677246
2024-11-25,19.140058517456055,11.25
2024-11-26,18.800800323486328,11.100000381469727
2024-11-27,18.970426559448242,11.1899995803833
2024-11-28,19.08351707458496,10.899999618530273
2024-11-29,19.130634307861328,11.15999984741211
2024-12-02,19.300268173217773,11.180000305175781
2024-12-03,19.667802810668945,11.420000076293945
2024-12-04,19.620677947998047,11.1899995803833
2024-12-05,19.648954391479492,11.350000381469727
2024-12-06,19.290843963623047,11.15999984741211
2024-12-09,19.93167495727539,11.649999618530273
2024-12-10,19.82801055908203,11.710000038146973
2024-12-11,19.790315628051758,11.579999923706055
2024-12-12,19.413352966308594,11.180000305175781
2024-12-13,18.847915649414062,10.6899995803833
2024-12-16,18.970426559448242,10.609999656677246
2024-12-17,19.20602798461914,10.5600004196167
2024-12-18,18.489809036254883,9.489999771118164
2024-12-19,18.254209518432617,9.25
2024-12-20,18.141122817993164,9.300000190734863
2024-12-23,17.679346084594727,8.859999656677246
2024-12-26,17.632226943969727,8.899999618530273
2024-12-27,17.283538818359375,8.680000305175781
2024-12-30,17.095060348510742,8.859999656677246
2025-01-02,16.87830924987793,8.420000076293945
2025-01-03,16.322296142578125,8.210000038146973
2025-01-06,16.991397857666016,8.529999732971191
2025-01-07,16.906579971313477,8.359999656677246
2025-01-08,16.58616828918457,7.760000228881836
2025-01-09,16.114967346191406,7.449999809265137
2025-01-10,15.83224868774414,7.730000019073486
2025-01-13,16.01130485534668,7.679999828338623
2025-01-14,16.08669662475586,7.489999771118164
2025-01-15,16.63328742980957,7.96999979019165
2025-01-16,16.26575469970703,7.809999942779541
2025-01-17,16.369415283203125,8.130000114440918
2025-01-20,16.520198822021484,7.989999771118164
2025-01-21,16.87830924987793,8.100000381469727
2025-01-22,16.58616828918457,7.849999904632568
2025-01-23,16.45423126220703,7.860000133514404
2025-01-24,16.54846954345703,8.260000228881836
2025-01-27,16.727527618408203,8.800000190734863
2025-01-28,16.652135848999023,8.729999542236328
2025-01-29,16.463653564453125,8.800000190734863
2025-01-30,16.746374130249023,9.25
2025-01-31,16.228055953979492,9.09000015258789
2025-02-03,16.473079681396484,9.029999732971191
2025-02-04,16.105548858642578,9.020000457763672
2025-02-05,15.92648983001709,8.729999542236328
2025-02-06,16.105548858642578,9.0600004196167
2025-02-07,15.738012313842773,8.9399995803833
2025-02-10,16.557893753051758,9.069999694824219
2025-02-11,16.718101501464844,8.869999885559082
2025-02-12,16.369415283203125,8.380000114440918
2025-02-13,16.444808959960938,8.359999656677246
2025-02-14,16.567319869995117,8.739999771118164
2025-02-17,16.369415283203125,8.789999961853027
2025-02-18,16.435382843017578,8.890000343322754
2025-02-19,16.35999298095703,8.760000228881836
2025-02-20,15.483563423156738,8.84000015258789
2025-02-21,15.285659790039062,8.699999809265137
2025-02-24,15.332780838012695,8.460000038146973
2025-02-25,15.379899024963379,8.539999961853027
2025-02-26,15.69089126586914,8.699999809265137
2025-02-27,15.879369735717773,8.670000076293945
2025-02-28,15.70031452178955,8.520000457763672
2025-03-05,15.75685977935791,8.5
2025-03-06,15.946815490722656,8.670000076293945
2025-03-07,16.079547882080078,8.800000190734863
2025-03-10,15.9847412109375,8.65999984741211
2025-03-11,15.927855491638184,8.4399995803833
2025-03-12,15.671874046325684,8.470000267028809
2025-03-13,15.624468803405762,9.140000343322754
2025-03-14,16.032146453857422,10.220000267028809
2025-03-17,16.297611236572266,10.079999923706055
2025-03-18,16.316570281982422,9.850000381469727
2025-03-19,16.345012664794922,10.050000190734863
2025-03-20,16.307092666625977,10.029999732971191
2025-03-21,16.25020408630371,10.069999694824219
2025-03-24,16.345012664794922,9.960000038146973
2025-03-25,16.420862197875977,9.949999809265137
2025-03-26,16.563074111938477,9.979999542236328
2025-03-27,16.477745056152344,9.960000038146973
2025-03-28,16.02266502380371,9.739999771118164
2025-03-31,15.340042114257812,9.470000267028809
2025-04-01,15.747720718383789,9.479999542236328
2025-04-02,15.529659271240234,8.989999771118164
2025-04-03,15.09354019165039,8.8100004196167
2025-04-04,14.36351203918457,8.229999542236328
2025-04-07,13.84206485748291,8.239999771118164
2025-04-08,13.273213386535645,7.769999980926514
2025-04-09,14.22130012512207,8.40999984741211
2025-04-10,13.785181045532227,8.359999656677246
2025-04-11,13.917912483215332,8.630000114440918
2025-04-14,14.36351203918457,8.960000038146973
2025-04-15,14.202336311340332,8.649999618530273
2025-04-16,14.287666320800781,8.649999618530273
2025-04-17,14.173894882202148,8.680000305175781
2025-04-22,14.117011070251465,8.850000381469727
2025-04-23,14.278185844421387,9.130000114440918
2025-04-24,14.572092056274414,9.359999656677246
2025-04-25,14.534168243408203,9.390000343322754
2025-04-28,14.742748260498047,9.359999656677246
2025-04-29,14.572092056274414,9.399999618530273
2025-04-30,14.211817741394043,9.300000190734863
2025-05-02,14.16441535949707,9.350000381469727
2025-05-05,14.050644874572754,9.199999809265137
2025-05-06,14.01272201538086,9.34000015258789
2025-05-07,13.851545333862305,9.399999618530273
2025-05-08,14.12649154663086,9.630000114440918
2025-05-09,14.097817420959473,8.680000305175781
2025-05-12,14.480131149291992,8.890000343322754
2025-05-13,14.814656257629395,9.029999732971191
2025-05-14,14.881561279296875,9.289999961853027
2025-05-15,15.01537036895752,9.270000457763672
2025-05-16,15.072718620300293,9.069999694824219
2025-05-19,14.996254920959473,9.079999923706055
2025-05-20,14.919792175292969,9.100000381469727
2025-05-21,14.7764253616333,8.90999984741211
2025-05-22,14.785983085632324,8.800000190734863
2025-05-23,14.766866683959961,8.84000015258789
2025-05-26,14.948467254638672,8.8100004196167
2025-05-27,15.369011878967285,9.0
2025-05-28,15.196969032287598,8.670000076293945
2025-05-29,15.05360221862793,8.579999923706055
2025-05-30,14.57571029663086,8.25
2025-06-02,15.311664581298828,8.239999771118164
2025-06-03,15.521937370300293,8.380000114440918
2025-06-04,15.42635726928711,8.329999923706055
2025-06-05,15.96159839630127,8.270000457763672
2025-06-06,15.952038764953613,8.229999542236328
2025-06-09,16.974729537963867,8.300000190734863
2025-06-10,16.869592666625977,8.640000343322754
2025-06-11,16.248332977294922,8.479999542236328
2025-06-12,16.1718692779541,8.289999961853027
2025-06-13,16.018943786621094,7.940000057220459
2025-06-16,16.095407485961914,8.420000076293945
2025-06-17,15.846904754638672,8.199999809265137
2025-06-18,15.799116134643555,8.149999618530273
2025-06-20,15.302105903625488,7.869999885559082
2025-06-23,15.378568649291992,7.739999771118164
2025-06-24,15.378568649291992,7.630000114440918
2025-06-25,15.15873908996582,7.25
2025-06-26,15.349894523620605,7.420000076293945
2025-06-27,15.196969032287598,7.5
2025-06-30,15.292548179626465,7.440000057220459
2025-07-01,15.292548179626465,7.510000228881836
2025-07-02,15.770439147949219,7.96999979019165
2025-07-03,16.047618865966797,8.229999542236328
2025-07-04,16.03805923461914,8.210000038146973
2025-07-07,16.104965209960938,8.119999885559082
2025-07-08,16.133638381958008,8.140000343322754
2025-07-09,16.047618865966797,7.929999828338623
2025-07-10,16.133638381958008,8.329999923706055
2025-07-11,15.952038764953613,8.25
2025-07-14,15.913808822631836,8.199999809265137
2025-07-15,15.741766929626465,8.079999923706055
2025-07-16,15.799116134643555,8.0
2025-07-17,15.627073287963867,7.909999847412109
2025-07-18,15.397686004638672,7.820000171661377
2025-07-21,15.885135650634766,7.989999771118164
2025-07-22,16.16231346130371,8.5600004196167
2025-07-23,16.45860481262207,8.770000457763672
2025-07-24,16.515954971313477,8.550000190734863
2025-07-25,16.420373916625977,8.369999885559082
2025-07-28,16.057174682617188,8.0
2025-07-29,15.97115421295166,8.010000228881836
2025-07-30,16.229215621948242,7.940000057220459
2025-07-31,16.095407485961914,8.020000457763672
2025-08-01,15.340336799621582,7.619999885559082
2025-08-04,15.512377738952637,7.449999809265137
2025-08-05,15.455032348632812,7.239999771118164
2025-08-06,15.282989501953125,7.21999979019165
2025-08-07,15.483705520629883,7.309999942779541
2025-08-08,15.665301322937012,7.409999847412109
2025-08-11,15.627073287963867,7.260000228881836
2025-08-12,15.742615699768066,7.550000190734863
2025-08-13,15.85815715789795,7.420000076293945
2025-08-14,15.694473266601562,6.96999979019165
2025-08-15,15.62707233428955,6.769999980926514
2025-08-18,15.781126976013184,7.079999923706055
2025-08-19,15.675216674804688,6.840000152587891
2025-08-20,15.473016738891602,6.769999980926514
2025-08-21,15.386360168457031,6.829999923706055
2025-08-22,15.752243995666504,7.159999847412109
2025-08-25,16.06035804748535,7.239999771118164
2025-08-26,16.1758975982666,7.25
2025-08-27,16.156641006469727,7.380000114440918
2025-08-28,16.166271209716797,7.730000019073486
2025-08-29,16.041099548339844,7.610000133514404
2025-09-01,16.272184371948242,7.539999961853027
2025-09-02,16.291439056396484,7.440000057220459
2025-09-03,16.13738441467285,7.429999828338623
2025-09-04,16.36846923828125,7.650000095367432
2025-09-05,16.792123794555664,7.789999961853027
2025-09-08,16.72472381591797,7.840000152587891
2025-09-09,16.455127716064453,7.789999961853027
2025-09-10,16.291439056396484,7.75
2025-09-11,16.36846923828125,7.820000171661377
2025-09-12,15.694473266601562,7.829999923706055
2025-09-15,16.079614639282227,7.869999885559082
2025-09-16,16.156641006469727,8.069999694824219
2025-09-17,16.214412689208984,8.109999656677246
2025-09-18,16.185527801513672,7.909999847412109
2025-09-19,16.147014617919922,8.010000228881836
2025-09-22,16.11812973022461,7.949999809265137
2025-09-23,16.23366928100586,7.980000019073486
2025-09-24,16.079614639282227,8.039999961853027
2025-09-25,16.06035804748535,7.949999809265137
2025-09-26,16.002586364746094,7.989999771118164
2025-09-29,16.13738441467285,8.039999961853027
2025-09-30,15.992959022521973,7.900000095367432
2025-10-01,16.329954147338867,8.210000038146973
2025-10-02,16.532154083251953,8.15999984741211
2025-10-03,16.849895477294922,8.199999809265137
2025-10-06,16.8017520904541,8.729999542236328
2025-10-07,16.55141258239746,8.399999618530273
2025-10-08,16.878780364990234,8.460000038146973
2025-10-09,16.917293548583984,8.420000076293945
2025-10-10,16.705467224121094,7.909999847412109
2025-10-13,17.061721801757812,8.40999984741211
2025-10-14,17.052093505859375,8.449999809265137
2025-10-15,17.254291534423828,8.520000457763672
2025-10-16,17.013580322265625,8.300000190734863
2025-10-17,17.331317901611328,8.34000015258789
2025-10-20,17.581663131713867,8.720000267028809
2025-10-21,17.514263153076172,8.649999618530273
2025-10-22,17.331317901611328,8.609999656677246
2025-10-23,17.514263153076172,8.760000228881836
2025-10-24,17.533517837524414,8.630000114440918
2025-10-27,17.54314613342285,8.920000076293945
2025-10-28,17.77423095703125,9.119999885559082
2025-10-29,18.53488540649414,9.3100004196167
2025-10-30,18.024574279785156,9.359999656677246
2025-10-31,18.236400604248047,9.4399995803833
2025-11-03,18.014944076538086,9.300000190734863
2025-11-04,17.889772415161133,9.130000114440918
2025-11-05,18.380828857421875,8.710000038146973
2025-11-06,18.409713745117188,8.5
2025-11-07,18.323057174682617,8.350000381469727
2025-11-10,18.39045524597168,8.289999961853027
2025-11-11,18.468629837036133,8.3100004196167
2025-11-12,18.615205764770508,8.729999542236328
2025-11-13,18.478403091430664,8.609999656677246
2025-11-14,18.341598510742188,8.649999618530273
2025-11-17,18.273197174072266,8.350000381469727
2025-11-18,18.224336624145508,8.149999618530273
2025-11-19,18.067989349365234,8.109999656677246
2025-11-21,18.048444747924805,8.100000381469727
2025-11-24,18.165706634521484,8.109999656677246
2025-11-25,18.33182716369629,8.3100004196167
2025-11-26,18.69338035583496,8.640000343322754
2025-11-27,18.673837661743164,8.479999542236328
2025-11-28,18.605436325073242,8.4399995803833
2025-12-01,18.71292495727539,8.449999809265137
2025-12-02,18.673837661743164,8.579999923706055
2025-12-03,19.181968688964844,9.050000190734863
2025-12-04,19.15265464782715,9.289999961853027
2025-12-05,18.664066314697266,8.90999984741211
2025-12-08,18.615205764770508,8.760000228881836
2025-12-09,18.644521713256836,9.050000190734863
2025-12-10,19.142881393432617,9.630000114440918
2025-12-11,19.406721115112305,9.770000457763672
2025-12-12,19.475122451782227,9.699999809265137
2025-12-15,19.905078887939453,9.579999923706055
2025-12-16,20.178686141967773,9.680000305175781
2025-12-17,19.846450805664062,9.5600004196167
2025-12-18,19.96371078491211,9.59000015258789
2025-12-19,19.905078887939453,9.279999732971191
2025-12-22,20.100515365600586,9.199999809265137
2025-12-23,20.27640724182129,9.210000038146973
2025-12-26,20.27640724182129,9.15999984741211
2025-12-29,20.06142807006836,8.930000305175781
2025-12-30,19.92462158203125,8.9399995803833
2026-01-02,20.04188346862793,8.699999809265137
2026-01-05,20.23731803894043,9.050000190734863
2026-01-06,20.56955909729004,9.319999694824219
2026-01-07,20.78453826904297,9.850000381469727
2026-01-08,20.716136932373047,9.859999656677246
2026-01-09,20.56955909729004,9.84000015258789
2026-01-12,20.76499366760254,9.920000076293945
2026-01-13,21.16563606262207,10.050000190734863
2026-01-14,21.703083038330078,10.270000457763672
2026-01-15,21.771486282348633,9.949999809265137
2026-01-16,21.536964416503906,9.510000228881836
2026-01-19,21.507648468017578,9.210000038146973
2026-01-20,21.693313598632812,8.930000305175781
2026-01-21,22.045093536376953,9.369999885559082
2026-01-22,22.553226470947266,9.539999961853027
2026-01-23,22.719345092773438,10.140000343322754
2026-01-26,22.21121597290039,9.960000038146973
2026-01-27,22.963640213012695,10.670000076293945
2026-01-28,23.188392639160156,10.890000343322754
2026-01-29,22.22098731994629,10.520000457763672
2026-01-30,21.90829086303711,10.069999694824219
2026-02-02,22.074413299560547,10.010000228881836
2026-02-03,22.514141082763672,10.369999885559082
2026-02-04,21.88874626159668,10.229999542236328
2026-02-05,21.507648468017578,9.899999618530273
2026-02-06,21.46856117248535,9.510000228881836
2026-02-09,21.742172241210938,9.850000381469727
2026-02-10,21.644451141357422,9.390000343322754
2026-02-11,22.133039474487305,9.619999885559082
2026-02-12,21.68354034423828,8.699999809265137
2026-02-13,21.155864715576172,8.729999542236328
2026-02-18,21.126550674438477,8.59000015258789
2026-02-19,21.028833389282227,8.529999732971191
2026-02-20,21.146093368530273,8.579999923706055
2026-02-23,21.116779327392578,8.529999732971191
2026-02-24,20.647733688354492,8.529999732971191
2026-02-25,20.921342849731445,8.619999885559082
2026-02-26,20.598873138427734,8.630000114440918
2026-02-27,20.510927200317383,8.619999885559082
2026-03-02,20.32526397705078,8.420000076293945
2026-03-03,19.299230575561523,7.909999847412109
2026-03-04,19.406721115112305,8.0
2026-03-05,18.879045486450195,7.510000228881836
2026-03-06,18.468629837036133,7.190000057220459
2026-03-09,18.322053909301758,7.190000057220459
2026-03-10,18.41977310180664,7.269999980926514
2026-03-11,18.3411808013916,7.130000114440918
2026-03-12,17.712453842163086,6.099999904632568
2026-03-13,17.417736053466797,5.71999979019165
2026-03-16,17.48650360107422,6.03000020980835
2026-03-17,17.348970413208008,6.340000152587891
2026-03-18,17.083724975585938,6.059999942779541
2026-03-19,17.181962966918945,6.090000152587891
2026-03-20,17.142667770385742,5.989999771118164
2026-03-23,17.682979583740234,6.539999961853027
2026-03-24,17.91875457763672,6.570000171661377
2026-03-25,18.134878158569336,6.599999904632568
2026-03-26,18.10540771484375,6.440000057220459
2026-03-27,17.81068992614746,6.179999828338623
2026-03-30,18.03664207458496,6.139999866485596
2026-03-31,18.665369033813477,6.329999923706055
2026-04-01,19.37268829345703,6.519999980926514
2026-04-02,19.461103439331055,6.46999979019165
2026-04-06,19.274450302124023,6.409999847412109
2026-04-07,19.35304069519043,6.360000133514404
2026-04-08,20.080007553100586,6.71999979019165
2026-04-09,20.95433235168457,6.789999961853027
2026-04-10,20.915037155151367,6.420000076293945
2026-04-13,20.748031616210938,6.519999980926514
2026-04-14,21.21957778930664,6.639999866485596
2026-04-15,21.416053771972656,6.639999866485596
2026-04-16,21.15081214904785,6.619999885559082
2026-04-17,21.160634994506836,6.789999961853027
2026-04-20,21.062397003173828,6.820000171661377
2026-04-22,21.33746337890625,6.639999866485596
2026-04-23,21.298168182373047,6.389999866485596
2026-04-24,21.38658332824707,6.429999828338623
2026-04-27,21.278520584106445,6.400000095367432
2026-04-28,22.162668228149414,6.420000076293945
2026-04-29,22.064430236816406,6.159999847412109
2026-04-30,22.211788177490234,6.230000019073486
2026-05-04,22.251083374023438,6.079999923706055
2026-05-05,23.331710815429688,6.269999980926514
2026-05-06,23.930967330932617,6.699999809265137
2026-05-07,23.351360321044922,6.579999923706055
2026-05-08,23.459421157836914,6.679999828338623
2026-05-11,23.2825927734375,6.679999828338623
2026-05-12,23.20400047302246,6.550000190734863
2026-05-13,23.076290130615234,6.369999885559082
2026-05-14,23.343584060668945,6.670000076293945
2026-05-15,23.105989456176758,6.420000076293945
2026-05-18,23.026792526245117,6.150000095367432
2026-05-19,22.78919792175293,5.900000095367432
2026-05-20,23.23468589782715,6.130000114440918
2026-05-21,23.264385223388672,6.340000152587891
2026-05-22,23.769271850585938,6.730000019073486
2026-05-25,23.93756866455078,6.71999979019165
2026-05-26,23.37328338623047,6.690000057220459
2026-05-27,23.501977920532227,6.550000190734863
2026-05-28,23.264385223388672,6.800000190734863
2026-05-29,22.541704177856445,6.710000038146973
2026-06-01,22.90799331665039,6.550000190734863
2026-06-02,24.402854919433594,7.130000114440918
2026-06-03,23.8880672454834,6.679999828338623
2026-06-05,23.244585037231445,6.0
2026-06-08,23.442581176757812,5.900000095367432
2026-06-09,23.23468589782715,6.070000171661377
2026-06-10,23.195087432861328,6.039999961853027
2026-06-11,23.5811767578125,6.010000228881836
2026-06-12,23.640575408935547,6.050000190734863
2026-06-15,23.125789642333984,6.090000152587891
2026-06-16,23.05649185180664,6.019999980926514
2026-06-17,22.581302642822266,5.630000114440918
2026-06-18,21.432933807373047,5.179999828338623
2026-06-19,21.442832946777344,5.260000228881836
2026-06-22,21.68042755126953,5.340000152587891
2026-06-23,21.482433319091797,5.269999980926514
2026-06-24,21.165639877319336,5.059999942779541
2026-06-25,21.225040435791016,4.820000171661377
2026-06-26,21.20524024963379,4.730000019073486
2026-06-29,21.0765438079834,4.639999866485596
2026-06-30,20.571657180786133,4.619999885559082
2026-07-01,20.680553436279297,4.590000152587891
2026-07-02,20.937946319580078,4.619999885559082
2026-07-03,21.225040435791016,4.820000171661377
2026-07-06,21.621028900146484,4.760000228881836
2026-07-07,21.63092803955078,4.739999771118164
2026-07-08,21.918020248413086,4.670000076293945
2026-07-09,22.25461196899414,4.800000190734863
2026-07-10,22.779298782348633,5.179999828338623
2026-07-13,22.591203689575195,5.239999771118164
2026-07-14,23.08618927001953,5.199999809265137
2026-07-15,23.957366943359375,5.239999771118164
2026-07-16,23.67027473449707,5.099999904632568
2026-07-17,23.79897117614746,5.050000190734863
2026-07-20,23.383182525634766,5.070000171661377
2026-07-21,23.254486083984375,5.059999942779541
2026-07-22,23.818769454956055,5.380000114440918
2026-07-23,23.818769454956055,5.300000190734863
2026-07-24,24.016765594482422,5.360000133514404
2026-07-27,24.234560012817383,5.710000038146973
2026-07-28,24.887941360473633,5.639999866485596
2026-07-29,24.541452407836914,5.199999809265137
2026-07-30,24.72954559326172,4.949999809265137
2026-07-31,24.72954559326172,4.840000152587891
2026-08-03,25.373029708862305,4.510000228881836
2026-08-04,25.610624313354492,4.789999961853027
2026-08-05,26.04621124267578,4.889999866485596
2026-08-06,25.3928279876709,4.739999771118164
2026-08-07,24.798843383789062,4.570000171661377
2026-08-10,24.99683952331543,4.460000038146973
2026-08-11,23.917768478393555,4.28000020980835
2026-08-12,24.63054847717285,4.320000171661377
2026-08-13,24.541452407836914,4.559999942779541
2026-08-14,24.402854919433594,4.489999771118164
2026-08-17,24.531553268432617,4.570000171661377
2026-08-18,23.957366943359375,4.539999961853027
2026-08-19,22.71000099182129,4.429999828338623
2026-08-20,22.149999618530273,4.449999809265137
2026-08-21,22.149999618530273,4.789999961853027
2026-08-24,22.139999389648438,5.159999847412109
2026-08-25,22.450000762939453,5.079999923706055
2026-08-26,22.8799991607666,5.269999980926514
2026-08-27,23.969999313354492,5.369999885559082
2026-08-28,23.799999237060547,5.210000038146973
2026-08-31,23.739999771118164,5.320000171661377
2026-09-01,24.149999618530273,5.739999771118164
2026-09-02,25.420000076293945,5.980000019073486
2026-09-03,25.139999389648438,6.380000114440918
2026-09-04,25.34000015258789,6.360000133514404
2026-09-08,25.700000762939453,6.619999885559082
2026-09-09,25.40999984741211,7.110000133514404
2026-09-10,26.010000228881836,7.190000057220459
2026-09-11,26.100000381469727,6.659999847412109
2026-09-14,25.059999465942383,6.349999904632568
2026-09-15,25.850000381469727,6.210000038146973
2026-09-16,25.600000381469727,6.460000038146973
2026-09-17,25.979999542236328,6.25
2026-09-18,25.34000015258789,5.849999904632568
