Date,GOAU4.SA,GGBR4.SA
2011-09-21,6.727646827697754,6.533446311950684
2011-09-22,6.5267109870910645,6.27696418762207
2011-09-23,6.429963111877441,6.227468967437744
2011-09-26,6.653226375579834,6.4569501876831055
2011-09-27,6.567639350891113,6.411954402923584
2011-09-28,6.426238536834717,6.245467185974121
2011-09-29,6.366706371307373,6.150975227355957
2011-09-30,6.236471176147461,6.0069899559021
2011-10-03,5.990879058837891,5.7865071296691895
2011-10-04,5.842039108276367,5.759509086608887
2011-10-05,5.879249572753906,5.728010654449463
2011-10-06,6.042975425720215,5.912497043609619
2011-10-07,5.879249572753906,5.782008171081543
2011-10-10,6.296006202697754,6.065483570098877
2011-10-11,6.362983703613281,6.231968402862549
2011-10-13,6.448569297790527,6.281464576721191
2011-10-14,6.474615097045898,6.344460964202881
2011-10-17,6.266237735748291,6.060983657836914
2011-10-18,6.266237735748291,6.060983657836914
2011-10-19,6.296006202697754,6.132977485656738
2011-10-20,6.136002063751221,5.961990833282471
2011-10-21,6.4001946449279785,6.186973571777344
2011-10-24,6.723926544189453,6.186973571777344
2011-10-25,6.723926544189453,6.186973571777344
2011-10-26,6.723926544189453,6.186973571777344
2011-10-27,6.723926544189453,6.186973571777344
2011-10-28,7.404877185821533,7.064398765563965
2011-10-31,7.404877185821533,7.064398765563965
2011-11-01,6.973236560821533,6.803421974182129
2011-11-03,7.129520893096924,6.929410934448242
2011-11-04,7.2597575187683105,7.032900333404541
2011-11-07,7.270920276641846,7.064398765563965
2011-11-08,7.2374267578125,7.019400596618652
2011-11-09,7.032772064208984,6.839417934417725
2011-11-10,7.032772064208984,6.839417934417725
2011-11-11,7.211384296417236,6.978906631469727
2011-11-14,7.0141682624816895,6.816920280456543
2011-11-16,7.040213584899902,6.8124213218688965
2011-11-17,6.753695964813232,6.5019450187683105
2011-11-18,6.679272174835205,6.407453536987305
2011-11-21,6.679272174835205,6.407453536987305
2011-11-22,6.517557144165039,6.253170490264893
2011-11-23,6.393447399139404,6.1351823806762695
2011-11-24,6.306947708129883,6.067115306854248
2011-11-25,6.276861667633057,6.008121967315674
2011-11-28,6.385929107666016,6.126108169555664
2011-11-29,6.148993492126465,5.876522541046143
2011-11-30,6.43858003616333,6.126108169555664
2011-12-01,6.6303815841674805,6.284931182861328
2011-12-02,6.55140495300293,6.280394077301025
2011-12-05,6.825947284698486,6.475521087646484
2011-12-06,6.946291923522949,6.607120990753174
2011-12-07,6.863554954528809,6.543588638305664
2011-12-08,6.619101047515869,6.371150016784668
2011-12-09,6.690556049346924,6.36661434173584
2011-12-12,6.690556049346924,6.36661434173584
2011-12-13,6.6943159103393555,6.357536792755127
2011-12-14,6.607815742492676,6.280394077301025
2011-12-15,6.600295066833496,6.257705211639404
2011-12-16,6.622862339019775,6.284931182861328
2011-12-19,6.378405570983887,6.080729007720947
2011-12-20,6.6115803718566895,6.3303093910217285
2011-12-21,6.622862339019775,6.334847927093506
2011-12-22,6.807143688201904,6.534513473510742
2011-12-23,6.8597941398620605,6.634347915649414
2011-12-26,6.863554954528809,6.598043918609619
2011-12-27,6.972621440887451,6.725107669830322
2011-12-28,6.713120460510254,6.484597682952881
2011-12-29,6.7356858253479,6.579892158508301
2012-01-02,6.656708717346191,6.625272274017334
2012-01-03,7.115530967712402,6.874855041503906
2012-01-04,7.18698787689209,6.98829984664917
2012-01-05,7.288534164428711,7.101746559143066
2012-01-06,7.39759635925293,7.169814109802246
2012-01-09,7.4803338050842285,7.147126197814941
2012-01-10,7.65333366394043,7.414859771728516
2012-01-11,7.747354507446289,7.510153293609619
2012-01-12,7.788725852966309,7.569145679473877
2012-01-13,7.589401721954346,7.442086696624756
2012-01-16,7.589401721954346,7.442086696624756
2012-01-17,7.589401721954346,7.442086696624756
2012-01-18,8.014376640319824,7.668977737426758
2012-01-19,7.822573661804199,7.510153293609619
2012-01-20,8.006855010986328,7.596370697021484
2012-01-23,7.852660179138184,7.555531024932861
2012-01-24,7.807528972625732,7.473850250244141
2012-01-26,7.965486526489258,7.646290302276611
2012-01-27,7.95420503616333,7.650825500488281
2012-01-30,8.033178329467773,7.596370697021484
2012-01-31,7.89778995513916,7.555531024932861
2012-02-01,8.273874282836914,7.895872116088867
2012-02-02,8.330288887023926,8.009320259094238
2012-02-03,8.589787483215332,8.240745544433594
2012-02-06,8.57850456237793,8.258899688720703
2012-02-07,8.589787483215332,8.304279327392578
2012-02-08,8.484482765197754,8.281593322753906
2012-02-09,8.586026191711426,8.326969146728516
2012-02-10,8.243786811828613,7.986629486083984
2012-02-13,8.243786811828613,7.986629486083984
2012-02-14,8.217463493347168,7.873182773590088
2012-02-15,8.127203941345215,7.80511474609375
2012-02-16,8.228745460510254,7.868645668029785
2012-02-17,8.450634956359863,8.041082382202148
2012-02-23,8.416787147521973,7.991164684295654
2012-02-24,8.53337574005127,8.068310737609863
2012-02-27,8.401745796203613,7.93217658996582
2012-02-28,8.488672256469727,8.041584014892578
2012-02-29,8.636072158813477,8.182905197143555
2012-03-01,8.817485809326172,8.278636932373047
2012-03-02,8.95732593536377,8.369811058044434
2012-03-05,8.881735801696777,8.223933219909668
2012-03-06,8.409300804138184,7.822763442993164
2012-03-07,8.386628150939941,7.795411109924316
2012-03-08,8.515127182006836,7.9321746826171875
2012-03-09,8.707880020141602,8.141875267028809
2012-03-12,8.817485809326172,8.146434783935547
2012-03-13,9.244563102722168,8.570396423339844
2012-03-14,9.244563102722168,8.71627426147461
2012-03-15,9.23322582244873,8.720832824707031
2012-03-16,9.14630126953125,8.739068031311035
2012-03-19,9.14630126953125,8.729950904846191
2012-03-20,9.10094165802002,8.538482666015625
2012-03-21,8.930868148803711,8.424517631530762
2012-03-22,8.930868148803711,8.424517631530762
2012-03-23,8.991337776184082,8.465548515319824
2012-03-26,9.150078773498535,8.570396423339844
2012-03-27,8.930868148803711,8.374370574951172
2012-03-28,8.64362907409668,8.105406761169434
2012-03-29,8.753232955932617,8.164669036865234
2012-03-30,8.500007629394531,7.959526538848877
2012-04-02,8.77212905883789,8.228492736816406
2012-04-03,8.628511428833008,8.059818267822266
2012-04-04,8.488672256469727,7.863795280456543
2012-04-05,8.549139976501465,7.900267601013184
2012-04-09,8.390403747558594,7.781737327575684
2012-04-10,8.390403747558594,7.781737327575684
2012-04-11,8.295918464660645,7.781737327575684
2012-04-12,8.295918464660645,7.781737327575684
2012-04-13,8.447101593017578,7.923057556152344
2012-04-16,8.424419403076172,7.859236240386963
2012-04-17,8.549139976501465,7.977757453918457
2012-04-18,8.870396614074707,8.269521713256836
2012-04-19,8.798588752746582,8.128199577331543
2012-04-20,8.749455451965332,8.160114288330078
2012-04-23,8.53024673461914,7.904823303222656
2012-04-24,8.707880020141602,8.059818267822266
2012-04-25,8.783470153808594,8.114523887634277
2012-04-26,8.843940734863281,8.205698013305664
2012-04-27,8.715436935424805,8.114523887634277
2012-04-30,8.787248611450195,8.169227600097656
2012-05-02,8.787248611450195,8.169227600097656
2012-05-03,8.552922248840332,7.918498992919922
2012-05-04,8.035134315490723,7.494538307189941
2012-05-07,8.174976348876953,7.535566806793213
2012-05-08,7.857502460479736,7.293955326080322
2012-05-09,7.88773775100708,7.334981441497803
2012-05-10,8.11450481414795,7.512772083282471
2012-05-11,8.091829299926758,7.572035312652588
2012-05-14,7.803510665893555,7.407325744628906
2012-05-15,7.59486198425293,7.407325744628906
2012-05-16,7.59486198425293,7.407325744628906
2012-05-17,7.397593021392822,7.0916361808776855
2012-05-18,7.378623962402344,7.123661994934082
2012-05-21,7.378623962402344,7.123661994934082
2012-05-22,7.795924186706543,7.530858993530273
2012-05-23,7.7200517654418945,7.471381664276123
2012-05-24,7.591069221496582,7.320396423339844
2012-05-25,7.636592388153076,7.389026165008545
2012-05-28,7.803510665893555,7.480530738830566
2012-05-29,7.773164749145508,7.44850492477417
2012-05-30,7.575894832611084,7.356998443603516
2012-05-31,7.568305969238281,7.256343364715576
2012-06-01,7.477260589599609,7.196864128112793
2012-06-04,7.701082706451416,7.389026165008545
2012-06-05,7.613831520080566,7.297520637512207
2012-06-06,7.951465129852295,7.723021507263184
2012-06-08,7.928702354431152,7.686416149139404
2012-06-11,7.886973857879639,7.6406636238098145
2012-06-12,8.160113334655762,7.896879196166992
2012-06-13,8.251160621643066,7.974658489227295
2012-06-14,8.346000671386719,8.011258125305176
2012-06-15,8.490161895751953,8.189695358276367
2012-06-18,8.490161895751953,8.189695358276367
2012-06-19,8.528094291687012,8.217147827148438
2012-06-20,8.346000671386719,8.006683349609375
2012-06-21,7.974226474761963,7.718443870544434
2012-06-22,7.82627534866333,7.567460060119629
2012-06-25,7.591069221496582,7.45307731628418
2012-06-26,7.704875946044922,7.430205345153809
2012-06-27,7.788339614868164,7.535437107086182
2012-06-28,7.735227108001709,7.507981300354004
2012-06-29,8.399116516113281,8.098188400268555
2012-07-02,8.387734413146973,8.116488456726074
2012-07-03,8.463603019714355,8.098188400268555
2012-07-04,8.37255573272705,8.070737838745117
2012-07-05,8.56982707977295,8.294922828674316
2012-07-06,8.364970207214355,8.079889297485352
2012-07-10,8.163907051086426,7.837398052215576
2012-07-11,8.163907051086426,7.837398052215576
2012-07-12,8.065272331237793,7.823676586151123
2012-07-13,8.209434509277344,7.988383769989014
2012-07-16,8.053893089294434,7.988383769989014
2012-07-17,8.243572235107422,7.938056468963623
2012-07-18,8.505334854125977,8.212571144104004
2012-07-19,8.679842948913574,8.322375297546387
2012-07-20,8.361177444458008,8.079889297485352
2012-07-23,8.198049545288086,7.92432975769043
2012-07-24,8.133560180664062,7.782495975494385
2012-07-25,7.94766902923584,7.6406636238098145
2012-07-26,8.232193946838379,7.9151787757873535
2012-07-27,8.232193946838379,7.9151787757873535
2012-07-30,8.869522094726562,8.500812530517578
2012-07-31,8.846761703491211,8.519110679626465
2012-08-01,8.846761703491211,8.519110679626465
2012-08-02,8.71398639678955,8.386432647705078
2012-08-03,8.960570335388184,8.64721965789795
2012-08-06,9.320967674255371,8.875981330871582
2012-08-07,9.320967674255371,8.875981330871582
2012-08-08,9.320967674255371,8.875981330871582
2012-08-09,9.146458625793457,8.743297576904297
2012-08-10,9.146458625793457,8.743297576904297
2012-08-13,9.408223152160645,8.743297576904297
2012-08-14,9.495931625366211,8.78467082977295
2012-08-15,9.621783256530762,8.78467082977295
2012-08-16,9.797210693359375,8.78467082977295
2012-08-17,9.793397903442383,8.78467082977295
2012-08-20,9.621783256530762,8.78467082977295
2012-08-21,9.362457275390625,9.009917259216309
2012-08-22,9.43110179901123,9.000727653503418
2012-08-23,9.076435089111328,8.683538436889648
2012-08-24,9.045926094055176,8.637569427490234
2012-08-27,8.874313354492188,8.485872268676758
2012-08-28,8.885751724243164,8.564020156860352
2012-08-29,8.725581169128418,8.315787315368652
2012-08-30,8.676002502441406,8.38474178314209
2012-08-31,8.439558029174805,8.24683666229248
2012-09-03,8.443371772766113,8.136507034301758
2012-09-04,8.458625793457031,8.191672325134277
2012-09-05,8.706510543823242,8.403128623962402
2012-09-06,9.213725090026855,8.858219146728516
2012-09-10,9.084063529968262,8.826045036315918
2012-09-11,9.282367706298828,8.950162887573242
2012-09-12,9.45779800415039,9.097257614135742
2012-09-13,9.91543197631836,9.483399391174316
2012-09-14,9.995521545410156,9.520174980163574
2012-09-17,9.980263710021973,9.469609260559082
2012-09-18,9.766704559326172,9.3822660446167
2012-09-19,9.70949649810791,9.294927597045898
2012-09-20,9.801021575927734,9.294927597045898
2012-09-21,9.823906898498535,9.258150100708008
2012-09-24,9.961195945739746,9.396059036254883
2012-09-25,9.553139686584473,9.009917259216309
2012-09-26,9.713310241699219,9.166213035583496
2012-09-27,9.476866722106934,8.973145484924316
2012-09-28,9.316695213317871,8.862820625305176
2012-10-01,9.427289009094238,8.913385391235352
2012-10-02,9.316695213317871,8.803058624267578
2012-10-03,9.213725090026855,8.75709056854248
2012-10-04,9.103128433227539,8.614585876464844
2012-10-05,9.114571571350098,8.614585876464844
2012-10-08,9.171774864196777,8.780077934265137
2012-10-09,9.2633056640625,8.75709056854248
2012-10-10,9.160333633422852,8.642167091369629
2012-10-11,9.305253028869629,8.770878791809082
2012-10-15,9.18321704864502,8.692733764648438
2012-10-16,9.415844917297363,8.872011184692383
2012-10-17,9.373896598815918,8.816848754882812
2012-10-18,9.080249786376953,8.651361465454102
2012-10-19,8.668375968933105,8.27441692352295
2012-10-22,8.817110061645508,8.306593894958496
2012-10-23,8.653122901916504,8.251433372497559
2012-10-24,8.740836143493652,8.34337043762207
2012-10-25,8.729395866394043,8.297399520874023
2012-10-26,8.485318183898926,8.076748847961426
2012-10-29,8.687446594238281,8.223851203918457
2012-10-30,8.759906768798828,8.269818305969238
2012-10-31,8.679816246032715,8.159491539001465
2012-11-01,8.862872123718262,8.260625839233398
2012-11-05,8.729395866394043,8.311190605163574
2012-11-06,9.110758781433105,8.619182586669922
2012-11-07,8.85142993927002,8.393937110900879
2012-11-08,8.828550338745117,8.320384979248047
2012-11-09,8.759906768798828,8.334175109863281
2012-11-12,8.813295364379883,8.338772773742676
2012-11-13,8.775010108947754,8.33877182006836
2012-11-14,8.568268775939941,8.121882438659668
2012-11-16,8.434269905090332,7.997285842895508
2012-11-19,8.641011238098145,8.223405838012695
2012-11-21,8.863067626953125,8.366459846496582
2012-11-22,8.90517807006836,8.440298080444336
2012-11-23,9.180834770202637,8.69871997833252
2012-11-26,8.974092483520508,8.527978897094727
2012-11-27,8.790324211120605,8.352617263793945
2012-11-28,8.943465232849121,8.518746376037598
2012-11-29,9.03535270690918,8.555663108825684
2012-11-30,8.595067024230957,8.177258491516113
2012-12-03,8.549124717712402,8.177258491516113
2012-12-04,8.621866226196289,8.126496315002441
2012-12-05,8.717578887939453,8.311083793640137
2012-12-06,8.690779685974121,8.251093864440918
2012-12-07,8.889866828918457,8.491059303283691
2012-12-10,9.062150955200195,8.606426239013672
2012-12-11,9.03152084350586,8.629499435424805
2012-12-12,8.916666984558105,8.509517669677734
2012-12-13,8.767352104187012,8.384920120239258
2012-12-14,8.690779685974121,8.32031536102295
2012-12-17,8.587411880493164,8.255709648132324
2012-12-18,8.83626651763916,8.500286102294922
2012-12-19,8.721407890319824,8.41722297668457
2012-12-20,8.67929744720459,8.34338665008545
2012-12-21,8.568268775939941,8.214176177978516
2012-12-26,8.614212036132812,8.306471824645996
2012-12-27,8.556782722473145,8.246479034423828
2012-12-28,8.767352104187012,8.274165153503418
2013-01-02,9.111921310424805,8.707951545715332
2013-01-03,9.23443603515625,8.906380653381348
2013-01-04,9.05449390411377,8.76794147491455
2013-01-07,9.26506519317627,8.878694534301758
2013-01-08,9.077463150024414,8.69871997833252
2013-01-09,8.889866828918457,8.537203788757324
2013-01-10,8.878378868103027,8.477213859558105
2013-01-11,8.775010108947754,8.375691413879395
2013-01-14,8.80563735961914,8.380305290222168
2013-01-15,8.709924697875977,8.269552230834961
2013-01-16,8.671642303466797,8.255709648132324
2013-01-17,8.78266716003418,8.352617263793945
2013-01-18,8.663981437683105,8.260324478149414
2013-01-21,8.667814254760742,8.260324478149414
2013-01-22,8.667814254760742,8.260324478149414
2013-01-23,8.709924697875977,8.306471824645996
2013-01-24,8.545294761657715,8.16341495513916
2013-01-28,8.227529525756836,7.891146659851074
2013-01-29,8.399813652038574,8.024971961975098
2013-01-30,8.38832950592041,7.951136112213135
2013-01-31,8.53381061553955,8.061887741088867
2013-02-01,8.510839462280273,8.075733184814453
2013-02-04,8.418953895568848,8.001898765563965
2013-02-05,8.484038352966309,8.094193458557129
2013-02-06,8.5184965133667,8.094193458557129
2013-02-07,8.376842498779297,8.02035903930664
2013-02-08,8.407470703125,7.992670059204102
2013-02-13,8.552957534790039,8.135725021362305
2013-02-14,8.568268775939941,8.094193458557129
2013-02-15,8.403642654418945,7.941908359527588
2013-02-18,8.116498947143555,7.706557750701904
2013-02-19,7.955702304840088,7.558887481689453
2013-02-20,7.618792533874512,7.245089054107666
2013-02-21,7.714504241943359,7.448134899139404
2013-02-22,7.798731803894043,7.480437278747559
2013-02-25,7.894443511962891,7.50351095199585
2013-02-26,8.193073272705078,7.7527031898498535
2013-02-27,8.051416397094727,7.568118572235107
2013-02-28,8.020787239074707,7.591192722320557
2013-03-01,7.760447025299072,7.35122537612915
2013-03-04,7.722164630889893,7.263545989990234
2013-03-05,7.511383056640625,7.023277282714844
2013-03-06,7.771981239318848,7.305132865905762
2013-03-07,7.706833362579346,7.300510883331299
2013-03-08,7.787311553955078,7.369819641113281
2013-03-11,7.817969799041748,7.392924785614014
2013-03-12,7.641680717468262,7.231202602386475
2013-03-13,7.56886625289917,7.152652263641357
2013-03-14,7.453897476196289,7.161895751953125
2013-03-15,7.319766521453857,7.023277282714844
2013-03-18,7.331264019012451,6.990931987762451
2013-03-19,7.200963973999023,6.8523149490356445
2013-03-20,7.139646530151367,6.880039215087891
2013-03-21,7.089827060699463,6.833832740783691
2013-03-22,7.1779704093933105,6.912382125854492
2013-03-25,7.1089863777160645,6.843074321746826
2013-03-26,7.430904388427734,7.138789653778076
2013-03-27,7.423236846923828,7.101829528808594
2013-03-28,7.423236846923828,7.101829528808594
2013-04-01,7.396413803100586,7.06948184967041
2013-04-02,7.1779704093933105,6.912382125854492
2013-04-03,7.2431206703186035,6.912382125854492
2013-04-04,7.12814998626709,6.829211711883545
2013-04-05,7.3657546043396,7.000174522399902
2013-04-08,7.15880823135376,6.829211711883545
2013-04-09,7.239287853240967,6.917006015777588
2013-04-10,7.1779704093933105,6.884659290313721
2013-04-11,7.185635089874268,6.866176605224609
2013-04-12,7.0515007972717285,6.704456806182861
2013-04-15,6.840722560882568,6.445704936981201
2013-04-16,7.055333614349365,6.704456806182861
2013-04-17,7.170305252075195,6.792248725891113
2013-04-18,7.407910346984863,7.06948184967041
2013-04-19,7.388746738433838,7.051001071929932
2013-04-22,7.4155731201171875,7.06948184967041
2013-04-23,7.54970645904541,7.161895751953125
2013-04-24,7.492219924926758,7.115688323974609
2013-04-25,7.4768900871276855,7.101829528808594
2013-04-26,7.4768900871276855,7.101829528808594
2013-04-29,7.457730770111084,7.0741047859191895
2013-04-30,7.7298264503479,7.217342853546143
2013-05-02,7.423236846923828,7.055619239807129
2013-05-03,7.427070140838623,7.129549503326416
2013-05-06,7.484556674957275,7.157271862030029
2013-05-07,7.388746738433838,6.986314296722412
2013-05-08,7.166470050811768,6.699835777282715
2013-05-09,7.066831111907959,6.630528926849365
2013-05-10,6.882878303527832,6.5150146484375
2013-05-13,6.72958517074585,6.427221775054932
2013-05-14,6.7065911293029785,6.367155075073242
2013-05-15,6.572459697723389,6.200815677642822
2013-05-16,6.622280120849609,6.233160018920898
2013-05-17,6.6874308586120605,6.265501499176025
2013-05-20,6.771834373474121,6.404322147369385
2013-05-21,6.875430583953857,6.520008087158203
2013-05-22,6.902286052703857,6.506124496459961
2013-05-23,6.672082424163818,6.302520275115967
2013-05-24,6.541634559631348,6.149819850921631
2013-05-27,6.576162815093994,6.2238545417785645
2013-05-28,6.606857776641846,6.2516188621521
2013-05-29,6.503267765045166,6.135934352874756
2013-05-31,6.30759334564209,6.03875732421875
2013-06-03,6.4840803146362305,6.2238545417785645
2013-06-04,6.510940074920654,6.237738132476807
2013-06-05,6.296083450317383,5.997113227844238
2013-06-06,6.292246341705322,5.997113227844238
2013-06-07,6.215510845184326,5.8814287185668945
2013-06-10,6.069716930389404,5.812016010284424
2013-06-11,5.897062301635742,5.622295379638672
2013-06-12,5.908571720123291,5.654684543609619
2013-06-13,6.246205806732178,5.973975658416748
2013-06-14,6.2346954345703125,5.923074722290039
2013-06-17,6.2653889656066895,5.946210861206055
2013-06-18,6.296083450317383,5.983231067657471
2013-06-19,6.138777732849121,5.867546558380127
2013-06-20,6.238530158996582,6.001738548278809
2013-06-21,5.946941375732422,5.756485462188721
2013-06-24,5.755102157592773,5.492725372314453
2013-06-25,5.862531661987305,5.613037109375
2013-06-26,5.793470859527588,5.562136650085449
2013-06-27,6.146450996398926,5.8814287185668945
2013-06-28,6.134938716888428,5.812016010284424
2013-07-01,6.36898136138916,6.149819850921631
2013-07-02,6.273059844970703,6.03875732421875
2013-07-03,6.4303693771362305,6.228482723236084
2013-07-04,6.476408958435059,6.242365837097168
2013-07-05,6.303755283355713,6.061896324157715
2013-07-08,6.173308372497559,5.992485523223877
2013-07-10,6.207837104797363,5.923074722290039
2013-07-11,6.349796295166016,6.1220526695251465
2013-07-12,6.169469833374023,5.899936676025391
2013-07-15,6.269225120544434,5.969350337982178
2013-07-16,6.3613057136535645,6.1220526695251465
2013-07-17,6.599184513092041,6.293266773223877
2013-07-18,6.698939800262451,6.381186008453369
2013-07-19,6.637550354003906,6.358048915863037
2013-07-22,6.721958160400391,6.436716079711914
2013-07-23,6.975183486938477,6.603304386138916
2013-07-24,6.990530967712402,6.672713756561279
2013-07-25,7.117144584655762,6.81153678894043
2013-07-26,7.117144584655762,6.81153678894043
2013-07-29,7.051918029785156,6.705105304718018
2013-07-30,6.8715925216674805,6.561656475067139
2013-07-31,6.994367599487305,6.751380443572998
2013-08-01,7.320489883422852,7.042905330657959
2013-08-02,7.2399187088012695,6.978119373321533
2013-08-05,7.190042495727539,6.941104412078857
2013-08-06,7.097959518432617,6.853182315826416
2013-08-07,7.339673042297363,7.015140533447266
2013-08-08,7.424081325531006,7.0752973556518555
2013-08-09,7.46245002746582,7.172476291656494
2013-08-12,7.512328147888184,7.1863555908203125
2013-08-13,7.446734428405762,7.1259260177612305
2013-08-14,7.435158729553223,7.111979007720947
2013-08-15,7.357990741729736,7.08873987197876
2013-08-16,7.77470064163208,7.558222770690918
2013-08-19,8.202983856201172,7.995169639587402
2013-08-20,8.087230682373047,7.892904758453369
2013-08-21,8.079512596130371,7.92079496383667
2013-08-22,8.314879417419434,8.232234001159668
2013-08-23,8.172115325927734,8.046300888061523
2013-08-26,8.172115325927734,8.032353401184082
2013-08-27,8.114236831665039,7.906850337982178
2013-08-28,8.152823448181152,7.925443649291992
2013-08-29,8.206841468811035,8.032353401184082
2013-08-30,8.168255805969238,7.971928119659424
2013-09-02,8.426770210266113,8.213641166687012
2013-09-03,8.257000923156738,8.069540023803711
2013-09-04,8.380472183227539,8.09278392791748
2013-09-05,8.133533477783203,7.902200222015381
2013-09-06,8.098807334899902,7.8324761390686035
2013-09-09,8.384330749511719,7.957983493804932
2013-09-10,8.507798194885254,8.064892768859863
2013-09-11,8.426770210266113,7.94868278503418
2013-09-12,8.380472183227539,7.902200222015381
2013-09-13,8.407480239868164,7.92079496383667
2013-09-16,8.284008026123047,7.8324761390686035
2013-09-17,8.14124870300293,7.693028450012207
2013-09-18,8.160540580749512,7.744156837463379
2013-09-19,8.064078330993652,7.716268539428711
2013-09-20,7.986913681030273,7.651191234588623
2013-09-23,8.102665901184082,7.799940586090088
2013-09-24,8.083373069763184,7.744156837463379
2013-09-25,8.14124870300293,7.809235572814941
2013-09-26,8.257000923156738,7.902200222015381
2013-09-27,8.287867546081543,7.930093288421631
2013-09-30,8.164399147033691,7.716268539428711
2013-10-01,8.03321361541748,7.660486698150635
2013-10-02,8.19140911102295,7.716268539428711
2013-10-03,8.087230682373047,7.618650436401367
2013-10-04,8.314879417419434,7.874311447143555
2013-10-07,8.399763107299805,7.962627410888672
2013-10-08,8.395901679992676,7.985874652862549
2013-10-09,8.469213485717773,8.074191093444824
2013-10-10,8.41133975982666,8.041651725769043
2013-10-11,8.685284614562988,8.204344749450684
2013-10-14,8.762450218200684,8.29731273651123
2013-10-15,8.777888298034668,8.301959991455078
2013-10-16,8.84347915649414,8.27407169342041
2013-10-17,8.442204475402832,7.94868278503418
2013-10-18,8.303302764892578,7.7720489501953125
2013-10-21,8.488506317138672,7.883608341217041
2013-10-22,8.627408981323242,8.139269828796387
2013-10-23,8.496223449707031,8.023056983947754
2013-10-24,8.41133975982666,7.883608341217041
2013-10-25,8.295585632324219,7.739509105682373
2013-10-28,8.38818645477295,7.748805522918701
2013-10-29,8.257000923156738,7.730212688446045
2013-10-30,8.399763107299805,7.846419334411621
2013-10-31,8.84347915649414,8.24152946472168
2013-11-01,9.009390830993652,8.515786170959473
2013-11-04,8.866629600524902,8.44140911102295
2013-11-05,8.766311645507812,8.408872604370117
2013-11-06,8.820327758789062,8.483245849609375
2013-11-07,8.758593559265137,8.436761856079102
2013-11-08,8.789461135864258,8.506487846374512
2013-11-11,8.858914375305176,8.483245849609375
2013-11-12,8.812288284301758,8.455171585083008
2013-11-13,8.808403968811035,8.403698921203613
2013-11-14,8.956048965454102,8.600224494934082
2013-11-18,9.165864944458008,8.796748161315918
2013-11-19,9.01044750213623,8.637655258178711
2013-11-21,8.991018295288086,8.651693344116211
2013-11-22,8.882224082946777,8.52067756652832
2013-11-25,8.652981758117676,8.253968238830566
2013-11-26,8.637439727783203,8.211857795715332
2013-11-27,8.827829360961914,8.441131591796875
2013-11-28,8.812288284301758,8.422417640686035
2013-11-29,8.820055961608887,8.422417640686035
2013-12-02,8.77343463897705,8.45984935760498
2013-12-03,8.664637565612793,8.356908798217773
2013-12-04,8.664637565612793,8.333516120910645
2013-12-05,8.905538558959961,8.590867042541504
2013-12-06,8.855025291442871,8.497284889221191
2013-12-09,8.855025291442871,8.586188316345215
2013-12-10,8.971592903137207,8.576827049255371
2013-12-11,8.816173553466797,8.50664234161377
2013-12-12,8.656865119934082,8.436453819274902
2013-12-13,8.606356620788574,8.34287166595459
2013-12-16,8.734576225280762,8.366267204284668
2013-12-17,8.80063247680664,8.50196361541748
2013-12-18,8.983246803283691,8.773353576660156
2013-12-19,9.247461318969727,8.923083305358887
2013-12-20,9.173636436462402,8.852896690368652
2013-12-23,9.189180374145508,8.815463066101074
2013-12-26,9.095927238464355,8.72655963897705
2013-12-27,9.053187370300293,8.604904174804688
2013-12-30,9.092041969299316,8.58150577545166
2014-01-02,8.917194366455078,8.534712791442871
2014-01-03,8.831713676452637,8.469207763671875
2014-01-06,8.816173553466797,8.417739868164062
2014-01-07,8.761775016784668,8.408378601074219
2014-01-08,8.742349624633789,8.422417640686035
2014-01-09,8.664637565612793,8.366267204284668
2014-01-10,8.781201362609863,8.436453819274902
2014-01-13,8.59858512878418,8.258651733398438
2014-01-14,8.462592124938965,8.048089981079102
2014-01-15,8.555845260620117,8.165066719055176
2014-01-16,8.579157829284668,8.160386085510254
2014-01-17,8.482023239135742,8.090198516845703
2014-01-20,8.365452766418457,7.996617317199707
2014-01-21,8.20615005493164,7.860923767089844
2014-01-22,8.338255882263184,7.9732184410095215
2014-01-23,8.225576400756836,7.931108474731445
2014-01-24,8.279972076416016,7.931108474731445
2014-01-27,8.093472480773926,7.818810939788818
2014-01-28,8.093472480773926,7.809453964233398
2014-01-29,8.256665229797363,8.015334129333496
2014-01-30,8.213924407958984,7.921751499176025
2014-01-31,8.322717666625977,8.024694442749023
2014-02-03,7.957481861114502,7.739266395568848
2014-02-04,7.961366653442383,7.683116912841797
2014-02-05,7.86811637878418,7.57549524307251
2014-02-06,8.07404613494873,7.711191654205322
2014-02-07,8.241119384765625,7.940466403961182
2014-02-10,7.91085147857666,7.678438663482666
2014-02-11,7.984679698944092,7.725229263305664
2014-02-12,7.739893436431885,7.580175876617432
2014-02-13,7.767089366912842,7.580175876617432
2014-02-14,7.794289588928223,7.6410040855407715
2014-02-17,7.64275598526001,7.439802646636963
2014-02-18,7.246437072753906,6.990604877471924
2014-02-19,7.413510799407959,7.130980014801025
2014-02-20,7.4445953369140625,7.1777729988098145
2014-02-21,7.199808597564697,6.953172206878662
2014-02-24,7.401855945587158,7.154376029968262
2014-02-25,7.273635387420654,7.037398338317871
2014-02-26,7.149299621582031,6.962531089782715
2014-02-27,7.110442638397217,6.929778575897217
2014-02-28,6.95890998840332,6.756649971008301
2014-03-05,6.869544506072998,6.714539527893066
2014-03-06,6.853930950164795,6.789772033691406
2014-03-07,6.701706886291504,6.554666042327881
2014-03-10,6.510454177856445,6.418309688568115
2014-03-11,6.5182600021362305,6.484136581420898
2014-03-12,6.658773899078369,6.564074993133545
2014-03-13,6.506549835205078,6.502944469451904
2014-03-14,6.6470627784729,6.648710250854492
2014-03-17,6.600226402282715,6.587581157684326
2014-03-18,6.713419437408447,6.681624412536621
2014-03-19,6.70951509475708,6.691030502319336
2014-03-20,6.6080322265625,6.653412342071533
2014-03-21,6.764159202575684,6.8179826736450195
2014-03-24,6.740738868713379,6.813282489776611
2014-03-25,6.771965503692627,6.780367374420166
2014-03-26,6.658773899078369,6.676922798156738
2014-03-27,6.674388408660889,6.8556013107299805
2014-03-28,6.697806358337402,6.799177169799805
2014-03-31,6.795383453369141,6.827390193939209
2014-04-01,6.674388408660889,6.625200271606445
2014-04-02,6.838316917419434,6.761560440063477
2014-04-03,6.826608657836914,6.733346939086914
2014-04-04,6.623644828796387,6.559370517730713
2014-04-07,6.59242057800293,6.49354362487793
2014-04-08,6.611936092376709,6.559370517730713
2014-04-09,6.5182600021362305,6.390099048614502
2014-04-10,6.448001861572266,6.390099048614502
2014-04-11,6.420680999755859,6.33837366104126
2014-04-14,6.455808162689209,6.333670139312744
2014-04-15,6.245039463043213,6.216118812561035
2014-04-16,6.338716506958008,6.249035835266113
2014-04-17,6.604127407073975,6.502944469451904
2014-04-22,6.416779041290283,6.394795894622803
2014-04-23,6.4362921714782715,6.366583347320557
2014-04-24,6.428487300872803,6.357181072235107
2014-04-25,6.401165008544922,6.361885070800781
2014-04-28,6.424583435058594,6.343077659606934
2014-04-29,6.393359661102295,6.314864158630371
2014-04-30,6.311394214630127,6.291353225708008
2014-05-02,6.61583948135376,6.606392860412598
2014-05-05,6.596321105957031,6.578178882598877
2014-05-06,6.654871463775635,6.6204986572265625
2014-05-07,6.908575534820557,6.780367374420166
2014-05-08,6.826608657836914,6.761560440063477
2014-05-09,6.803189277648926,6.733346939086914
2014-05-12,6.908575534820557,6.883812427520752
2014-05-13,6.86954402923584,6.799177169799805
2014-05-14,6.693902492523193,6.681624412536621
2014-05-15,6.803189277648926,6.761560440063477
2014-05-16,6.783674716949463,6.723942279815674
2014-05-19,6.670481204986572,6.578178882598877
2014-05-20,6.494840621948242,6.470029830932617
2014-05-21,6.393359661102295,6.390099048614502
2014-05-22,6.558399200439453,6.475172519683838
2014-05-23,6.448371887207031,6.38064432144165
2014-05-26,6.523033142089844,6.465719223022461
2014-05-27,6.621274948120117,6.55079460144043
2014-05-28,6.581975936889648,6.5460686683654785
2014-05-29,6.613412857055664,6.484624862670898
2014-05-30,6.4090776443481445,6.300294876098633
2014-06-02,6.483737945556641,6.3617401123046875
2014-06-03,6.680213451385498,6.560247421264648
2014-06-04,6.621274948120117,6.48935079574585
2014-06-05,6.530892848968506,6.423183917999268
2014-06-06,6.597695827484131,6.4798994064331055
2014-06-09,6.7430877685546875,6.564975261688232
2014-06-10,6.750945568084717,6.598059177398682
2014-06-11,6.6252007484436035,6.522437572479248
2014-06-13,6.460162162780762,6.409002780914307
2014-06-16,6.43658447265625,6.371192455291748
2014-06-17,6.483737945556641,6.4420857429504395
2014-06-18,6.656638145446777,6.569700717926025
2014-06-20,6.578046798706055,6.503530025482178
2014-06-23,6.562329292297363,6.522437572479248
2014-06-24,6.636991024017334,6.5933308601379395
2014-06-25,6.468019008636475,6.451539993286133
2014-06-26,6.33048677444458,6.328653812408447
2014-06-27,6.130080699920654,6.149051189422607
2014-06-30,6.141870498657227,6.115966320037842
2014-07-01,6.145798683166504,6.111238479614258
2014-07-02,6.318696975708008,6.276663780212402
2014-07-03,6.5112433433532715,6.465719223022461
2014-07-04,6.5348219871521,6.498804569244385
2014-07-07,6.636991024017334,6.569700717926025
2014-07-08,6.621274948120117,6.536614418029785
2014-07-10,6.566256999969482,6.4798994064331055
2014-07-11,6.558399200439453,6.498804569244385
2014-07-14,6.711651802062988,6.616965293884277
2014-07-15,6.841326713562012,6.702041149139404
2014-07-16,6.71951150894165,6.650048732757568
2014-07-17,6.570186614990234,6.4420857429504395
2014-07-18,6.444444179534912,6.319202423095703
2014-07-21,6.413007736206055,6.281390190124512
2014-07-22,6.354063034057617,6.224672794342041
2014-07-23,6.420864105224609,6.27193546295166
2014-07-24,6.593764305114746,6.460992813110352
2014-07-25,6.5898356437683105,6.470446586608887
2014-07-28,6.617342472076416,6.4798994064331055
2014-07-29,6.558399200439453,6.484624862670898
2014-07-30,6.342275619506836,6.319202423095703
2014-07-31,6.342275619506836,6.309748649597168
2014-08-01,6.22831916809082,6.205767631530762
2014-08-04,6.322626113891602,6.2861151695251465
2014-08-05,6.251895427703857,6.238852500915527
2014-08-06,6.354063034057617,6.300294876098633
2014-08-07,6.259754180908203,6.253030776977539
2014-08-08,6.33048677444458,6.309748649597168
2014-08-11,6.247965335845947,6.219947338104248
2014-08-12,6.236124515533447,6.172465801239014
2014-08-13,6.038778781890869,6.006284236907959
2014-08-14,5.971682071685791,5.95405387878418
2014-08-15,5.987471103668213,5.935063362121582
2014-08-18,5.920372009277344,5.935063362121582
2014-08-19,6.0821943283081055,6.0537638664245605
2014-08-20,6.133503437042236,6.0775065422058105
2014-08-21,6.192708969116211,6.115489959716797
2014-08-22,6.228231906890869,6.148725509643555
2014-08-25,6.362426280975342,6.2531819343566895
2014-08-26,6.441367149353027,6.367137432098389
2014-08-27,6.441367149353027,6.4098687171936035
2014-08-28,6.192708969116211,6.153476715087891
2014-08-29,6.2834882736206055,6.167715549468994
2014-09-01,6.113770484924316,6.020528316497803
2014-09-02,6.299275875091553,6.219946384429932
2014-09-03,6.421630382537842,6.371885776519775
2014-09-04,6.579507350921631,6.45734977722168
2014-09-05,6.429522514343262,6.362387657165527
2014-09-08,6.244019985198975,6.191455841064453
2014-09-09,6.090088844299316,6.044267654418945
2014-09-10,5.959843635559082,5.878087997436523
2014-09-11,5.865115165710449,5.821110248565674
2014-09-12,5.884848117828369,5.868589401245117
2014-09-15,5.936161041259766,5.892331600189209
2014-09-16,5.924318313598633,5.868589401245117
2014-09-17,5.97957706451416,5.935063362121582
2014-09-18,6.007204055786133,5.963551044464111
2014-09-19,5.999311447143555,6.015781402587891
2014-09-22,5.845379829406738,5.825859546661377
2014-09-23,5.876957416534424,5.821110248565674
2014-09-24,5.900638103485107,5.844851970672607
2014-09-25,5.908531665802002,5.854347229003906
2014-09-26,5.786176681518555,5.768883228302002
2014-09-29,5.644088268280029,5.654929161071777
2014-09-30,5.584885120391846,5.59320592880249
2014-10-01,5.553309917449951,5.559966087341309
2014-10-02,5.715133190155029,5.67866849899292
2014-10-03,5.703291416168213,5.68341588973999
2014-10-06,5.79012393951416,5.692912578582764
2014-10-07,5.71118688583374,5.607448577880859
2014-10-08,5.675662994384766,5.621690273284912
2014-10-09,5.525681495666504,5.460258960723877
2014-10-10,5.269129753112793,5.184871673583984
2014-10-13,5.375697612762451,5.327311992645264
2014-10-14,5.509891986846924,5.446015357971191
2014-10-15,5.462530136108398,5.3842902183532715
2014-10-16,5.352015495300293,5.279832363128662
2014-10-17,5.387537956237793,5.284580230712891
2014-10-20,5.292812347412109,5.222855567932129
2014-10-21,5.273077487945557,5.222855567932129
2014-10-22,5.300705909729004,5.189619541168213
2014-10-23,5.486210823059082,5.436519622802734
2014-10-24,5.529627323150635,5.521982669830322
2014-10-27,5.316495418548584,5.327311992645264
2014-10-28,5.300705909729004,5.303573131561279
2014-10-29,5.217820167541504,5.1991167068481445
2014-10-30,5.091517925262451,5.056674003601074
2014-10-31,5.2888665199279785,5.265589237213135
2014-11-03,5.265183925628662,5.270333766937256
2014-11-04,5.462530136108398,5.436519622802734
2014-11-05,5.42700719833374,5.403282642364502
2014-11-06,5.355963706970215,5.3605499267578125
2014-11-07,5.4783172607421875,5.502989768981934
2014-11-10,5.387537956237793,5.3842902183532715
2014-11-11,5.261236667633057,5.265589237213135
2014-11-12,5.249397277832031,5.275084495544434
2014-11-13,5.1309895515441895,5.127896308898926
2014-11-14,5.1941399574279785,5.218108177185059
2014-11-17,4.977058410644531,5.0281853675842285
2014-11-18,4.889951705932617,4.947086811065674
2014-11-19,4.921627044677734,4.96139669418335
2014-11-21,5.072088241577148,5.16176176071167
2014-11-24,5.226506233215332,5.242862224578857
2014-11-25,5.2027506828308105,5.247632026672363
2014-11-26,4.957262992858887,5.0091023445129395
2014-11-27,4.98893928527832,5.056809425354004
2014-11-28,5.107720851898193,5.199924945831299
2014-12-01,4.751368522644043,4.885067939758301
2014-12-02,4.715734481811523,4.837363243103027
2014-12-03,4.783044815063477,4.885067939758301
2014-12-04,4.711774826049805,4.808740615844727
2014-12-05,4.731572151184082,4.861215591430664
2014-12-08,4.553396224975586,4.703786849975586
2014-12-09,4.359381198883057,4.45094633102417
2014-12-10,4.307908535003662,4.369847774505615
2014-12-11,4.177245616912842,4.269662380218506
2014-12-12,3.9119606018066406,3.964348316192627
2014-12-15,3.7931768894195557,3.8689351081848145
2014-12-16,4.034704685211182,4.117004871368408
2014-12-17,4.1812052726745605,4.279205799102783
2014-12-18,4.268313884735107,4.3746161460876465
2014-12-19,4.521720886230469,4.627458095550537
2014-12-22,4.327705383300781,4.470028400421143
2014-12-23,4.517759799957275,4.66085147857666
2014-12-26,4.355422019958496,4.465259075164795
2014-12-29,4.478165149688721,4.574981689453125
2014-12-30,4.41481351852417,4.570208549499512
2015-01-02,4.284151077270508,4.3746161460876465
2015-01-05,4.082218170166016,4.174252510070801
2015-01-06,4.482125759124756,4.61314582824707
2015-01-07,4.810761451721191,4.951857566833496
2015-01-08,4.6484222412109375,4.837363243103027
2015-01-09,4.398975849151611,4.617915630340576
2015-01-12,4.284151077270508,4.508193492889404
2015-01-13,4.1851654052734375,4.379387378692627
2015-01-14,4.038663864135742,4.2124176025390625
2015-01-15,4.086178302764893,4.283976078033447
2015-01-16,4.256434917449951,4.493881702423096
2015-01-19,4.11785364151001,4.298287868499756
2015-01-20,4.137650966644287,4.384157657623291
2015-01-21,4.125771999359131,4.3603057861328125
2015-01-22,3.9396777153015137,4.341222763061523
2015-01-23,3.8010969161987305,4.260123252868652
2015-01-26,3.797135353088379,4.264893531799316
2015-01-27,3.7496206760406494,4.193336486816406
2015-01-28,3.6862711906433105,4.159940719604492
2015-01-29,3.8486101627349854,4.264893531799316
2015-01-30,3.904041051864624,4.422322750091553
2015-02-02,4.058461666107178,4.522505283355713
2015-02-03,4.216840744018555,4.608375549316406
2015-02-04,4.090136528015137,4.560669898986816
2015-02-05,4.13369083404541,4.608375549316406
2015-02-06,4.161407947540283,4.66085147857666
2015-02-09,4.323745250701904,4.932775497436523
2015-02-10,4.04658317565918,4.651310443878174
2015-02-11,4.240597724914551,4.832592487335205
2015-02-12,4.121813774108887,4.6942458152771
2015-02-13,4.31978702545166,4.837363243103027
2015-02-18,4.375219345092773,4.904150485992432
2015-02-19,4.31978702545166,4.823052406311035
2015-02-20,4.375219345092773,4.8564453125
2015-02-23,4.264354705810547,4.770574569702148
2015-02-24,4.2801923751831055,4.813509464263916
2015-02-25,4.3475022315979,4.870756149291992
2015-02-26,4.406895160675049,4.861215591430664
2015-02-27,4.41481351852417,4.837363243103027
2015-03-02,4.216840744018555,4.6751627922058105
2015-03-03,4.363341331481934,4.7753448486328125
2015-03-04,4.545477867126465,4.990020751953125
2015-03-05,4.65634298324585,5.047268867492676
2015-03-06,4.699894905090332,5.1188273429870605
2015-03-09,4.751368522644043,5.247632026672363
2015-03-10,4.612786769866943,5.199924945831299
2015-03-11,4.695937156677246,5.195156574249268
2015-03-12,4.636543273925781,5.1713032722473145
2015-03-13,4.644462585449219,5.1713032722473145
2015-03-16,4.561314582824707,5.128369331359863
2015-03-17,4.744563579559326,5.325244903564453
2015-03-18,4.895942687988281,5.47410249710083
2015-03-19,4.812285900115967,5.358856678009033
2015-03-20,4.840172290802002,5.301236152648926
2015-03-23,4.82423734664917,5.330044746398926
2015-03-24,4.696760177612305,5.238809585571289
2015-03-25,4.788383960723877,5.339649200439453
2015-03-26,4.581233501434326,5.19559383392334
2015-03-27,4.202782154083252,4.782636642456055
2015-03-30,4.397984027862549,4.965106964111328
2015-03-31,4.282456874847412,4.849861145019531
2015-04-01,4.394000053405762,4.897879600524902
2015-04-02,4.294407367706299,4.821050643920898
2015-04-06,4.294407367706299,4.801843166351318
2015-04-07,4.262537956237793,4.749021530151367
2015-04-08,4.182864665985107,4.638580799102783
2015-04-09,4.166930675506592,4.657787799835205
2015-04-10,4.131077289581299,4.604966640472412
2015-04-13,4.139043807983398,4.657787799835205
2015-04-14,4.230669021606445,4.686598300933838
2015-04-15,4.334244728088379,4.801843166351318
2015-04-16,4.095223903656006,4.633778095245361
2015-04-17,3.9438436031341553,4.436903953552246
2015-04-20,3.963761806488037,4.513733386993408
2015-04-22,4.071321964263916,4.681797027587891
2015-04-23,4.210751533508301,4.917087078094482
2015-04-24,4.158962249755859,5.041935443878174
2015-04-27,3.9119744300842285,4.873870372772217
2015-04-28,3.971728563308716,4.854663372039795
2015-04-29,3.892056941986084,4.763428688049316
2015-04-30,3.9040069580078125,4.811446666717529
2015-05-04,4.115140914916992,4.979511260986328
2015-05-05,4.1430277824401855,5.104358673095703
2015-05-06,4.039452075958252,4.912285804748535
2015-05-07,3.9040069580078125,4.816248893737793
2015-05-08,4.043436527252197,4.969908714294434
2015-05-11,4.087256908416748,5.01792573928833
2015-05-12,3.9279088973999023,4.859464645385742
2015-05-13,3.7048227787017822,4.763428688049316
2015-05-14,3.601247549057007,4.801843166351318
2015-05-15,3.6490511894226074,4.801843166351318
2015-05-18,3.5096230506896973,4.686598300933838
2015-05-19,3.402064085006714,4.542542457580566
2015-05-20,3.3462913036346436,4.508929252624512
2015-05-21,3.4060475826263428,4.552146911621094
2015-05-22,3.2583060264587402,4.441000461578369
2015-05-25,3.2782700061798096,4.445833206176758
2015-05-26,3.1504933834075928,4.344351768493652
2015-05-27,3.1784441471099854,4.383012294769287
2015-05-28,3.158479690551758,4.30086088180542
2015-05-29,3.1145565509796143,4.160720348358154
2015-06-01,3.2782700061798096,4.305692672729492
2015-06-02,3.314207077026367,4.368515491485596
2015-06-03,3.3022286891937256,4.296029090881348
2015-06-05,3.1504933834075928,4.184881687164307
2015-06-08,3.094590663909912,4.141391754150391
2015-06-09,3.054661512374878,4.160720348358154
2015-06-10,2.9947657585144043,4.097898483276367
2015-06-11,3.0706324577331543,4.204211711883545
2015-06-12,2.9867796897888184,4.141391754150391
2015-06-15,2.954835891723633,4.093066215515137
2015-06-16,2.914905309677124,3.967424154281616
2015-06-17,2.803100109100342,3.832115888595581
2015-06-18,2.862996816635132,3.8997700214385986
2015-06-19,2.811086416244507,3.9384286403656006
2015-06-22,2.7871286869049072,3.8707752227783203
2015-06-23,2.7511909008026123,3.8127849102020264
2015-06-24,2.6673383712768555,3.6678123474121094
2015-06-25,2.6353938579559326,3.6436502933502197
2015-06-26,2.687302350997925,3.7209694385528564
2015-06-29,2.6593518257141113,3.764460802078247
2015-06-30,2.5275819301605225,3.61948823928833
2015-07-01,2.395812511444092,3.4793479442596436
2015-07-02,2.3159518241882324,3.3295435905456543
2015-07-03,2.2241125106811523,3.2183971405029297
2015-07-06,2.2400851249694824,3.3102128505706787
2015-07-07,2.1921679973602295,3.402028799057007
2015-07-08,2.124286651611328,3.305379867553711
2015-07-10,1.9965099096298218,3.2570550441741943
2015-07-13,2.0803635120391846,3.402028799057007
2015-07-14,1.868733525276184,3.1459100246429443
2015-07-15,1.8128315210342407,3.1459100246429443
2015-07-16,1.8607475757598877,3.150744676589966
2015-07-17,1.756928563117981,3.025099754333496
2015-07-20,1.6012017726898193,2.942949056625366
2015-07-21,1.5572782754898071,2.9864397048950195
2015-07-22,1.4255077838897705,2.826969861984253
2015-07-23,1.4774179458618164,2.9042887687683105
2015-07-24,1.4534592628479004,2.8221375942230225
2015-07-27,1.3656127452850342,2.715824842453003
2015-07-28,1.4255077838897705,2.88979172706604
2015-07-29,1.4135292768478394,2.8801262378692627
2015-07-30,1.3336689472198486,2.8028080463409424
2015-07-31,1.4135292768478394,2.8463003635406494
2015-08-03,1.4295010566711426,2.8463003635406494
2015-08-04,1.5812362432479858,2.9284508228302
2015-08-05,1.6531105041503906,3.015434741973877
2015-08-06,1.5572782754898071,2.9961044788360596
2015-08-07,1.4933898448944092,2.9042887687683105
2015-08-10,1.4933898448944092,2.913954257965088
2015-08-11,1.4175219535827637,2.8849589824676514
2015-08-12,1.4135292768478394,2.807640552520752
2015-08-13,1.3656127452850342,2.744819164276123
2015-08-14,1.3456476926803589,2.7061595916748047
2015-08-17,1.3176965713500977,2.768981456756592
2015-08-18,1.2697807550430298,2.715824842453003
2015-08-19,1.2378367185592651,2.6191763877868652
2015-08-20,1.2378367185592651,2.556354522705078
2015-08-21,1.185926914215088,2.49353289604187
2015-08-24,1.0421780347824097,2.3340628147125244
2015-08-25,0.9938920140266418,2.2119882106781006
2015-08-26,1.078392744064331,2.38289213180542
2015-08-27,1.2473949193954468,2.6661055088043213
2015-08-28,1.2514185905456543,2.583094835281372
2015-08-31,1.2111799716949463,2.563563108444214
2015-09-01,1.2473949193954468,2.670987844467163
2015-09-02,1.408348798751831,2.939551830291748
2015-09-03,1.424444556236267,2.8956050872802734
2015-09-04,1.424444556236267,2.9639663696289062
2015-09-08,1.4888262748718262,3.0616257190704346
2015-09-09,1.4767541885375977,3.0469777584075928
2015-09-10,1.5572313070297241,3.2813615798950195
2015-09-11,1.5532077550888062,3.261829376220703
2015-09-14,1.4566349983215332,3.0762763023376465
2015-09-15,1.464682936668396,3.1153390407562256
2015-09-16,1.5008968114852905,3.1641693115234375
2015-09-17,1.4928499460220337,3.159285545349121
2015-09-18,1.4888262748718262,3.1202213764190674
2015-09-21,1.4566349983215332,3.0372109413146973
2015-09-22,1.4123725891113281,2.988381862640381
2015-09-23,1.3560389280319214,2.8809561729431152
2015-09-24,1.3681100606918335,2.9786150455474854
2015-09-25,1.3359196186065674,2.9834980964660645
2015-09-28,1.279585599899292,2.871190309524536
2015-09-29,1.243370532989502,2.773531436920166
2015-09-30,1.1749649047851562,2.670987844467163
2015-10-01,1.1307026147842407,2.661221742630005
2015-10-02,1.2111799716949463,2.763765335083008
2015-10-05,1.2634894847869873,2.9102540016174316
2015-10-06,1.2916574478149414,2.934669017791748
2015-10-07,1.360062837600708,3.139752149581909
2015-10-08,1.400301218032837,3.256945848464966
2015-10-09,1.3479903936386108,3.2764763832092285
2015-10-13,1.2312995195388794,3.0762763023376465
2015-10-14,1.2152036428451538,3.081157684326172
2015-10-15,1.2152036428451538,3.1202213764190674
2015-10-16,1.2232517004013062,3.02744460105896
2015-10-19,1.1870367527008057,2.9834980964660645
2015-10-20,1.183012843132019,2.9639663696289062
2015-10-21,1.1749649047851562,3.0420944690704346
2015-10-22,1.1669176816940308,2.934669017791748
2015-10-23,1.134726643562317,2.812594175338745
2015-10-26,1.11863112449646,2.788179874420166
2015-10-27,1.0703448057174683,2.7539987564086914
2015-10-28,1.0421780347824097,2.7539987564086914
2015-10-29,1.009987473487854,2.651455879211426
2015-10-30,1.0462015867233276,2.651455879211426
2015-11-03,1.1307026147842407,2.871190309524536
2015-11-04,1.0904643535614014,2.773531436920166
2015-11-05,1.0904643535614014,2.8272440433502197
2015-11-06,1.0502257347106934,2.763765335083008
2015-11-09,1.0582736730575562,2.714935302734375
2015-11-10,1.0260823965072632,2.729689598083496
2015-11-11,1.0462015867233276,2.7346086502075195
2015-11-12,0.9858436584472656,2.5723025798797607
2015-11-13,0.9818202257156372,2.5723025798797607
2015-11-16,0.9214622378349304,2.478853702545166
2015-11-17,0.8409855365753174,2.5919761657714844
2015-11-18,0.8289135098457336,2.6313226222991943
2015-11-19,0.8248902559280396,2.8723220825195312
2015-11-23,0.7564845681190491,2.8280577659606934
2015-11-24,0.7766038775444031,3.0149545669555664
2015-11-25,0.7967231869697571,3.0739755630493164
2015-11-26,0.8047705888748169,3.00019907951355
2015-11-27,0.7967231869697571,2.9657719135284424
2015-11-30,0.7967231869697571,3.00019907951355
2015-12-01,0.7725799083709717,2.9116694927215576
2015-12-02,0.7484365701675415,2.9116694927215576
2015-12-03,0.7645319700241089,2.960852861404419
2015-12-04,0.6961265802383423,2.6755878925323486
2015-12-07,0.6679598093032837,2.606731414794922
2015-12-08,0.6277211308479309,2.4542617797851562
2015-12-09,0.6357685327529907,2.4296696186065674
2015-12-10,0.6236974596977234,2.4591801166534424
2015-12-11,0.5834588408470154,2.405078172683716
2015-12-14,0.5673633217811584,2.380486249923706
2015-12-15,0.575410783290863,2.409996271133423
2015-12-16,0.5834588408470154,2.395242214202881
2015-12-17,0.5874824523925781,2.3854048252105713
2015-12-18,0.6196731328964233,2.4247519969940186
2015-12-21,0.6116254925727844,2.2870378494262695
2015-12-22,0.6317447423934937,2.3214657306671143
2015-12-23,0.6679598093032837,2.375568151473999
2015-12-28,0.6679598093032837,2.341139554977417
2015-12-29,0.6639354228973389,2.282119035720825
2015-12-30,0.6679598093032837,2.2870378494262695
2016-01-04,0.6438165903091431,2.2329354286193848
2016-01-05,0.5915061831474304,2.1296496391296387
2016-01-06,0.515053391456604,1.9575077295303345
2016-01-07,0.48286229372024536,1.868977427482605
2016-01-08,0.5029814839363098,1.9329153299331665
2016-01-11,0.4909098446369171,1.8591402769088745
2016-01-12,0.4748147428035736,1.8050382137298584
2016-01-13,0.4385998845100403,1.6869981288909912
2016-01-14,0.45067164301872253,1.736181378364563
2016-01-15,0.44262367486953735,1.6968343257904053
2016-01-18,0.44262367486953735,1.7312623262405396
2016-01-19,0.42250439524650574,1.6919162273406982
2016-01-20,0.4144567549228668,1.6722418069839478
2016-01-21,0.39836135506629944,1.6279773712158203
2016-01-22,0.39836135506629944,1.6328951120376587
2016-01-26,0.3903137743473053,1.6132224798202515
2016-01-27,0.39836135506629944,1.6525695323944092
2016-01-28,0.39836135506629944,1.6771609783172607
2016-01-29,0.4144567549228668,1.7706093788146973
2016-02-01,0.46274301409721375,1.868977427482605
2016-02-02,0.4667668044567108,1.8443851470947266
2016-02-03,0.4748147428035736,1.8296300172805786
2016-02-04,0.5231007933616638,2.0214459896087646
2016-02-05,0.5633395910263062,2.0558743476867676
2016-02-10,0.5995538234710693,2.070629358291626
2016-02-11,0.5070053339004517,1.8296300172805786
2016-02-12,0.5190770030021667,1.8443851470947266
2016-02-15,0.5231007933616638,1.864058494567871
2016-02-16,0.5633395910263062,2.0165276527404785
2016-02-17,0.5794350504875183,2.075547933578491
2016-02-18,0.5512677431106567,2.0116090774536133
2016-02-19,0.55931556224823,2.0116090774536133
2016-02-22,0.5713870525360107,2.031282663345337
2016-02-23,0.5432201623916626,1.913241982460022
2016-02-24,0.5190770030021667,1.8542221784591675
2016-02-25,0.46274301409721375,1.7656916379928589
2016-02-26,0.46274301409721375,1.7165076732635498
2016-02-29,0.4868861138820648,1.736181378364563
2016-03-01,0.5029814839363098,1.7706093788146973
2016-03-02,0.5029814839363098,1.8443851470947266
2016-03-03,0.5794350504875183,1.9870176315307617
2016-03-04,0.6679598093032837,2.306711435317993
2016-03-07,0.6961265802383423,2.43458890914917
2016-03-08,0.704174280166626,2.370649814605713
2016-03-09,0.7524608969688416,2.409996271133423
2016-03-10,0.8651284575462341,2.6411585807800293
2016-03-11,0.8289135098457336,2.5231192111968994
2016-03-14,0.8087942004203796,2.5968945026397705
2016-03-15,0.655888020992279,2.336221218109131
2016-03-16,0.7081983685493469,2.4591801166534424
2016-03-17,0.7886753082275391,2.700179100036621
2016-03-18,0.8530568480491638,2.8772411346435547
2016-03-21,0.8329374194145203,2.8772411346435547
2016-03-22,0.8651284575462341,3.0592195987701416
2016-03-23,0.7926988005638123,2.8674044609069824
2016-03-24,0.8369617462158203,2.9411795139312744
2016-03-28,0.8852478861808777,3.044466018676758
2016-03-29,0.9013432860374451,2.9903624057769775
2016-03-30,0.9818202257156372,3.3149757385253906
2016-03-31,0.9818202257156372,3.216607093811035
2016-04-01,1.009987473487854,3.4625251293182373
2016-04-04,0.9697487354278564,3.167424440383911
2016-04-05,0.9617008566856384,3.2067723274230957
2016-04-06,0.9375576972961426,3.0838112831115723
2016-04-07,0.8932953476905823,3.0198721885681152
2016-04-08,0.9898681640625,3.3494043350219727
2016-04-11,1.0059629678726196,3.5608925819396973
2016-04-12,1.0582736730575562,3.8018929958343506
2016-04-13,1.1991081237792969,4.096994400024414
2016-04-14,1.0582736730575562,3.6740150451660156
2016-04-15,1.1467984914779663,3.8609135150909424
2016-04-18,1.1105833053588867,3.639585494995117
2016-04-19,1.1669176816940308,3.9789531230926514
2016-04-20,1.1870367527008057,4.003546714782715
2016-04-22,1.1789888143539429,3.816648244857788
2016-04-25,1.0985119342803955,3.5658111572265625
2016-04-26,1.11863112449646,3.7723822593688965
2016-04-27,1.1789888143539429,3.9789531230926514
2016-04-28,1.154845952987671,3.816648244857788
2016-04-29,1.1709413528442383,3.8412396907806396
2016-05-02,1.134726643562317,3.733035087585449
2016-05-03,1.0582736730575562,3.4920363426208496
2016-05-04,1.1025358438491821,3.614995241165161
2016-05-05,1.0703448057174683,3.4477717876434326
2016-05-06,1.094488263130188,3.614995241165161
2016-05-09,1.0462015867233276,3.3936686515808105
2016-05-10,1.078392744064331,3.5313832759857178
2016-05-11,1.0985119342803955,3.605159282684326
2016-05-12,1.078392744064331,3.4674441814422607
2016-05-13,1.0059629678726196,3.2461187839508057
2016-05-16,0.9295099973678589,3.0297093391418457
2016-05-17,0.8812240958213806,2.9510152339935303
2016-05-18,0.8731761574745178,2.9067511558532715
2016-05-19,0.8329374194145203,2.7887113094329834
2016-05-20,0.8530568480491638,2.857567071914673
2016-05-23,0.8248902559280396,2.891995906829834
2016-05-24,0.8047705888748169,2.7985472679138184
2016-05-25,0.8248902559280396,2.8674044609069824
2016-05-27,0.7967231869697571,2.7985472679138184
2016-05-30,0.7806275486946106,2.7542824745178223
2016-05-31,0.7766038775444031,2.7395262718200684
2016-06-01,0.7846513390541077,2.7739551067352295
2016-06-02,0.8087942004203796,2.8280577659606934
2016-06-03,0.8651284575462341,3.005117654800415
2016-06-06,0.8932953476905823,3.1231584548950195
2016-06-07,0.8731761574745178,3.103484869003296
2016-06-08,0.9335340261459351,3.196934223175049
2016-06-09,0.8771997690200806,3.039546489715576
2016-06-10,0.8248902559280396,2.8821585178375244
2016-06-13,0.7967231869697571,2.8378937244415283
2016-06-14,0.7725799083709717,2.7788734436035156
2016-06-15,0.8168425559997559,2.8821585178375244
2016-06-16,0.8047705888748169,2.936260938644409
2016-06-17,0.8087942004203796,2.887078046798706
2016-06-20,0.8047705888748169,2.8772411346435547
2016-06-21,0.7926988005638123,2.8378937244415283
2016-06-22,0.8128179907798767,2.852649211883545
2016-06-23,0.8812240958213806,3.0739755630493164
2016-06-24,0.8248902559280396,2.8821585178375244
2016-06-27,0.8047705888748169,2.8182213306427
2016-06-28,0.8047705888748169,2.8280577659606934
2016-06-29,0.8168425559997559,2.852649211883545
2016-06-30,0.8047705888748169,2.896914482116699
2016-07-01,0.8329374194145203,3.044466018676758
2016-07-04,0.8490327596664429,3.0985682010650635
2016-07-05,0.8128179907798767,2.9510152339935303
2016-07-06,0.8329374194145203,3.0198721885681152
2016-07-07,0.8128179907798767,2.955934762954712
2016-07-08,0.8208661079406738,3.0297093391418457
2016-07-11,0.8490327596664429,3.0838112831115723
2016-07-12,0.909390926361084,3.2657909393310547
2016-07-13,0.9295099973678589,3.413341522216797
2016-07-14,0.9415814280509949,3.339566707611084
2016-07-15,0.9777964353561401,3.413341522216797
2016-07-18,1.0421780347824097,3.506791591644287
2016-07-19,1.009987473487854,3.457608461380005
2016-07-20,0.9858436584472656,3.3592395782470703
2016-07-21,1.0059629678726196,3.403505802154541
2016-07-22,1.0462015867233276,3.585484504699707
2016-07-25,1.0542497634887695,3.605159282684326
2016-07-26,1.0703448057174683,3.73795485496521
2016-07-27,1.11863112449646,3.895341396331787
2016-07-28,1.0985119342803955,3.846158266067505
2016-07-29,1.094488263130188,3.8117294311523438
2016-08-01,1.1307026147842407,3.8904237747192383
2016-08-02,1.0703448057174683,3.7281179428100586
2016-08-03,1.1508220434188843,3.8609135150909424
2016-08-04,1.183012843132019,4.057646751403809
2016-08-05,1.2312995195388794,4.215035915374756
2016-08-08,1.1749649047851562,4.0084638595581055
2016-08-09,1.1991081237792969,4.101912975311279
2016-08-10,1.2353230714797974,4.2297892570495605
2016-08-11,1.2836090326309204,4.45111608505249
2016-08-12,1.2876331806182861,4.456034183502197
2016-08-15,1.448587417602539,4.775728225708008
2016-08-16,1.464682936668396,4.716709136962891
2016-08-17,1.5773507356643677,4.87901496887207
2016-08-18,1.5773507356643677,5.085585594177246
2016-08-19,1.6095420122146606,5.056074142456055
2016-08-22,1.5250407457351685,4.756056308746338
2016-08-23,1.5572313070297241,4.795524597167969
2016-08-24,1.452610731124878,4.494569778442383
2016-08-25,1.4566349983215332,4.5044379234313965
2016-08-26,1.4767541885375977,4.538973808288574
2016-08-29,1.4888262748718262,4.588310718536377
2016-08-30,1.4928499460220337,4.538973808288574
2016-08-31,1.4928499460220337,4.479769229888916
2016-09-01,1.452610731124878,4.415632247924805
2016-09-02,1.5693031549453735,4.672182083129883
2016-09-05,1.5773507356643677,4.75605583190918
2016-09-06,1.6095420122146606,4.741254806518555
2016-09-08,1.6779468059539795,4.820192337036133
2016-09-09,1.5894224643707275,4.573508262634277
2016-09-12,1.6698992252349854,4.6771159172058105
2016-09-13,1.529064655303955,4.2676215171813965
2016-09-14,1.5169930458068848,4.3120245933532715
2016-09-15,1.5451598167419434,4.2972235679626465
2016-09-16,1.5008968114852905,4.139345645904541
2016-09-19,1.4928499460220337,4.154146671295166
2016-09-20,1.408348798751831,4.094942092895508
2016-09-21,1.4848021268844604,4.32682466506958
2016-09-22,1.452610731124878,4.292289733886719
2016-09-23,1.4606590270996094,4.287357330322266
2016-09-26,1.424444556236267,4.282422065734863
2016-09-27,1.3721333742141724,4.257753372192383
2016-09-28,1.424444556236267,4.460033893585205
2016-09-29,1.3842055797576904,4.450167179107666
2016-09-30,1.3801815509796143,4.37122917175293
2016-10-03,1.4204204082489014,4.440300464630127
2016-10-04,1.400301218032837,4.366293907165527
2016-10-05,1.452610731124878,4.479769229888916
2016-10-06,1.508945345878601,4.5932440757751465
2016-10-07,1.5532077550888062,4.770856857299805
2016-10-10,1.5572313070297241,4.810326099395752
2016-10-11,1.529064655303955,4.686983585357666
2016-10-13,1.4968739748001099,4.617912769317627
2016-10-14,1.529064655303955,4.657382011413574
2016-10-17,1.5451598167419434,4.706717491149902
2016-10-18,1.617588996887207,4.943533897399902
2016-10-19,1.6296602487564087,5.0076727867126465
2016-10-20,1.6698992252349854,5.04714298248291
2016-10-21,1.7825675010681152,5.249422073364258
2016-10-24,1.854996681213379,5.224753379821777
2016-10-25,1.8429248332977295,5.20008659362793
2016-10-26,1.8308537006378174,5.234621047973633
2016-10-27,1.8630439043045044,5.279023170471191
2016-10-28,1.9193778038024902,5.412233352661133
2016-10-31,1.9113308191299438,5.4369001388549805
2016-11-01,1.8308537006378174,5.209951877593994
2016-11-03,1.818781852722168,5.0126051902771
2016-11-04,1.7704957723617554,5.131013870239258
2016-11-07,1.9314500093460083,5.481305122375488
2016-11-08,1.9314500093460083,5.584911346435547
2016-11-09,2.0038793087005615,5.9401350021362305
2016-11-10,2.060213565826416,6.167083263397217
2016-11-11,1.9555935859680176,5.964802265167236
2016-11-14,2.100452184677124,6.586446762084961
2016-11-16,1.9716877937316895,6.216420650482178
2016-11-17,1.9918073415756226,6.320029258728027
2016-11-18,2.028022527694702,6.561776638031006
2016-11-21,2.0924038887023926,6.680184841156006
2016-11-22,2.1688573360443115,6.961820602416992
2016-11-23,2.3418829441070557,7.100166320800781
2016-11-24,2.353954792022705,6.917352676391602
2016-11-25,2.4102885723114014,7.016172409057617
2016-11-28,2.526979684829712,7.223692417144775
2016-11-29,2.434431552886963,6.848178386688232
2016-11-30,2.3499302864074707,6.695008277893066
2016-12-01,2.1728813648223877,6.398550033569336
2016-12-02,2.2211673259735107,6.373846530914307
2016-12-05,2.2493340969085693,6.447959899902344
2016-12-06,2.2614057064056396,6.472663402557373
2016-12-07,2.321763753890991,6.779004096984863
2016-12-08,2.3459067344665527,6.709831714630127
2016-12-09,2.229214906692505,6.359022617340088
2016-12-12,2.0320467948913574,5.988449573516846
2016-12-13,1.9515687227249146,5.775987148284912
2016-12-14,1.814758062362671,5.385651588439941
2016-12-15,1.9757124185562134,5.657405376434326
2016-12-16,1.8389009237289429,5.395533561706543
2016-12-19,1.7946385145187378,5.207777500152588
2016-12-20,1.8469491004943848,5.247304916381836
2016-12-21,1.891211748123169,5.32636022567749
2016-12-22,1.814758062362671,5.099077224731445
2016-12-23,1.8268299102783203,5.089195728302002
2016-12-26,1.8590199947357178,5.247304916381836
2016-12-27,1.9354737997055054,5.425179481506348
2016-12-28,1.9193778038024902,5.321419715881348
2016-12-29,1.9314500093460083,5.336243152618408
2017-01-02,1.907306432723999,5.356007099151611
2017-01-03,1.9716877937316895,5.509175777435303
2017-01-04,1.9918073415756226,5.444942951202393
2017-01-05,2.0883798599243164,5.830338954925537
2017-01-06,2.0883798599243164,5.795752048492432
2017-01-09,2.104475736618042,5.800693511962891
2017-01-10,2.1286187171936035,5.919277667999268
2017-01-11,2.233238935470581,6.225616931915283
2017-01-12,2.245310068130493,6.324435710906982
2017-01-13,2.265429973602295,6.452902317047119
2017-01-16,2.3298115730285645,6.522075653076172
2017-01-17,2.3378591537475586,6.418312072753906
2017-01-18,2.3137154579162598,6.230556488037109
2017-01-19,2.2090954780578613,5.978569507598877
2017-01-20,2.2171435356140137,6.037858963012695
2017-01-23,2.3177402019500732,6.27008581161499
2017-01-24,2.2855491638183594,6.205851078033447
2017-01-26,2.253358840942383,6.171265125274658
2017-01-27,2.3137154579162598,6.210793972015381
2017-01-30,2.193000078201294,5.948922634124756
2017-01-31,2.2614057064056396,6.02797794342041
2017-02-01,2.3177402019500732,6.136681079864502
2017-02-02,2.3257877826690674,6.289848327636719
2017-02-03,2.3137154579162598,6.275026798248291
2017-02-06,2.2614057064056396,6.126796245574951
2017-02-07,2.23726224899292,6.092209339141846
2017-02-08,2.2090954780578613,6.042801856994629
2017-02-09,2.2010481357574463,6.176205158233643
2017-02-10,2.273477554321289,6.368903160095215
2017-02-13,2.2976207733154297,6.57148551940918
2017-02-14,2.273477554321289,6.492430210113525
2017-02-15,2.3459067344665527,6.60113000869751
2017-02-16,2.398216962814331,6.650538921356201
2017-02-17,2.362001419067383,6.5813679695129395
2017-02-20,2.406264543533325,6.6455979347229
2017-02-21,2.4545512199401855,6.754300594329834
2017-02-22,2.3700506687164307,6.477604866027832
2017-02-23,2.2976207733154297,6.329377174377441
2017-02-24,2.357978343963623,6.398550033569336
2017-03-01,2.4183361530303955,6.57148551940918
2017-03-02,2.3780975341796875,6.457841873168945
2017-03-03,2.4505276679992676,6.596188545227051
2017-03-06,2.522956371307373,6.477604866027832
2017-03-07,2.6155056953430176,6.433136940002441
2017-03-08,2.4183361530303955,5.998332977294922
2017-03-09,2.4183361530303955,5.904452323913574
2017-03-10,2.357978343963623,5.8846893310546875
2017-03-13,2.406264543533325,6.111975193023682
2017-03-14,2.406264543533325,6.136681079864502
2017-03-15,2.478694200515747,6.457841873168945
2017-03-16,2.4022409915924072,6.334319591522217
2017-03-17,2.3137154579162598,6.0971503257751465
2017-03-20,2.3137154579162598,6.24537992477417
2017-03-21,2.100452184677124,5.800693511962891
2017-03-22,2.1769046783447266,5.800693511962891
2017-03-23,2.108499526977539,5.657405376434326
2017-03-24,2.023998737335205,5.509175777435303
2017-03-27,2.0400938987731934,5.440003871917725
2017-03-28,2.028022527694702,5.435063362121582
2017-03-29,2.060213565826416,5.464706897735596
2017-03-30,2.0038793087005615,5.2868332862854
2017-03-31,1.9918073415756226,5.380712032318115
2017-04-03,1.939497470855713,5.306595802307129
2017-04-04,1.9636409282684326,5.385651588439941
2017-04-05,1.887187123298645,5.262128829956055
2017-04-06,1.814758062362671,5.173189163208008
2017-04-07,1.818781852722168,5.212717533111572
2017-04-10,1.7986624240875244,5.113898754119873
2017-04-11,1.7423290014266968,4.955787181854248
2017-04-12,1.6698992252349854,4.703799247741699
2017-04-13,1.6658751964569092,4.669212818145752
2017-04-17,1.7262332439422607,4.753208160400391
2017-04-18,1.649780511856079,4.629684925079346
2017-04-19,1.653804063796997,4.595097541809082
2017-04-20,1.7061139345169067,4.718621730804443
2017-04-24,1.738304853439331,4.772972583770752
2017-04-25,1.774519443511963,4.861909866333008
2017-04-26,1.7906148433685303,4.8470869064331055
2017-04-27,1.7664718627929688,4.7828545570373535
2017-04-28,1.8509727716445923,4.8421454429626465
2017-05-02,1.891211748123169,4.965669631958008
2017-05-03,1.814758062362671,4.723562240600586
2017-05-04,1.6980661153793335,4.619802951812744
2017-05-05,1.7061139345169067,4.604979991912842
2017-05-08,1.6900185346603394,4.540748596191406
2017-05-09,1.754400372505188,4.728504657745361
2017-05-10,1.8228055238723755,4.8470869064331055
2017-05-11,1.867068886756897,4.926141738891602
2017-05-12,1.7825675010681152,4.753208160400391
2017-05-15,1.8590199947357178,4.9310832023620605
2017-05-16,1.9515687227249146,5.113898754119873
2017-05-17,1.907306432723999,5.054606914520264
2017-05-18,1.5813740491867065,4.446868896484375
2017-05-19,1.7785431146621704,4.723562240600586
2017-05-22,1.7141613960266113,4.644508361816406
2017-05-23,1.8228055238723755,4.861909866333008
2017-05-24,1.7946385145187378,4.772972583770752
2017-05-25,1.7906148433685303,4.713681221008301
2017-05-26,1.7865911722183228,4.718621730804443
2017-05-29,1.7865911722183228,4.718621730804443
2017-05-30,1.8268299102783203,4.911318302154541
2017-05-31,1.7946385145187378,4.713681221008301
2017-06-01,1.738304853439331,4.703799247741699
2017-06-02,1.754400372505188,4.723562240600586
2017-06-05,1.7302569150924683,4.664271354675293
2017-06-06,1.7704957723617554,4.6790947914123535
2017-06-07,1.746353030204773,4.614861488342285
2017-06-08,1.7986624240875244,4.728504657745361
2017-06-09,1.8026865720748901,4.777913570404053
2017-06-12,1.7704957723617554,4.703799247741699
2017-06-13,1.774519443511963,4.68403434753418
2017-06-14,1.7503763437271118,4.560510635375977
2017-06-15,1.7503763437271118,4.560510635375977
2017-06-16,1.7906148433685303,4.456750392913818
2017-06-19,1.7906148433685303,4.550627708435059
2017-06-20,1.738304853439331,4.461690902709961
2017-06-21,1.7946385145187378,4.540748596191406
2017-06-22,1.818781852722168,4.624743461608887
2017-06-23,1.8751157522201538,4.792736053466797
2017-06-26,1.915354609489441,4.955787181854248
2017-06-27,1.8751157522201538,4.926141738891602
2017-06-28,1.9958319664001465,5.074371814727783
2017-06-29,1.983759880065918,5.020022869110107
2017-06-30,1.9998559951782227,5.079311847686768
2017-07-03,2.060213565826416,5.138604640960693
2017-07-04,2.036069869995117,5.11884069442749
2017-07-05,2.0642378330230713,5.232481002807617
2017-07-06,2.1205711364746094,5.301655292510986
2017-07-07,2.108499526977539,5.316478729248047
2017-07-10,2.132642984390259,5.444942951202393
2017-07-11,2.1245951652526855,5.410358428955078
2017-07-12,2.2010481357574463,5.444942951202393
2017-07-13,2.188976526260376,5.395533561706543
2017-07-14,2.188976526260376,5.405416965484619
2017-07-17,2.188976526260376,5.444942951202393
2017-07-18,2.156785488128662,5.351065158843994
2017-07-19,2.245310068130493,5.464706897735596
2017-07-20,2.144714117050171,5.3708295822143555
2017-07-21,2.1165473461151123,5.281890392303467
2017-07-24,2.2050716876983643,5.4152984619140625
2017-07-25,2.2131195068359375,5.504233360290527
2017-07-26,2.100452184677124,5.212717533111572
2017-07-27,2.076308012008667,5.222600936889648
2017-07-28,2.0883798599243164,5.232481002807617
2017-07-31,2.1165473461151123,5.267068862915039
2017-08-01,2.0843563079833984,5.217658519744873
2017-08-02,2.1648330688476562,5.3708295822143555
2017-08-03,2.1366662979125977,5.390593528747559
2017-08-04,2.1728813648223877,5.523999214172363
2017-08-07,2.253358840942383,5.726577281951904
2017-08-08,2.2614057064056396,5.667288780212402
2017-08-09,2.180929183959961,5.6178765296936035
2017-08-10,2.197023868560791,5.662347316741943
2017-08-11,2.180929183959961,5.578349590301514
2017-08-14,2.180929183959961,5.533882141113281
2017-08-15,2.1205711364746094,5.420240879058838
2017-08-16,2.1728813648223877,5.573409080505371
2017-08-17,2.1608095169067383,5.553646087646484
2017-08-18,2.1688573360443115,5.523999214172363
2017-08-21,2.100452184677124,5.459766387939453
2017-08-22,2.1688573360443115,5.623114585876465
2017-08-23,2.3298115730285645,5.761712551116943
2017-08-24,2.273477554321289,5.727062702178955
2017-08-25,2.2614057064056396,5.6775641441345215
2017-08-28,2.2493340969085693,5.70231294631958
2017-08-29,2.2573821544647217,5.667665004730225
2017-08-30,2.305668830871582,5.850809097290039
2017-08-31,2.2775015830993652,5.865660190582275
2017-09-01,2.4022409915924072,6.231955528259277
2017-09-04,2.522956371307373,6.390353679656982
2017-09-05,2.474670171737671,6.246802806854248
2017-09-06,2.5108845233917236,6.390353679656982
2017-09-07,2.5108845233917236,6.390353679656982
2017-09-08,2.4022409915924072,6.048808574676514
2017-09-11,2.470646858215332,6.118106842041016
2017-09-12,2.4102885723114014,6.038907051086426
2017-09-13,2.3740735054016113,5.954759120941162
2017-09-14,2.3137154579162598,5.910208225250244
2017-09-15,2.3499302864074707,6.019108295440674
2017-09-18,2.398216962814331,6.068607330322266
2017-09-19,2.3378591537475586,5.890411376953125
2017-09-20,2.2935969829559326,5.855759620666504
2017-09-21,2.2614057064056396,5.717162132263184
2017-09-22,2.2211673259735107,5.598364353179932
2017-09-25,2.108499526977539,5.430068016052246
2017-09-26,2.132642984390259,5.499365329742432
2017-09-27,2.100452184677124,5.524115562438965
2017-09-28,2.060213565826416,5.375617504119873
2017-09-29,2.1286187171936035,5.464716911315918
2017-10-02,2.144714117050171,5.44491720199585
2017-10-03,2.2614057064056396,5.642912864685059
2017-10-04,2.2935969829559326,5.62806510925293
2017-10-05,2.193000078201294,5.484516143798828
2017-10-06,2.148738384246826,5.326119422912598
2017-10-09,2.1608095169067383,5.296419620513916
2017-10-10,2.2775015830993652,5.5191650390625
2017-10-11,2.241286516189575,5.45481538772583
2017-10-12,2.241286516189575,5.45481538772583
2017-10-13,2.281525135040283,5.662712574005127
2017-10-16,2.245310068130493,5.652815818786621
2017-10-17,2.2131195068359375,5.60331392288208
2017-10-18,2.253358840942383,5.77161169052124
2017-10-19,2.2775015830993652,5.801312446594238
2017-10-20,2.253358840942383,5.781510829925537
2017-10-23,2.23726224899292,5.756761074066162
2017-10-24,2.2895724773406982,5.94981050491333
2017-10-25,2.309692144393921,5.964659214019775
2017-10-26,2.2171435356140137,5.811211585998535
2017-10-27,2.2131195068359375,5.732013702392578
2017-10-30,2.100452184677124,5.568664073944092
2017-10-31,2.0561890602111816,5.420167922973633
2017-11-01,1.9918073415756226,5.281569480895996
2017-11-02,1.9918073415756226,5.281569480895996
2017-11-03,2.072284460067749,5.336019515991211
2017-11-06,2.104475736618042,5.425116062164307
2017-11-07,1.979736328125,5.232069969177246
2017-11-08,2.06826114654541,5.296419620513916
2017-11-09,1.979736328125,5.182570934295654
2017-11-10,1.9193778038024902,5.088521480560303
2017-11-13,1.9435216188430786,5.167721271514893
2017-11-14,1.8389009237289429,4.92517614364624
2017-11-15,1.8389009237289429,4.92517614364624
2017-11-16,1.891211748123169,5.073671817779541
2017-11-17,1.9354737997055054,5.217220306396484
2017-11-20,1.9354737997055054,5.217220306396484
2017-11-21,1.9475452899932861,5.212270259857178
2017-11-22,2.004112720489502,5.306587219238281
2017-11-23,2.0323967933654785,5.386013031005859
2017-11-24,2.0081539154052734,5.3463006019592285
2017-11-27,2.0687618255615234,5.490257263183594
2017-11-28,2.044518232345581,5.450544357299805
2017-11-29,2.0728018283843994,5.51011323928833
2017-11-30,2.0485591888427734,5.500186443328857
2017-12-01,2.0485591888427734,5.485293865203857
2017-12-04,2.1495730876922607,5.604432106018066
2017-12-05,2.133410692214966,5.52500581741333
2017-12-06,2.1253297328948975,5.52500581741333
2017-12-07,2.101085901260376,5.594503402709961
2017-12-08,2.1616945266723633,5.807960033416748
2017-12-11,2.1940183639526367,5.877455234527588
2017-12-12,2.2101805210113525,5.956881046295166
2017-12-13,2.1697752475738525,5.8327789306640625
2017-12-14,2.234424352645874,5.877455234527588
2017-12-15,2.315234899520874,5.98666524887085
2017-12-18,2.238464593887329,5.9469523429870605
2017-12-19,2.250586748123169,6.0114850997924805
2017-12-20,2.3071541786193848,6.0909104347229
2017-12-21,2.315234899520874,6.200119972229004
2017-12-22,2.31119441986084,6.1753010749816895
2017-12-25,2.31119441986084,6.1753010749816895
2017-12-26,2.3637218475341797,6.140552043914795
2017-12-27,2.3435189723968506,6.1306233406066895
2017-12-28,2.3394792079925537,6.145515441894531
2017-12-29,2.3394792079925537,6.145515441894531
2018-01-02,2.444532632827759,6.438396453857422
2018-01-03,2.4364521503448486,6.428465843200684
2018-01-04,2.525344133377075,6.775951862335205
2018-01-05,2.5334255695343018,6.691562175750732
2018-01-08,2.5657496452331543,6.924875736236572
2018-01-09,2.5617082118988037,6.9645867347717285
2018-01-10,2.5697898864746094,6.870268821716309
2018-01-11,2.699087619781494,7.431206226348877
2018-01-12,2.7677767276763916,7.431206226348877
2018-01-15,2.755654811859131,7.356748104095459
2018-01-16,2.695046901702881,7.178040027618408
2018-01-17,2.796060800552368,7.446099758148193
2018-01-18,2.755654811859131,7.217755317687988
2018-01-19,2.6546413898468018,7.02911901473999
2018-01-22,2.6748440265655518,6.939768314361572
2018-01-23,2.5899925231933594,6.805736064910889
2018-01-24,2.715250015258789,7.019191265106201
2018-01-25,2.715250015258789,7.019191265106201
2018-01-26,2.775857925415039,7.416316509246826
2018-01-29,2.7192907333374023,7.257467269897461
2018-01-30,2.7596967220306396,7.307108402252197
2018-01-31,2.7798986434936523,7.148255825042725
2018-02-01,2.812222480773926,7.257467269897461
2018-02-02,2.8081822395324707,7.232645511627197
2018-02-05,2.6627228260040283,6.820628643035889
2018-02-06,2.7273712158203125,7.232645511627197
2018-02-07,2.695046901702881,6.979475975036621
2018-02-08,2.6465601921081543,6.8305535316467285
2018-02-09,2.6748440265655518,6.9645867347717285
2018-02-14,2.771817445755005,7.42624568939209
2018-02-15,2.844548225402832,7.446099758148193
2018-02-16,3.0061697959899902,7.9077582359313965
2018-02-19,3.1395068168640137,8.304885864257812
2018-02-20,3.082939386367798,8.016968727111816
2018-02-21,3.1677913665771484,8.091429710388184
2018-02-22,3.159710645675659,7.99711275100708
2018-02-23,3.196075439453125,8.250280380249023
2018-02-26,3.309211254119873,8.453807830810547
2018-02-27,3.23244047164917,8.265174865722656
2018-02-28,3.1839535236358643,8.250280380249023
2018-03-01,3.224358081817627,8.513378143310547
2018-03-02,3.1475887298583984,8.389276504516602
2018-03-05,3.19203519821167,8.473663330078125
2018-03-06,3.0910212993621826,8.101359367370605
2018-03-07,3.155669689178467,8.304885864257812
2018-03-08,3.0748586654663086,7.957400798797607
2018-03-09,3.0586960315704346,8.007040977478027
2018-03-12,3.0950613021850586,8.156241416931152
2018-03-13,3.0788991451263428,8.101533889770508
2018-03-14,3.0869805812835693,7.982176780700684
2018-03-15,3.0021283626556396,7.72853422164917
2018-03-16,2.9859659671783447,7.683776378631592
2018-03-19,2.8970744609832764,7.474893569946289
2018-03-20,2.998089075088501,7.828002452850342
2018-03-21,3.026371717453003,7.947362899780273
2018-03-22,2.9213175773620605,7.639017581939697
2018-03-23,2.868790864944458,7.504734992980957
2018-03-26,2.844548225402832,7.6141486167907715
2018-03-27,2.7798986434936523,7.514683723449707
2018-03-28,2.783939838409424,7.4351091384887695
2018-03-29,2.884953022003174,7.708643436431885
2018-04-02,2.8930344581604004,7.778268337249756
2018-04-03,2.8930344581604004,7.823029041290283
2018-04-04,2.848587989807129,7.6340436935424805
2018-04-05,3.0344529151916504,8.146292686462402
2018-04-06,3.010209560394287,8.02196216583252
2018-04-09,2.929398536682129,7.862815856933594
2018-04-10,2.998089075088501,8.026933670043945
2018-04-11,2.998089075088501,7.967253684997559
2018-04-12,3.1112239360809326,8.181106567382812
2018-04-13,3.1314260959625244,8.161213874816895
2018-04-16,3.0748586654663086,8.136346817016602
2018-04-17,3.163750171661377,8.355175018310547
2018-04-18,3.3011302947998047,8.62372875213623
2018-04-19,3.27284574508667,8.539185523986816
2018-04-20,3.2647650241851807,8.429773330688477
2018-04-23,3.2283992767333984,8.320358276367188
2018-04-24,3.216278553009033,8.335280418395996
2018-04-25,3.19203519821167,8.340252876281738
2018-04-26,3.256683111190796,8.464585304260254
2018-04-27,3.216278553009033,8.295494079589844
2018-04-30,3.159710645675659,8.280573844909668
2018-05-02,3.123344898223877,8.076667785644531
2018-05-03,3.1031432151794434,8.201000213623047
2018-05-04,3.1516292095184326,8.3750638961792
2018-05-07,3.0465755462646484,8.136346817016602
2018-05-08,3.014249324798584,8.12142562866211
2018-05-09,3.2081966400146484,8.633676528930664
2018-05-10,3.280927896499634,8.877370834350586
2018-05-11,3.23244047164917,8.827638626098633
2018-05-14,3.2486019134521484,8.807744026184082
2018-05-15,3.212238073348999,8.842559814453125
2018-05-16,3.297089099884033,9.076305389404297
2018-05-17,3.2688064575195312,8.93208122253418
2018-05-18,3.252642869949341,8.832612037658691
2018-05-21,3.1718316078186035,8.539185523986816
2018-05-22,3.1515259742736816,8.444252014160156
2018-05-23,3.1190359592437744,8.254379272460938
2018-05-24,3.062178373336792,8.264372825622559
2018-05-25,2.920034885406494,7.919608116149902
2018-05-28,2.7007274627685547,7.4249444007873535
2018-05-29,2.7657082080841064,7.5348687171936035
2018-05-30,2.7657082080841064,7.394962787628174
2018-06-01,2.875361442565918,7.724741458892822
2018-06-04,2.920034885406494,7.929601192474365
2018-06-05,2.8875443935394287,8.069507598876953
2018-06-06,2.8631768226623535,7.949586868286133
2018-06-07,2.7047884464263916,7.414948463439941
2018-06-08,2.6357481479644775,7.155128479003906
2018-06-11,2.587012767791748,7.095170497894287
2018-06-12,2.6276257038116455,7.255063056945801
2018-06-13,2.6113803386688232,7.230076789855957
2018-06-14,2.574828863143921,7.1301445960998535
2018-06-15,2.5017271041870117,7.015224933624268
2018-06-18,2.4976658821105957,7.04520320892334
2018-06-19,2.5545220375061035,7.015224933624268
2018-06-20,2.684483051300049,7.364985466003418
2018-06-21,2.5382773876190186,6.990240573883057
2018-06-22,2.595135450363159,7.125147819519043
2018-06-25,2.5260939598083496,6.9302802085876465
2018-06-26,2.4651753902435303,6.72542142868042
2018-06-27,2.444868803024292,6.775387763977051
2018-06-28,2.4854812622070312,6.960259914398193
2018-06-29,2.5098488330841064,6.950268745422363
2018-07-02,2.5260939598083496,6.955265998840332
2018-07-03,2.6276257038116455,7.140137195587158
2018-07-04,2.6682372093200684,7.285040378570557
2018-07-05,2.7778913974761963,7.5748419761657715
2018-07-06,2.846933126449585,7.754721164703369
2018-07-10,2.8144426345825195,7.619812965393066
2018-07-11,2.7535240650177,7.4399333000183105
2018-07-12,2.911912441253662,7.844658851623535
2018-07-13,2.90378999710083,7.749722003936768
2018-07-16,2.9240963459014893,7.859648704528809
2018-07-17,3.094667673110962,8.074503898620605
2018-07-18,3.1109139919281006,8.12946605682373
2018-07-19,3.062178373336792,7.97956657409668
2018-07-20,3.167771100997925,8.11947250366211
2018-07-23,3.188077211380005,8.144454002380371
2018-07-24,3.208383560180664,8.38429069519043
2018-07-25,3.1474642753601074,8.319334030151367
2018-07-26,3.05405592918396,8.124467849731445
2018-07-27,3.1962010860443115,8.41426944732666
2018-07-30,3.2408735752105713,8.55417537689209
2018-07-31,3.1230971813201904,8.334325790405273
2018-08-01,3.0784237384796143,8.194422721862793
2018-08-02,3.1352813243865967,8.314339637756348
2018-08-03,3.1596481800079346,8.539185523986816
2018-08-06,3.1515259742736816,8.419266700744629
2018-08-07,3.1068525314331055,8.334325790405273
2018-08-08,3.188077211380005,8.594149589538574
2018-08-09,3.163709878921509,8.389287948608398
2018-08-10,3.049994707107544,8.029533386230469
2018-08-13,3.098729133605957,7.949586868286133
2018-08-14,3.167771100997925,8.144454002380371
2018-08-15,3.049994707107544,7.754721164703369
2018-08-16,2.993137836456299,7.754721164703369
2018-08-17,3.009382963180542,7.819676876068115
2018-08-20,3.1312191486358643,8.099485397338867
2018-08-21,3.143404006958008,7.969572067260742
2018-08-22,3.196681261062622,8.176248550415039
2018-08-23,3.1475014686584473,7.964533805847168
2018-08-24,3.2376646995544434,8.00990104675293
2018-08-27,3.401596784591675,8.12079906463623
2018-08-28,3.3524179458618164,8.1712064743042
2018-08-29,3.3524179458618164,8.216575622558594
2018-08-30,3.233565330505371,8.02502155303955
2018-08-31,3.2212705612182617,8.085511207580566
2018-09-03,3.1925833225250244,7.989736557006836
2018-09-04,3.135206937789917,7.868757247924805
2018-09-05,3.106518268585205,7.853634834289551
2018-09-06,3.18438720703125,7.994777679443359
2018-09-10,3.1761891841888428,7.858675003051758
2018-09-11,3.016355514526367,7.662082195281982
2018-09-12,3.0819287300109863,7.707450866699219
2018-09-13,3.0327484607696533,7.702410697937012
2018-09-14,3.0040600299835205,7.692327976226807
2018-09-17,3.077829599380493,7.878839492797852
2018-09-18,3.233565330505371,8.40308666229248
2018-09-19,3.2130751609802246,8.458535194396973
2018-09-20,3.204878091812134,8.468616485595703
2018-09-21,3.2499585151672363,8.569435119628906
2018-09-24,3.1761891841888428,8.347638130187988
2018-09-25,3.3114335536956787,8.801313400268555
2018-09-26,3.2991394996643066,8.624882698059082
2018-09-27,3.2786481380462646,8.655129432678223
2018-09-28,3.270451068878174,8.66520881652832
2018-10-01,3.196681261062622,8.40812873840332
2018-10-02,3.266352415084839,8.473657608032227
2018-10-03,3.266352415084839,8.31235122680664
2018-10-04,3.2253706455230713,8.1712064743042
2018-10-05,3.1597962379455566,7.964533805847168
2018-10-08,3.180288791656494,7.868757247924805
2018-10-09,3.2130751609802246,8.080471992492676
2018-10-10,3.086027145385742,7.8385114669799805
2018-10-11,3.0491433143615723,7.934286117553711
2018-10-15,3.0983219146728516,7.82843017578125
2018-10-16,3.1720919609069824,8.16616439819336
2018-10-17,3.204878091812134,8.115756034851074
2018-10-18,3.077829599380493,7.808265686035156
2018-10-19,3.0204546451568604,7.616714000701904
2018-10-22,3.1597962379455566,7.959493637084961
2018-10-23,3.1638951301574707,7.9040422439575195
2018-10-24,3.0614371299743652,7.546140670776367
2018-10-25,3.057338237762451,7.747776985168457
2018-10-26,3.122910499572754,7.959493637084961
2018-10-29,3.086027145385742,7.883880615234375
2018-10-30,3.139305591583252,7.964533805847168
2018-10-31,3.2540578842163086,8.196410179138184
2018-11-01,3.3360238075256348,8.27706527709961
2018-11-05,3.413891553878784,8.539189338684082
2018-11-06,3.4302852153778076,8.56439208984375
2018-11-07,3.413891553878784,8.317392349243164
2018-11-08,3.28684401512146,8.105676651000977
2018-11-09,3.262253761291504,8.125838279724121
2018-11-12,3.1597962379455566,7.783062934875488
2018-11-13,3.1106183528900146,7.707450866699219
2018-11-14,3.0614371299743652,7.6368794441223145
2018-11-16,3.2376646995544434,8.181289672851562
2018-11-19,3.1475014686584473,8.140961647033691
2018-11-21,3.0696327686309814,7.737696647644043
2018-11-22,3.0488922595977783,7.819037914276123
2018-11-23,2.9078562259674072,7.585177898406982
2018-11-26,2.845632791519165,7.524171352386475
2018-11-27,2.895411252975464,7.473333358764648
2018-11-28,2.9203007221221924,7.661438465118408
2018-11-29,2.9493372440338135,7.6766886711120605
2018-11-30,3.0364491939544678,7.869875431060791
2018-12-03,3.152597188949585,8.210495948791504
2018-12-04,3.0654852390289307,8.037646293640137
2018-12-05,3.0986711978912354,8.134242057800293
2018-12-06,3.057190418243408,8.042728424072266
2018-12-07,3.053041458129883,7.966471195220947
2018-12-10,2.9700777530670166,7.793619155883789
2018-12-11,2.9327447414398193,7.869875431060791
2018-12-12,2.9451894760131836,7.829207420349121
2018-12-13,2.9700777530670166,7.798701763153076
2018-12-14,2.9203007221221924,7.69194221496582
2018-12-17,2.9576330184936523,7.6766886711120605
2018-12-18,2.9617817401885986,7.737696647644043
2018-12-19,2.924447774887085,7.702108383178711
2018-12-20,2.8331899642944336,7.397075653076172
2018-12-21,2.8207449913024902,7.47841739654541
2018-12-26,2.8373372554779053,7.519089698791504
2018-12-27,2.7958555221557617,7.330982685089111
2018-12-28,2.878818988800049,7.534339427947998
2019-01-02,2.9700777530670166,7.727527141571045
2019-01-03,2.982522487640381,7.6766886711120605
2019-01-04,3.057190418243408,7.8800458908081055
2019-01-07,3.077929735183716,7.900379180908203
2019-01-08,3.057190418243408,7.910547733306885
2019-01-09,3.1318559646606445,8.134242057800293
2019-01-10,3.1194117069244385,7.9257988929748535
2019-01-11,3.0447447299957275,7.737696647644043
2019-01-14,3.0447447299957275,7.727527141571045
2019-01-15,2.986671209335327,7.575008392333984
2019-01-16,2.9700777530670166,7.590261459350586
2019-01-17,3.01155948638916,7.651270389556885
2019-01-18,3.053041458129883,7.874959468841553
2019-01-21,3.0696334838867188,7.8800458908081055
2019-01-22,2.982522487640381,7.864792823791504
2019-01-23,3.077929735183716,7.956302642822266
2019-01-24,3.1277084350585938,8.129156112670898
2019-01-28,3.0240044593811035,7.9512200355529785
2019-01-29,3.053041458129883,7.9512200355529785
2019-01-30,3.173337936401367,8.210495948791504
2019-01-31,3.090374708175659,7.956302642822266
2019-02-01,3.1152632236480713,8.032562255859375
2019-02-04,3.1111152172088623,8.129156112670898
2019-02-05,3.106966257095337,8.093567848205566
2019-02-06,2.9534859657287598,7.793619155883789
2019-02-07,2.974226474761963,7.742780685424805
2019-02-08,2.974226474761963,7.803785800933838
2019-02-11,2.974226474761963,7.854623317718506
2019-02-12,3.0240044593811035,7.8800458908081055
2019-02-13,3.0405962467193604,7.946135997772217
2019-02-14,3.0696334838867188,7.996973037719727
2019-02-15,3.0364491939544678,7.869875431060791
2019-02-18,3.032301187515259,7.905463218688965
2019-02-19,2.9991157054901123,7.900379180908203
2019-02-20,3.0447447299957275,8.032562255859375
2019-02-21,2.9410409927368164,7.6766886711120605
2019-02-22,3.0157077312469482,7.717360496520996
2019-02-25,3.0157077312469482,7.7631144523620605
2019-02-26,3.032301187515259,7.869875431060791
2019-02-27,3.053041458129883,7.844455718994141
2019-02-28,2.978374719619751,7.697024345397949
2019-03-01,2.9451894760131836,7.6411004066467285
2019-03-06,2.9576330184936523,7.6411004066467285
2019-03-07,2.924301862716675,7.53874397277832
2019-03-08,2.9451889991760254,7.528507709503174
2019-03-11,2.957721710205078,7.6257476806640625
2019-03-12,2.949366807937622,7.508033752441406
2019-03-13,3.012030839920044,7.666689395904541
2019-03-14,2.9869649410247803,7.554096698760986
2019-03-15,3.0412726402282715,7.7332234382629395
2019-03-18,3.1122920513153076,7.943061828613281
2019-03-19,3.18330979347229,8.111952781677246
2019-03-20,3.1039376258850098,7.994239807128906
2019-03-21,3.0579845905303955,8.014711380004883
2019-03-22,2.9451889991760254,7.646218299865723
2019-03-25,2.949366807937622,7.6103949546813965
2019-03-26,2.9869649410247803,7.799757957458496
2019-03-27,2.8616371154785156,7.497799396514893
2019-03-28,2.9451889991760254,7.615512371063232
2019-03-29,2.9702541828155518,7.74857759475708
2019-04-01,3.1540684700012207,8.229663848876953
2019-04-02,3.129002094268799,8.229663848876953
2019-04-03,3.1248254776000977,8.188725471496582
2019-04-04,3.1958436965942383,8.2910795211792
2019-04-05,3.137357711791992,8.07101058959961
2019-04-08,3.158245086669922,8.111952781677246
2019-04-09,3.0914039611816406,7.984003067016602
2019-04-10,3.0412726402282715,7.948179721832275
2019-04-11,2.9869649410247803,7.774167537689209
2019-04-12,2.9744322299957275,7.6820454597473145
2019-04-15,2.9660775661468506,7.5643310546875
2019-04-16,3.003675937652588,7.717870712280273
2019-04-17,2.991142511367798,7.666689395904541
2019-04-18,2.999497652053833,7.641102313995361
2019-04-22,2.9660775661468506,7.651336669921875
2019-04-23,2.920124053955078,7.53874397277832
2019-04-24,2.899235725402832,7.4722113609313965
2019-04-25,2.941012144088745,7.461971282958984
2019-04-26,2.8741705417633057,7.354496479034424
2019-04-29,2.890880584716797,7.364732265472412
2019-04-30,2.8407504558563232,7.24190092086792
2019-05-02,2.803152084350586,7.165132999420166
2019-05-03,2.8574600219726562,7.282846450805664
2019-05-06,2.819861888885498,7.206077575683594
2019-05-07,2.8073294162750244,7.2777276039123535
2019-05-08,2.8574600219726562,7.421029090881348
2019-05-09,2.819861888885498,7.2879638671875
2019-05-10,2.819861888885498,7.24190092086792
2019-05-13,2.7279555797576904,7.067890644073486
2019-05-14,2.7739086151123047,7.1395416259765625
2019-05-15,2.7196004390716553,7.124188423156738
2019-05-16,2.6652917861938477,7.032065391540527
2019-05-17,2.6778247356414795,7.032065391540527
2019-05-20,2.7282702922821045,7.088653087615967
2019-05-21,2.8291616439819336,7.3510026931762695
2019-05-22,2.8207545280456543,7.3510026931762695
2019-05-23,2.740882158279419,7.17609977722168
2019-05-24,2.740882158279419,7.124660491943359
2019-05-27,2.732473850250244,7.109226703643799
2019-05-28,2.770307779312134,7.273840427398682
2019-05-29,2.770307779312134,7.227542877197266
2019-05-30,2.753493070602417,7.17609977722168
2019-05-31,2.7240664958953857,7.134946823120117
2019-06-03,2.7240664958953857,7.170958042144775
2019-06-04,2.711454391479492,7.1298065185546875
2019-06-05,2.6694176197052,7.052639961242676
2019-06-06,2.6694176197052,7.021778106689453
2019-06-07,2.7450857162475586,7.150380611419678
2019-06-10,2.8123462200164795,7.278984546661377
2019-06-11,2.904829978942871,7.495038986206055
2019-06-12,2.8585891723632812,7.438453674316406
2019-06-13,2.90903377532959,7.536192417144775
2019-06-14,2.84177303314209,7.381868839263916
2019-06-17,2.8123462200164795,7.309845924377441
2019-06-18,2.9384610652923584,7.582489490509033
2019-06-19,2.988906145095825,7.695663928985596
2019-06-21,3.014129161834717,7.829408645629883
2019-06-24,3.0225372314453125,7.7831130027771
2019-06-25,2.9384610652923584,7.587634563446045
2019-06-26,3.0057215690612793,7.762534141540527
2019-06-27,2.9847030639648438,7.711095333099365
2019-06-28,3.0435566902160645,7.819122314453125
2019-07-01,3.0057215690612793,7.731668472290039
2019-07-02,2.921645164489746,7.53104829788208
2019-07-03,2.9636831283569336,7.659651756286621
2019-07-04,3.0351486206054688,7.87056303024292
2019-07-05,3.03935170173645,7.906572341918945
2019-07-08,3.0561673641204834,7.896283149719238
2019-07-10,3.03935170173645,7.875707626342773
2019-07-11,2.9636831283569336,7.685373306274414
2019-07-12,2.925849676132202,7.572201251983643
2019-07-15,2.9804983139038086,7.680230140686035
2019-07-16,2.9678871631622314,7.608212471008301
2019-07-17,2.942664861679077,7.515614986419678
2019-07-18,2.904829978942871,7.453886985778809
2019-07-19,2.9006259441375732,7.376726150512695
2019-07-22,2.8459770679473877,7.206965923309326
2019-07-23,2.862792730331421,7.232686996459961
2019-07-24,2.8123462200164795,7.124660491943359
2019-07-25,2.787123680114746,7.05778694152832
2019-07-26,2.8165504932403564,7.078361988067627
2019-07-29,2.8207545280456543,7.150380611419678
2019-07-30,2.8669960498809814,7.248119831085205
2019-07-31,2.7955310344696045,7.073218822479248
2019-08-01,2.7619004249572754,6.944614410400391
2019-08-02,2.757697105407715,6.980622291564941
2019-08-05,2.6778252124786377,6.7388482093811035
2019-08-06,2.6946401596069336,6.733705520629883
2019-08-07,2.6483988761901855,6.671974182128906
2019-08-08,2.770307779312134,6.8880295753479
2019-08-09,2.7240664958953857,6.8365864753723145
2019-08-12,2.6610093116760254,6.651398658752441
2019-08-13,2.7619004249572754,6.826297283172607
2019-08-14,2.627378463745117,6.538225173950195
2019-08-15,2.564321279525757,6.317025184631348
2019-08-16,2.6399898529052734,6.522792816162109
2019-08-19,2.5807595252990723,6.341747760772705
2019-08-20,2.606144666671753,6.367612361907959
2019-08-21,2.6526827812194824,6.491758346557617
2019-08-22,2.6569130420684814,6.522794246673584
2019-08-23,2.559605836868286,6.357268333435059
2019-08-26,2.4919145107269287,6.212429523468018
2019-08-27,2.445375442504883,6.08828592300415
2019-08-28,2.4580674171447754,6.160703182220459
2019-08-29,2.568067789077759,6.481410980224609
2019-08-30,2.6442205905914307,6.657286167144775
2019-09-02,2.606144666671753,6.548657417297363
2019-09-03,2.5934524536132812,6.507274627685547
2019-09-04,2.5765292644500732,6.507274627685547
2019-09-05,2.601914405822754,6.553830146789551
2019-09-06,2.5892210006713867,6.429685592651367
2019-09-09,2.699220895767212,6.781431198120117
2019-09-10,2.766913414001465,6.993509769439697
2019-09-11,2.7161450386047363,6.843502521514893
2019-09-12,2.771143913269043,7.040064334869385
2019-09-13,2.7499897480010986,7.01420259475708
2019-09-16,2.7246057987213135,6.983165264129639
2019-09-17,2.754220962524414,7.024548530578613
2019-09-18,2.7372987270355225,6.946955680847168
2019-09-19,2.7288355827331543,6.93143892288208
2019-09-20,2.7034518718719482,6.8538498878479
2019-09-23,2.7076833248138428,6.833155155181885
2019-09-24,2.6484525203704834,6.698664665222168
2019-09-25,2.6611437797546387,6.781431198120117
2019-09-26,2.6526827812194824,6.791774272918701
2019-09-27,2.6399905681610107,6.740045070648193
2019-09-30,2.6442205905914307,6.80729341506958
2019-10-01,2.6357593536376953,6.771084308624268
2019-10-02,2.53422212600708,6.517621040344238
2019-10-03,2.559605836868286,6.610730171203613
2019-10-04,2.5976827144622803,6.740045070648193
2019-10-07,2.529991388320923,6.610730171203613
2019-10-08,2.4749915599823,6.491758346557617
2019-10-09,2.4665298461914062,6.476237773895264
2019-10-10,2.5892210006713867,6.714183807373047
2019-10-11,2.6696062088012695,6.874537467956543
2019-10-14,2.6653759479522705,6.8538498878479
2019-10-15,2.694990634918213,6.977993488311768
2019-10-16,2.6611437797546387,6.905576229095459
2019-10-17,2.6653759479522705,6.93143892288208
2019-10-18,2.601914405822754,6.80729341506958
2019-10-21,2.623068332672119,6.843502521514893
2019-10-22,2.623068332672119,6.869366645812988
2019-10-23,2.61460542678833,6.884883880615234
2019-10-24,2.551144599914551,6.7245306968688965
2019-10-25,2.623068332672119,6.848674774169922
2019-10-28,2.618837356567383,6.833155155181885
2019-10-29,2.606144666671753,6.781431198120117
2019-10-30,2.7076833248138428,6.921092987060547
2019-10-31,2.6611437797546387,6.946955680847168
2019-11-01,2.771143913269043,7.195247173309326
2019-11-04,2.885374069213867,7.552165508270264
2019-11-05,2.9065282344818115,7.629754066467285
2019-11-06,2.9065282344818115,7.619410991668701
2019-11-07,3.008066177368164,7.929771900177002
2019-11-08,2.9826812744140625,7.888389587402344
2019-11-11,3.0122971534729004,7.903909683227539
2019-11-12,3.0165395736694336,7.929839611053467
2019-11-13,3.0165395736694336,7.945399761199951
2019-11-14,3.0462374687194824,8.007637023925781
2019-11-18,3.0165395736694336,7.914281368255615
2019-11-19,3.020782709121704,7.935026168823242
2019-11-21,3.2371575832366943,8.531450271606445
2019-11-22,3.2923126220703125,8.655921936035156
2019-11-25,3.313525915145874,8.712970733642578
2019-11-26,3.3941376209259033,8.951539993286133
2019-11-27,3.3898937702178955,9.034520149230957
2019-11-28,3.3517112731933594,8.904864311218262
2019-11-29,3.30928373336792,8.816695213317871
2019-12-02,3.4153506755828857,9.050080299377441
2019-12-03,3.3304975032806396,8.842625617980957
2019-12-04,3.360196113586426,8.951539993286133
2019-12-05,3.35595440864563,8.972284317016602
2019-12-06,3.43656325340271,9.127872467041016
2019-12-09,3.3517112731933594,8.91004753112793
2019-12-10,3.419593334197998,9.164178848266602
2019-12-11,3.3941376209259033,9.127872467041016
2019-12-12,3.43656325340271,9.28864860534668
2019-12-13,3.635969638824463,9.58945083618164
2019-12-16,3.5977869033813477,9.392374038696289
2019-12-17,3.5765724182128906,9.345698356628418
2019-12-18,3.5596015453338623,9.24715805053711
2019-12-19,3.691124200820923,9.47535514831543
2019-12-20,3.7887063026428223,9.931750297546387
2019-12-23,3.826889991760254,10.092523574829102
2019-12-26,3.8778016567230225,10.315533638000488
2019-12-27,3.8608314990997314,10.310346603393555
2019-12-30,3.937199831008911,10.372583389282227
2020-01-02,4.106905460357666,10.766741752624512
2020-01-03,4.115390777587891,10.590407371520996
2020-01-06,4.094178676605225,10.564476013183594
2020-01-07,4.12387752532959,10.730437278747559
2020-01-08,4.098421573638916,10.771925926208496
2020-01-09,4.102663040161133,10.714879989624023
2020-01-10,4.1917595863342285,10.860095024108887
2020-01-13,4.412380218505859,11.326860427856445
2020-01-14,4.306310176849365,11.109040260314941
2020-01-15,4.314797401428223,10.943075180053711
2020-01-16,4.331768035888672,11.046801567077637
2020-01-17,4.420864105224609,11.1868314743042
2020-01-20,4.603298664093018,11.549875259399414
2020-01-21,4.459048271179199,11.30611515045166
2020-01-22,4.543901443481445,11.446146965026855
2020-01-23,4.505717754364014,11.492823600769043
2020-01-24,4.4038920402526855,11.238692283630371
2020-01-27,4.072965621948242,10.346652030944824
2020-01-28,4.183274269104004,10.476309776306152
2020-01-29,4.102663040161133,10.445191383361816
2020-01-30,4.2002458572387695,10.75637149810791
2020-01-31,4.043265342712402,10.398513793945312
2020-02-03,4.196002960205078,10.657828330993652
2020-02-04,4.276613712310791,11.114224433898926
2020-02-05,4.34449577331543,11.098664283752441
2020-02-06,4.1917595863342285,11.015684127807617
2020-02-07,4.0178093910217285,10.502238273620605
2020-02-10,3.996595859527588,10.336278915405273
2020-02-11,4.170546054840088,10.937891006469727
2020-02-12,4.246913909912109,11.03642749786377
2020-02-13,4.246913909912109,10.984563827514648
2020-02-14,4.102663040161133,10.631897926330566
2020-02-17,4.140848636627197,10.735624313354492
2020-02-18,4.089935779571533,10.642271995544434
2020-02-19,4.302068710327148,10.59559440612793
2020-02-20,3.9838693141937256,10.128829002380371
2020-02-21,3.852346181869507,9.905817985534668
2020-02-26,3.3941376209259033,8.868558883666992
2020-02-27,3.3389830589294434,8.863372802734375
2020-02-28,3.3729238510131836,8.780391693115234
2020-03-02,3.496271848678589,8.993408203125
2020-03-03,3.4750053882598877,9.071340560913086
2020-03-04,3.6791675090789795,9.523348808288574
2020-03-05,3.4664971828460693,9.055754661560059
2020-03-06,3.2325618267059326,8.390727996826172
2020-03-09,2.6583573818206787,6.884034156799316
2020-03-10,2.8880395889282227,7.450341701507568
2020-03-11,2.5392627716064453,6.593087673187256
2020-03-12,1.9990849494934082,5.507228374481201
2020-03-13,2.411661148071289,6.468393325805664
2020-03-16,2.1436991691589355,5.553987979888916
2020-03-17,2.1436991691589355,5.621529579162598
2020-03-18,1.8374568223953247,4.940918922424316
2020-03-19,1.8034299612045288,4.982483386993408
2020-03-20,1.7651488780975342,4.805835723876953
2020-03-23,1.6332951784133911,4.4889116287231445
2020-03-24,1.7736560106277466,4.9461140632629395
2020-03-25,1.9395371675491333,5.465663909912109
2020-03-26,2.0458712577819824,5.678680419921875
2020-03-27,1.9565510749816895,5.2474541664123535
2020-03-30,1.9140169620513916,5.081196308135986
2020-03-31,1.9778177738189697,5.221477031707764
2020-04-01,1.897003412246704,4.972092628479004
2020-04-02,1.9395371675491333,5.216280460357666
2020-04-03,1.7779093980789185,4.8473992347717285
2020-04-06,1.8459632396697998,5.039633274078369
2020-04-07,1.9565510749816895,5.36175537109375
2020-04-08,2.0798985958099365,5.741026878356934
2020-04-09,2.0075912475585938,5.559183597564697
2020-04-13,2.1096723079681396,5.834545135498047
2020-04-14,2.1734731197357178,6.0059967041015625
2020-04-15,2.135192632675171,5.876108646392822
2020-04-16,2.1692192554473877,6.016386985778809
2020-04-17,2.296820878982544,6.390463829040527
2020-04-20,2.2117533683776855,6.156665325164795
2020-04-22,2.198993444442749,6.078733444213867
2020-04-23,2.2627933025360107,6.198229789733887
2020-04-24,2.062885284423828,5.678680419921875
2020-04-27,2.1394457817077637,5.881302833557129
2020-04-28,2.2415268421173096,6.224206447601318
2020-04-29,2.3393540382385254,6.47359037399292
2020-04-30,2.190485954284668,6.099514007568359
2020-05-04,2.1692192554473877,5.959237575531006
2020-05-05,2.1862330436706543,5.98001766204834
2020-05-06,2.2117533683776855,6.0475592613220215
2020-05-07,2.356368064880371,6.468393325805664
2020-05-08,2.4797158241271973,6.754149913787842
2020-05-11,2.3989009857177734,6.494373321533203
2020-05-12,2.3138344287872314,6.302138805389404
2020-05-13,2.198993444442749,6.042365074157715
2020-05-14,2.233020067214966,6.099514007568359
2020-05-15,2.1054189205169678,5.673483371734619
2020-05-18,2.305327892303467,6.141078472137451
2020-05-19,2.3095805644989014,6.130687713623047
2020-05-20,2.305327892303467,6.1930341720581055
2020-05-21,2.3308475017547607,6.260577201843262
2020-05-22,2.2627933025360107,6.0267767906188965
2020-05-25,2.390394687652588,6.421635627746582
2020-05-26,2.3138344287872314,6.208619117736816
2020-05-27,2.586050510406494,6.889230251312256
2020-05-28,2.6370909214019775,7.029510498046875
2020-05-29,2.6243295669555664,6.977555274963379
2020-06-01,2.6413440704345703,7.0243144035339355
2020-06-02,2.756185531616211,7.4607367515563965
2020-06-03,2.9560935497283936,7.969894886016846
2020-06-04,2.9943737983703613,7.980287075042725
2020-06-05,3.007134437561035,7.88157320022583
2020-06-08,3.0751872062683105,8.053024291992188
2020-06-09,2.9901201725006104,7.772465705871582
2020-06-10,2.8795323371887207,7.450341701507568
2020-06-12,2.7689449787139893,7.211352348327637
2020-06-15,2.7306652069091797,7.039898872375488
2020-06-16,2.930572986602783,7.68933629989624
2020-06-17,2.9135591983795166,7.647773265838623
2020-06-18,2.9858670234680176,7.949113845825195
2020-06-19,3.0028796195983887,8.027045249938965
2020-06-22,2.9731061458587646,7.907548904418945
2020-06-23,3.0454142093658447,8.058218955993652
2020-06-24,3.0581746101379395,8.177712440490723
2020-06-25,3.041160821914673,8.136150360107422
2020-06-26,2.964599132537842,7.88676643371582
2020-06-29,3.0241472721099854,8.151735305786133
2020-06-30,3.109215497970581,8.3179931640625
2020-07-01,3.007134437561035,8.042630195617676
2020-07-02,3.0751872062683105,8.198495864868164
2020-07-03,3.0922012329101562,8.162128448486328
2020-07-06,3.1304821968078613,8.390727996826172
2020-07-07,3.0879483222961426,8.1933012008667
2020-07-08,3.134734630584717,8.29201602935791
2020-07-09,3.1177213191986084,8.338775634765625
2020-07-10,3.1134681701660156,8.364751815795898
2020-07-13,3.151747226715088,8.44787883758545
2020-07-14,3.2453222274780273,8.624528884887695
2020-07-15,3.258082151412964,8.598548889160156
2020-07-16,3.2112948894500732,8.43748950958252
2020-07-17,3.2325618267059326,8.473859786987305
2020-07-20,3.2665903568267822,8.473859786987305
2020-07-21,3.2198023796081543,8.390727996826172
2020-07-22,3.389936923980713,8.697264671325684
2020-07-23,3.2623350620269775,8.515421867370605
2020-07-24,3.355909585952759,8.905082702636719
2020-07-27,3.5090317726135254,9.268770217895508
2020-07-28,3.4750053882598877,9.21161937713623
2020-07-29,3.496271848678589,9.346699714660645
2020-07-30,3.4537384510040283,9.216814041137695
2020-07-31,3.4197113513946533,9.066144943237305
2020-08-03,3.4324700832366943,9.092122077941895
2020-08-04,3.4367244243621826,9.081731796264648
2020-08-05,3.6281261444091797,9.622064590454102
2020-08-06,3.5388050079345703,9.383070945739746
2020-08-07,3.445230722427368,9.149271011352539
2020-08-10,3.5898451805114746,9.486980438232422
2020-08-11,3.534552812576294,9.429828643798828
2020-08-12,3.5388050079345703,9.409046173095703
2020-08-13,3.513284683227539,9.279159545898438
2020-08-14,3.534552812576294,9.346699714660645
2020-08-17,3.555818796157837,9.362289428710938
2020-08-18,3.806767225265503,10.126026153564453
2020-08-19,3.8960888385772705,10.401388168334961
2020-08-20,3.947129487991333,10.53127670288086
2020-08-21,3.845048189163208,10.22474193572998
2020-08-24,3.8365421295166016,10.167590141296387
2020-08-25,3.8110220432281494,10.157197952270508
2020-08-26,3.781247615814209,10.152002334594727
2020-08-27,3.738713264465332,10.001335144042969
2020-08-28,3.80251407623291,10.18317699432373
2020-08-31,3.738713264465332,9.918205261230469
2020-09-01,3.8875815868377686,10.390996932983398
2020-09-02,3.828033924102783,10.281892776489258
2020-09-03,3.751474380493164,10.068875312805176
2020-09-04,3.8578078746795654,10.349432945251465
2020-09-08,3.7982611656188965,10.229936599731445
2020-09-09,3.985409736633301,10.666357040405273
2020-09-10,3.832287311553955,10.313064575195312
2020-09-11,3.849301815032959,10.34423542022705
2020-09-14,3.8875815868377686,10.536471366882324
2020-09-15,4.091742515563965,11.144343376159668
2020-09-16,4.015183448791504,11.00926399230957
2020-09-17,4.091742515563965,11.139148712158203
2020-09-18,4.015183448791504,10.889765739440918
2020-09-21,3.9556355476379395,10.697532653808594
2020-09-22,3.9641430377960205,10.765071868896484
2020-09-23,3.9513816833496094,10.728703498840332
2020-09-24,3.947129487991333,10.744290351867676
2020-09-25,3.925863027572632,10.655964851379395
2020-09-28,3.904595136642456,10.671553611755371
2020-09-29,3.8535542488098145,10.500102996826172
2020-09-30,3.9981698989868164,10.806639671325684
2020-10-01,3.9811556339263916,10.780659675598145
2020-10-02,3.9343693256378174,10.702726364135742
2020-10-05,4.193824768066406,11.326186180114746
2020-10-06,4.13427734375,11.274230003356934
2020-10-07,4.26613187789917,11.637917518615723
2020-10-08,4.223598480224609,11.559983253479004
2020-10-09,4.1768107414245605,11.326186180114746
2020-10-13,4.198078155517578,11.419706344604492
2020-10-14,4.20233154296875,11.4872465133667
2020-10-15,4.304411888122559,11.778197288513184
2020-10-16,4.33418607711792,11.856128692626953
2020-10-19,4.317171573638916,11.819757461547852
2020-10-20,4.355453014373779,11.949642181396484
2020-10-21,4.389479637145996,11.980816841125488
2020-10-22,4.4107465744018555,12.043161392211914
2020-10-23,4.419253826141357,12.095118522644043
2020-10-26,4.3682122230529785,11.980816841125488
2020-10-27,4.470293045043945,12.266571998596191
2020-10-28,4.198078155517578,11.544397354125977
2020-10-29,4.283145427703857,11.689870834350586
2020-10-30,4.168304443359375,11.331381797790527
2020-11-03,4.4235076904296875,12.043161392211914
2020-11-04,4.257625579833984,11.575569152832031
2020-11-05,4.291651725769043,11.611940383911133
2020-11-06,4.304411888122559,11.69506549835205
2020-11-09,4.248732089996338,11.491355895996094
2020-11-10,4.068846702575684,10.880223274230957
2020-11-11,4.111677646636963,10.932456970214844
2020-11-12,4.026017189025879,10.801875114440918
2020-11-13,4.064563751220703,10.932456970214844
2020-11-16,4.120242595672607,10.963798522949219
2020-11-17,4.167356014251709,11.172731399536133
2020-11-18,4.111677646636963,10.953351974487305
2020-11-19,4.133092403411865,11.09438419342041
2020-11-23,4.2829976081848145,11.517470359802246
2020-11-24,4.411487102508545,11.815203666687012
2020-11-25,4.394355773925781,11.77341365814209
2020-11-26,4.475732803344727,11.99802303314209
2020-11-27,4.428618431091309,11.888331413269043
2020-11-30,4.394355773925781,11.804758071899414
2020-12-01,4.634202480316162,12.43155574798584
2020-12-02,4.599937915802002,12.243515968322754
2020-12-03,4.407203674316406,11.742074966430664
2020-12-04,4.514278411865234,11.98235034942627
2020-12-07,4.591373920440674,12.154720306396484
2020-12-08,4.514278411865234,12.050252914428711
2020-12-09,4.4243364334106445,11.820428848266602
2020-12-10,4.4971466064453125,12.013690948486328
2020-12-11,4.492864608764648,11.99279499053955
2020-12-14,4.480015277862549,11.914447784423828
2020-12-15,4.638484954833984,12.43155574798584
2020-12-16,4.668467044830322,12.421112060546875
2020-12-17,4.749844551086426,12.74496078491211
2020-12-18,4.874050617218018,12.969560623168945
2020-12-21,4.77554178237915,12.73973274230957
2020-12-22,4.706456184387207,12.655576705932617
2020-12-23,4.779860019683838,12.75025463104248
2020-12-28,4.7884955406188965,12.744994163513184
2020-12-29,4.879169940948486,12.887019157409668
2020-12-30,4.861899375915527,12.8607177734375
2021-01-04,5.095062732696533,13.69705867767334
2021-01-05,5.207326412200928,14.028435707092285
2021-01-06,5.405948638916016,14.701720237731934
2021-01-07,5.656383037567139,15.538060188293457
2021-01-08,5.561389923095703,15.306623458862305
2021-01-11,5.4663987159729,14.885823249816895
2021-01-12,5.37140417098999,14.475540161132812
2021-01-13,5.2332329750061035,13.996880531311035
2021-01-14,5.380040168762207,14.580741882324219
2021-01-15,5.095062732696533,13.718098640441895
2021-01-18,5.133922576904297,13.9127197265625
2021-01-19,5.004387378692627,13.50243854522705
2021-01-20,4.926666736602783,13.223655700683594
2021-01-21,4.935302734375,13.160539627075195
2021-01-22,5.004387378692627,13.339376449584961
2021-01-26,4.715091705322266,12.65031623840332
2021-01-27,4.641687870025635,12.439913749694824
2021-01-28,4.740998268127441,12.776558876037598
2021-01-29,4.568284511566162,12.229513168334961
2021-02-01,4.607146739959717,12.224257469177246
2021-02-02,4.542377948760986,12.08223819732666
2021-02-03,4.671913146972656,12.376794815063477
2021-02-04,4.585556983947754,12.197957038879395
2021-02-05,4.758269786834717,12.729218482971191
2021-02-08,4.710773468017578,12.624013900756836
2021-02-09,4.779860019683838,12.702916145324707
2021-02-10,4.65032434463501,12.397836685180664
2021-02-11,4.73668098449707,12.681876182556152
2021-02-12,4.728045463562012,12.681876182556152
2021-02-17,4.82735538482666,12.865974426269531
2021-02-18,4.779860019683838,12.829155921936035
2021-02-19,4.870534420013428,13.097416877746582
2021-02-22,4.83599328994751,13.034296989440918
2021-02-23,5.051883697509766,13.533995628356934
2021-02-24,5.272093296051025,14.275663375854492
2021-02-25,5.017340183258057,13.691797256469727
2021-02-26,5.000070571899414,13.607636451721191
2021-03-01,5.142559051513672,14.028435707092285
2021-03-02,5.203009128570557,14.217794418334961
2021-03-03,5.194374084472656,14.170459747314453
2021-03-04,5.237552165985107,14.154678344726562
2021-03-05,5.388675689697266,14.52813720703125
2021-03-08,5.2418694496154785,14.180978775024414
2021-03-09,5.293684482574463,14.375597953796387
2021-03-10,5.254823684692383,14.186235427856445
2021-03-11,5.362768650054932,14.722760200500488
2021-03-12,5.30192756652832,14.532517433166504
2021-03-15,5.480108737945557,15.055685997009277
2021-03-16,5.580061435699463,15.208940505981445
2021-03-17,5.662633419036865,15.3886137008667
2021-03-18,5.57136869430542,15.119098663330078
2021-03-19,5.52791166305542,15.134955406188965
2021-03-22,5.380153179168701,14.675198554992676
2021-03-23,5.184589862823486,14.035767555236816
2021-03-24,5.215011119842529,14.146744728088379
2021-03-25,5.30192756652832,14.358126640319824
2021-03-26,5.536602973937988,15.11381721496582
2021-03-29,5.632213592529297,15.325197219848633
2021-03-30,5.688708305358887,15.56828784942627
2021-03-31,5.827773571014404,15.9699125289917
2021-04-01,5.623520374298096,15.526013374328613
2021-04-05,5.706091403961182,15.557718276977539
2021-04-06,5.810392379760742,15.92763614654541
2021-04-07,5.923384189605713,16.22885513305664
2021-04-08,5.958151340484619,16.281696319580078
2021-04-09,6.03203010559082,16.445526123046875
2021-04-12,6.066796779632568,16.498371124267578
2021-04-13,6.214555263519287,16.87885856628418
2021-04-14,6.3449296951293945,17.116661071777344
2021-04-15,6.375349521636963,17.238203048706055
2021-04-16,6.436192035675049,17.190643310546875
2021-04-19,6.414465427398682,17.18007469177246
2021-04-20,6.353622913360596,17.053247451782227
2021-04-22,6.55353307723999,17.597557067871094
2021-04-23,6.5665669441223145,17.713815689086914
2021-04-26,6.6969428062438965,18.126012802124023
2021-04-27,6.653487205505371,18.19470977783203
2021-04-28,6.709980010986328,18.321535110473633
2021-04-29,6.627408981323242,18.173572540283203
2021-04-30,6.45792293548584,17.555280685424805
2021-05-03,6.340584754943848,17.174785614013672
2021-05-04,6.366659641265869,17.254058837890625
2021-05-05,6.71432638168335,18.205280303955078
2021-05-06,7.06199312210083,19.034950256347656
2021-05-07,7.0402655601501465,19.21991539001465
2021-05-10,7.031573295593262,19.225196838378906
2021-05-11,7.218446254730225,19.896333694458008
2021-05-12,7.00115442276001,19.367876052856445
2021-05-13,6.862086772918701,18.828855514526367
2021-05-14,6.683905601501465,18.289831161499023
2021-05-17,6.882174968719482,18.92604637145996
2021-05-18,6.9130167961120605,19.171974182128906
2021-05-19,6.873363971710205,18.963472366333008
2021-05-20,6.670689105987549,18.337953567504883
2021-05-21,6.6266255378723145,18.108057022094727
2021-05-24,6.494448661804199,17.584115982055664
2021-05-25,6.384298324584961,17.21521759033203
2021-05-26,6.445982456207275,17.4023380279541
2021-05-27,6.560538291931152,17.691043853759766
2021-05-28,6.468013286590576,17.455801010131836
2021-05-31,6.529696464538574,17.60015106201172
2021-06-01,6.763214111328125,18.24171257019043
2021-06-02,6.604598045349121,17.85143280029297
2021-06-04,6.393110752105713,17.354223251342773
2021-06-07,6.260930061340332,17.04947853088379
2021-06-08,6.212464332580566,16.755430221557617
2021-06-09,6.366673946380615,17.145713806152344
2021-06-10,6.36226749420166,17.183137893676758
2021-06-11,6.516477584838867,17.64292335510254
2021-06-14,6.366673946380615,17.161752700805664
2021-06-15,6.366673946380615,16.979978561401367
2021-06-16,6.146373271942139,16.113868713378906
2021-06-17,5.921667575836182,15.504386901855469
2021-06-18,6.01860237121582,15.547157287597656
2021-06-21,6.1243438720703125,15.96951961517334
2021-06-22,6.106719493865967,15.932092666625977
2021-06-23,6.071471691131592,15.926749229431152
2021-06-24,6.256523609161377,16.4506893157959
2021-06-25,6.287364959716797,16.488117218017578
2021-06-28,6.2300872802734375,16.343761444091797
2021-06-29,6.1948394775390625,16.178024291992188
2021-06-30,6.093501567840576,15.83051586151123
2021-07-01,6.005382061004639,15.477656364440918
2021-07-02,6.163998126983643,15.910709381103516
2021-07-05,6.102313041687012,15.86794376373291
2021-07-06,6.06265926361084,15.803783416748047
2021-07-07,6.163998126983643,16.039016723632812
2021-07-08,5.952510356903076,15.557848930358887
2021-07-12,6.238899230957031,16.258222579956055
2021-07-13,6.282959938049316,16.322376251220703
2021-07-14,6.181623458862305,16.108522415161133
2021-07-15,6.190433502197266,16.0015926361084
2021-07-16,6.058253765106201,15.750317573547363
2021-07-19,6.045035362243652,15.777050018310547
2021-07-20,6.106719493865967,15.841208457946777
2021-07-21,6.225681781768799,16.199411392211914
2021-07-22,6.238899230957031,16.338417053222656
2021-07-23,6.296178340911865,16.434650421142578
2021-07-26,6.454793930053711,17.001361846923828
2021-07-27,6.291772842407227,16.391878128051758
2021-07-28,6.287364959716797,16.429304122924805
2021-07-29,6.428358554840088,16.787508010864258
2021-07-30,6.278554916381836,16.46673011779785
2021-08-02,6.260930061340332,16.429304122924805
2021-08-03,6.410732746124268,16.867704391479492
2021-08-04,6.450387954711914,16.899784088134766
2021-08-05,6.2521185874938965,16.434650421142578
2021-08-06,6.32261323928833,16.766122817993164
2021-08-09,6.300583362579346,16.552268981933594
2021-08-10,6.40192174911499,16.969284057617188
2021-08-11,6.419546604156494,17.151060104370117
2021-08-12,6.340237617492676,16.915821075439453
2021-08-13,6.291772842407227,16.744739532470703
2021-08-16,6.163998126983643,16.22079849243164
2021-08-17,5.948189735412598,15.758122444152832
2021-08-18,5.930205821990967,15.622037887573242
2021-08-19,5.777344226837158,15.099491119384766
2021-08-20,5.750366687774658,15.050505638122559
2021-08-23,5.7323832511901855,15.159369468688965
2021-08-24,5.948189735412598,15.725464820861816
2021-08-25,5.984158515930176,15.812554359436035
2021-08-26,5.7548627853393555,15.480513572692871
2021-08-27,5.8537750244140625,15.758122444152832
2021-08-30,5.858272075653076,15.616600036621094
2021-08-31,5.813310623168945,15.415199279785156
2021-09-01,5.723391532897949,15.322663307189941
2021-09-02,5.584014415740967,14.908981323242188
2021-09-03,5.593007564544678,14.903534889221191
2021-09-06,5.633471965789795,15.07227611541748
2021-09-08,5.516576290130615,14.723913192749023
2021-09-09,5.610991477966309,14.919867515563965
2021-09-10,5.619982719421387,14.859992980957031
2021-09-13,5.682927131652832,14.974299430847168
2021-09-14,5.642463207244873,14.996068954467773
2021-09-15,5.637967109680176,14.876320838928223
2021-09-16,5.46712064743042,14.370100975036621
2021-09-17,5.161392688751221,13.390321731567383
2021-09-20,5.057984828948975,13.265129089355469
2021-09-21,5.026512145996094,13.145378112792969
2021-09-22,5.323248863220215,13.912870407104492
2021-09-23,5.543552398681641,14.696695327758789
2021-09-24,5.521070957183838,14.489853858947754
2021-09-27,5.5345587730407715,14.54428482055664
2021-09-28,5.434014320373535,14.135676383972168
2021-09-29,5.497998237609863,14.395194053649902
2021-09-30,5.676236629486084,14.963936805725098
2021-10-01,5.790493488311768,15.295238494873047
2021-10-04,5.731081008911133,14.98602294921875
2021-10-05,5.721939563751221,14.908717155456543
2021-10-06,5.589402675628662,14.610544204711914
2021-10-07,5.657956123352051,14.847979545593262
2021-10-08,5.717370510101318,15.008112907409668
2021-10-11,5.721939563751221,15.002589225769043
2021-10-13,5.7996344566345215,15.256589889526367
2021-10-14,5.8544769287109375,15.549242973327637
2021-10-15,5.863616466522217,15.554762840270996
2021-10-18,5.859045505523682,15.560287475585938
2021-10-19,5.75850248336792,15.367024421691895
2021-10-20,5.694518089294434,15.135108947753906
2021-10-21,5.493427753448486,14.66576099395752
2021-10-22,5.607684135437012,14.759634017944336
2021-10-25,5.895608901977539,15.43880558013916
2021-10-26,5.959590911865234,15.488503456115723
2021-10-27,5.868188381195068,15.101981163024902
2021-10-28,5.817914962768555,15.129587173461914
2021-10-29,5.717370510101318,14.85350227355957
2021-11-01,5.708229064941406,14.687850952148438
2021-11-03,5.443154811859131,14.10806941986084
2021-11-04,5.38374137878418,14.097021102905273
2021-11-05,5.242063999176025,13.533804893493652
2021-11-08,5.368887901306152,14.071844100952148
2021-11-09,5.405878067016602,14.184185981750488
2021-11-10,5.353036403656006,14.006808280944824
2021-11-11,5.601398944854736,14.84638786315918
2021-11-12,5.62782096862793,15.017851829528809
2021-11-16,5.601398944854736,15.041500091552734
2021-11-17,5.5961151123046875,14.970550537109375
2021-11-18,5.411163330078125,14.355642318725586
2021-11-19,5.4640069007873535,14.657184600830078
2021-11-22,5.580261707305908,15.035590171813965
2021-11-23,5.648959159851074,15.124277114868164
2021-11-24,5.707085609436035,15.37260627746582
2021-11-25,5.765213489532471,15.514507293701172
2021-11-26,5.62782096862793,15.10654354095459
2021-11-29,5.680663585662842,15.254351615905762
2021-11-30,5.62782096862793,15.254351615905762
2021-12-01,5.707085609436035,15.473119735717773
2021-12-02,6.018861770629883,16.35408592224121
2021-12-03,6.018861770629883,16.4664249420166
2021-12-06,6.187959671020508,16.850740432739258
2021-12-07,6.283078670501709,17.116804122924805
2021-12-08,6.330637454986572,17.1049747467041
2021-12-09,6.304216384887695,17.116804122924805
2021-12-10,6.441608428955078,17.495203018188477
2021-12-13,6.404619216918945,17.418346405029297
2021-12-14,6.362343788146973,17.335567474365234
2021-12-15,6.362343788146973,17.240970611572266
2021-12-16,6.483884334564209,17.63710594177246
2021-12-17,6.272510528564453,17.152278900146484
2021-12-20,5.929028034210205,16.13532257080078
2021-12-21,6.013578414916992,16.401384353637695
2021-12-22,5.997724533081055,16.24765968322754
2021-12-23,5.939597129821777,15.934296607971191
2021-12-27,5.971302509307861,16.082107543945312
2021-12-28,5.944881439208984,16.017072677612305
2021-12-29,5.950166702270508,16.04072380065918
2021-12-30,6.013578414916992,16.117584228515625
2022-01-03,5.966019153594971,16.117584228515625
2022-01-04,6.087559223175049,16.342262268066406
2022-01-05,5.966019153594971,16.07028579711914
2022-01-06,5.950166702270508,16.07619857788086
2022-01-07,6.039999961853027,16.218095779418945
2022-01-10,6.039999961853027,16.306785583496094
2022-01-11,6.187959671020508,16.67336082458496
2022-01-12,6.346490859985352,17.05767822265625
2022-01-13,6.2038140296936035,16.714750289916992
2022-01-14,6.2038140296936035,16.72066307067871
2022-01-17,6.10341215133667,16.35408592224121
2022-01-18,6.246088981628418,16.909866333007812
2022-01-19,6.39933443069458,17.17001724243164
2022-01-20,6.288364410400391,16.92760467529297
2022-01-21,6.061136722564697,16.235830307006836
2022-01-24,6.0928425788879395,16.436859130859375
2022-01-25,6.061136722564697,16.194448471069336
2022-01-26,6.135117530822754,16.484161376953125
2022-01-27,6.182675838470459,16.531461715698242
2022-01-28,6.177392959594727,16.59650230407715
2022-01-31,6.113980293273926,16.46051025390625
2022-02-01,6.283078670501709,16.98672866821289
2022-02-02,6.277794361114502,17.116804122924805
2022-02-03,6.246088981628418,16.98672866821289
2022-02-04,6.235520362854004,17.016292572021484
2022-02-07,6.330637454986572,17.264616012573242
2022-02-08,6.293647766113281,17.087238311767578
2022-02-09,6.335922718048096,17.17001724243164
2022-02-10,6.341207981109619,17.02811622619629
2022-02-11,6.156254768371582,16.608322143554688
2022-02-14,6.071705341339111,16.42503547668457
2022-02-15,6.018861770629883,16.360000610351562
2022-02-16,5.976587295532227,16.22992515563965
2022-02-17,5.654242515563965,15.366692543029785
2022-02-18,5.564409255981445,15.100627899169922
2022-02-21,5.516849517822266,14.923247337341309
2022-02-22,5.553840637207031,15.017851829528809
2022-02-23,5.347751140594482,14.515283584594727
2022-02-24,5.305477142333984,14.355642318725586
2022-02-25,5.5009965896606445,15.053326606750488
2022-03-02,5.855048179626465,16.02298355102539
2022-03-03,6.050568103790283,16.73249053955078
2022-03-04,6.251373291015625,17.38286781311035
2022-03-07,6.119264125823975,17.069501876831055
2022-03-08,6.023317813873291,16.622968673706055
2022-03-09,6.183228015899658,17.1826229095459
2022-03-10,6.380452632904053,17.97447967529297
2022-03-11,6.3697919845581055,17.992340087890625
2022-03-14,6.1405863761901855,17.18857765197754
2022-03-15,5.959353923797607,16.408626556396484
2022-03-16,6.001998424530029,16.76586151123047
2022-03-17,6.332479000091553,17.58152961730957
2022-03-18,6.4763994216918945,18.153093338012695
2022-03-21,6.519042015075684,18.08759880065918
2022-03-22,6.423096179962158,17.78395652770996
2022-03-23,6.412435531616211,17.849451065063477
2022-03-24,6.636311054229736,18.385290145874023
2022-03-25,6.540363311767578,18.20667839050293
2022-03-28,6.551024436950684,18.28407859802246
2022-03-29,6.439087390899658,17.914941787719727
2022-03-30,6.529703617095947,18.290027618408203
2022-03-31,6.535032272338867,18.343612670898438
2022-04-01,6.524372100830078,18.242399215698242
2022-04-04,6.4710693359375,17.95661735534668
2022-04-05,6.4177656173706055,17.94470977783203
2022-04-06,6.385782718658447,17.87326431274414
2022-04-07,6.215212345123291,17.43863868713379
2022-04-08,6.257853984832764,17.49817657470703
2022-04-11,6.204549789428711,17.43268394470215
2022-04-12,6.231202602386475,17.450546264648438
2022-04-13,6.279175281524658,17.652971267700195
2022-04-14,6.295167446136475,17.516035079956055
2022-04-18,6.311157703399658,17.557714462280273
2022-04-19,6.508381366729736,18.022109985351562
2022-04-20,6.263185501098633,17.295747756958008
2022-04-22,6.097942352294922,16.831350326538086
2022-04-25,5.9860053062438965,16.491987228393555
2022-04-26,5.772790908813477,15.84897518157959
2022-04-27,6.06596040725708,16.801584243774414
2022-04-28,6.257853984832764,17.289791107177734
2022-04-29,6.055300712585449,16.652742385864258
2022-05-02,5.900719165802002,16.313371658325195
2022-05-03,6.023317813873291,16.444353103637695
2022-05-04,6.023317813873291,16.319326400756836
2022-05-05,6.241862773895264,16.700366973876953
2022-05-06,6.204549789428711,16.789674758911133
2022-05-09,6.0766215324401855,16.396726608276367
2022-05-10,5.746139049530029,15.682268142700195
2022-05-11,5.970015525817871,16.146671295166016
2022-05-12,6.023317813873291,16.30742073059082
2022-05-13,6.1565775871276855,16.551523208618164
2022-05-16,6.263185501098633,16.789674758911133
2022-05-17,6.372489929199219,16.984128952026367
2022-05-18,6.060969352722168,16.0179443359375
2022-05-19,6.2194623947143555,16.437231063842773
2022-05-20,6.372489929199219,16.99020767211914
2022-05-23,6.53098201751709,17.45810317993164
2022-05-24,6.618427276611328,17.68293571472168
2022-05-25,6.5965657234191895,17.567481994628906
2022-05-26,6.618427276611328,17.6464786529541
2022-05-27,6.689475059509277,17.865236282348633
2022-05-30,6.645751953125,17.6464786529541
2022-05-31,6.662147521972656,17.72547149658203
2022-06-01,6.700403213500977,17.676862716674805
2022-06-02,6.995528221130371,18.393903732299805
2022-06-03,6.940876007080078,18.2784423828125
2022-06-06,6.990063190460205,18.42428207397461
2022-06-07,6.9845991134643555,18.466821670532227
2022-06-08,6.765987873077393,17.5614013671875
2022-06-09,6.454468250274658,16.795757293701172
2022-06-10,6.443537712097168,16.686368942260742
2022-06-13,6.0882954597473145,15.799187660217285
2022-06-14,5.918873310089111,15.440668106079102
2022-06-15,5.907942295074463,15.410280227661133
2022-06-17,5.4051384925842285,14.194964408874512
2022-06-20,5.383277416229248,14.219268798828125
2022-06-21,5.465256690979004,14.49878978729248
2022-06-22,5.279438495635986,13.927593231201172
2022-06-23,5.137341499328613,13.532610893249512
2022-06-24,5.323160171508789,14.067351341247559
2022-06-27,5.4051384925842285,14.280036926269531
2022-06-28,5.416069507598877,14.219268798828125
2022-06-29,5.377812385559082,14.061278343200684
2022-06-30,5.219320774078369,13.58122444152832
2022-07-01,5.16466760635376,13.538689613342285
2022-07-04,5.153736114501953,13.46576976776123
2022-07-05,5.077224254608154,13.228782653808594
2022-07-06,5.175597667694092,13.502230644226074
2022-07-07,5.410604000091553,14.280036926269531
2022-07-08,5.388742923736572,14.207114219665527
2022-07-11,5.284902572631836,13.939743995666504
2022-07-12,5.295833587646484,14.049125671386719
2022-07-13,5.290368556976318,14.134200096130371
2022-07-14,5.11001443862915,13.502230644226074
2022-07-15,5.361415863037109,14.304339408874512
2022-07-18,5.328624248504639,14.207114219665527
2022-07-19,5.427000999450684,14.577789306640625
2022-07-20,5.437930583953857,14.468411445617676
2022-07-21,5.421535015106201,14.486639976501465
2022-07-22,5.432465076446533,14.468411445617676
2022-07-25,5.470722198486328,14.760087966918945
2022-07-26,5.470722198486328,14.608172416687012
2022-07-27,5.476186752319336,14.589942932128906
2022-07-28,5.514444351196289,14.662862777709961
2022-07-29,5.5909576416015625,14.86339282989502
2022-08-01,5.416069507598877,14.38333797454834
2022-08-02,5.5636305809021,14.82693099975586
2022-08-03,5.323160171508789,14.225346565246582
2022-08-04,5.536304473876953,14.675016403198242
2022-08-05,5.618284225463867,14.978843688964844
2022-08-08,5.689332485198975,15.100377082824707
2022-08-09,5.743985652923584,15.343442916870117
2022-08-10,5.809568405151367,15.422435760498047
2022-08-11,5.858755588531494,15.54396915435791
2022-08-12,5.95712947845459,15.859955787658691
2022-08-15,5.891546726226807,15.635117530822754
2022-08-16,5.761502265930176,15.266424179077148
2022-08-17,5.829352378845215,15.441396713256836
2022-08-18,5.727578639984131,15.135194778442383
2022-08-19,5.603188514709473,14.828991889953613
2022-08-22,5.501416206359863,14.460299491882324
2022-08-23,5.789772987365723,15.322665214538574
2022-08-24,5.7501959800720215,15.197690963745117
2022-08-25,5.8350067138671875,15.416404724121094
2022-08-26,5.6880011558532715,15.035210609436035
2022-08-29,5.6993088722229,14.972721099853516
2022-08-30,5.637113094329834,14.710258483886719
2022-08-31,5.637113094329834,14.572784423828125
2022-09-01,5.608843803405762,14.591529846191406
2022-09-02,5.767157077789307,15.041459083557129
2022-09-05,5.874583721160889,15.260175704956055
2022-09-06,5.772811412811279,15.060206413269043
2022-09-08,5.716270923614502,14.772754669189453
2022-09-09,5.914163112640381,15.335165977478027
2022-09-12,5.9198174476623535,15.378910064697266
2022-09-13,5.744541645050049,14.797746658325195
2022-09-14,5.603188514709473,14.247831344604492
2022-09-15,5.603188514709473,14.247831344604492
2022-09-16,5.574918746948242,14.36656379699707
2022-09-19,5.902853965759277,15.19143295288086
2022-09-20,5.902853965759277,15.05395793914795
2022-09-21,5.891546249389648,15.07895565032959
2022-09-22,6.021591663360596,15.422653198242188
2022-09-23,5.925471782684326,15.19143295288086
2022-09-26,5.8123908042907715,14.785248756408691
2022-09-27,5.772811412811279,14.85399055480957
2022-09-28,5.7558488845825195,14.81649112701416
2022-09-29,5.761502265930176,14.766501426696777
2022-09-30,5.987666130065918,15.272675514221191
2022-10-03,6.0894389152526855,15.716354370117188
2022-10-04,6.213829040527344,15.941322326660156
2022-10-05,6.219482898712158,15.778848648071289
2022-10-06,6.242100715637207,15.960071563720703
2022-10-07,6.23644495010376,15.985065460205078
2022-10-10,6.3325653076171875,16.13504409790039
2022-10-11,6.349526882171631,16.1600399017334
2022-10-13,6.383452415466309,16.1912841796875
2022-10-14,6.225137710571289,15.810093879699707
2022-10-17,6.33821964263916,16.141294479370117
2022-10-18,6.445645809173584,16.378759384155273
2022-10-19,6.343872547149658,16.12879180908203
2022-10-20,6.52480411529541,16.53497886657715
2022-10-21,6.609615325927734,16.85993194580078
2022-10-24,6.536111354827881,16.78494644165039
2022-10-25,6.490880012512207,16.69120979309082
2022-10-26,6.468262195587158,16.6474666595459
2022-10-27,6.496532440185547,16.609968185424805
2022-10-28,6.292985916137695,16.003808975219727
2022-10-31,6.36083459854126,16.09130096435547
2022-11-01,6.394759654998779,16.391254425048828
2022-11-03,6.3325653076171875,16.110050201416016
2022-11-04,6.643539905548096,16.847436904907227
2022-11-07,6.519149303436279,16.603723526000977
2022-11-08,6.728351593017578,17.022409439086914
2022-11-09,6.909280300140381,17.816036224365234
2022-11-10,6.892317771911621,17.841033935546875
2022-11-11,7.452073574066162,19.447038650512695
2022-11-14,7.502959728240967,19.497032165527344
2022-11-16,7.3502984046936035,19.103343963623047
2022-11-17,7.338990688323975,18.97211456298828
2022-11-18,7.203291416168213,18.640907287597656
2022-11-21,7.33333683013916,18.809635162353516
2022-11-22,7.562685966491699,19.48261260986328
2022-11-23,7.609732627868652,19.758529663085938
2022-11-24,7.662659645080566,19.953689575195312
2022-11-25,7.656778335571289,19.765256881713867
2022-11-28,7.662659645080566,19.697961807250977
2022-11-29,7.939057350158691,20.87566566467285
2022-11-30,8.050789833068848,21.245803833007812
2022-12-01,7.9096527099609375,20.64685821533203
2022-12-02,7.974341869354248,20.929506301879883
2022-12-05,7.844963550567627,20.62666893005371
2022-12-06,8.039031028747559,20.895854949951172
2022-12-07,8.056672096252441,20.84874725341797
2022-12-08,7.980223178863525,20.815099716186523
2022-12-09,8.121360778808594,21.178508758544922
2022-12-12,8.02726936340332,21.03717803955078
2022-12-13,7.9096527099609375,20.835289001464844
2022-12-14,7.997867107391357,20.942964553833008
2022-12-15,7.744990825653076,20.350749969482422
2022-12-16,7.768514633178711,20.30363655090332
2022-12-19,7.697945594787598,20.02098846435547
2022-12-20,7.897891521453857,20.49207305908203
2022-12-21,7.862606048583984,20.478614807128906
2022-12-22,7.7332282066345215,20.095016479492188
2022-12-23,7.450952529907227,19.314363479614258
2022-12-26,7.398024082183838,18.96442222595215
2022-12-27,7.739109992980957,19.906587600708008
2022-12-28,7.6685404777526855,19.819095611572266
2022-12-29,7.627375602722168,19.765256881713867
2023-01-02,7.6744208335876465,19.825830459594727
2023-01-03,7.597971439361572,19.866207122802734
2023-01-04,7.662659645080566,19.771987915039062
2023-01-05,7.792036533355713,20.256528854370117
2023-01-06,7.850844860076904,20.411312103271484
2023-01-09,8.033149719238281,20.82855796813965
2023-01-10,8.19192886352539,21.407318115234375
2023-01-11,8.256620407104492,21.62267303466797
2023-01-12,8.30954647064209,21.703420639038086
2023-01-13,8.291903495788574,21.82456398010254
2023-01-16,8.127241134643555,21.46115493774414
2023-01-17,8.338950157165527,21.770723342895508
2023-01-18,8.580062866210938,22.484079360961914
2023-01-19,8.662391662597656,22.544645309448242
2023-01-20,8.562419891357422,22.34275245666504
2023-01-23,8.368354797363281,21.86493682861328
2023-01-24,8.374236106872559,21.797645568847656
2023-01-25,8.403637886047363,21.723617553710938
2023-01-26,8.591822624206543,22.20815658569336
2023-01-27,8.397756576538086,21.71688461303711
2023-01-30,8.438924789428711,21.817825317382812
2023-01-31,8.521255493164062,22.033180236816406
2023-02-01,8.35659122467041,21.615938186645508
2023-02-02,7.956697940826416,20.640125274658203
2023-02-03,8.021387100219727,20.895854949951172
2023-02-06,7.986101150512695,20.72761344909668
2023-02-07,8.091958999633789,21.023719787597656
2023-02-08,8.062554359436035,20.956424713134766
2023-02-09,7.433309078216553,19.29417610168457
2023-02-10,7.333336353302002,19.058637619018555
2023-02-13,7.409785747528076,19.240337371826172
2023-02-14,7.433309078216553,19.287443161010742
2023-02-15,7.386262893676758,19.20669174194336
2023-02-16,7.474475383758545,19.422039031982422
2023-02-17,7.433309078216553,19.240337371826172
2023-02-22,7.3039326667785645,18.944229125976562
2023-02-23,7.350978374481201,19.146121978759766
2023-02-24,7.268648147583008,18.87693214416504
2023-02-27,7.3039326667785645,18.97787857055664
2023-02-28,7.398024082183838,19.26725959777832
2023-03-01,7.615612506866455,19.866207122802734
2023-03-02,7.645017623901367,19.89985466003418
2023-03-03,7.603851318359375,19.798906326293945
2023-03-06,7.433309078216553,19.166311264038086
2023-03-07,7.345097541809082,18.903852462768555
2023-03-08,7.474475383758545,19.260528564453125
2023-03-09,7.145151138305664,18.426040649414062
2023-03-10,7.039295673370361,18.16358184814453
2023-03-13,6.980489730834961,17.968414306640625
2023-03-14,7.092224597930908,18.203956604003906
2023-03-15,6.8016557693481445,17.356477737426758
2023-03-16,6.855025768280029,17.539531707763672
2023-03-17,6.75421667098999,17.288677215576172
2023-03-20,6.742356777191162,17.18697738647461
2023-03-21,6.7838664054870605,17.370031356811523
2023-03-22,6.807586669921875,17.441225051879883
2023-03-23,6.736426830291748,17.298847198486328
2023-03-24,6.849095344543457,17.50528907775879
2023-03-27,6.86688756942749,17.569364547729492
2023-03-28,6.908395290374756,17.633432388305664
2023-03-29,6.920255661010742,17.583600997924805
2023-03-30,7.0981550216674805,18.153112411499023
2023-03-31,7.015135288238525,18.00361442565918
2023-04-03,7.0685038566589355,18.08192253112793
2023-04-04,6.920255661010742,17.640552520751953
2023-04-05,6.706777572631836,17.113754272460938
2023-04-06,6.688986778259277,17.042566299438477
2023-04-10,6.878746032714844,17.51953125
2023-04-11,7.216753959655762,18.452098846435547
2023-04-12,7.0981550216674805,18.274127960205078
2023-04-13,7.181173801422119,18.466341018676758
2023-04-14,7.216753959655762,18.615835189819336
2023-04-17,7.181173801422119,18.516170501708984
2023-04-18,7.169313430786133,18.54464340209961
2023-04-19,7.050713539123535,18.20294189453125
2023-04-20,7.050713539123535,18.43074607849121
2023-04-24,6.843167304992676,17.896833419799805
2023-04-25,6.617827415466309,17.270368576049805
2023-04-26,6.641547679901123,17.2063045501709
2023-04-27,6.71270751953125,17.398509979248047
2023-04-28,6.914325714111328,17.925308227539062
2023-05-02,6.68305778503418,17.391395568847656
2023-05-03,6.748287677764893,17.590717315673828
2023-05-04,6.522948741912842,16.864593505859375
2023-05-05,6.819446086883545,17.647668838500977
2023-05-08,6.849095344543457,17.811405181884766
2023-05-09,6.884675025939941,17.911069869995117
2023-05-10,6.71270751953125,17.34868049621582
2023-05-11,6.62968635559082,17.17070770263672
2023-05-12,6.653406620025635,17.270368576049805
2023-05-15,6.71270751953125,17.384273529052734
2023-05-16,6.590878963470459,16.977109909057617
2023-05-17,6.79798698425293,17.536958694458008
2023-05-18,6.8589019775390625,17.595123291015625
2023-05-19,6.810169696807861,17.507875442504883
2023-05-22,7.029459476470947,18.242218017578125
2023-05-23,7.0538249015808105,18.20586395263672
2023-05-24,6.8771748542785645,17.784160614013672
2023-05-25,6.889358997344971,17.602394104003906
2023-05-26,7.1025567054748535,18.14769744873047
2023-05-29,7.078190326690674,18.140426635742188
2023-05-30,6.907630920410156,17.682371139526367
2023-05-31,6.82844352722168,17.42789649963379
2023-06-01,6.907630920410156,17.660560607910156
2023-06-02,7.126922130584717,18.234943389892578
2023-06-05,7.108648300170898,18.220401763916016
2023-06-06,7.1025567054748535,18.17677879333496
2023-06-07,7.13910436630249,18.314922332763672
2023-06-09,7.181744575500488,18.394901275634766
2023-06-12,7.1634697914123535,18.271299362182617
2023-06-13,7.126922130584717,18.285839080810547
2023-06-14,7.382760524749756,18.93293571472168
2023-06-15,7.370577335357666,18.84568214416504
2023-06-16,7.413218975067139,18.86749839782715
2023-06-19,7.4863128662109375,19.07107925415039
2023-06-20,7.437582969665527,18.802059173583984
2023-06-21,7.376669883728027,18.649375915527344
2023-06-22,7.285297870635986,18.29311180114746
2023-06-23,7.267024517059326,18.271299362182617
2023-06-26,7.340120792388916,18.41671371459961
2023-06-27,7.334029197692871,18.482149124145508
2023-06-28,7.206109523773193,18.198591232299805
2023-06-29,7.273114204406738,18.38035774230957
2023-06-30,7.200018405914307,18.227676391601562
2023-07-03,7.468038558959961,18.882038116455078
2023-07-04,7.443673610687256,18.84568214416504
2023-07-05,7.449765205383301,18.772977828979492
2023-07-06,7.370577335357666,18.591209411621094
2023-07-07,7.535043239593506,19.00564193725586
2023-07-10,7.571593284606934,19.114700317382812
2023-07-11,7.595958232879639,19.16559600830078
2023-07-12,7.70560359954834,19.56548500061035
2023-07-13,7.839615345001221,19.907209396362305
2023-07-14,7.790882587432861,19.74725341796875
2023-07-17,7.815247535705566,19.819961547851562
2023-07-18,7.863979816436768,20.01626968383789
2023-07-19,7.803065776824951,19.943565368652344
2023-07-20,7.851797103881836,20.008995056152344
2023-07-21,7.803065776824951,19.79088020324707
2023-07-24,8.028447151184082,20.372533798217773
2023-07-25,8.241646766662598,21.085065841674805
2023-07-26,8.278193473815918,21.121416091918945
2023-07-27,8.168547630310059,20.706987380981445
2023-07-28,8.180731773376465,20.63428497314453
2023-07-31,8.375654220581055,21.26683235168457
2023-08-01,8.375654220581055,21.201396942138672
2023-08-02,8.247736930847168,20.910566329956055
2023-08-03,8.223371505737305,20.714258193969727
2023-08-04,8.192914009094238,20.408885955810547
2023-08-07,8.071087837219238,20.19803810119629
2023-08-08,7.803065776824951,19.594566345214844
2023-08-09,7.498497009277344,18.802059173583984
2023-08-10,7.474131107330322,18.816600799560547
2023-08-11,7.425399303436279,18.65665054321289
2023-08-14,7.431490898132324,18.78752326965332
2023-08-15,7.382760524749756,18.743892669677734
2023-08-16,7.364485263824463,18.729352951049805
2023-08-17,7.352302551269531,18.642107009887695
2023-08-18,7.309663772583008,18.54031753540039
2023-08-21,7.23494815826416,18.42938232421875
2023-08-22,7.322115898132324,18.629058837890625
2023-08-23,7.315890312194824,18.673433303833008
2023-08-24,7.1415534019470215,18.35542869567871
2023-08-25,7.129101753234863,18.333242416381836
2023-08-28,7.228721618652344,18.636455535888672
2023-08-29,7.421737194061279,18.991437911987305
2023-08-30,7.421737194061279,19.13195037841797
2023-08-31,7.359474182128906,19.117158889770508
2023-09-01,7.452869415283203,19.22808837890625
2023-09-04,7.521358489990234,19.3612060546875
2023-09-05,7.378152847290039,19.072786331176758
2023-09-06,7.266079902648926,18.776968002319336
2023-09-08,7.1975908279418945,18.71780776977539
2023-09-11,7.347021579742432,18.895296096801758
2023-09-12,7.396832466125488,19.028411865234375
2023-09-13,7.359474182128906,18.75478172302246
2023-09-14,7.396832466125488,18.969249725341797
2023-09-15,7.440415382385254,19.06538963317871
2023-09-18,7.1913652420043945,18.444175720214844
2023-09-19,7.147780418395996,18.185333251953125
2023-09-20,7.247401714324951,18.46636199951172
2023-09-21,7.035706043243408,18.03742790222168
2023-09-22,6.985896110534668,17.941286087036133
2023-09-25,7.01702880859375,18.04482078552246
2023-09-26,6.960990905761719,18.0670108795166
2023-09-27,7.02325439453125,18.081802368164062
2023-09-28,7.004573822021484,17.970869064331055
2023-09-29,6.942312717437744,17.84514617919922
2023-10-02,6.880050182342529,17.5863037109375
2023-10-03,6.724392414093018,17.22393226623535
2023-10-04,6.637224197387695,17.009462356567383
2023-10-05,6.5562825202941895,16.765413284301758
2023-10-06,6.543830394744873,16.765413284301758
2023-10-09,6.512698650360107,16.661876678466797
2023-10-10,6.537603855133057,16.706249237060547
2023-10-11,6.550056457519531,16.65448570251465
2023-10-13,6.469114303588867,16.513973236083984
2023-10-16,6.543830394744873,16.669275283813477
2023-10-17,6.487793445587158,16.513973236083984
2023-10-18,6.288552284240723,16.018474578857422
2023-10-19,6.319683074951172,15.996288299560547
2023-10-20,6.244967937469482,15.863176345825195
2023-10-23,6.357041358947754,16.092432022094727
2023-10-24,6.288552284240723,15.937128067016602
2023-10-25,6.269873142242432,15.877962112426758
2023-10-26,6.375720977783203,16.129409790039062
2023-10-27,6.375720977783203,16.151596069335938
2023-10-30,6.406850337982178,16.181177139282227
2023-10-31,6.431756973266602,16.099824905395508
2023-11-01,6.543830394744873,16.40304183959961
2023-11-03,6.749297618865967,16.898534774780273
2023-11-06,6.774203300476074,17.09821128845215
2023-11-07,6.880050182342529,16.861553192138672
2023-11-08,6.848918914794922,16.78020668029785
2023-11-09,6.867596626281738,16.802392959594727
2023-11-10,7.147780418395996,17.571514129638672
2023-11-13,7.135326385498047,17.41621208190918
2023-11-14,7.35324764251709,17.867334365844727
2023-11-16,7.452869415283203,17.926494598388672
2023-11-17,7.589846611022949,18.12616729736328
2023-11-20,7.23933744430542,17.342012405395508
2023-11-21,7.279780864715576,17.62853240966797
2023-11-22,7.286521911621094,17.568212509155273
2023-11-23,7.279780864715576,17.5305118560791
2023-11-24,7.037121295928955,16.82929229736328
2023-11-27,7.057343482971191,16.821752548217773
2023-11-28,7.057343482971191,16.80667495727539
2023-11-29,7.016900062561035,16.851913452148438
2023-11-30,6.9292731285095215,16.474912643432617
2023-12-01,7.010160446166992,16.701108932495117
2023-12-04,6.9697160720825195,16.655872344970703
2023-12-05,7.010160446166992,16.7840518951416
2023-12-06,6.9292731285095215,16.77651023864746
2023-12-07,6.909051895141602,16.821752548217773
2023-12-08,6.936013221740723,16.972549438476562
2023-12-11,6.9697160720825195,16.99517250061035
2023-12-12,6.92253303527832,17.115812301635742
2023-12-13,7.064084529876709,17.342012405395508
2023-12-14,7.185413837432861,17.696393966674805
2023-12-15,7.057343482971191,17.515432357788086
2023-12-18,7.23933744430542,17.749174118041992
2023-12-19,7.158452033996582,17.311853408813477
2023-12-20,7.070824146270752,17.168594360351562
2023-12-21,7.225857734680176,17.64361572265625
2023-12-22,7.286521911621094,17.832109451293945
2023-12-26,7.286521911621094,17.794414520263672
2023-12-27,7.266301155090332,17.74163055419922
2023-12-28,7.320223808288574,17.915050506591797
2024-01-02,7.25955867767334,17.74163055419922
2024-01-03,7.212375640869141,17.545595169067383
2024-01-04,7.144970893859863,17.45511245727539
2024-01-05,7.178672790527344,17.462650299072266
2024-01-08,7.2056355476379395,17.613452911376953
2024-01-09,6.875349521636963,16.69356918334961
2024-01-10,6.740537643432617,16.19593048095703
2024-01-11,6.713576316833496,15.984811782836914
2024-01-12,6.706835746765137,16.067750930786133
2024-01-15,6.740537643432617,16.045133590698242
2024-01-16,6.578765869140625,15.592730522155762
2024-01-17,6.504619121551514,15.502250671386719
2024-01-18,6.538321495056152,15.69074821472168
2024-01-19,6.578765869140625,15.886794090270996
2024-01-22,6.5450615882873535,15.728450775146484
2024-01-23,6.646170616149902,16.007431030273438
2024-01-24,6.767500877380371,16.37689208984375
2024-01-25,6.754018783569336,16.422128677368164
2024-01-26,6.794462203979492,16.467370986938477
2024-01-29,6.727058410644531,16.105449676513672
2024-01-30,6.713576316833496,16.03759765625
2024-01-31,6.679872989654541,15.864171028137207
2024-02-01,6.639430046081543,15.811392784118652
2024-02-02,6.740537643432617,16.18838882446289
2024-02-05,6.727058410644531,16.090370178222656
2024-02-06,6.882089138031006,16.38443374633789
2024-02-07,6.88883113861084,16.422128677368164
2024-02-08,6.760760307312012,16.09791374206543
2024-02-09,6.659651756286621,15.81893253326416
2024-02-14,6.598986625671387,15.637971878051758
2024-02-15,6.598986625671387,15.607812881469727
2024-02-16,6.733797550201416,15.992350578308105
2024-02-19,6.727058410644531,16.030046463012695
2024-02-20,6.774240493774414,16.135610580444336
2024-02-21,6.807943820953369,16.467370986938477
2024-02-22,6.834905624389648,16.324113845825195
2024-02-23,6.760760307312012,16.180850982666016
2024-02-26,6.720315933227539,15.984811782836914
2024-02-27,6.861867427825928,16.324113845825195
2024-02-28,6.807943820953369,16.24871253967285
2024-02-29,6.81468391418457,16.211009979248047
2024-03-01,6.983198165893555,16.912235260009766
2024-03-04,6.908691883087158,16.609281539916992
2024-03-05,6.81386661529541,16.41236114501953
2024-03-06,6.671628952026367,16.192724227905273
2024-03-07,6.637762546539307,15.950361251831055
2024-03-08,6.637762546539307,16.086692810058594
2024-03-11,6.66485595703125,16.048824310302734
2024-03-12,6.712268352508545,16.313905715942383
2024-03-13,6.800320148468018,16.556262969970703
2024-03-14,6.637762546539307,16.056396484375
2024-03-15,6.5835771560668945,15.738297462463379
2024-03-18,6.678401470184326,16.230592727661133
2024-03-19,6.807094097137451,16.404787063598633
2024-03-20,6.901919364929199,16.54869270324707
2024-03-21,6.929011344909668,16.700166702270508
2024-03-22,6.820639610290527,16.366918563842773
2024-03-25,6.820639610290527,16.33662223815918
2024-03-26,6.81386661529541,16.291181564331055
2024-03-27,6.915465831756592,16.63957405090332
2024-03-28,6.969650745391846,16.813772201538086
2024-04-01,7.010290145874023,16.889511108398438
2024-04-02,7.111888408660889,17.018264770507812
2024-04-03,7.145755290985107,17.169736862182617
2024-04-04,7.2744460105896,17.472692489624023
2024-04-05,7.1863932609558105,17.22275733947754
2024-04-08,7.3354058265686035,17.533281326293945
2024-04-09,7.294764995574951,17.419673919677734
2024-04-10,7.25412654876709,17.30607032775879
2024-04-11,7.281219482421875,17.321216583251953
2024-04-12,7.1186628341674805,16.897085189819336
2024-04-15,7.376044750213623,17.487838745117188
2024-04-16,7.172848224639893,16.98039436340332
2024-04-17,7.1863932609558105,17.04855728149414
2024-04-18,7.220261573791504,17.059165954589844
2024-04-19,7.437004089355469,17.4681453704834
2024-04-22,7.538602352142334,17.831687927246094
2024-04-23,7.3150858879089355,17.11369514465332
2024-04-24,7.1254353523254395,16.686534881591797
2024-04-25,7.050930023193359,16.56838035583496
2024-04-26,7.2067131996154785,16.931922912597656
2024-04-29,7.220261573791504,16.904659271240234
2024-04-30,7.166075229644775,16.595651626586914
2024-05-02,7.342179298400879,16.931922912597656
2024-05-03,7.7350263595581055,17.8680419921875
2024-05-06,7.728251934051514,17.849864959716797
2024-05-07,7.660521030426025,17.549942016601562
2024-05-08,7.680840015411377,17.677181243896484
2024-05-09,7.633427143096924,17.586301803588867
2024-05-10,7.518282413482666,17.395435333251953
2024-05-13,7.606334209442139,17.549942016601562
2024-05-14,7.592787742614746,17.549942016601562
2024-05-15,7.755345344543457,18.04072380065918
2024-05-16,7.872432708740234,18.492429733276367
2024-05-17,7.782895565032959,18.02228546142578
2024-05-20,7.67958402633667,17.773386001586914
2024-05-21,7.583158493041992,17.469173431396484
2024-05-22,7.431632041931152,17.109647750854492
2024-05-23,7.37653112411499,17.00824546813965
2024-05-24,7.541833400726318,17.25714683532715
2024-05-27,7.493620872497559,17.06355857849121
2024-05-28,7.40408182144165,17.02667808532715
2024-05-29,7.37653112411499,16.814653396606445
2024-05-31,7.37653112411499,16.69481658935547
2024-06-03,7.1905694007873535,16.215452194213867
2024-06-04,7.135469436645508,16.03107452392578
2024-06-05,7.018381595611572,15.902016639709473
2024-06-06,7.01149320602417,15.92967700958252
2024-06-07,6.887518882751465,15.64389705657959
2024-06-10,6.866855144500732,15.53327751159668
2024-06-11,6.970167636871338,15.902016639709473
2024-06-12,6.97705602645874,16.01263999938965
2024-06-13,6.956394195556641,15.975769996643066
2024-06-14,6.880630970001221,15.671553611755371
2024-06-17,6.818643569946289,15.570149421691895
2024-06-18,6.873744487762451,15.653115272521973
2024-06-19,6.97705602645874,15.883581161499023
2024-06-20,7.052819728851318,16.04029655456543
2024-06-21,7.1216936111450195,16.353727340698242
2024-06-24,7.163020133972168,16.45513343811035
2024-06-25,7.163020133972168,16.445913314819336
2024-06-26,7.245669841766357,16.78700065612793
2024-06-27,7.321433067321777,16.83309555053711
2024-06-28,7.335206985473633,16.943714141845703
2024-07-01,7.362757682800293,16.888402938842773
2024-07-02,7.45229434967041,17.035900115966797
2024-07-03,7.383419990539551,16.90683937072754
2024-07-04,7.355869293212891,16.814653396606445
2024-07-05,7.293882369995117,16.593412399291992
2024-07-08,7.252556800842285,16.409038543701172
2024-07-09,7.266332149505615,16.51044273376465
2024-07-10,7.245669841766357,16.482786178588867
2024-07-11,7.342095375061035,16.70403289794922
2024-07-12,7.390307426452637,16.84231185913086
2024-07-15,7.596932888031006,17.146522521972656
2024-07-16,7.67958402633667,17.5152645111084
2024-07-17,7.693359375,17.533706665039062
2024-07-18,7.56938362121582,17.220272064208984
2024-07-19,7.617596626281738,17.32167625427246
2024-07-22,7.665807723999023,17.413860321044922
2024-07-23,7.280107021331787,16.630285263061523
2024-07-24,7.211231708526611,16.547319412231445
2024-07-25,7.342095375061035,16.888402938842773
2024-07-26,7.314545631408691,16.888402938842773
2024-07-29,7.280107021331787,16.70403289794922
2024-07-30,7.23878288269043,16.62106704711914
2024-07-31,7.321433067321777,16.83309555053711
2024-08-01,7.300769329071045,16.7501277923584
2024-08-02,7.018381595611572,15.975769996643066
2024-08-05,6.9012932777404785,15.874361038208008
2024-08-06,6.9012932777404785,15.855928421020508
2024-08-07,6.859968662261963,15.791393280029297
2024-08-08,6.935730934143066,16.02185821533203
2024-08-09,7.01149320602417,16.141700744628906
2024-08-12,7.053147315979004,16.33662986755371
2024-08-13,7.0253777503967285,16.253087997436523
2024-08-14,7.004552841186523,16.150983810424805
2024-08-15,7.053147315979004,16.150983810424805
2024-08-16,6.9837260246276855,15.983901977539062
2024-08-19,7.150336265563965,16.383037567138672
2024-08-20,7.1364521980285645,16.475860595703125
2024-08-21,7.4002509117126465,17.10704803466797
2024-08-22,7.296120643615723,16.967815399169922
2024-08-23,7.323887825012207,16.967815399169922
2024-08-26,7.372482776641846,17.097763061523438
2024-08-27,7.268351078033447,16.958532333374023
2024-08-28,7.171162128448486,16.763607025146484
2024-08-29,7.3030619621276855,17.1441707611084
2024-08-30,7.2822346687316895,16.986379623413086
2024-09-02,7.24058198928833,17.004941940307617
2024-09-03,7.060089111328125,16.4294490814209
2024-09-04,7.316945552825928,16.930683135986328
2024-09-05,7.337771892547607,17.079198837280273
2024-09-06,7.275293350219727,16.865713119506836
2024-09-09,7.434959888458252,17.17202377319336
2024-09-10,7.38636589050293,17.162738800048828
2024-09-11,7.448844909667969,17.236997604370117
2024-09-12,7.393308162689209,17.264842987060547
2024-09-13,7.476612567901611,17.450483322143555
2024-09-16,7.358597755432129,17.15345573425293
2024-09-17,7.441903114318848,17.190589904785156
2024-09-18,7.38636589050293,17.097763061523438
2024-09-19,7.407193183898926,17.1256103515625
2024-09-20,7.24058198928833,16.754323959350586
2024-09-23,7.191988468170166,16.466575622558594
2024-09-24,7.441903114318848,17.15345573425293
2024-09-25,7.337771892547607,16.958532333374023
2024-09-26,7.61545467376709,17.617563247680664
2024-09-27,7.546034336090088,17.636127471923828
2024-09-30,7.58074426651001,17.728954315185547
2024-10-01,7.546034336090088,17.75679588317871
2024-10-02,7.7057013511657715,17.979572296142578
2024-10-03,7.462728977203369,17.496898651123047
2024-10-04,7.53909158706665,17.803211212158203
2024-10-07,7.5738019943237305,18.025983810424805
2024-10-08,7.455787181854248,17.710390090942383
2024-10-09,7.497439384460449,17.73823356628418
2024-10-10,7.552977085113525,17.775362014770508
2024-10-11,7.268351078033447,17.10704803466797
2024-10-14,7.316945552825928,17.134891510009766
2024-10-15,7.254466533660889,17.02350616455078
2024-10-16,7.164220809936523,16.94925308227539
2024-10-17,7.150336265563965,16.884275436401367
2024-10-18,7.164220809936523,17.079198837280273
2024-10-21,7.171162128448486,17.02350616455078
2024-10-22,7.087858200073242,16.865713119506836
2024-10-23,6.990667819976807,16.6707820892334
2024-10-24,6.997610092163086,16.633655548095703
2024-10-25,6.997610092163086,16.698633193969727
2024-10-28,7.080915451049805,16.967815399169922
2024-10-29,7.108684062957764,17.15345573425293
2024-10-30,7.143393516540527,17.097763061523438
2024-10-31,7.129509449005127,16.986379623413086
2024-11-01,7.060089111328125,16.893556594848633
2024-11-04,7.122567176818848,16.92140007019043
2024-11-05,7.205872535705566,16.90283966064453
2024-11-06,7.8653693199157715,18.5272159576416
2024-11-07,8.05280590057373,19.028457641601562
2024-11-08,7.976443290710449,18.9913272857666
2024-11-11,7.9695000648498535,18.982046127319336
2024-11-12,7.566860675811768,18.26732063293457
2024-11-13,7.650165557861328,18.369422912597656
2024-11-14,7.677934646606445,18.592193603515625
2024-11-18,7.664050102233887,18.50865364074707
2024-11-19,7.678098201751709,18.499229431152344
2024-11-21,7.6148762702941895,18.574621200561523
2024-11-22,7.720247745513916,18.650014877319336
2024-11-25,7.853719234466553,19.140058517456055
2024-11-26,7.825620651245117,18.800800323486328
2024-11-27,7.88181734085083,18.970426559448242
2024-11-28,7.945041179656982,19.08351707458496
2024-11-29,8.05041217803955,19.130634307861328
2024-12-02,8.092561721801758,19.300268173217773
2024-12-03,8.20495891571045,19.667802810668945
2024-12-04,8.113636016845703,19.620677947998047
2024-12-05,8.226033210754395,19.648954391479492
2024-12-06,8.127685546875,19.290843963623047
2024-12-09,8.366527557373047,19.93167495727539
2024-12-10,8.359502792358398,19.82801055908203
2024-12-11,8.28925609588623,19.790315628051758
2024-12-12,8.162809371948242,19.413352966308594
2024-12-13,7.938015937805176,18.847915649414062
2024-12-16,7.994213581085205,18.970426559448242
2024-12-17,8.106611251831055,19.20602798461914
2024-12-18,7.790494441986084,18.489809036254883
2024-12-19,7.727272033691406,18.254209518432617
2024-12-20,7.7694220542907715,18.141122817993164
2024-12-23,7.460330486297607,17.679346084594727
2024-12-26,7.425206184387207,17.632226943969727
2024-12-27,7.249586582183838,17.283538818359375
2024-12-30,7.200413227081299,17.095060348510742
2025-01-02,7.102064609527588,16.87830924987793
2025-01-03,6.849173069000244,16.322296142578125
2025-01-06,7.073966026306152,16.991397857666016
2025-01-07,7.017768859863281,16.906579971313477
2025-01-08,6.877272129058838,16.58616828918457
2025-01-09,6.729752063751221,16.114967346191406
2025-01-10,6.610329627990723,15.83224868774414
2025-01-13,6.65950345993042,16.01130485534668
2025-01-14,6.65950345993042,16.08669662475586
2025-01-15,6.891321659088135,16.63328742980957
2025-01-16,6.708677291870117,16.26575469970703
2025-01-17,6.807023525238037,16.369415283203125
2025-01-20,6.898346900939941,16.520198822021484
2025-01-21,7.010744094848633,16.87830924987793
2025-01-22,6.863223075866699,16.58616828918457
2025-01-23,6.870247840881348,16.45423126220703
2025-01-24,6.891321659088135,16.54846954345703
2025-01-27,6.982644081115723,16.727527618408203
2025-01-28,6.975619792938232,16.652135848999023
2025-01-29,6.884296894073486,16.463653564453125
2025-01-30,7.045867443084717,16.746374130249023
2025-01-31,6.757850646972656,16.228055953979492
2025-02-03,6.90537166595459,16.473079681396484
2025-02-04,6.743802070617676,16.105548858642578
2025-02-05,6.6524786949157715,15.92648983001709
2025-02-06,6.715702533721924,16.105548858642578
2025-02-07,6.568181037902832,15.738012313842773
2025-02-10,6.884296894073486,16.557893753051758
2025-02-11,6.919421195983887,16.718101501464844
2025-02-12,6.729752063751221,16.369415283203125
2025-02-13,6.722727298736572,16.444808959960938
2025-02-14,6.835123062133789,16.567319869995117
2025-02-17,6.764875888824463,16.369415283203125
2025-02-18,6.757850646972656,16.435382843017578
2025-02-19,6.715702533721924,16.35999298095703
2025-02-20,6.3855366706848145,15.483563423156738
2025-02-21,6.287189483642578,15.285659790039062
2025-02-24,6.273139953613281,15.332780838012695
2025-02-25,6.273139953613281,15.379899024963379
2025-02-26,6.406611442565918,15.69089126586914
2025-02-27,6.469833850860596,15.879369735717773
2025-02-28,6.441734790802002,15.70031452178955
2025-03-05,6.455785274505615,15.75685977935791
2025-03-06,6.4911789894104,15.946815490722656
2025-03-07,6.512368202209473,16.079547882080078
2025-03-10,6.498241424560547,15.9847412109375
2025-03-11,6.469987392425537,15.927855491638184
2025-03-12,6.399353981018066,15.671874046325684
2025-03-13,6.44173526763916,15.624468803405762
2025-03-14,6.6112542152404785,16.032146453857422
2025-03-17,6.667760848999023,16.297611236572266
2025-03-18,6.6748247146606445,16.316570281982422
2025-03-19,6.738393306732178,16.345012664794922
2025-03-20,6.703077793121338,16.307092666625977
2025-03-21,6.6606974601745605,16.25020408630371
2025-03-24,6.724267482757568,16.345012664794922
2025-03-25,6.773709774017334,16.420862197875977
2025-03-26,6.823153495788574,16.563074111938477
2025-03-27,6.816090106964111,16.477745056152344
2025-03-28,6.597128391265869,16.02266502380371
2025-03-31,6.321659088134766,15.340042114257812
2025-04-01,6.526494979858398,15.747720718383789
2025-04-02,6.406418800354004,15.529659271240234
2025-04-03,6.22277307510376,15.09354019165039
2025-04-04,5.897860527038574,14.36351203918457
2025-04-07,5.657708168029785,13.84206485748291
2025-04-08,5.523505687713623,13.273213386535645
2025-04-09,5.834290981292725,14.22130012512207
2025-04-10,5.68596076965332,13.785181045532227
2025-04-11,5.763658046722412,13.917912483215332
2025-04-14,5.94730281829834,14.36351203918457
2025-04-15,5.8413543701171875,14.202336311340332
2025-04-16,5.890797138214111,14.287666320800781
2025-04-17,5.862544536590576,14.173894882202148
2025-04-22,5.869606971740723,14.117011070251465
2025-04-23,5.9331769943237305,14.278185844421387
2025-04-24,6.088569641113281,14.572092056274414
2025-04-25,6.067379951477051,14.534168243408203
2025-04-28,6.116822719573975,14.742748260498047
2025-04-29,6.088569641113281,14.572092056274414
2025-04-30,5.940239429473877,14.211817741394043
2025-05-02,5.876670837402344,14.16441535949707
2025-05-05,5.827227592468262,14.050644874572754
2025-05-06,5.834290981292725,14.01272201538086
2025-05-07,5.770720958709717,13.851545333862305
2025-05-08,5.897860527038574,14.12649154663086
2025-05-09,5.8835978507995605,14.097817420959473
2025-05-12,6.0048346519470215,14.480131149291992
2025-05-13,6.154599189758301,14.814656257629395
2025-05-14,6.133205413818359,14.881561279296875
2025-05-15,6.183125972747803,15.01537036895752
2025-05-16,6.197389125823975,15.072718620300293
2025-05-19,6.154599189758301,14.996254920959473
2025-05-20,6.133205413818359,14.919792175292969
2025-05-21,6.061888694763184,14.7764253616333
2025-05-22,6.054757118225098,14.785983085632324
2025-05-23,6.069019794464111,14.766866683959961
2025-05-26,6.126073360443115,14.948467254638672
2025-05-27,6.30436372756958,15.369011878967285
2025-05-28,6.204521179199219,15.196969032287598
2025-05-29,6.233047008514404,15.05360221862793
2025-05-30,5.962045192718506,14.57571029663086
2025-06-02,6.268705368041992,15.311664581298828
2025-06-03,6.36854887008667,15.521937370300293
2025-06-04,6.347153663635254,15.42635726928711
2025-06-05,6.546840190887451,15.96159839630127
2025-06-06,6.575366020202637,15.952038764953613
2025-06-09,6.917684078216553,16.974729537963867
2025-06-10,6.910552501678467,16.869592666625977
2025-06-11,6.639551162719727,16.248332977294922
2025-06-12,6.596761226654053,16.1718692779541
2025-06-13,6.553971767425537,16.018943786621094
2025-06-16,6.603892803192139,16.095407485961914
2025-06-17,6.553971767425537,15.846904754638672
2025-06-18,6.539707660675049,15.799116134643555
2025-06-20,6.354285717010498,15.302105903625488
2025-06-23,6.382812023162842,15.378568649291992
2025-06-24,6.36854887008667,15.378568649291992
2025-06-25,6.247311115264893,15.15873908996582
2025-06-26,6.361417770385742,15.349894523620605
2025-06-27,6.290101528167725,15.196969032287598
2025-06-30,6.36854887008667,15.292548179626465
2025-07-01,6.36854887008667,15.292548179626465
2025-07-02,6.575366020202637,15.770439147949219
2025-07-03,6.675208568572998,16.047618865966797
2025-07-04,6.682340145111084,16.03805923461914
2025-07-07,6.725130558013916,16.104965209960938
2025-07-08,6.725130558013916,16.133638381958008
2025-07-09,6.710866928100586,16.047618865966797
2025-07-10,6.746525287628174,16.133638381958008
2025-07-11,6.646682262420654,15.952038764953613
2025-07-14,6.646682262420654,15.913808822631836
2025-07-15,6.568234443664551,15.741766929626465
2025-07-16,6.589629650115967,15.799116134643555
2025-07-17,6.4683918952941895,15.627073287963867
2025-07-18,6.4184699058532715,15.397686004638672
2025-07-21,6.639551162719727,15.885135650634766
2025-07-22,6.703735828399658,16.16231346130371
2025-07-23,6.867763519287109,16.45860481262207
2025-07-24,6.867763519287109,16.515954971313477
2025-07-25,6.803577899932861,16.420373916625977
2025-07-28,6.675208568572998,16.057174682617188
2025-07-29,6.639551162719727,15.97115421295166
2025-07-30,6.760788440704346,16.229215621948242
2025-07-31,6.682340145111084,16.095407485961914
2025-08-01,6.4113383293151855,15.340336799621582
2025-08-04,6.454128265380859,15.512377738952637
2025-08-05,6.425601005554199,15.455032348632812
2025-08-06,6.347153663635254,15.282989501953125
2025-08-07,6.4398651123046875,15.483705520629883
2025-08-08,6.511181354522705,15.665301322937012
2025-08-11,6.504049777984619,15.627073287963867
2025-08-12,6.583192348480225,15.742615699768066
2025-08-13,6.590386867523193,15.85815715789795
2025-08-14,6.525635242462158,15.694473266601562
2025-08-15,6.5400238037109375,15.62707233428955
2025-08-18,6.6047773361206055,15.781126976013184
2025-08-19,6.496855735778809,15.675216674804688
2025-08-20,6.468076229095459,15.473016738891602
2025-08-21,6.410519123077393,15.386360168457031
2025-08-22,6.626360893249512,15.752243995666504
2025-08-25,6.727087497711182,16.06035804748535
2025-08-26,6.748671531677246,16.1758975982666
2025-08-27,6.791840553283691,16.156641006469727
2025-08-28,6.799035549163818,16.166271209716797
2025-08-29,6.806230068206787,16.041099548339844
2025-09-01,6.83500862121582,16.272184371948242
2025-09-02,6.842203617095947,16.291439056396484
2025-09-03,6.748671531677246,16.13738441467285
2025-09-04,6.856593132019043,16.36846923828125
2025-09-05,7.0148773193359375,16.792123794555664
2025-09-08,7.07243537902832,16.72472381591797
2025-09-09,6.971708297729492,16.455127716064453
2025-09-10,6.8637871742248535,16.291439056396484
2025-09-11,6.906957149505615,16.36846923828125
2025-09-12,6.655140399932861,15.694473266601562
2025-09-15,6.827814102172852,16.079614639282227
2025-09-16,6.842203617095947,16.156641006469727
2025-09-17,6.885372161865234,16.214412689208984
2025-09-18,6.892566680908203,16.185527801513672
2025-09-19,6.849398136138916,16.147014617919922
2025-09-22,6.870983123779297,16.11812973022461
2025-09-23,6.964513778686523,16.23366928100586
2025-09-24,6.906957149505615,16.079614639282227
2025-09-25,6.849398136138916,16.06035804748535
2025-09-26,6.849398136138916,16.002586364746094
2025-09-29,6.9213457107543945,16.13738441467285
2025-09-30,6.849398136138916,15.992959022521973
2025-10-01,7.0148773193359375,16.329954147338867
2025-10-02,7.086824417114258,16.532154083251953
2025-10-03,7.201940059661865,16.849895477294922
2025-10-06,7.230719566345215,16.8017520904541
2025-10-07,7.086824417114258,16.55141258239746
2025-10-08,7.2523040771484375,16.878780364990234
2025-10-09,7.266694068908691,16.917293548583984
2025-10-10,7.223525047302246,16.705467224121094
2025-10-13,7.37461519241333,17.061721801757812
2025-10-14,7.367420673370361,17.052093505859375
2025-10-15,7.482536315917969,17.254291534423828
2025-10-16,7.353030204772949,17.013580322265625
2025-10-17,7.44656229019165,17.331317901611328
2025-10-20,7.547287940979004,17.581663131713867
2025-10-21,7.568873405456543,17.514263153076172
2025-10-22,7.496925354003906,17.331317901611328
2025-10-23,7.532898902893066,17.514263153076172
2025-10-24,7.554482936859131,17.533517837524414
2025-10-27,7.525704383850098,17.54314613342285
2025-10-28,7.648015975952148,17.77423095703125
2025-10-29,7.957390308380127,18.53488540649414
2025-10-30,7.806299209594727,18.024574279785156
2025-10-31,7.978972911834717,18.236400604248047
2025-11-03,7.863857269287109,18.014944076538086
2025-11-04,7.820688724517822,17.889772415161133
2025-11-05,8.029336929321289,18.380828857421875
2025-11-06,7.978972911834717,18.409713745117188
2025-11-07,7.986168384552002,18.323057174682617
2025-11-10,8.02214241027832,18.39045524597168
2025-11-11,8.007503509521484,18.468629837036133
2025-11-12,8.04410171508789,18.615205764770508
2025-11-13,7.934309005737305,18.478403091430664
2025-11-14,7.9196696281433105,18.341598510742188
2025-11-17,7.861113548278809,18.273197174072266
2025-11-18,7.831836223602295,18.224336624145508
2025-11-19,7.751322269439697,18.067989349365234
2025-11-21,7.787919521331787,18.048444747924805
2025-11-24,7.8830718994140625,18.165706634521484
2025-11-25,7.9196696281433105,18.33182716369629
2025-11-26,8.102657318115234,18.69338035583496
2025-11-27,8.066060066223145,18.673837661743164
2025-11-28,8.051420211791992,18.605436325073242
2025-12-01,8.095337867736816,18.71292495727539
2025-12-02,8.095337867736816,18.673837661743164
2025-12-03,8.33687973022461,19.181968688964844
2025-12-04,8.380797386169434,19.15265464782715
2025-12-05,8.139253616333008,18.664066314697266
2025-12-08,8.102657318115234,18.615205764770508
2025-12-09,8.161212921142578,18.644521713256836
2025-12-10,8.344198226928711,19.142881393432617
2025-12-11,8.439352035522461,19.406721115112305
2025-12-12,8.439352035522461,19.475122451782227
2025-12-15,8.593061447143555,19.905078887939453
2025-12-16,8.724811553955078,20.178686141967773
2025-12-17,8.68089485168457,19.846450805664062
2025-12-18,8.77604866027832,19.96371078491211
2025-12-19,8.744112014770508,19.905078887939453
2025-12-22,8.831944465637207,20.100515365600586
2025-12-23,8.861221313476562,20.27640724182129
2025-12-26,8.890498161315918,20.27640724182129
2025-12-29,8.724593162536621,20.06142807006836
2025-12-30,8.783148765563965,19.92462158203125
2026-01-02,8.695317268371582,20.04188346862793
2026-01-05,8.841703414916992,20.23731803894043
2026-01-06,9.007606506347656,20.56955909729004
2026-01-07,9.046643257141113,20.78453826904297
2026-01-08,8.997848510742188,20.716136932373047
2026-01-09,8.9685697555542,20.56955909729004
2026-01-12,9.075921058654785,20.76499366760254
2026-01-13,9.241825103759766,21.16563606262207
2026-01-14,9.46628189086914,21.703083038330078
2026-01-15,9.495558738708496,21.771486282348633
2026-01-16,9.42724609375,21.536964416503906
2026-01-19,9.417487144470215,21.507648468017578
2026-01-20,9.476041793823242,21.693313598632812
2026-01-21,9.690740585327148,22.045093536376953
2026-01-22,9.954235076904297,22.553226470947266
2026-01-23,10.04206657409668,22.719345092773438
2026-01-26,9.837125778198242,22.21121597290039
2026-01-27,10.159175872802734,22.963640213012695
2026-01-28,10.276283264160156,23.188392639160156
2026-01-29,9.749295234680176,22.22098731994629
2026-01-30,9.632185935974121,21.90829086303711
2026-02-02,9.759054183959961,22.074413299560547
2026-02-03,10.032306671142578,22.514141082763672
2026-02-04,9.798090934753418,21.88874626159668
2026-02-05,9.612668991088867,21.507648468017578
2026-02-06,9.641945838928223,21.46856117248535
2026-02-09,9.72001838684082,21.742172241210938
2026-02-10,9.680981636047363,21.644451141357422
2026-02-11,10.003029823303223,22.133039474487305
2026-02-12,9.807849884033203,21.68354034423828
2026-02-13,9.476041793823242,21.155864715576172
2026-02-18,9.46628189086914,21.126550674438477
2026-02-19,9.476041793823242,21.028833389282227
2026-02-20,9.476041793823242,21.146093368530273
2026-02-23,9.505318641662598,21.116779327392578
2026-02-24,9.271100997924805,20.647733688354492
2026-02-25,9.378450393676758,20.921342849731445
2026-02-26,9.222306251525879,20.598873138427734
2026-02-27,9.114956855773926,20.510927200317383
2026-03-02,9.046643257141113,20.32526397705078
2026-03-03,8.617244720458984,19.299230575561523
2026-03-04,8.68555736541748,19.406721115112305
2026-03-05,8.441580772399902,18.879045486450195
2026-03-06,8.334232330322266,18.468629837036133
2026-03-09,8.26591968536377,18.322053909301758
2026-03-10,8.363508224487305,18.41977310180664
2026-03-11,8.255529403686523,18.3411808013916
2026-03-12,8.01012134552002,17.712453842163086
2026-03-13,7.862876892089844,17.417736053466797
2026-03-16,7.90214204788208,17.48650360107422
2026-03-17,7.843243598937988,17.348970413208008
2026-03-18,7.745080471038818,17.083724975585938
2026-03-19,7.754897117614746,17.181962966918945
2026-03-20,7.676366806030273,17.142667770385742
2026-03-23,8.000304222106934,17.682979583740234
2026-03-24,8.088651657104492,17.91875457763672
2026-03-25,8.147550582885742,18.134878158569336
2026-03-26,8.108284950256348,18.10540771484375
2026-03-27,7.980672836303711,17.81068992614746
2026-03-30,8.059203147888184,18.03664207458496
2026-03-31,8.38314151763916,18.665369033813477
2026-04-01,8.667815208435059,19.37268829345703
2026-04-02,8.707079887390137,19.461103439331055
2026-04-06,8.589284896850586,19.274450302124023
2026-04-07,8.657998085021973,19.35304069519043
2026-04-08,8.942671775817871,20.080007553100586
2026-04-09,9.364774703979492,20.95433235168457
2026-04-10,9.335326194763184,20.915037155151367
2026-04-13,9.129182815551758,20.748031616210938
2026-04-14,9.354957580566406,21.21957778930664
2026-04-15,9.335326194763184,21.416053771972656
2026-04-16,9.188079833984375,21.15081214904785
2026-04-17,9.325509071350098,21.160634994506836
2026-04-20,9.276427268981934,21.062397003173828
2026-04-22,9.374590873718262,21.33746337890625
2026-04-23,9.345141410827637,21.298168182373047
2026-04-24,9.315691947937012,21.38658332824707
2026-04-27,9.276427268981934,21.278520584106445
2026-04-28,9.698530197143555,22.162668228149414
2026-04-29,9.610182762145996,22.064430236816406
2026-04-30,9.747611045837402,22.211788177490234
2026-05-04,9.66908073425293,22.251083374023438
2026-05-05,10.071549415588379,23.331710815429688
2026-05-06,10.326774597167969,23.930967330932617
2026-05-07,10.120631217956543,23.351360321044922
2026-05-08,10.24824333190918,23.459421157836914
2026-05-11,10.208977699279785,23.2825927734375
2026-05-12,10.179529190063477,23.20400047302246
2026-05-13,10.012651443481445,23.076290130615234
2026-05-14,10.16106128692627,23.343584060668945
2026-05-15,10.052227020263672,23.105989456176758
2026-05-18,10.042332649230957,23.026792526245117
2026-05-19,9.913712501525879,22.78919792175293
2026-05-20,10.14127254486084,23.23468589782715
2026-05-21,10.170953750610352,23.264385223388672
2026-05-22,10.309469223022461,23.769271850585938
2026-05-25,10.269893646240234,23.93756866455078
2026-05-26,10.091802597045898,23.37328338623047
2026-05-27,10.210530281066895,23.501977920532227
2026-05-28,10.111591339111328,23.264385223388672
2026-05-29,9.696045875549316,22.541704177856445
2026-06-01,9.88403034210205,22.90799331665039
2026-06-02,10.457878112792969,24.402854919433594
2026-06-03,10.220423698425293,23.8880672454834
2026-06-05,10.052227020263672,23.244585037231445
2026-06-08,10.180848121643066,23.442581176757812
2026-06-09,10.220423698425293,23.23468589782715
2026-06-10,10.210530281066895,23.195087432861328
2026-06-11,10.319363594055176,23.5811767578125
2026-06-12,10.418302536010742,23.640575408935547
2026-06-15,10.16106128692627,23.125789642333984
2026-06-16,10.190742492675781,23.05649185180664
2026-06-17,9.943394660949707,22.581302642822266
2026-06-18,9.428910255432129,21.432933807373047
2026-06-19,9.527849197387695,21.442832946777344
2026-06-22,9.458592414855957,21.68042755126953
2026-06-23,9.448698043823242,21.482433319091797
2026-06-24,9.3992280960083,21.165639877319336
2026-06-25,9.458592414855957,21.225040435791016
2026-06-26,9.3992280960083,21.20524024963379
2026-06-29,9.320076942443848,21.0765438079834
2026-06-30,9.1123046875,20.571657180786133
2026-07-01,9.201350212097168,20.680553436279297
2026-07-02,9.25082015991211,20.937946319580078
2026-07-03,9.379440307617188,21.225040435791016
2026-07-06,9.517955780029297,21.621028900146484
2026-07-07,9.498167991638184,21.63092803955078
2026-07-08,9.587212562561035,21.918020248413086
2026-07-09,9.794984817504883,22.25461196899414
2026-07-10,10.101696968078613,22.779298782348633
2026-07-13,10.012651443481445,22.591203689575195
2026-07-14,10.121484756469727,23.08618927001953
2026-07-15,10.408409118652344,23.957366943359375
2026-07-16,10.358939170837402,23.67027473449707
2026-07-17,10.3688325881958,23.79897117614746
2026-07-20,10.190742492675781,23.383182525634766
2026-07-21,10.121484756469727,23.254486083984375
2026-07-22,10.418302536010742,23.818769454956055
2026-07-23,10.408409118652344,23.818769454956055
2026-07-24,10.408409118652344,24.016765594482422
2026-07-27,10.556818008422852,24.234560012817383
2026-07-28,10.774484634399414,24.887941360473633
2026-07-29,10.655756950378418,24.541452407836914
2026-07-30,10.843741416931152,24.72954559326172
2026-07-31,10.804165840148926,24.72954559326172
2026-08-03,11.081195831298828,25.373029708862305
2026-08-04,11.288968086242676,25.610624313354492
2026-08-05,11.407694816589355,26.04621124267578
2026-08-06,11.081195831298828,25.3928279876709
2026-08-07,10.893211364746094,24.798843383789062
2026-08-10,11.031725883483887,24.99683952331543
2026-08-11,10.56671142578125,23.917768478393555
2026-08-12,10.863529205322266,24.63054847717285
2026-08-13,10.863529205322266,24.541452407836914
2026-08-14,10.873422622680664,24.402854919433594
2026-08-17,10.952573776245117,24.531553268432617
2026-08-18,10.754695892333984,23.957366943359375
2026-08-19,10.25999927520752,22.71000099182129
2026-08-20,9.930000305175781,22.149999618530273
2026-08-21,9.850000381469727,22.149999618530273
2026-08-24,9.75,22.139999389648438
2026-08-25,9.84000015258789,22.450000762939453
2026-08-26,9.9399995803833,22.8799991607666
2026-08-27,10.449999809265137,23.969999313354492
2026-08-28,10.420000076293945,23.799999237060547
2026-08-31,10.390000343322754,23.739999771118164
2026-09-01,10.5600004196167,24.149999618530273
2026-09-02,11.119999885559082,25.420000076293945
2026-09-03,11.100000381469727,25.139999389648438
2026-09-04,11.170000076293945,25.34000015258789
2026-09-08,11.210000038146973,25.700000762939453
2026-09-09,11.220000267028809,25.40999984741211
2026-09-10,11.510000228881836,26.010000228881836
2026-09-11,11.630000114440918,26.100000381469727
2026-09-14,11.210000038146973,25.059999465942383
2026-09-15,11.609999656677246,25.850000381469727
2026-09-16,11.449999809265137,25.600000381469727
2026-09-17,11.699999809265137,25.979999542236328
2026-09-18,11.420000076293945,25.34000015258789
