Date,ITSA3.SA,ITUB3.SA
2011-09-21,2.33433198928833,4.3365254402160645
2011-09-22,2.2782528400421143,4.118016242980957
2011-09-23,2.2887682914733887,4.096164226531982
2011-09-26,2.365877628326416,4.17012357711792
2011-09-27,2.4096906185150146,4.351650714874268
2011-09-28,2.4447414875030518,4.29282283782959
2011-09-29,2.383403778076172,4.3365254402160645
2011-09-30,2.4359772205352783,4.286098480224609
2011-10-03,2.4184532165527344,4.212446212768555
2011-10-04,2.383403778076172,4.195631504058838
2011-10-05,2.383403778076172,4.192265510559082
2011-10-06,2.404433250427246,4.303254127502441
2011-10-07,2.3395895957946777,4.2376708984375
2011-10-10,2.365877628326416,4.437780380249023
2011-10-11,2.430720090866089,4.52017879486084
2011-10-13,2.2887682914733887,4.540360927581787
2011-10-14,2.3676300048828125,4.6193952560424805
2011-10-17,2.4096906185150146,4.568945407867432
2011-10-18,2.4096906185150146,4.568945407867432
2011-10-19,2.4359772205352783,4.637895107269287
2011-10-20,2.4009270668029785,4.612672328948975
2011-10-21,2.4359772205352783,4.698431015014648
2011-10-24,2.4359772205352783,4.775782585144043
2011-10-25,2.4359772205352783,4.775782585144043
2011-10-26,2.385155439376831,4.67656946182251
2011-10-27,2.385155439376831,4.745516300201416
2011-10-28,2.3676300048828125,4.824555397033691
2011-10-31,2.383403778076172,4.792604446411133
2011-11-01,2.4009270668029785,4.6247076988220215
2011-11-03,2.383403778076172,4.710506439208984
2011-11-04,2.383403778076172,4.723962783813477
2011-11-07,2.392164707183838,4.710506439208984
2011-11-08,2.4447414875030518,4.685272693634033
2011-11-09,2.4447414875030518,4.644893646240234
2011-11-10,2.4359772205352783,4.554047584533691
2011-11-11,2.4096906185150146,4.643211841583252
2011-11-14,2.2624807357788086,4.643211841583252
2011-11-16,2.2887682914733887,4.678541660308838
2011-11-17,2.3185603618621826,4.493484973907471
2011-11-18,2.3203134536743164,4.41946268081665
2011-11-21,2.3203134536743164,4.3067474365234375
2011-11-22,2.2800049781799316,4.3319807052612305
2011-11-23,2.2782528400421143,4.274786472320557
2011-11-24,2.2782528400421143,4.305068492889404
2011-11-25,2.295778751373291,4.308429718017578
2011-11-28,2.2800049781799316,4.374039173126221
2011-11-29,2.246708393096924,4.370677947998047
2011-11-30,2.3571157455444336,4.626389503479004
2011-12-01,2.3858866691589355,4.79503059387207
2011-12-02,2.389394521713257,4.827012062072754
2011-12-05,2.387640953063965,4.842159271240234
2011-12-06,2.3946564197540283,4.837104320526123
2011-12-07,2.3858866691589355,4.752958297729492
2011-12-08,2.4543039798736572,4.752958297729492
2011-12-09,2.387640953063965,4.776520252227783
2011-12-12,2.350800037384033,4.736123085021973
2011-12-13,2.3683433532714844,4.714243412017822
2011-12-14,2.3437836170196533,4.72097635269165
2011-12-15,2.2209784984588623,4.645242214202881
2011-12-16,2.3297464847564697,4.6957316398620605
2011-12-19,2.3157126903533936,4.564452171325684
2011-12-20,2.280626058578491,4.724343299865723
2011-12-21,2.2981698513031006,4.719290733337402
2011-12-22,2.303433656692505,4.821963310241699
2011-12-23,2.456059455871582,4.847207069396973
2011-12-26,2.508687973022461,4.813543796539307
2011-12-27,2.5246336460113525,4.837010860443115
2011-12-28,2.5512092113494873,4.728198528289795
2011-12-29,2.5512092113494873,4.592182159423828
2012-01-02,2.5512092113494873,4.798335552215576
2012-01-03,2.5512092113494873,4.883383750915527
2012-01-04,2.5512092113494873,4.929309368133545
2012-01-05,2.646878242492676,4.8527631759643555
2012-01-06,2.5512092113494873,4.924208164215088
2012-01-09,2.5512092113494873,4.9259033203125
2012-01-10,2.5689258575439453,4.963326454162598
2012-01-11,2.560065984725952,4.983739376068115
2012-01-12,2.5689258575439453,4.992241382598877
2012-01-13,2.5955007076263428,5.056880474090576
2012-01-16,2.5955007076263428,5.056880474090576
2012-01-17,2.618532657623291,5.119811534881592
2012-01-18,2.6575093269348145,5.1878509521484375
2012-01-19,2.53349232673645,5.22526741027832
2012-01-20,2.5016024112701416,5.272896766662598
2012-01-23,2.515774726867676,5.201455116271973
2012-01-24,2.515774726867676,5.136824131011963
2012-01-26,2.5689258575439453,5.194655418395996
2012-01-27,2.53349232673645,5.25588321685791
2012-01-30,2.5423502922058105,5.087494373321533
2012-01-31,2.5423502922058105,5.1861491203308105
2012-02-01,2.5529818534851074,5.1878509521484375
2012-02-02,2.5529818534851074,5.198054790496826
2012-02-03,2.499831199645996,5.22356653213501
2012-02-06,2.4980576038360596,5.22356653213501
2012-02-07,2.5512092113494873,5.272896766662598
2012-02-08,2.5547518730163574,5.366447448730469
2012-02-09,2.5246336460113525,5.357944965362549
2012-02-10,2.5512092113494873,5.298407077789307
2012-02-13,2.5777838230133057,5.298407077789307
2012-02-14,2.5512092113494873,5.37495231628418
2012-02-15,2.600818157196045,5.39196252822876
2012-02-16,2.515774726867676,5.425979137420654
2012-02-17,2.515774726867676,5.451495170593262
2012-02-23,2.53349232673645,5.313718318939209
2012-02-24,2.499831199645996,5.272896766662598
2012-02-27,2.4980576038360596,5.216763973236084
2012-02-28,2.5529818534851074,5.320522785186768
2012-02-29,2.53349232673645,5.39196252822876
2012-03-01,2.551736354827881,5.5008416175842285
2012-03-02,2.5357754230499268,5.5008416175842285
2012-03-05,2.5056304931640625,5.414619445800781
2012-03-06,2.5003111362457275,5.304261684417725
2012-03-07,2.551736354827881,5.402546405792236
2012-03-08,2.4825775623321533,5.481873512268066
2012-03-09,2.5180437564849854,5.51463508605957
2012-03-12,2.5003111362457275,5.5008416175842285
2012-03-13,2.6510391235351562,5.600852012634277
2012-03-14,2.5304555892944336,5.578436851501465
2012-03-15,2.5180437564849854,5.604304313659668
2012-03-16,2.5003111362457275,5.726737976074219
2012-03-19,2.5003111362457275,5.726737976074219
2012-03-20,2.521589756011963,5.690526008605957
2012-03-21,2.649264097213745,5.621546268463135
2012-03-22,2.649264097213745,5.621546268463135
2012-03-23,2.58720064163208,5.383579254150391
2012-03-26,2.5251364707946777,5.53532600402832
2012-03-27,2.5251364707946777,5.557743549346924
2012-03-28,2.596066951751709,5.390477180480957
2012-03-29,2.5269103050231934,5.3335747718811035
2012-03-30,2.4914441108703613,5.224937438964844
2012-04-02,2.434699535369873,5.3120622634887695
2012-04-03,2.4648451805114746,5.175766944885254
2012-04-04,2.4488863945007324,5.139533996582031
2012-04-05,2.4488863945007324,5.08950662612915
2012-04-09,2.4630725383758545,4.967010021209717
2012-04-10,2.4630725383758545,4.856597423553467
2012-04-11,2.4630725383758545,4.856597423553467
2012-04-12,2.3903675079345703,4.968734264373779
2012-04-13,2.3903675079345703,4.830714702606201
2012-04-16,2.3939144611358643,4.823816299438477
2012-04-17,2.429379940032959,4.830714702606201
2012-04-18,2.429379940032959,4.82899284362793
2012-04-19,2.308797597885132,4.796207904815674
2012-04-20,2.2804250717163086,4.915255069732666
2012-04-23,2.3070244789123535,4.8134613037109375
2012-04-24,2.305251121520996,4.804837226867676
2012-04-25,2.2697854042053223,4.597808837890625
2012-04-26,2.276878595352173,4.616785049438477
2012-04-27,2.15634822845459,4.5374226570129395
2012-04-30,2.220979928970337,4.656463146209717
2012-05-02,2.220979928970337,4.656463146209717
2012-05-03,2.369828701019287,4.535696983337402
2012-05-04,2.369828701019287,4.50119161605835
2012-05-07,2.3600356578826904,4.552948951721191
2012-05-08,2.291487693786621,4.520169734954834
2012-05-09,2.291487693786621,4.485663414001465
2012-05-10,2.3502442836761475,4.433905601501465
2012-05-11,2.4285831451416016,4.490840435028076
2012-05-14,2.31107234954834,4.430454730987549
2012-05-15,2.3169474601745605,4.401129245758057
2012-05-16,2.3169474601745605,4.401129245758057
2012-05-17,2.252316474914551,4.226874828338623
2012-05-18,2.291487693786621,4.26483154296875
2012-05-21,2.291487693786621,4.26483154296875
2012-05-22,2.5069258213043213,4.485663414001465
2012-05-23,2.39920711517334,4.375245094299316
2012-05-24,2.291487693786621,4.330393314361572
2012-05-25,2.2229390144348145,4.37352180480957
2012-05-28,2.252316474914551,4.37352180480957
2012-05-29,2.252316474914551,4.366619110107422
2012-05-30,2.2131454944610596,4.3321146965026855
2012-05-31,2.318906545639038,4.471861839294434
2012-06-01,2.255173921585083,4.420938968658447
2012-06-04,2.331652879714966,4.315635681152344
2012-06-05,2.255173921585083,4.2724785804748535
2012-06-06,2.255173921585083,4.33289909362793
2012-06-08,2.3375349044799805,4.343257427215576
2012-06-11,2.2767446041107178,4.401949405670166
2012-06-12,2.2747843265533447,4.474451541900635
2012-06-13,2.2806670665740967,4.464092254638672
2012-06-14,2.3238093852996826,4.5055251121521
2012-06-15,2.3140041828155518,4.591838359832764
2012-06-18,2.3140041828155518,4.591838359832764
2012-06-19,2.343418836593628,4.578028202056885
2012-06-20,2.3336148262023926,4.583203315734863
2012-06-21,2.3061604499816895,4.4192094802856445
2012-06-22,2.3336148262023926,4.379507541656494
2012-06-25,2.2747843265533447,4.246585845947266
2012-06-26,2.2590959072113037,4.22932243347168
2012-06-27,2.247328996658325,4.2811126708984375
2012-06-28,2.2453677654266357,4.203429222106934
2012-06-29,2.2453677654266357,4.386416912078857
2012-07-02,2.29439377784729,4.420097827911377
2012-07-03,2.3355751037597656,4.4218220710754395
2012-07-04,2.3532252311706543,4.425273895263672
2012-07-05,2.3532252311706543,4.525455951690674
2012-07-06,2.2747843265533447,4.494366645812988
2012-07-10,2.2434070110321045,4.307821750640869
2012-07-11,2.2492904663085938,4.342367172241211
2012-07-12,2.2492904663085938,4.370001316070557
2012-07-13,2.2492904663085938,4.401096343994141
2012-07-16,2.2492904663085938,4.401096343994141
2012-07-17,2.266939401626587,4.423548221588135
2012-07-18,2.266939401626587,4.480546474456787
2012-07-19,2.2767446041107178,4.577278137207031
2012-07-20,2.29439377784729,4.634275436401367
2012-07-23,2.2747843265533447,4.477092266082764
2012-07-24,2.29439377784729,4.648093223571777
2012-07-25,2.2747843265533447,4.6411824226379395
2012-07-26,2.2983145713806152,4.7862749099731445
2012-07-27,2.355185031890869,4.971091270446777
2012-07-30,2.3924436569213867,5.017730712890625
2012-07-31,2.402250051498413,4.912365436553955
2012-08-01,2.3728344440460205,4.844104290008545
2012-08-02,2.3826394081115723,4.834924697875977
2012-08-03,2.3924436569213867,4.906490802764893
2012-08-06,2.3649909496307373,4.90474271774292
2012-08-07,2.3649909496307373,4.90474271774292
2012-08-08,2.3649909496307373,4.90474271774292
2012-08-09,2.3649909496307373,5.094997406005859
2012-08-10,2.3649909496307373,5.094997406005859
2012-08-13,2.519911527633667,5.105470180511475
2012-08-14,2.492457628250122,5.061831951141357
2012-08-15,2.549326181411743,5.061831951141357
2012-08-16,2.5591304302215576,5.142125606536865
2012-08-17,2.5297157764434814,5.161322593688965
2012-08-20,2.531676769256592,5.115937232971191
2012-08-21,2.549326181411743,5.0897626876831055
2012-08-22,2.5552096366882324,5.117685794830322
2012-08-23,2.531676769256592,5.145616054534912
2012-08-24,2.549326181411743,5.086266040802002
2012-08-27,2.5297157764434814,5.065325736999512
2012-08-28,2.5748190879821777,5.061831951141357
2012-08-29,2.576780319213867,4.992013454437256
2012-08-30,2.549326181411743,4.964084148406982
2012-08-31,2.531676769256592,4.93790340423584
2012-09-03,2.4894657135009766,4.992918491363525
2012-09-04,2.475721836090088,4.907344818115234
2012-09-05,2.4344916343688965,4.872414588928223
2012-09-06,2.456089496612549,4.977199554443359
2012-09-10,2.473759174346924,5.0208563804626465
2012-09-11,2.4659063816070557,5.0505452156066895
2012-09-12,2.4659063816070557,5.099443435668945
2012-09-13,2.4580533504486084,5.160566329956055
2012-09-14,2.58174204826355,5.204227447509766
2012-09-17,2.552290678024292,5.144853591918945
2012-09-18,2.5051727294921875,5.116908550262451
2012-09-19,2.532658338546753,5.172791957855225
2012-09-20,2.552290678024292,5.143106937408447
2012-09-21,2.719172954559326,5.23566198348999
2012-09-24,2.709355592727661,5.200735569000244
2012-09-25,2.6111907958984375,4.954495906829834
2012-09-26,2.615117311477661,4.994661331176758
2012-09-27,2.540510892868042,4.8951191902160645
2012-09-28,2.554255962371826,4.755405902862549
2012-10-01,2.4796481132507324,4.782489776611328
2012-10-02,2.493394613265991,4.81394624710083
2012-10-03,2.5503287315368652,4.780743598937988
2012-10-04,2.467869281768799,4.817439079284668
2012-10-05,2.5719242095947266,4.833160400390625
2012-10-08,2.5503287315368652,4.843649864196777
2012-10-09,2.4168243408203125,4.717837333679199
2012-10-10,2.355962038040161,4.612998962402344
2012-10-11,2.3697056770324707,4.665419578552246
2012-10-15,2.442348003387451,4.682891368865967
2012-10-16,2.3952267169952393,4.717837333679199
2012-10-17,2.4344916343688965,4.6794023513793945
2012-10-18,2.4443092346191406,4.702112674713135
2012-10-19,2.5130257606506348,4.6322150230407715
2012-10-22,2.5228428840637207,4.621734619140625
2012-10-23,2.493394613265991,4.54310417175293
2012-10-24,2.493394613265991,4.639206409454346
2012-10-25,2.5130257606506348,4.696871280670166
2012-10-26,2.5149893760681152,4.665419578552246
2012-10-29,2.5189168453216553,4.611250400543213
2012-10-30,2.5090982913970947,4.721334457397461
2012-10-31,2.497318983078003,4.644449234008789
2012-11-01,2.6111907958984375,4.886594772338867
2012-11-05,2.554255962371826,4.8289008140563965
2012-11-06,2.566035270690918,4.930304527282715
2012-11-07,2.646530866622925,4.790435314178467
2012-11-08,2.6308233737945557,4.699522495269775
2012-11-09,2.6308233737945557,4.720502853393555
2012-11-12,2.6308233737945557,4.703019618988037
2012-11-13,2.6308233737945557,4.76420783996582
2012-11-14,2.5895936489105225,4.774701118469238
2012-11-16,2.5189168453216553,4.81666374206543
2012-11-19,2.67990779876709,5.024710655212402
2012-11-21,2.6308233737945557,5.005479335784912
2012-11-22,2.6327874660491943,4.986251354217529
2012-11-23,2.595484733581543,5.035202503204346
2012-11-26,2.6111907958984375,4.956526756286621
2012-11-27,2.6268973350524902,4.900583267211914
2012-11-28,2.615117311477661,4.898835182189941
2012-11-29,2.6288599967956543,5.0002360343933105
2012-11-30,2.687758445739746,5.084156513214111
2012-12-03,2.731983184814453,5.196981906890869
2012-12-04,2.806668758392334,5.174239158630371
2012-12-05,2.7712907791137695,5.19873046875
2012-12-06,2.7909464836120605,5.189984321594238
2012-12-07,2.7712907791137695,5.184735298156738
2012-12-10,2.7712907791137695,5.202231407165527
2012-12-11,2.7516367435455322,5.21097469329834
2012-12-12,2.7516367435455322,5.293189525604248
2012-12-13,2.7516367435455322,5.221468925476074
2012-12-14,2.781118869781494,5.265202522277832
2012-12-17,2.7536017894744873,5.148001670837402
2012-12-18,2.8459784984588623,5.212728023529053
2012-12-19,2.8951151371002197,5.352662563323975
2012-12-20,2.8302531242370605,5.384146213531494
2012-12-21,2.8007733821868896,5.618547439575195
2012-12-26,2.872079372406006,5.456393241882324
2012-12-27,2.8621764183044434,5.486421585083008
2012-12-28,2.8700995445251465,5.504084587097168
2013-01-02,2.8324663639068604,5.566823959350586
2013-01-03,2.794830322265625,5.715268611907959
2013-01-04,2.8126583099365234,5.831909656524658
2013-01-07,2.7928497791290283,5.925575256347656
2013-01-08,2.7928497791290283,5.953846454620361
2013-01-09,2.7928497791290283,6.141177654266357
2013-01-10,2.84237003326416,5.932641983032227
2013-01-11,2.8918862342834473,5.987425327301025
2013-01-14,2.8740603923797607,6.012167930603027
2013-01-15,2.8740603923797607,6.008631229400635
2013-01-16,2.828503370285034,6.005100250244141
2013-01-17,2.84237003326416,6.130575180053711
2013-01-18,2.8483123779296875,6.123502254486084
2013-01-21,2.84237003326416,6.079324245452881
2013-01-22,2.84237003326416,6.079324245452881
2013-01-23,2.872079372406006,6.0704874992370605
2013-01-24,2.864157199859619,6.1111345291137695
2013-01-28,2.872079372406006,5.96091365814209
2013-01-29,2.872079372406006,5.969756603240967
2013-01-30,2.8621764183044434,5.86372184753418
2013-01-31,2.84237003326416,5.918506145477295
2013-02-01,2.8621764183044434,5.8875627517700195
2013-02-04,2.854253053665161,5.772638320922852
2013-02-05,2.852271318435669,5.907011032104492
2013-02-06,2.872079372406006,5.788550853729248
2013-02-07,2.852271318435669,5.7779459953308105
2013-02-08,2.8225624561309814,5.8345232009887695
2013-02-13,2.8621764183044434,5.788550853729248
2013-02-14,2.868119478225708,5.737282752990723
2013-02-15,2.852271318435669,6.1350884437561035
2013-02-18,2.9116952419281006,6.105031490325928
2013-02-19,2.852271318435669,5.986572742462158
2013-02-20,2.852271318435669,5.857506275177002
2013-02-21,2.909714698791504,5.799160480499268
2013-02-22,2.8740603923797607,5.9759650230407715
2013-02-25,2.856234550476074,6.090885639190674
2013-02-26,2.8621764183044434,5.958279609680176
2013-02-27,2.854253053665161,6.011324405670166
2013-02-28,2.878021240234375,6.02016544342041
2013-03-01,2.8353936672210693,6.0776519775390625
2013-03-04,2.8353936672210693,6.0351996421813965
2013-03-05,2.849271059036255,6.0776519775390625
2013-03-06,2.9164416790008545,6.224760055541992
2013-03-07,2.9204440116882324,6.264109134674072
2013-03-08,2.9004387855529785,6.487695693969727
2013-03-11,2.918440818786621,6.4394049644470215
2013-03-12,2.8804373741149902,6.369639873504639
2013-03-13,2.8804373741149902,6.376796722412109
2013-03-14,2.9164416790008545,6.328505992889404
2013-03-15,2.8804373741149902,6.366065979003906
2013-03-18,2.9204440116882324,6.493068218231201
2013-03-19,2.928445339202881,6.394683361053467
2013-03-20,2.8804373741149902,6.391105651855469
2013-03-21,2.8804373741149902,6.385744571685791
2013-03-22,2.8604323863983154,6.332078456878662
2013-03-25,2.8624329566955566,6.332078456878662
2013-03-26,2.8784356117248535,6.3750081062316895
2013-03-27,2.9464473724365234,6.326712131500244
2013-03-28,2.882436752319336,6.489486217498779
2013-04-01,2.8804373741149902,6.374067306518555
2013-04-02,2.930443286895752,6.268486022949219
2013-04-03,2.8804373741149902,6.1969099044799805
2013-04-04,2.882436752319336,6.066281318664551
2013-04-05,2.858433485031128,6.066281318664551
2013-04-08,2.8804373741149902,6.019754409790039
2013-04-09,2.8804373741149902,6.137855052947998
2013-04-10,2.8804373741149902,6.148592948913574
2013-04-11,2.9204440116882324,6.1468048095703125
2013-04-12,2.8424293994903564,6.034069538116455
2013-04-15,2.8804373741149902,5.976807594299316
2013-04-16,2.944445848464966,6.084169387817383
2013-04-17,2.8804373741149902,5.941013813018799
2013-04-18,2.8804373741149902,5.864070415496826
2013-04-19,2.9164416790008545,5.992909908294678
2013-04-22,2.9164416790008545,5.9696502685546875
2013-04-23,2.8604323863983154,6.003648281097412
2013-04-24,2.8804373741149902,6.039440155029297
2013-04-25,2.930443286895752,6.043014049530029
2013-04-26,2.930443286895752,6.043014049530029
2013-04-29,2.9104413986206055,5.976807594299316
2013-04-30,2.9124419689178467,6.102066516876221
2013-05-02,2.9704513549804688,6.042093753814697
2013-05-03,2.917642593383789,6.059995174407959
2013-05-06,2.9484469890594482,6.042093753814697
2013-05-07,2.9704513549804688,6.2264885902404785
2013-05-08,2.943063974380493,6.206797122955322
2013-05-09,3.0300188064575195,6.244392395019531
2013-05-10,2.867257833480835,6.136981964111328
2013-05-13,2.956439256668091,6.113705635070801
2013-05-14,3.0255582332611084,6.10475492477417
2013-05-15,2.9876537322998047,6.170994281768799
2013-05-16,2.9876537322998047,6.0940117835998535
2013-05-17,3.009950876235962,6.122657299041748
2013-05-20,3.0322482585906982,5.65002965927124
2013-05-21,3.043394088745117,6.311527252197266
2013-05-22,2.9698190689086914,6.469069480895996
2013-05-23,3.041163444519043,6.411962509155273
2013-05-24,2.9876537322998047,6.4218058586120605
2013-05-27,2.9876537322998047,6.362729549407959
2013-05-28,2.980966567993164,6.394233226776123
2013-05-29,3.009950876235962,6.301682472229004
2013-05-31,3.0634610652923584,6.2229084968566895
2013-06-03,2.9864563941955566,6.28497314453125
2013-06-04,3.0288658142089844,6.304676055908203
2013-06-05,2.979759931564331,6.145086288452148
2013-06-06,2.99092173576355,6.233749866485596
2013-06-07,3.0310966968536377,6.127357482910156
2013-06-10,2.99538516998291,6.117505073547363
2013-06-11,3.011009454727173,5.950035572052002
2013-06-12,3.01324200630188,5.959888935089111
2013-06-13,3.01324200630188,5.912600517272949
2013-06-14,2.99092173576355,5.910628795623779
2013-06-17,2.99538516998291,5.902754783630371
2013-06-18,2.99092173576355,5.837734222412109
2013-06-19,2.99092173576355,5.814092636108398
2013-06-20,2.8391425609588623,5.804242134094238
2013-06-21,2.792269229888916,5.699820041656494
2013-06-24,2.7900383472442627,5.571756839752197
2013-06-25,2.845839262008667,5.555993556976318
2013-06-26,2.9462804794311523,5.575698375701904
2013-06-27,2.8636953830718994,5.689967155456543
2013-06-28,2.9462804794311523,5.753015995025635
2013-07-01,2.9886882305145264,5.67515230178833
2013-07-02,2.9038712978363037,5.47606086730957
2013-07-03,2.901638984680176,5.411005973815918
2013-07-04,2.901638984680176,5.517453193664551
2013-07-05,2.9239614009857178,5.318362712860107
2013-07-08,2.9239614009857178,5.306530952453613
2013-07-10,2.901638984680176,5.306530952453613
2013-07-11,2.879318952560425,5.385380744934082
2013-07-12,2.939584493637085,5.393266201019287
2013-07-15,2.879318952560425,5.470146179199219
2013-07-16,2.861462116241455,5.493802070617676
2013-07-17,2.901638984680176,5.545053005218506
2013-07-18,2.9239614009857178,5.570678234100342
2013-07-19,2.9061036109924316,5.5726447105407715
2013-07-22,2.9061036109924316,5.677124977111816
2013-07-23,2.861462116241455,5.740200996398926
2013-07-24,2.9239614009857178,5.627841472625732
2013-07-25,2.845839262008667,5.671209335327148
2013-07-26,2.845839262008667,5.671209335327148
2013-07-29,2.9239614009857178,5.659383296966553
2013-07-30,3.147163152694702,5.775683879852295
2013-07-31,2.9529755115509033,5.665294170379639
2013-08-01,2.9574403762817383,5.891117572784424
2013-08-02,2.9462804794311523,5.8575897216796875
2013-08-05,3.01324200630188,5.697837829589844
2013-08-06,2.993152141571045,5.516393661499023
2013-08-07,2.9395244121551514,5.587584018707275
2013-08-08,2.883424758911133,5.7668657302856445
2013-08-09,2.961963176727295,5.76885986328125
2013-08-12,2.984400749206543,5.966065406799316
2013-08-13,2.973181962966919,5.9401702880859375
2013-08-14,2.8946456909179688,5.8983354568481445
2013-08-15,2.8946456909179688,5.854514122009277
2013-08-16,2.8071320056915283,5.806705951690674
2013-08-19,2.6971802711486816,5.713080406188965
2013-08-20,2.7218637466430664,5.6632819175720215
2013-08-21,2.867717742919922,5.559693813323975
2013-08-22,2.7016687393188477,5.5298171043396
2013-08-23,2.65230393409729,5.754915714263916
2013-08-26,2.6926920413970947,5.603520393371582
2013-08-27,2.6321067810058594,5.535791873931885
2013-08-28,2.661278247833252,5.497942924499512
2013-08-29,2.582740068435669,5.513882637023926
2013-08-30,2.582740068435669,5.595556259155273
2013-09-02,2.5434207916259766,5.687183856964111
2013-09-03,2.496237277984619,5.595556259155273
2013-09-04,2.520953893661499,5.6712470054626465
2013-09-05,2.493990898132324,5.754915714263916
2013-09-06,2.493990898132324,5.738976001739502
2013-09-09,2.493990898132324,5.916266441345215
2013-09-10,2.5681369304656982,5.95012903213501
2013-09-11,2.487250328063965,6.001923084259033
2013-09-12,2.487250328063965,5.892360687255859
2013-09-13,2.4220917224884033,5.9481353759765625
2013-09-16,2.359180450439453,6.003915786743164
2013-09-17,2.3479461669921875,6.013875484466553
2013-09-18,2.4265851974487305,6.205113410949707
2013-09-19,2.356933832168579,6.115466594696045
2013-09-20,2.314243793487549,6.051723957061768
2013-09-23,2.3254778385162354,6.067661285400391
2013-09-24,2.235604763031006,6.0557050704956055
2013-09-25,2.2468392848968506,6.005909442901611
2013-09-26,2.359180450439453,6.025827407836914
2013-09-27,2.3816487789154053,6.091564178466797
2013-09-30,2.370415210723877,6.001923084259033
2013-10-01,2.3546862602233887,6.02285099029541
2013-10-02,2.3546862602233887,5.965053558349609
2013-10-03,2.3344645500183105,5.969038009643555
2013-10-04,2.359180450439453,5.988971710205078
2013-10-07,2.3524398803710938,5.969038009643555
2013-10-08,2.2580721378326416,5.969038009643555
2013-10-09,2.3524398803710938,6.03480863571167
2013-10-10,2.359180450439453,6.100578784942627
2013-10-11,2.3816487789154053,5.979003429412842
2013-10-14,2.3816487789154053,6.0387959480285645
2013-10-15,2.3816487789154053,6.0666937828063965
2013-10-16,2.3816487789154053,6.116522789001465
2013-10-17,2.3816487789154053,6.170332431793213
2013-10-18,2.3816487789154053,6.31582498550415
2013-10-21,2.327725648880005,6.198238849639893
2013-10-22,2.3030099868774414,6.325787544250488
2013-10-23,2.291776180267334,6.238093376159668
2013-10-24,2.3232319355010986,6.198238849639893
2013-10-25,2.3232319355010986,6.198238849639893
2013-10-28,2.3344645500183105,6.218160152435303
2013-10-29,2.3726613521575928,6.50117301940918
2013-10-30,2.307504415512085,6.495190143585205
2013-10-31,2.332218885421753,6.505153179168701
2013-11-01,2.3344645500183105,6.432377338409424
2013-11-04,2.359180450439453,6.488209247589111
2013-11-05,2.399623155593872,6.348633766174316
2013-11-06,2.39288330078125,6.306763172149658
2013-11-07,2.3816487789154053,6.238971710205078
2013-11-08,2.359180450439453,6.043562889099121
2013-11-11,2.361428737640381,6.081449031829834
2013-11-12,2.3794023990631104,6.073472023010254
2013-11-13,2.3794023990631104,6.236973762512207
2013-11-14,2.3367116451263428,6.298785209655762
2013-11-18,2.314243793487549,6.382528781890869
2013-11-19,2.3232319355010986,6.199090957641602
2013-11-21,2.341205358505249,6.171175003051758
2013-11-22,2.314243793487549,6.099393844604492
2013-11-25,2.156965732574463,5.917945861816406
2013-11-26,2.199655294418335,6.0595173835754395
2013-11-27,2.2648143768310547,6.171175003051758
2013-11-28,2.2670607566833496,6.171175003051758
2013-11-29,2.287283420562744,6.101390838623047
2013-12-02,2.261404275894165,6.026577472686768
2013-12-03,2.261404275894165,5.962742805480957
2013-12-04,2.2839066982269287,5.864990711212158
2013-12-05,2.2951581478118896,5.805144309997559
2013-12-06,2.3424112796783447,5.862998008728027
2013-12-09,2.3401596546173096,5.862998008728027
2013-12-10,2.2726550102233887,5.884946346282959
2013-12-11,2.2096517086029053,5.755270481109619
2013-12-12,2.1916513442993164,5.7053961753845215
2013-12-13,2.171398401260376,5.777215480804443
2013-12-16,2.2141518592834473,5.785193920135498
2013-12-17,2.2951581478118896,5.741312503814697
2013-12-18,2.362661838531494,5.787191867828369
2013-12-19,2.4099152088165283,5.912872791290283
2013-12-20,2.3986637592315674,5.841057777404785
2013-12-23,2.4839587211608887,5.8859734535217285
2013-12-26,2.4953010082244873,5.896015644073486
2013-12-27,2.6722412109375,5.859856128692627
2013-12-30,2.8809378147125244,5.912088394165039
2014-01-02,2.7720515727996826,5.91510009765625
2014-01-03,2.744830846786499,5.858823776245117
2014-01-06,2.67677640914917,5.854804992675781
2014-01-07,2.586038589477539,5.818624496459961
2014-01-08,2.674508810043335,5.878922939300537
2014-01-09,2.6472878456115723,5.702052116394043
2014-01-10,2.4998388290405273,5.738234996795654
2014-01-13,2.4227094650268555,5.718131065368652
2014-01-14,2.3614625930786133,5.792498588562012
2014-01-15,2.395488739013672,5.826663970947266
2014-01-16,2.3614625930786133,5.667886734008789
2014-01-17,2.3138251304626465,5.569400310516357
2014-01-20,2.291139602661133,5.460865020751953
2014-01-21,2.279796600341797,5.5070953369140625
2014-01-22,2.268455743789673,5.563365936279297
2014-01-23,2.268455743789673,5.442776203155518
2014-01-24,2.254844903945923,5.340273857116699
2014-01-27,2.177717685699463,5.4467997550964355
2014-01-28,2.2004010677337646,5.438759803771973
2014-01-29,2.134615659713745,5.332235336303711
2014-01-30,2.152764081954956,5.360374450683594
2014-01-31,2.2004010677337646,5.539251804351807
2014-02-03,2.0847103595733643,5.407535552978516
2014-02-04,2.214012861251831,5.8016862869262695
2014-02-05,2.139153242111206,5.755435943603516
2014-02-06,2.1754486560821533,5.876093864440918
2014-02-07,2.1663742065429688,5.843913555145264
2014-02-10,2.1210062503814697,5.805708885192871
2014-02-11,2.1323482990264893,5.872066497802734
2014-02-12,2.0983214378356934,5.829838752746582
2014-02-13,2.1958651542663574,5.813746929168701
2014-02-14,2.1278109550476074,5.872066497802734
2014-02-17,2.116469144821167,5.7855987548828125
2014-02-18,2.0801734924316406,5.737334728240967
2014-02-19,2.0588929653167725,5.985949516296387
2014-02-20,2.088534355163574,5.899907112121582
2014-02-21,2.0748534202575684,5.961367130279541
2014-02-24,2.056612730026245,5.961367130279541
2014-02-25,2.02925181388855,5.961367130279541
2014-02-26,2.0064518451690674,5.947025775909424
2014-02-27,2.0748534202575684,5.961367130279541
2014-02-28,2.0702927112579346,5.957270622253418
2014-03-05,2.002920150756836,5.939849376678467
2014-03-06,2.0965569019317627,6.107916831970215
2014-03-07,2.055448055267334,5.999292850494385
2014-03-10,1.9663784503936768,5.919351577758789
2014-03-11,2.0120558738708496,5.984942436218262
2014-03-12,2.0326104164123535,5.917301654815674
2014-03-13,2.021191358566284,5.892705917358398
2014-03-14,2.009772539138794,5.779977798461914
2014-03-17,1.9937851428985596,5.904999256134033
2014-03-18,1.996068000793457,6.075124263763428
2014-03-19,2.002920150756836,6.027981281280518
2014-03-20,2.103408098220825,6.0648722648620605
2014-03-21,2.1422340869903564,6.046431541442871
2014-03-24,2.169639825820923,6.275989055633545
2014-03-25,2.0805699825286865,6.2554931640625
2014-03-26,2.1924781799316406,6.349776744842529
2014-03-27,2.1993296146392822,6.41331672668457
2014-03-28,2.2153165340423584,6.4440598487854
2014-03-31,2.283832311630249,6.540393352508545
2014-04-01,2.260993003845215,6.492199420928955
2014-04-02,2.3500630855560303,6.713665008544922
2014-04-03,2.3523457050323486,6.664454936981201
2014-04-04,2.3249404430389404,6.666504859924316
2014-04-07,2.3295085430145264,6.828500270843506
2014-04-08,2.3089542388916016,6.797741413116455
2014-04-09,2.3089542388916016,6.6583027839660645
2014-04-10,2.2107481956481934,6.746474266052246
2014-04-11,2.201612949371338,6.838751316070557
2014-04-14,2.1810598373413086,6.72596549987793
2014-04-15,2.1285312175750732,6.602933883666992
2014-04-16,2.169639825820923,6.656245708465576
2014-04-17,2.226736068725586,6.810046672821045
2014-04-22,2.1924781799316406,6.818242073059082
2014-04-23,2.1810598373413086,6.869513988494873
2014-04-24,2.2107481956481934,7.088924884796143
2014-04-25,2.2107481956481934,7.148399353027344
2014-04-28,2.1810598373413086,7.045864582061768
2014-04-29,2.1924781799316406,7.06021785736084
2014-04-30,2.17649245262146,7.043813705444336
2014-05-02,2.169639825820923,7.040738105773926
2014-05-05,2.1931629180908203,7.225370407104492
2014-05-06,2.2107481956481934,7.221267223358154
2014-05-07,2.3037009239196777,7.200752258300781
2014-05-08,2.263505220413208,7.141254901885986
2014-05-09,2.258481025695801,7.057149887084961
2014-05-12,2.238382577896118,7.163825035095215
2014-05-13,2.2107481956481934,7.131010055541992
2014-05-14,2.2710421085357666,7.147416591644287
2014-05-15,2.2685296535491943,7.096128940582275
2014-05-16,2.2986769676208496,7.077658176422119
2014-05-19,2.2685296535491943,7.077658176422119
2014-05-20,2.243407726287842,6.950470447540283
2014-05-21,2.2107481956481934,6.819171905517578
2014-05-22,2.2182857990264893,6.9176459312438965
2014-05-23,2.215772867202759,6.821223735809326
2014-05-26,2.2358720302581787,6.757631778717041
2014-05-27,2.1831154823303223,6.786348819732666
2014-05-28,2.2760660648345947,6.800710201263428
2014-05-29,2.2032124996185303,6.780191898345947
2014-05-30,2.2006993293762207,6.63043212890625
2014-06-02,2.176793098449707,6.629412651062012
2014-06-03,2.1541450023651123,6.664304256439209
2014-06-04,2.1516287326812744,6.615042209625244
2014-06-05,2.139045238494873,6.026736736297607
2014-06-06,2.1944077014923096,6.734700679779053
2014-06-09,2.2598378658294678,6.888223171234131
2014-06-10,2.285003185272217,6.971760272979736
2014-06-11,2.335333824157715,7.104964256286621
2014-06-13,2.315201997756958,7.064326286315918
2014-06-16,2.3051364421844482,7.012392997741699
2014-06-17,2.269904375076294,6.992077350616455
2014-06-18,2.3051364421844482,7.086900234222412
2014-06-20,2.315201997756958,6.919833183288574
2014-06-23,2.267387628555298,6.93563985824585
2014-06-24,2.277453899383545,6.974018573760986
2014-06-25,2.2422220706939697,6.852102279663086
2014-06-26,2.227123260498047,6.8656487464904785
2014-06-27,2.1742775440216064,6.834040641784668
2014-06-30,2.189375877380371,6.836294651031494
2014-07-01,2.204474687576294,6.828393936157227
2014-07-02,2.1616950035095215,6.774178981781006
2014-07-03,2.1742775440216064,6.778697967529297
2014-07-04,2.2145397663116455,6.762884616851807
2014-07-07,2.2145397663116455,6.778697967529297
2014-07-08,2.176793098449707,6.789993762969971
2014-07-10,2.264871120452881,7.013612747192383
2014-07-11,2.302619457244873,7.054275035858154
2014-07-14,2.2950685024261475,7.203352451324463
2014-07-15,2.300102949142456,7.239499092102051
2014-07-16,2.277453899383545,7.137850761413574
2014-07-17,2.2875208854675293,7.122034072875977
2014-07-18,2.3630170822143555,7.404390335083008
2014-07-21,2.390697956085205,7.4811882972717285
2014-07-22,2.390697956085205,7.512811183929443
2014-07-23,2.378115653991699,7.510549545288086
2014-07-24,2.3982465267181396,7.625752925872803
2014-07-25,2.420895576477051,7.609940052032471
2014-07-28,2.408313274383545,7.607680797576904
2014-07-29,2.423413038253784,7.589611053466797
2014-07-30,2.4385101795196533,7.6460795402526855
2014-07-31,2.403280258178711,7.499256134033203
2014-08-01,2.360499620437622,7.475530624389648
2014-08-04,2.390697956085205,7.5478434562683105
2014-08-05,2.423413038253784,7.6224212646484375
2014-08-06,2.390697956085205,7.672138214111328
2014-08-07,2.3856639862060547,7.579483985900879
2014-08-08,2.37056565284729,7.522988319396973
2014-08-11,2.4385101795196533,7.6133809089660645
2014-08-12,2.453611373901367,7.6269402503967285
2014-08-13,2.360499620437622,7.455191612243652
2014-08-14,2.42193603515625,7.593410491943359
2014-08-15,2.493018627166748,7.702964782714844
2014-08-18,2.5488734245300293,7.771433353424072
2014-08-19,2.5463335514068604,7.983699321746826
2014-08-20,2.5615668296813965,8.03390121459961
2014-08-21,2.5844149589538574,8.095527648925781
2014-08-22,2.589491367340088,8.031620979309082
2014-08-25,2.652958869934082,8.177698135375977
2014-08-26,2.6504194736480713,8.186824798583984
2014-08-27,2.7925896644592285,8.421910285949707
2014-08-28,2.7316606044769287,8.360286712646484
2014-08-29,2.7545082569122314,8.49038314819336
2014-09-01,2.7989985942840576,8.50522232055664
2014-09-02,2.824418544769287,8.772363662719727
2014-09-03,2.7888283729553223,8.646784782409668
2014-09-04,2.7964560985565186,8.219810485839844
2014-09-05,2.7964560985565186,8.107930183410645
2014-09-08,2.7710323333740234,8.002902030944824
2014-09-09,2.7201879024505615,7.852208137512207
2014-09-10,2.646463632583618,7.861335754394531
2014-09-11,2.6693432331085205,7.7517409324646
2014-09-12,2.59561824798584,7.559943675994873
2014-09-15,2.6210408210754395,7.628440856933594
2014-09-16,2.743067979812622,7.877317428588867
2014-09-17,2.76594877243042,7.911565780639648
2014-09-18,2.70747709274292,7.792832851409912
2014-09-19,2.7023942470550537,7.64899206161499
2014-09-22,2.58036470413208,7.580491065979004
2014-09-23,2.5549428462982178,7.564504146575928
2014-09-24,2.58036470413208,7.546246528625488
2014-09-25,2.5168092250823975,7.525697708129883
2014-09-26,2.613415479660034,7.7060723304748535
2014-09-29,2.407493829727173,7.285947799682617
2014-09-30,2.29055118560791,7.171785354614258
2014-10-01,2.351564884185791,6.914794445037842
2014-10-02,2.384613513946533,7.072418689727783
2014-10-03,2.3896985054016113,7.184347152709961
2014-10-06,2.58036470413208,7.540712356567383
2014-10-07,2.6413803100585938,7.584116458892822
2014-10-08,2.557486057281494,7.403645992279053
2014-10-09,2.6159567832946777,7.472182273864746
2014-10-10,2.445627212524414,7.264299392700195
2014-10-13,2.6591734886169434,7.6914777755737305
2014-10-14,2.994749069213867,7.812549114227295
2014-10-15,2.567655324935913,7.501877307891846
2014-10-16,2.4786767959594727,7.3168439865112305
2014-10-17,2.549858570098877,7.405933380126953
2014-10-20,2.514268159866333,7.309993743896484
2014-10-21,2.3642756938934326,6.9399237632751465
2014-10-22,2.4583373069763184,6.896518230438232
2014-10-23,2.338853120803833,6.617828369140625
2014-10-24,2.3896985054016113,6.7937164306640625
2014-10-27,2.351564884185791,6.592696189880371
2014-10-28,2.3896985054016113,6.878246784210205
2014-10-29,2.2981770038604736,6.709197998046875
2014-10-30,2.4354586601257324,7.246026992797852
2014-10-31,2.5168092250823975,7.465327262878418
2014-11-03,2.4964699745178223,7.418471813201904
2014-11-04,2.52189564704895,7.535031318664551
2014-11-05,2.5524017810821533,7.564741134643555
2014-11-06,2.4532525539398193,7.272213459014893
2014-11-07,2.5168092250823975,7.313349723815918
2014-11-10,2.4863016605377197,7.359055519104004
2014-11-11,2.468507766723633,7.359055519104004
2014-11-12,2.52189564704895,7.359055519104004
2014-11-13,2.4913878440856934,7.194502353668213
2014-11-14,2.4888458251953125,7.203642845153809
2014-11-17,2.4278316497802734,7.123651027679443
2014-11-18,2.4913878440856934,7.317923069000244
2014-11-19,2.5701968669891357,7.553315162658691
2014-11-21,2.745609760284424,8.067534446716309
2014-11-24,2.6235830783843994,7.884698867797852
2014-11-25,2.7303569316864014,7.964690208435059
2014-11-26,2.6744282245635986,7.8527092933654785
2014-11-27,2.7023942470550537,7.861844539642334
2014-11-28,2.6566319465637207,7.816134452819824
2014-12-01,2.5484325885772705,7.545198440551758
2014-12-02,2.530611276626587,7.444590091705322
2014-12-03,2.591712474822998,7.46288537979126
2014-12-04,2.484785556793213,7.442307949066162
2014-12-05,2.596804141998291,7.552057266235352
2014-12-08,2.4796931743621826,7.408009052276611
2014-12-09,2.4975154399871826,7.426302909851074
2014-12-10,2.4669628143310547,7.250247001647949
2014-12-11,2.4695098400115967,7.305123329162598
2014-12-12,2.4415056705474854,6.939292907714844
2014-12-15,2.283660411834717,6.811254501342773
2014-12-16,2.3040268421173096,6.724373817443848
2014-12-17,2.380404472351074,7.044467449188232
2014-12-18,2.3473074436187744,6.9255757331848145
2014-12-19,2.4796931743621826,7.051334857940674
2014-12-22,2.504122018814087,7.247966289520264
2014-12-23,2.527118682861328,7.277687072753906
2014-12-26,2.491344928741455,7.245677947998047
2014-12-29,2.481123924255371,7.284540176391602
2014-12-30,2.4785683155059814,7.385148525238037
2015-01-02,2.4146885871887207,7.0912041664123535
2015-01-05,2.376359701156616,7.011142253875732
2015-01-06,2.4249093532562256,7.079766273498535
2015-01-07,2.4887900352478027,7.239891529083252
2015-01-08,2.504122018814087,7.342832565307617
2015-01-09,2.50156569480896,7.253615379333496
2015-01-12,2.376359701156616,7.015717506408691
2015-01-13,2.3993566036224365,6.9516706466674805
2015-01-14,2.4274649620056152,6.969971656799316
2015-01-15,2.3584747314453125,7.008856773376465
2015-01-16,2.4504623413085938,7.114079475402832
2015-01-19,2.309924602508545,6.908208847045898
2015-01-20,2.376359701156616,6.807552814483643
2015-01-21,2.4146885871887207,7.056892395019531
2015-01-22,2.527118682861328,7.045454502105713
2015-01-23,2.4632365703582764,7.059181213378906
2015-01-26,2.453016519546509,7.056892395019531
2015-01-27,2.4683480262756348,7.050030708312988
2015-01-28,2.529672861099243,6.988269805908203
2015-01-29,2.389136791229248,6.93794584274292
2015-01-30,2.422353982925415,6.88762092590332
2015-02-02,2.363584280014038,6.980306625366211
2015-02-03,2.40702223777771,7.09473991394043
2015-02-04,2.5245625972747803,7.328181743621826
2015-02-05,2.5322282314300537,7.316735744476318
2015-02-06,2.522007703781128,7.312160015106201
2015-02-09,2.527118682861328,7.323606491088867
2015-02-10,2.529672861099243,7.245789051055908
2015-02-11,2.4952027797698975,7.242096900939941
2015-02-12,2.5531094074249268,7.338502883911133
2015-02-13,2.6294400691986084,7.571281433105469
2015-02-18,2.6583919525146484,7.571281433105469
2015-02-19,2.6768155097961426,7.637120723724365
2015-02-20,2.674184560775757,7.641819000244141
2015-02-23,2.6347038745880127,7.747633934020996
2015-02-24,2.6847116947174072,7.7546820640563965
2015-02-25,2.7110328674316406,7.759392261505127
2015-02-26,2.7110328674316406,7.801715850830078
2015-02-27,2.747882604598999,7.695906639099121
2015-03-02,2.6806671619415283,7.668856143951416
2015-03-03,2.6885745525360107,7.748833179473877
2015-03-04,2.651674509048462,7.777063846588135
2015-03-05,2.633223533630371,7.753540992736816
2015-03-06,2.6042275428771973,7.560642719268799
2015-03-09,2.583141803741455,7.386560916900635
2015-03-10,2.464526653289795,7.151322841644287
2015-03-11,2.4777064323425293,7.339517593383789
2015-03-12,2.530423879623413,7.384211540222168
2015-03-13,2.498792886734009,7.363039493560791
2015-03-16,2.514608144760132,7.417148113250732
2015-03-17,2.583141803741455,7.5747528076171875
2015-03-18,2.6490378379821777,7.730014324188232
2015-03-19,2.609499454498291,7.664146900177002
2015-03-20,2.643765449523926,7.6923747062683105
2015-03-23,2.722841262817383,7.645323276519775
2015-03-24,2.6674880981445312,7.602982997894287
2015-03-25,2.6885745525360107,7.602982997894287
2015-03-26,2.6174070835113525,7.51594877243042
2015-03-27,2.5567827224731445,7.506532669067383
2015-03-30,2.654308795928955,7.645323276519775
2015-03-31,2.662216901779175,7.570052623748779
2015-04-01,2.7281134128570557,7.790104389190674
2015-04-02,2.7781941890716553,7.874828815460205
2015-04-06,2.8071892261505127,8.001921653747559
2015-04-07,2.870450973510742,8.03957462310791
2015-04-08,2.870450973510742,8.072525978088379
2015-04-09,2.7412917613983154,8.048980712890625
2015-04-10,2.7913732528686523,7.950141906738281
2015-04-13,2.801917552947998,7.952497482299805
2015-04-14,2.7702863216400146,7.959557056427002
2015-04-15,2.8177330493927,7.980740070343018
2015-04-16,2.7808303833007812,8.032511711120605
2015-04-17,2.7412917613983154,7.980740070343018
2015-04-20,2.7281134128570557,7.825406074523926
2015-04-22,2.707026481628418,7.992507457733154
2015-04-23,2.7412917613983154,8.147834777832031
2015-04-24,2.8309106826782227,8.345529556274414
2015-04-27,2.794011116027832,8.129005432128906
2015-04-28,2.7597436904907227,8.190197944641113
2015-04-29,2.722841262817383,8.129005432128906
2015-04-30,2.7597436904907227,8.164311408996582
2015-05-04,2.8309106826782227,8.358558654785156
2015-05-05,2.7573719024658203,8.311469078063965
2015-05-06,2.710980176925659,8.193741798400879
2015-05-07,2.774768352508545,8.158421516418457
2015-05-08,2.80666184425354,8.358558654785156
2015-05-11,2.7776684761047363,8.212574005126953
2015-05-12,2.7834665775299072,8.21493148803711
2015-05-13,2.754472255706787,8.205514907836914
2015-05-14,2.760270118713379,8.240833282470703
2015-05-15,2.8153603076934814,8.393877983093262
2015-05-18,2.7515735626220703,8.26673412322998
2015-05-19,2.8008625507354736,8.170196533203125
2015-05-20,2.68198561668396,8.090142250061035
2015-05-21,2.6964833736419678,7.944161891937256
2015-05-22,2.6645898818969727,7.873525142669678
2015-05-25,2.6558899879455566,7.845271587371826
2015-05-26,2.5747058391571045,7.706357955932617
2015-05-27,2.6471922397613525,7.828789234161377
2015-05-28,2.577606201171875,7.7628679275512695
2015-05-29,2.551510810852051,7.642784595489502
2015-06-01,2.5558676719665527,7.49791145324707
2015-06-02,2.6226680278778076,7.676940441131592
2015-06-03,2.6081461906433105,7.592138767242432
2015-06-05,2.570389747619629,7.490850925445557
2015-06-08,2.538440227508545,7.455513954162598
2015-06-09,2.54134464263916,7.394264221191406
2015-06-10,2.68656587600708,7.573291778564453
2015-06-11,2.5123016834259033,7.5238237380981445
2015-06-12,2.54134464263916,7.519115447998047
2015-06-15,2.5558676719665527,7.467288970947266
2015-06-16,2.6081461906433105,7.608625411987305
2015-06-17,2.5761990547180176,7.530895709991455
2015-06-18,2.631380558013916,7.655738830566406
2015-06-19,2.579102039337158,7.6180500984191895
2015-06-22,2.6197638511657715,7.5944929122924805
2015-06-23,2.570389747619629,7.70520544052124
2015-06-24,2.60233736038208,7.73818302154541
2015-06-25,2.544250011444092,7.674587249755859
2015-06-26,2.550058603286743,7.773519992828369
2015-06-29,2.5645804405212402,7.665164947509766
2015-06-30,2.60233736038208,7.8229851722717285
2015-07-01,2.5994324684143066,7.767607688903809
2015-07-02,2.5878171920776367,7.798244476318359
2015-07-03,2.59362530708313,7.795889377593994
2015-07-06,2.5645804405212402,7.64034366607666
2015-07-07,2.558772325515747,7.682766914367676
2015-07-08,2.5732932090759277,7.593212604522705
2015-07-10,2.613954782485962,7.767607688903809
2015-07-13,2.6052424907684326,7.831233978271484
2015-07-14,2.6168599128723145,7.821102142333984
2015-07-15,2.6081461906433105,7.673333168029785
2015-07-16,2.613954782485962,7.6966657638549805
2015-07-17,2.5878171920776367,7.569643020629883
2015-07-20,2.5849123001098633,7.556682109832764
2015-07-21,2.5965282917022705,7.543722152709961
2015-07-22,2.547153949737549,7.362255096435547
2015-07-23,2.430979013442993,7.149686336517334
2015-07-24,2.41064715385437,7.077102184295654
2015-07-27,2.393221139907837,7.191164016723633
2015-07-28,2.3816044330596924,7.271523952484131
2015-07-29,2.4484050273895264,7.351890563964844
2015-07-30,2.358367919921875,7.198943138122559
2015-07-31,2.4687347412109375,7.388181686401367
2015-08-03,2.433881998062134,7.464691162109375
2015-08-04,2.3903164863586426,7.228669166564941
2015-08-05,2.3612725734710693,7.179384231567383
2015-08-06,2.308995008468628,7.215701580047607
2015-08-07,2.256714105606079,7.052292346954346
2015-08-10,2.3816044330596924,7.197540760040283
2015-08-11,2.3235158920288086,7.057484149932861
2015-08-12,2.2480008602142334,6.834422588348389
2015-08-13,2.349775791168213,6.859655857086182
2015-08-14,2.261659860610962,6.712479591369629
2015-08-17,2.261659860610962,6.688820838928223
2015-08-18,2.2322866916656494,6.872796535491943
2015-08-19,2.194103240966797,6.665166854858398
2015-08-20,2.2264130115509033,6.62311315536499
2015-08-21,2.176481008529663,6.659913063049316
2015-08-24,2.1382956504821777,6.528499603271484
2015-08-25,2.15004563331604,6.444398880004883
2015-08-26,2.2352240085601807,6.822859764099121
2015-08-27,2.279283046722412,7.004209518432617
2015-08-28,2.2352240085601807,6.89907693862915
2015-08-31,2.158856153488159,6.594203472137451
2015-09-01,2.1191229820251465,6.498217582702637
2015-09-02,2.1603283882141113,6.703340530395508
2015-09-03,2.2868878841400146,6.897947311401367
2015-09-04,2.1927030086517334,6.648110389709473
2015-09-08,2.2221364974975586,6.616559982299805
2015-09-09,2.2515692710876465,6.687562942504883
2015-09-10,2.2074196338653564,6.553439617156982
2015-09-11,2.177987575531006,6.516628265380859
2015-09-14,2.310432195663452,6.75856351852417
2015-09-15,2.292773485183716,6.995250701904297
2015-09-16,2.36635422706604,7.139884948730469
2015-09-17,2.331036329269409,6.98472785949707
2015-09-18,2.2221364974975586,6.813786506652832
2015-09-21,2.216249465942383,6.563960552215576
2015-09-22,2.26039719581604,6.727006912231445
2015-09-23,2.169158458709717,6.535032272338867
2015-09-24,2.198590040206909,6.508733749389648
2015-09-25,2.148555278778076,6.429838180541992
2015-09-28,2.1632721424102783,6.371984481811523
2015-09-29,2.1927030086517334,6.411431312561035
2015-09-30,2.2397944927215576,6.448254585266113
2015-10-01,2.2633423805236816,6.520614147186279
2015-10-02,2.3457508087158203,6.8048014640808105
2015-10-05,2.316319465637207,6.88638162612915
2015-10-06,2.336920738220215,6.952164649963379
2015-10-07,2.404616594314575,7.125837802886963
2015-10-08,2.3840136528015137,7.165310382843018
2015-10-09,2.419332504272461,7.125837802886963
2015-10-13,2.3339788913726807,6.836381435394287
2015-10-14,2.2751145362854004,6.775862693786621
2015-10-15,2.2692275047302246,6.615344047546387
2015-10-16,2.322204828262329,6.4969329833984375
2015-10-19,2.325148582458496,6.541666507720947
2015-10-20,2.3045456409454346,6.457461833953857
2015-10-21,2.26039719581604,6.489040374755859
2015-10-22,2.298659086227417,6.6574506759643555
2015-10-23,2.2427384853363037,6.746915340423584
2015-10-26,2.2221364974975586,6.5811381340026855
2015-10-27,2.2397944927215576,6.533776760101318
2015-10-28,2.2751145362854004,6.6969170570373535
2015-10-29,2.148555278778076,6.417989730834961
2015-10-30,2.201533079147339,6.525876998901367
2015-11-03,2.336920738220215,6.822088241577148
2015-11-04,2.292773485183716,6.853686809539795
2015-11-05,2.272169589996338,6.943209648132324
2015-11-06,2.2515692710876465,6.8721160888671875
2015-11-09,2.2074196338653564,6.743099689483643
2015-11-10,2.2427384853363037,6.88001823425293
2015-11-11,2.31337571144104,6.956375598907471
2015-11-12,2.3398654460906982,6.945840358734131
2015-11-13,2.292773485183716,6.82735538482666
2015-11-16,2.2427384853363037,6.956375598907471
2015-11-17,2.2957165241241455,7.006394863128662
2015-11-18,2.31337571144104,6.937938690185547
2015-11-19,2.3398654460906982,7.061695098876953
2015-11-23,2.322204828262329,7.138053894042969
2015-11-24,2.3398654460906982,7.056427955627441
2015-11-25,2.2280218601226807,6.82735538482666
2015-11-26,2.2780568599700928,6.845783710479736
2015-11-27,2.2221364974975586,6.711503028869629
2015-11-30,2.2074196338653564,6.672009468078613
2015-12-01,2.2354366779327393,6.691765308380127
2015-12-02,2.2147929668426514,6.586388111114502
2015-12-03,2.320960521697998,6.855108737945557
2015-12-04,2.2767233848571777,6.797149658203125
2015-12-07,2.223639965057373,6.718114376068115
2015-12-08,2.1970973014831543,6.589021682739258
2015-12-09,2.341603994369507,6.878820419311523
2015-12-10,2.2909646034240723,6.886525630950928
2015-12-11,2.28197979927063,6.929019927978516
2015-12-14,2.22208571434021,6.727170467376709
2015-12-15,2.2190914154052734,6.727170467376709
2015-12-16,2.2011215686798096,6.602353096008301
2015-12-17,2.2580227851867676,6.8519978523254395
2015-12-18,2.159196376800537,6.376608371734619
2015-12-21,2.1172688007354736,6.365983486175537
2015-12-22,2.1142759323120117,6.4430012702941895
2015-12-23,2.108286142349243,6.48814582824707
2015-12-28,2.129248857498169,6.437686920166016
2015-12-29,2.1382334232330322,6.474871635437012
2015-12-30,2.1052913665771484,6.527988433837891
2016-01-04,2.036411762237549,6.138673782348633
2016-01-05,2.045396327972412,6.268893241882324
2016-01-06,2.069354772567749,6.231686115264893
2016-01-07,2.036411762237549,6.157275676727295
2016-01-08,2.057375192642212,6.2529449462890625
2016-01-11,2.006464958190918,6.093494415283203
2016-01-12,2.0124542713165283,6.08818244934082
2016-01-13,2.0004751682281494,6.210423469543457
2016-01-14,2.0124542713165283,6.189164638519287
2016-01-15,1.9465701580047607,6.0058064460754395
2016-01-18,2.003469944000244,5.939368724822998
2016-01-19,1.9315967559814453,5.878247261047363
2016-01-20,1.901648998260498,5.795866012573242
2016-01-21,1.9375866651535034,5.721457004547119
2016-01-22,1.9375866651535034,5.803844451904297
2016-01-26,1.9555546045303345,5.819784164428711
2016-01-27,1.8956596851348877,5.856986999511719
2016-01-28,2.0154500007629395,5.867617607116699
2016-01-29,2.066359519958496,6.011117935180664
2016-02-01,2.084327459335327,6.201249122619629
2016-02-02,1.9315967559814453,5.850235462188721
2016-02-03,2.036411762237549,6.009792804718018
2016-02-04,2.156200647354126,6.025745391845703
2016-02-05,2.0723490715026855,6.092222213745117
2016-02-10,2.090317487716675,6.089563846588135
2016-02-11,2.036411762237549,5.916715621948242
2016-02-12,2.003469944000244,5.834280014038086
2016-02-15,2.0274274349212646,5.927351474761963
2016-02-16,2.069354772567749,6.049681186676025
2016-02-17,2.0394070148468018,6.057656764984131
2016-02-18,2.036411762237549,6.060313701629639
2016-02-19,2.052351951599121,6.097111225128174
2016-02-22,2.1231210231781006,6.431119441986084
2016-02-23,2.1015825271606445,6.258640766143799
2016-02-24,2.0769662857055664,6.294236183166504
2016-02-25,2.0677361488342285,6.1463847160339355
2016-02-26,2.1015825271606445,6.16281270980835
2016-02-29,2.1538925170898438,6.2175726890563965
2016-03-01,2.1924359798431396,6.49290657043457
2016-03-02,2.247941017150879,6.575094699859619
2016-03-03,2.4329566955566406,6.849053859710693
2016-03-04,2.565551280975342,7.150412559509277
2016-03-07,2.5285484790802,7.188769340515137
2016-03-08,2.553217649459839,7.4435553550720215
2016-03-09,2.5192975997924805,7.249040126800537
2016-03-10,2.6025538444519043,7.501081943511963
2016-03-11,2.6056389808654785,7.665460586547852
2016-03-14,2.5717177391052246,7.640806674957275
2016-03-15,2.4267892837524414,7.290131568908691
2016-03-16,2.3836190700531006,7.084662914276123
2016-03-17,2.5994699001312256,7.761350631713867
2016-03-18,2.5871360301971436,7.706562042236328
2016-03-21,2.6272220611572266,7.7175164222717285
2016-03-22,2.534714937210083,7.602451324462891
2016-03-23,2.4329566955566406,7.194248676300049
2016-03-24,2.451458692550659,7.133976936340332
2016-03-28,2.5717177391052246,7.38054084777832
2016-03-29,2.565551280975342,7.468210220336914
2016-03-30,2.537799596786499,7.457252502441406
2016-03-31,2.4730441570281982,7.317527770996094
2016-04-01,2.4730441570281982,7.403879165649414
2016-04-04,2.4267892837524414,7.058489799499512
2016-04-05,2.3928699493408203,7.085904121398926
2016-04-06,2.3250319957733154,6.970773696899414
2016-04-07,2.3743677139282227,7.127018451690674
2016-04-08,2.5316317081451416,7.4751458168029785
2016-04-11,2.5254640579223633,7.551901817321777
2016-04-12,2.6148898601531982,7.823281288146973
2016-04-13,2.5963871479034424,7.9137349128723145
2016-04-14,2.543966293334961,7.60398006439209
2016-04-15,2.6056389808654785,7.6451005935668945
2016-04-18,2.6148898601531982,7.658808708190918
2016-04-19,2.565551280975342,7.634140491485596
2016-04-20,2.553217649459839,7.593023777008057
2016-04-22,2.494628429412842,7.60398006439209
2016-04-25,2.5069634914398193,7.469663143157959
2016-04-26,2.5748016834259033,7.724594593048096
2016-04-27,2.64264178276062,7.773931980133057
2016-04-28,2.639558792114258,7.897286891937256
2016-04-29,2.617971658706665,7.83150053024292
2016-05-02,2.5609257221221924,7.569580078125
2016-05-03,2.4286391735076904,7.226754188537598
2016-05-04,2.465951919555664,7.402284145355225
2016-05-05,2.4489917755126953,7.226754188537598
2016-05-06,2.489694595336914,7.240469932556152
2016-05-09,2.499870777130127,7.306292533874512
2016-05-10,2.577885866165161,7.501013278961182
2016-05-11,2.6050209999084473,7.607977390289307
2016-05-12,2.6050209999084473,7.649117946624756
2016-05-13,2.5677101612091064,7.369377613067627
2016-05-16,2.543966293334961,7.443422794342041
2016-05-17,2.462559223175049,7.317259788513184
2016-05-18,2.4422082901000977,7.369377613067627
2016-05-19,2.4591665267944336,7.256921291351318
2016-05-20,2.4422082901000977,7.240469932556152
2016-05-23,2.4591665267944336,7.251440525054932
2016-05-24,2.4388160705566406,7.295321941375732
2016-05-25,2.455775022506714,7.163672924041748
2016-05-27,2.4218556880950928,7.193845272064209
2016-05-30,2.4489917755126953,7.160932540893555
2016-05-31,2.3777596950531006,6.985405921936035
2016-06-01,2.440646171569824,7.121246337890625
2016-06-02,2.4474446773529053,7.266692638397217
2016-06-03,2.4576430320739746,7.283155918121338
2016-06-06,2.4270496368408203,7.222783088684082
2016-06-07,2.4338467121124268,7.277666091918945
2016-06-08,2.4984335899353027,7.370970726013184
2016-06-09,2.5154290199279785,7.29413366317749
2016-06-10,2.4032540321350098,7.058130264282227
2016-06-13,2.4202499389648438,7.016964435577393
2016-06-14,2.365863084793091,6.9483642578125
2016-06-15,2.386258840560913,6.929152965545654
2016-06-16,2.4270496368408203,6.986778736114502
2016-06-17,2.355665683746338,7.0992913246154785
2016-06-20,2.3964571952819824,7.1184983253479
2016-06-21,2.379459857940674,7.080079555511475
2016-06-22,2.355665683746338,6.9703145027160645
2016-06-23,2.437246799468994,7.047150611877441
2016-06-24,2.376060962677002,6.95659065246582
2016-06-27,2.3216731548309326,6.769989013671875
2016-06-28,2.37266206741333,6.915430545806885
2016-06-29,2.4270496368408203,6.9703145027160645
2016-06-30,2.437246799468994,7.1404547691345215
2016-07-01,2.4950342178344727,7.2516608238220215
2016-07-04,2.4950342178344727,7.298341751098633
2016-07-05,2.4780383110046387,7.226950168609619
2016-07-06,2.440646171569824,7.193995952606201
2016-07-07,2.474637746810913,7.193995952606201
2016-07-08,2.5324268341064453,7.463086128234863
2016-07-11,2.573216199874878,7.496034622192383
2016-07-12,2.563018560409546,7.394442081451416
2016-07-13,2.563018560409546,7.611359596252441
2016-07-14,2.6547977924346924,7.852994441986084
2016-07-15,2.6480000019073486,7.894176483154297
2016-07-18,2.702385663986206,8.017735481262207
2016-07-19,2.719383716583252,8.045196533203125
2016-07-20,2.712585687637329,8.097366333007812
2016-07-21,2.722782611846924,8.006752967834473
2016-07-22,2.74997615814209,8.031466484069824
2016-07-25,2.6751933097839355,8.03696060180664
2016-07-26,2.6921885013580322,7.962828636169434
2016-07-27,2.70918607711792,8.012249946594238
2016-07-28,2.6989874839782715,7.968313694000244
2016-07-29,2.766972541809082,8.056183815002441
2016-08-01,2.712585687637329,7.999865531921387
2016-08-02,2.732980251312256,8.021838188171387
2016-08-03,2.817960739135742,8.285575866699219
2016-08-04,2.8145623207092285,8.304800033569336
2016-08-05,2.8213605880737305,8.324034690856934
2016-08-08,2.790767192840576,8.3350191116333
2016-08-09,2.8145623207092285,8.34875774383545
2016-08-10,2.790767192840576,8.26909351348877
2016-08-11,2.828157424926758,8.34875774383545
2016-08-12,2.838355779647827,8.428425788879395
2016-08-15,2.9203734397888184,8.712057113647461
2016-08-16,2.9135091304779053,8.645256042480469
2016-08-17,2.947826385498047,8.753805160522461
2016-08-18,2.9512574672698975,8.734325408935547
2016-08-19,2.947826385498047,8.69536018371582
2016-08-22,2.8654661178588867,8.622989654541016
2016-08-23,2.8791935443878174,8.545051574707031
2016-08-24,2.8654661178588867,8.522782325744629
2016-08-25,2.851738214492798,8.378052711486816
2016-08-26,2.872328996658325,8.614641189575195
2016-08-29,2.8894877433776855,8.712057113647461
2016-08-30,2.906646728515625,8.79277515411377
2016-08-31,2.862034797668457,8.54784107208252
2016-09-01,2.9050073623657227,8.738591194152832
2016-09-02,2.915320873260498,8.969732284545898
2016-09-05,2.891256093978882,8.886184692382812
2016-09-06,2.9428255558013916,8.939092636108398
2016-09-08,2.9050073623657227,8.911246299743652
2016-09-09,2.7709312438964844,8.496319770812988
2016-09-12,2.8500020503997803,8.730240821838379
2016-09-13,2.812185764312744,8.499096870422363
2016-09-14,2.794995069503784,8.632772445678711
2016-09-15,2.856877326965332,8.830486297607422
2016-09-16,2.7571797370910645,8.563153266906738
2016-09-19,2.7915573120117188,8.629985809326172
2016-09-20,2.7915573120117188,8.682900428771973
2016-09-21,2.8500020503997803,8.71352767944336
2016-09-22,2.8740668296813965,8.833271980285645
2016-09-23,2.8500020503997803,8.827703475952148
2016-09-26,2.8224995136260986,8.649478912353516
2016-09-27,2.8224995136260986,8.733023643493652
2016-09-28,2.89813232421875,8.849984169006348
2016-09-29,2.8087470531463623,8.716314315795898
2016-09-30,2.839688539505005,8.68846607208252
2016-10-03,2.853440761566162,8.901596069335938
2016-10-04,2.7674925327301025,9.029769897460938
2016-10-05,2.8053090572357178,9.141207695007324
2016-10-06,2.8465652465820312,9.269369125366211
2016-10-07,2.853440761566162,9.319514274597168
2016-10-10,2.901571035385132,9.364096641540527
2016-10-11,2.853440761566162,9.330662727355957
2016-10-13,2.843127965927124,9.325093269348145
2016-10-14,2.870629072189331,9.481112480163574
2016-10-17,2.887817859649658,9.614836692810059
2016-10-18,2.9050073623657227,9.730470657348633
2016-10-19,2.9325110912323,9.531264305114746
2016-10-20,2.929072856903076,9.614008903503418
2016-10-21,2.960014581680298,9.568038940429688
2016-10-24,2.9256348609924316,9.564970970153809
2016-10-25,2.884380578994751,9.500619888305664
2016-10-26,2.9084465503692627,9.454648971557617
2016-10-27,2.9359498023986816,9.825470924377441
2016-10-28,2.9428255558013916,9.807084083557129
2016-10-31,3.0459625720977783,10.217761039733887
2016-11-01,3.032210350036621,9.90347957611084
2016-11-03,2.956575393676758,9.6459321975708
2016-11-04,2.9806416034698486,9.70418930053711
2016-11-07,3.02877140045166,9.894288063049316
2016-11-08,3.0459625720977783,9.946405410766602
2016-11-09,3.02877140045166,9.685791015625
2016-11-10,2.901571035385132,9.293329238891602
2016-11-11,2.825936794281006,9.146162033081055
2016-11-14,2.8224995136260986,9.029653549194336
2016-11-16,2.891256093978882,9.419045448303223
2016-11-17,2.8190603256225586,9.17068862915039
2016-11-18,2.89469313621521,9.232011795043945
2016-11-21,2.9393863677978516,9.376112937927246
2016-11-22,2.956575393676758,9.382246017456055
2016-11-23,2.91875958442688,9.351585388183594
2016-11-24,2.89469313621521,9.22894287109375
2016-11-25,2.887817859649658,9.210548400878906
2016-11-28,2.9359498023986816,9.158424377441406
2016-11-29,2.8671915531158447,9.057242393493652
2016-11-30,2.8362514972686768,9.382246017456055
2016-12-01,2.751868963241577,8.951250076293945
2016-12-02,2.724315881729126,8.991129875183105
2016-12-05,2.7036497592926025,8.908300399780273
2016-12-06,2.793198823928833,9.01873779296875
2016-12-07,2.8138630390167236,8.948179244995117
2016-12-08,2.820751667022705,9.024869918823242
2016-12-09,2.779421806335449,9.037148475646973
2016-12-12,2.6864311695098877,8.589268684387207
2016-12-13,2.7415366172790527,8.739583969116211
2016-12-14,2.7415366172790527,8.711978912353516
2016-12-15,2.7553138732910156,8.650626182556152
2016-12-16,2.7277603149414062,8.589268684387207
2016-12-19,2.7036497592926025,8.472708702087402
2016-12-20,2.6933183670043945,8.63528823852539
2016-12-21,2.6864311695098877,8.644492149353027
2016-12-22,2.7002060413360596,8.681303977966309
2016-12-23,2.7808852195739746,8.884504318237305
2016-12-26,2.7808852195739746,8.890748977661133
2016-12-27,2.7915940284729004,8.862669944763184
2016-12-28,2.8272910118103027,9.015531539916992
2016-12-29,2.8665592670440674,9.358685493469238
2017-01-02,2.877269744873047,9.260369300842285
2017-01-03,2.9450955390930176,9.5381441116333
2017-01-04,2.952235698699951,9.675481796264648
2017-01-05,3.0093517303466797,9.694204330444336
2017-01-06,3.002213716506958,9.706686973571777
2017-01-09,3.0343410968780518,9.66611385345459
2017-01-10,2.9486663341522217,9.66611385345459
2017-01-11,2.9736549854278564,9.675481796264648
2017-01-12,3.0379116535186768,9.847132682800293
2017-01-13,3.0164928436279297,9.638022422790527
2017-01-16,3.045051097869873,9.716050148010254
2017-01-17,3.0700387954711914,9.9501314163208
2017-01-18,3.077178478240967,9.890836715698242
2017-01-19,3.052190065383911,9.85338020324707
2017-01-20,3.0700387954711914,9.862748146057129
2017-01-23,3.127157688140869,10.071860313415527
2017-01-24,3.120015859603882,10.065617561340332
2017-01-26,3.180703639984131,10.256006240844727
2017-01-27,3.1735646724700928,10.29970932006836
2017-01-30,3.116445302963257,9.928292274475098
2017-01-31,3.13429594039917,10.03441047668457
2017-02-01,3.145005226135254,10.014107704162598
2017-02-02,3.166424512863159,10.045344352722168
2017-02-03,3.2306814193725586,10.1483793258667
2017-02-06,3.1414361000061035,10.057823181152344
2017-02-07,3.212831735610962,10.441898345947266
2017-02-08,3.227112293243408,10.741665840148926
2017-02-09,3.2485318183898926,10.866581916809082
2017-02-10,3.294936418533325,10.972743034362793
2017-02-13,3.3092172145843506,10.850957870483398
2017-02-14,3.355626106262207,10.825979232788086
2017-02-15,3.4662907123565674,11.20380973815918
2017-02-16,3.462718963623047,11.078908920288086
2017-02-17,3.512697458267212,11.113263130187988
2017-02-20,3.5519635677337646,11.16946029663086
2017-02-21,3.5742599964141846,11.423340797424316
2017-02-22,3.5742599964141846,11.420146942138672
2017-02-23,3.5131919384002686,11.295665740966797
2017-02-24,3.4916398525238037,11.174379348754883
2017-03-01,3.471850872039795,11.274965286254883
2017-03-02,3.4790470600128174,11.1121187210083
2017-03-03,3.522221088409424,11.290926933288574
2017-03-06,3.50423002243042,11.313274383544922
2017-03-07,3.471850872039795,11.118499755859375
2017-03-08,3.4214813709259033,11.022712707519531
2017-03-09,3.4178850650787354,11.05463695526123
2017-03-10,3.439471483230591,11.067418098449707
2017-03-13,3.461057424545288,11.20470905303955
2017-03-14,3.475450277328491,11.12488842010498
2017-03-15,3.522221088409424,11.182360649108887
2017-03-16,3.518622398376465,10.958841323852539
2017-03-17,3.471850872039795,10.818344116210938
2017-03-20,3.4682531356811523,10.891783714294434
2017-03-21,3.3459300994873047,10.610790252685547
2017-03-22,3.374711513519287,10.70977783203125
2017-03-23,3.356722593307495,10.697003364562988
2017-03-24,3.2379953861236572,10.757673263549805
2017-03-27,3.309950113296509,10.946069717407227
2017-03-28,3.302755355834961,10.818344116210938
2017-03-29,3.3279402256011963,10.949264526367188
2017-03-30,3.2775719165802,10.930106163024902
2017-03-31,3.2559847831726074,10.783223152160645
2017-04-03,3.2739741802215576,10.83592700958252
2017-04-04,3.2811689376831055,10.867871284484863
2017-04-05,3.2775719165802,10.762452125549316
2017-04-06,3.2164089679718018,10.685786247253418
2017-04-07,3.2236039638519287,10.810376167297363
2017-04-10,3.2200071811676025,10.685786247253418
2017-04-11,3.2703750133514404,10.64744758605957
2017-04-12,3.263179302215576,10.663421630859375
2017-04-13,3.1732358932495117,10.478137969970703
2017-04-17,3.2523868083953857,10.816756248474121
2017-04-18,3.2487897872924805,10.871072769165039
2017-04-19,3.209213972091675,10.784821510314941
2017-04-20,3.209213972091675,10.663421630859375
2017-04-24,3.2523868083953857,10.858290672302246
2017-04-25,3.2703750133514404,10.877466201782227
2017-04-26,3.2847671508789062,10.890233039855957
2017-04-27,3.302755355834961,10.963709831237793
2017-04-28,3.356722593307495,10.880648612976074
2017-05-02,3.4142868518829346,11.246590614318848
2017-05-03,3.4106876850128174,11.105968475341797
2017-05-04,3.3459300994873047,10.770393371582031
2017-05-05,3.4178850650787354,10.87266731262207
2017-05-08,3.403493642807007,10.930187225341797
2017-05-09,3.399895429611206,11.02287483215332
2017-05-10,3.4574596881866455,11.054835319519043
2017-05-11,3.525817394256592,11.150716781616211
2017-05-12,3.54740309715271,11.201852798461914
2017-05-15,3.525817394256592,11.272154808044434
2017-05-16,3.518622398376465,11.23061752319336
2017-05-17,3.428678035736084,11.150716781616211
2017-05-18,3.101280689239502,10.044907569885254
2017-05-19,3.2164089679718018,10.255842208862305
2017-05-22,3.0796940326690674,9.923460960388184
2017-05-23,3.1300621032714844,10.089659690856934
2017-05-24,3.1660399436950684,10.201510429382324
2017-05-25,3.112074375152588,10.118415832519531
2017-05-26,3.104879140853882,10.313374519348145
2017-05-29,3.104879140853882,10.313374519348145
2017-05-30,3.1300621032714844,10.30378532409668
2017-05-31,3.104879140853882,10.316569328308105
2017-06-01,3.059828042984009,10.222243309020996
2017-06-02,3.0634307861328125,10.254217147827148
2017-06-05,3.0634307861328125,10.209460258483887
2017-06-06,3.11388897895813,10.385307312011719
2017-06-07,3.149928092956543,10.51640796661377
2017-06-08,3.0994715690612793,10.490824699401855
2017-06-09,3.088660478591919,10.404499053955078
2017-06-12,3.0634307861328125,10.394899368286133
2017-06-13,3.0814521312713623,10.519601821899414
2017-06-14,3.0922648906707764,10.634718894958496
2017-06-15,3.0922648906707764,10.634718894958496
2017-06-16,3.189573049545288,10.564371109008789
2017-06-19,3.1463253498077393,10.663493156433105
2017-06-20,3.0742430686950684,10.388505935668945
2017-06-21,3.088660478591919,10.366130828857422
2017-06-22,3.0526199340820312,10.295783996582031
2017-06-23,3.0526199340820312,10.263803482055664
2017-06-26,3.117492914199829,10.388505935668945
2017-06-27,3.0742430686950684,10.356532096862793
2017-06-28,3.0634307861328125,10.321359634399414
2017-06-29,3.1102850437164307,10.337347030639648
2017-06-30,3.1102850437164307,10.404499053955078
2017-07-03,3.1391170024871826,10.438078880310059
2017-07-04,3.1319093704223633,10.482867240905762
2017-07-05,3.1535322666168213,10.479671478271484
2017-07-06,3.157137155532837,10.48926830291748
2017-07-07,3.1247007846832275,10.326119422912598
2017-07-10,3.149928092956543,10.354911804199219
2017-07-11,3.2039897441864014,10.438078880310059
2017-07-12,3.2075939178466797,10.495660781860352
2017-07-13,3.225613594055176,10.52125358581543
2017-07-14,3.225613594055176,10.668407440185547
2017-07-17,3.2220094203948975,10.636421203613281
2017-07-18,3.261654853820801,10.582040786743164
2017-07-19,3.2220094203948975,10.594834327697754
2017-07-20,3.2400295734405518,10.51485538482666
2017-07-21,3.1643455028533936,10.502060890197754
2017-07-24,3.2220094203948975,10.537247657775879
2017-07-25,3.232821464538574,10.524454116821289
2017-07-26,3.2075939178466797,10.508460998535156
2017-07-27,3.2075939178466797,10.537247657775879
2017-07-28,3.2111971378326416,10.524454116821289
2017-07-31,3.232821464538574,10.582040786743164
2017-08-01,3.3193178176879883,10.858871459960938
2017-08-02,3.355358600616455,10.932467460632324
2017-08-03,3.362567901611328,11.012480735778809
2017-08-04,3.3409433364868164,11.006082534790039
2017-08-07,3.395002603530884,11.073294639587402
2017-08-08,3.3877954483032227,11.166106224060059
2017-08-09,3.3877954483032227,11.066893577575684
2017-08-10,3.391399621963501,10.935674667358398
2017-08-11,3.4274392127990723,10.945281028747559
2017-08-14,3.470689058303833,11.10209846496582
2017-08-15,3.4921278953552246,11.26689338684082
2017-08-16,3.528465986251831,11.344598770141602
2017-08-17,3.430351972579956,11.234512329101562
2017-08-18,3.510296583175659,11.4287748336792
2017-08-21,3.495760679244995,11.283072471618652
2017-08-22,3.568438768386841,11.519427299499512
2017-08-23,3.6084091663360596,11.707212448120117
2017-08-24,3.6047770977020264,11.687782287597656
2017-08-25,3.6047770977020264,11.626269340515137
2017-08-28,3.5938754081726074,11.65217113494873
2017-08-29,3.6592862606048584,11.655407905578613
2017-08-30,3.6520159244537354,11.632743835449219
2017-08-31,3.590240716934204,11.548566818237305
2017-09-01,3.643012285232544,11.747762680053711
2017-09-04,3.6211745738983154,11.725089073181152
2017-09-05,3.6248152256011963,11.679738998413086
2017-09-06,3.715799570083618,11.971258163452148
2017-09-07,3.715799570083618,11.971258163452148
2017-09-08,3.7449135780334473,12.055462837219238
2017-09-11,3.8031435012817383,12.197978973388672
2017-09-12,3.821341037750244,12.214170455932617
2017-09-13,3.821341037750244,12.308104515075684
2017-09-14,3.821341037750244,12.21740436553955
2017-09-15,3.945080518722534,12.466812133789062
2017-09-18,3.926882028579712,12.515395164489746
2017-09-19,3.8941290378570557,12.567219734191895
2017-09-20,3.8650119304656982,12.437662124633789
2017-09-21,3.8395378589630127,12.37612247467041
2017-09-22,3.821341037750244,12.356688499450684
2017-09-25,3.7922263145446777,12.343732833862305
2017-09-26,3.8031435012817383,12.366411209106445
2017-09-27,3.7485547065734863,12.334015846252441
2017-09-28,3.7521941661834717,12.334015846252441
2017-09-29,3.817702293395996,12.437662124633789
2017-10-02,3.795865535736084,12.458719253540039
2017-10-03,3.883211135864258,12.737391471862793
2017-10-04,3.897768974304199,12.743868827819824
2017-10-05,3.9741945266723633,12.79246711730957
2017-10-06,3.93052077293396,12.679062843322754
2017-10-09,3.8795714378356934,12.546210289001465
2017-10-10,3.937802314758301,12.704977989196777
2017-10-11,3.9523582458496094,12.743868827819824
2017-10-12,3.9523582458496094,12.743868827819824
2017-10-13,3.9814743995666504,12.870237350463867
2017-10-16,3.9814743995666504,12.763307571411133
2017-10-17,3.926882028579712,12.679062843322754
2017-10-18,3.905048370361328,12.756829261779785
2017-10-19,3.905048370361328,12.747105598449707
2017-10-20,3.8941290378570557,12.727665901184082
2017-10-23,3.843177318572998,12.601289749145508
2017-10-24,3.8686513900756836,12.611015319824219
2017-10-25,3.93052077293396,12.769789695739746
2017-10-26,3.926882028579712,12.802191734313965
2017-10-27,3.883211135864258,12.857274055480957
2017-10-30,3.770388126373291,12.695261001586914
2017-10-31,3.668487787246704,12.449009895324707
2017-11-01,3.6976020336151123,12.152409553527832
2017-11-02,3.6976020336151123,12.152409553527832
2017-11-03,3.693963050842285,12.298276901245117
2017-11-06,3.708521604537964,12.298276901245117
2017-11-07,3.610257148742676,12.029231071472168
2017-11-08,3.7303574085235596,12.346898078918457
2017-11-09,3.668487787246704,11.996818542480469
2017-11-10,3.664849281311035,12.123228073120117
2017-11-13,3.646652936935425,12.194540023803711
2017-11-14,3.62845516204834,12.038952827453613
2017-11-15,3.62845516204834,12.038952827453613
2017-11-16,3.675766706466675,12.35013484954834
2017-11-17,3.7121598720550537,12.405242919921875
2017-11-20,3.7121598720550537,12.405242919921875
2017-11-21,3.759471893310547,12.518692970275879
2017-11-22,3.7667508125305176,12.427937507629395
2017-11-23,3.7412753105163574,12.359869003295898
2017-11-24,3.7449135780334473,12.29179573059082
2017-11-27,3.7339961528778076,12.317718505859375
2017-11-28,3.7412753105163574,12.544628143310547
2017-11-29,3.6721267700195312,12.340412139892578
2017-11-30,3.6211745738983154,12.029231071472168
2017-12-01,3.677671194076538,11.972474098205566
2017-12-04,3.6813154220581055,12.089224815368652
2017-12-05,3.644866943359375,12.034096717834473
2017-12-06,3.717763900756836,11.94977855682373
2017-12-07,3.6667373180389404,11.995180130004883
2017-12-08,3.7104756832122803,12.264335632324219
2017-12-11,3.7141191959381104,12.283784866333008
2017-12-12,3.717763900756836,12.38756275177002
2017-12-13,3.7141191959381104,12.381072998046875
2017-12-14,3.790661334991455,11.982206344604492
2017-12-15,3.805241823196411,12.218072891235352
2017-12-18,3.805241823196411,12.045528411865234
2017-12-19,3.739633560180664,11.944609642028809
2017-12-20,3.794306993484497,12.045528411865234
2017-12-21,3.8708488941192627,12.175755500793457
2017-12-22,3.900007963180542,12.045528411865234
2017-12-25,3.900007963180542,12.045528411865234
2017-12-26,3.921509027481079,12.192039489746094
2017-12-27,3.9066951274871826,12.198538780212402
2017-12-28,3.895585775375366,12.270157814025879
2017-12-29,3.895585775375366,12.270157814025879
2018-01-02,4.051113128662109,12.532332420349121
2018-01-03,4.036300182342529,12.630047798156738
2018-01-04,4.128878116607666,12.770079612731934
2018-01-05,4.128878116607666,12.858014106750488
2018-01-08,4.173314094543457,12.78637409210205
2018-01-09,4.110363483428955,12.603985786437988
2018-01-10,4.114065170288086,12.652833938598633
2018-01-11,4.169610500335693,12.929669380187988
2018-01-12,4.184423446655273,12.766834259033203
2018-01-15,4.251077175140381,12.805913925170898
2018-01-16,4.269592761993408,12.89384651184082
2018-01-17,4.343653678894043,13.040401458740234
2018-01-18,4.41030740737915,13.076226234436035
2018-01-19,4.365871429443359,13.128339767456055
2018-01-22,4.502883434295654,13.320487022399902
2018-01-23,4.469555854797363,13.261872291564941
2018-01-24,4.669520854949951,13.939297676086426
2018-01-25,4.669520854949951,13.939297676086426
2018-01-26,4.921327114105225,14.519011497497559
2018-01-29,4.854671955108643,14.427824974060059
2018-01-30,4.821344375610352,14.30080509185791
2018-01-31,4.869484901428223,14.440850257873535
2018-02-01,4.858375549316406,14.543472290039062
2018-02-02,4.832452297210693,14.465288162231445
2018-02-05,4.7769060134887695,14.155782699584961
2018-02-06,4.821344375610352,14.416412353515625
2018-02-07,4.813938140869141,14.14599895477295
2018-02-08,4.728768348693848,14.12319564819336
2018-02-09,4.673222541809082,14.181838035583496
2018-02-14,4.913919925689697,14.693329811096191
2018-02-15,4.8842949867248535,14.888803482055664
2018-02-16,4.999090671539307,14.869285583496094
2018-02-19,4.954652309417725,14.886425018310547
2018-02-20,5.328660488128662,15.133097648620605
2018-02-21,5.443452835083008,15.338665962219238
2018-02-22,5.498998165130615,15.448295593261719
2018-02-23,5.542587757110596,15.427741050720215
2018-02-26,5.562200546264648,15.383204460144043
2018-02-27,5.417065143585205,15.246163368225098
2018-02-28,5.224860191345215,14.937807083129883
2018-03-01,5.3407063484191895,15.045759201049805
2018-03-02,5.321071147918701,15.285682678222656
2018-03-05,5.348559379577637,15.525582313537598
2018-03-06,5.431026458740234,15.549574851989746
2018-03-07,5.478152275085449,15.477606773376465
2018-03-08,5.458516597747803,15.330239295959473
2018-03-09,5.423172473907471,15.542718887329102
2018-03-12,5.647011756896973,15.624978065490723
2018-03-13,5.690212726593018,15.566710472106934
2018-03-14,5.572399616241455,15.340506553649902
2018-03-15,5.576324939727783,15.385069847106934
2018-03-16,5.501713275909424,15.285682678222656
2018-03-19,5.379978656768799,15.086893081665039
2018-03-20,5.379978656768799,15.045759201049805
2018-03-21,5.34463357925415,15.018345832824707
2018-03-22,5.2660956382751465,14.994357109069824
2018-03-23,5.403538703918457,15.17943000793457
2018-03-26,5.513494491577148,15.25483226776123
2018-03-27,5.403538703918457,14.987509727478027
2018-03-28,5.478152275085449,15.15886402130127
2018-03-29,5.497788429260254,15.46731948852539
2018-04-02,5.39176082611084,15.441610336303711
2018-04-03,5.3760480880737305,15.496465682983398
2018-04-04,5.395685195922852,15.397042274475098
2018-04-05,5.3681960105896,15.407331466674805
2018-04-06,5.352489471435547,15.472469329833984
2018-04-09,5.434955596923828,15.187907218933105
2018-04-10,5.395685195922852,15.338760375976562
2018-04-11,5.3328537940979,15.530739784240723
2018-04-12,5.446736812591553,15.496465682983398
2018-04-13,5.317144870758057,15.102203369140625
2018-04-16,5.293582916259766,14.83134937286377
2018-04-17,5.32499885559082,15.205046653747559
2018-04-18,5.379978656768799,15.496465682983398
2018-04-19,5.2425336837768555,15.273616790771484
2018-04-20,5.297510147094727,15.335334777832031
2018-04-23,5.250389099121094,15.03706169128418
2018-04-24,5.328924655914307,14.985630989074707
2018-04-25,5.293582916259766,15.218768119812012
2018-04-26,5.407464981079102,15.397042274475098
2018-04-27,5.446736812591553,15.386760711669922
2018-04-30,5.478152275085449,15.119339942932129
2018-05-02,5.234675884246826,14.589466094970703
2018-05-03,5.10508918762207,14.397404670715332
2018-05-04,4.975499153137207,14.243088722229004
2018-05-07,5.030475616455078,14.332253456115723
2018-05-08,5.0422563552856445,14.352826118469238
2018-05-09,5.038330078125,14.363116264343262
2018-05-10,5.144355297088623,14.661486625671387
2018-05-11,5.0658183097839355,14.448861122131348
2018-05-14,5.0226216316223145,14.222505569458008
2018-05-15,4.916591644287109,14.133325576782227
2018-05-16,4.995132923126221,14.181343078613281
2018-05-17,4.798784255981445,13.64289379119873
2018-05-18,4.798784255981445,13.673766136169434
2018-05-21,4.7870001792907715,13.584601402282715
2018-05-22,4.853758335113525,13.786938667297363
2018-05-23,4.845908164978027,13.670342445373535
2018-05-24,4.8341264724731445,13.680638313293457
2018-05-25,4.841979026794434,13.509147644042969
2018-05-28,4.559237003326416,13.053007125854492
2018-05-29,4.594578266143799,12.96384048461914
2018-05-30,4.629921913146973,13.104452133178711
2018-06-01,4.749665260314941,13.260566711425781
2018-06-04,4.836182594299316,13.452689170837402
2018-06-05,4.6891069412231445,13.092446327209473
2018-06-06,4.650174617767334,12.81453800201416
2018-06-07,4.412259578704834,12.69102668762207
2018-06-08,4.41658353805542,12.553796768188477
2018-06-11,4.317091464996338,12.26902961730957
2018-06-12,4.2868123054504395,12.296463966369629
2018-06-13,4.182992458343506,12.046011924743652
2018-06-14,4.152712345123291,11.70291805267334
2018-06-15,4.087826728820801,11.888185501098633
2018-06-18,4.031590938568115,11.59312915802002
2018-06-19,4.239228248596191,12.176385879516602
2018-06-20,4.325743675231934,12.265589714050293
2018-06-21,4.195969581604004,11.95680046081543
2018-06-22,4.118106365203857,12.025423049926758
2018-06-25,4.182992458343506,12.028858184814453
2018-06-26,4.165692329406738,11.973960876464844
2018-06-27,4.144062519073486,11.795561790466309
2018-06-28,4.247879505157471,12.090615272521973
2018-06-29,4.282485485076904,12.317052841186523
2018-07-02,4.325743675231934,12.28100872039795
2018-07-03,4.47714376449585,12.637979507446289
2018-07-04,4.529053688049316,12.734089851379395
2018-07-05,4.546357154846191,12.66201114654541
2018-07-06,4.563659191131592,12.634550094604492
2018-07-10,4.47714376449585,12.905709266662598
2018-07-11,4.529053688049316,12.874823570251465
2018-07-12,4.520401954650879,12.974356651306152
2018-07-13,4.606917858123779,13.238648414611816
2018-07-16,4.576637268066406,13.307289123535156
2018-07-17,4.606917858123779,13.691722869873047
2018-07-18,4.706408977508545,13.626506805419922
2018-07-19,4.693432331085205,13.489209175109863
2018-07-20,4.78427267074585,13.952573776245117
2018-07-23,4.801576137542725,13.653956413269043
2018-07-24,4.758317470550537,13.808412551879883
2018-07-25,4.952975749969482,14.069281578063965
2018-07-26,4.974607467651367,13.894230842590332
2018-07-27,4.810225009918213,13.938850402832031
2018-07-30,4.844831943511963,14.144789695739746
2018-07-31,4.671803951263428,13.729475021362305
2018-08-01,4.732361793518066,13.844502449035645
2018-08-02,4.758317470550537,13.77582836151123
2018-08-03,4.901066303253174,14.077984809875488
2018-08-06,4.844831943511963,13.906302452087402
2018-08-07,4.801576137542725,13.923473358154297
2018-08-08,4.758317470550537,13.631611824035645
2018-08-09,4.697756290435791,13.597282409667969
2018-08-10,4.49877405166626,13.205840110778809
2018-08-13,4.563659191131592,13.301983833312988
2018-08-14,4.6198930740356445,13.597282409667969
2018-08-15,4.606917858123779,13.425600051879883
2018-08-16,4.5723114013671875,13.439332008361816
2018-08-17,4.550682544708252,13.267646789550781
2018-08-20,4.55015230178833,13.284872055053711
2018-08-21,4.439818382263184,13.046769142150879
2018-08-22,4.50601863861084,13.204336166381836
2018-08-23,4.408926486968994,12.8927001953125
2018-08-24,4.461886405944824,12.924214363098145
2018-08-27,4.492777347564697,13.305880546569824
2018-08-28,4.4663004875183105,13.284872055053711
2018-08-29,4.567805767059326,13.253361701965332
2018-08-30,4.426578998565674,12.973230361938477
2018-08-31,4.417753219604492,13.095796585083008
2018-09-03,4.464162349700928,13.052002906799316
2018-09-04,4.424381732940674,12.845331192016602
2018-09-05,4.442060947418213,12.995956420898438
2018-09-06,4.486262798309326,13.185114860534668
2018-09-10,4.592341423034668,13.381287574768066
2018-09-11,4.4111223220825195,13.094036102294922
2018-09-12,4.424381732940674,12.79979133605957
2018-09-13,4.402281761169434,12.834822654724121
2018-09-14,4.512780666351318,12.855835914611816
2018-09-17,4.574659824371338,13.14658260345459
2018-09-18,4.6232805252075195,13.185114860534668
2018-09-19,4.64538049697876,13.237665176391602
2018-09-20,4.570240497589111,13.125558853149414
2018-09-21,4.632122993469238,13.237665176391602
2018-09-24,4.54371976852417,12.995956420898438
2018-09-25,4.548139572143555,12.957423210144043
2018-09-26,4.605600357055664,13.262187004089355
2018-09-27,4.689579486846924,13.430327415466309
2018-09-28,4.640959739685059,13.206134796142578
2018-10-01,4.614439487457275,13.211392402648926
2018-10-02,4.7558794021606445,13.575845718383789
2018-10-03,4.919416904449463,14.22414493560791
2018-10-04,4.879638671875,14.108504295349121
2018-10-05,4.879638671875,14.259194374084473
2018-10-08,4.994556427001953,15.072196960449219
2018-10-09,5.012237548828125,14.928522109985352
2018-10-10,4.923838138580322,14.47296142578125
2018-10-11,4.897317886352539,14.301238059997559
2018-10-15,4.8928985595703125,14.30474853515625
2018-10-16,5.025497913360596,14.791851997375488
2018-10-17,5.003397464752197,14.893479347229004
2018-10-18,4.945937633514404,14.65168285369873
2018-10-19,4.928256988525391,14.522017478942871
2018-10-22,5.003397464752197,14.655186653137207
2018-10-23,5.007816314697266,14.64466667175293
2018-10-24,4.994556427001953,14.262693405151367
2018-10-25,4.998976707458496,14.60963249206543
2018-10-26,5.074116230010986,14.64466667175293
2018-10-29,4.9857177734375,14.525516510009766
2018-10-30,5.171356201171875,14.98459529876709
2018-10-31,5.1978759765625,14.854939460754395
2018-11-01,5.259754180908203,15.270352363586426
2018-11-05,5.343735218048096,15.645447731018066
2018-11-06,5.361415386199951,15.477170944213867
2018-11-07,5.405613899230957,15.698020935058594
2018-11-08,5.259754180908203,15.291376113891602
2018-11-09,5.339313507080078,15.610380172729492
2018-11-12,5.326054096221924,15.634916305541992
2018-11-13,5.308372974395752,15.336938858032227
2018-11-14,5.348152160644531,15.31942367553711
2018-11-16,5.524951457977295,15.775151252746582
2018-11-19,5.533791542053223,15.880314826965332
2018-11-21,5.502854347229004,15.785666465759277
2018-11-22,5.51611328125,15.932896614074707
2018-11-23,5.463074207305908,15.727822303771973
2018-11-26,5.423293113708496,15.506978034973145
2018-11-27,5.5824151039123535,15.885570526123047
2018-11-28,5.692911624908447,16.190553665161133
2018-11-29,5.76805305480957,16.248411178588867
2018-11-30,5.657552719116211,16.22736358642578
2018-12-03,5.644273281097412,16.087953567504883
2018-12-04,5.648697853088379,15.998518943786621
2018-12-05,5.471624374389648,15.95117473602295
2018-12-06,5.675260543823242,16.03008270263672
2018-12-07,5.613283157348633,15.95117473602295
2018-12-10,5.4893293380737305,15.572381973266602
2018-12-11,5.511464595794678,15.688127517700195
2018-12-12,5.635416507720947,15.761774063110352
2018-12-13,5.710675239562988,16.07743263244629
2018-12-14,5.7195281982421875,16.014293670654297
2018-12-17,5.546881198883057,15.709165573120117
2018-12-18,5.727655410766602,15.74106216430664
2018-12-19,5.678927898406982,15.620018005371094
2018-12-20,5.714367389678955,15.6831693649292
2018-12-21,5.647923946380615,15.420038223266602
2018-12-26,5.754236221313477,15.2621431350708
2018-12-27,5.714367389678955,15.52002239227295
2018-12-28,5.891556262969971,15.814740180969238
2019-01-02,6.077608585357666,16.82834243774414
2019-01-03,6.201638221740723,16.981037139892578
2019-01-04,6.232647895812988,16.69669532775879
2019-01-07,6.148481845855713,16.912586212158203
2019-01-08,6.175061225891113,16.95469856262207
2019-01-09,6.2946672439575195,17.112668991088867
2019-01-10,6.33453369140625,17.112668991088867
2019-01-11,6.343393802642822,16.917848587036133
2019-01-14,6.321243762969971,17.112668991088867
2019-01-15,6.290234088897705,16.880990982055664
2019-01-16,6.263657569885254,16.844120025634766
2019-01-17,6.27251672744751,16.80200958251953
2019-01-18,6.4319844245910645,17.007354736328125
2019-01-21,6.36553955078125,16.896785736083984
2019-01-22,6.352248668670654,16.844120025634766
2019-01-23,6.392120838165283,16.98629379272461
2019-01-24,6.440845489501953,16.95469856262207
2019-01-28,6.600316524505615,17.065275192260742
2019-01-29,6.653472900390625,17.007354736328125
2019-01-30,6.76864767074585,16.981037139892578
2019-01-31,6.866101264953613,17.307491302490234
2019-02-01,6.88824987411499,17.225833892822266
2019-02-04,7.034432888031006,17.61039161682129
2019-02-05,6.994564533233643,17.073070526123047
2019-02-06,6.808513164520264,16.4356632232666
2019-02-07,6.693341255187988,16.59895896911621
2019-02-08,6.910398006439209,17.08887481689453
2019-02-11,6.985702991485596,16.8465518951416
2019-02-12,7.052149772644043,17.12049102783203
2019-02-13,7.286925792694092,16.751741409301758
2019-02-14,7.295783996582031,17.22056770324707
2019-02-15,7.118594646453857,17.178438186645508
2019-02-18,7.09201717376709,16.93084144592285
2019-02-19,7.198329448699951,17.278522491455078
2019-02-20,7.340083599090576,17.125749588012695
2019-02-21,7.247058391571045,17.57879066467285
2019-02-22,7.286230087280273,17.790430068969727
2019-02-25,7.1607666015625,17.595542907714844
2019-02-26,7.067831039428711,17.56770133972168
2019-02-27,7.109652042388916,17.51201629638672
2019-02-28,6.970245361328125,17.322711944580078
2019-03-01,6.9655938148498535,17.130510330200195
2019-03-06,6.9097580909729,16.98566436767578
2019-03-07,6.9655938148498535,17.364486694335938
2019-03-08,6.988859176635742,17.59288787841797
2019-03-11,7.0446977615356445,17.882579803466797
2019-03-12,7.095876693725586,17.915990829467773
2019-03-13,7.081917762756348,18.10541343688965
2019-03-14,6.984204292297363,17.715444564819336
2019-03-15,7.0633087158203125,17.475902557373047
2019-03-18,7.105185508728027,17.849157333374023
2019-03-19,7.086570739746094,17.659740447998047
2019-03-20,7.105185508728027,17.403486251831055
2019-03-21,7.109838008880615,17.04136848449707
2019-03-22,6.849268436431885,16.629125595092773
2019-03-25,6.867880344390869,16.51771354675293
2019-03-26,6.8632283210754395,16.47870445251465
2019-03-27,6.6771039962768555,16.0441837310791
2019-03-28,6.839960098266602,16.49542236328125
2019-03-29,6.821350574493408,16.629125595092773
2019-04-01,6.64918851852417,16.526018142700195
2019-04-02,6.570086479187012,16.38667106628418
2019-04-03,6.421187400817871,16.16929817199707
2019-04-04,6.467718124389648,16.41453742980957
2019-04-05,6.467718124389648,16.637493133544922
2019-04-08,6.490983009338379,16.55388641357422
2019-04-09,6.356046199798584,16.475845336914062
2019-04-10,6.314168930053711,16.342079162597656
2019-04-11,6.276944637298584,16.13028335571289
2019-04-12,6.188533782958984,15.963068008422852
2019-04-15,6.351393699645996,16.04109001159668
2019-04-16,6.286250591278076,15.929627418518066
2019-04-17,6.188533782958984,15.846022605895996
2019-04-18,6.3002095222473145,16.06340980529785
2019-04-22,6.258330345153809,15.951919555664062
2019-04-23,6.383967399597168,16.247325897216797
2019-04-24,6.397923469543457,16.247325897216797
2019-04-25,6.430491924285889,16.347654342651367
2019-04-26,6.514249324798584,16.336509704589844
2019-04-29,6.397923469543457,16.358808517456055
2019-04-30,6.421187400817871,16.358808517456055
2019-05-02,6.393270015716553,16.42850685119629
2019-05-03,6.328128814697266,16.33370018005371
2019-05-06,6.235065937042236,15.993538856506348
2019-05-07,6.114088535308838,15.898736000061035
2019-05-08,6.239720821380615,16.02142333984375
2019-05-09,6.2304158210754395,15.89316177368164
2019-05-10,6.1745758056640625,15.725857734680176
2019-05-13,6.04429292678833,15.474921226501465
2019-05-14,6.04894495010376,15.413581848144531
2019-05-15,6.04429292678833,15.430304527282715
2019-05-16,5.886091232299805,15.302042961120605
2019-05-17,6.002413749694824,15.279741287231445
2019-05-20,6.142005443572998,15.63664722442627
2019-05-21,6.267638206481934,16.183143615722656
2019-05-22,6.304862976074219,16.266794204711914
2019-05-23,6.160619258880615,16.12737464904785
2019-05-24,6.193188667297363,16.00468635559082
2019-05-27,6.258330345153809,15.898736000061035
2019-05-28,6.3700056076049805,16.316978454589844
2019-05-29,6.481679916381836,16.612529754638672
2019-05-30,6.565431118011475,16.813289642333984
2019-05-31,6.607309341430664,16.79098129272461
2019-06-03,6.5607147216796875,16.871883392333984
2019-06-04,6.570034503936768,16.832822799682617
2019-06-05,6.458202362060547,16.576181411743164
2019-06-06,6.50479793548584,16.73797035217285
2019-06-07,6.5933308601379395,16.843984603881836
2019-06-10,6.500137805938721,16.542709350585938
2019-06-11,6.453542709350586,16.72123908996582
2019-06-12,6.406947135925293,16.659875869750977
2019-06-13,6.2205610275268555,16.44785499572754
2019-06-14,6.229879856109619,16.33068084716797
2019-06-17,6.276478290557861,16.414379119873047
2019-06-18,6.402287483215332,16.654300689697266
2019-06-19,6.458202362060547,16.91094398498535
2019-06-21,6.556055545806885,17.284751892089844
2019-06-24,6.509457588195801,17.262426376342773
2019-06-25,6.4162678718566895,17.072736740112305
2019-06-26,6.551393032073975,17.407503128051758
2019-06-27,6.197263240814209,17.295913696289062
2019-06-28,6.1320295333862305,17.368440628051758
2019-07-01,6.173967361450195,17.365659713745117
2019-07-02,6.183284282684326,17.19261360168457
2019-07-03,6.057476997375488,17.427053451538086
2019-07-04,6.173967361450195,17.60009002685547
2019-07-05,6.262497901916504,17.75080108642578
2019-07-08,6.267158031463623,17.7843074798584
2019-07-10,6.295116424560547,17.622426986694336
2019-07-11,6.285798072814941,17.61126136779785
2019-07-12,6.197263240814209,17.516374588012695
2019-07-15,6.164647102355957,17.332162857055664
2019-07-16,6.1786274909973145,17.39356231689453
2019-07-17,6.173967361450195,17.304248809814453
2019-07-18,6.290456771850586,17.71173858642578
2019-07-19,6.2205610275268555,17.365659713745117
2019-07-22,6.295116424560547,17.61126136779785
2019-07-23,6.337054252624512,17.622426986694336
2019-07-24,6.35568904876709,17.6838321685791
2019-07-25,6.173967361450195,17.15911102294922
2019-07-26,6.1320295333862305,17.36006736755371
2019-07-29,6.085432052612305,17.371234893798828
2019-07-30,6.1320295333862305,16.952592849731445
2019-07-31,5.903709888458252,16.69022560119629
2019-08-01,5.777901649475098,16.74886703491211
2019-08-02,5.684709548950195,16.73211097717285
2019-08-05,5.591519832611084,16.57015037536621
2019-08-06,5.801199913024902,17.089540481567383
2019-08-07,5.973603248596191,17.75971221923828
2019-08-08,6.085432052612305,17.765296936035156
2019-08-09,6.066795349121094,17.765296936035156
2019-08-12,5.9456467628479,17.1230525970459
2019-08-13,5.847794055938721,17.285017013549805
2019-08-14,5.87109375,16.97785186767578
2019-08-15,5.903709888458252,16.860565185546875
2019-08-16,5.9374680519104,16.927602767944336
2019-08-19,5.836914539337158,16.85878562927246
2019-08-20,5.769879341125488,16.72117042541504
2019-08-21,5.8560662269592285,16.944801330566406
2019-08-22,5.779455184936523,16.709699630737305
2019-08-23,5.721996307373047,16.56060218811035
2019-08-26,5.721996307373047,16.491796493530273
2019-08-27,5.7746663093566895,16.63515281677246
2019-08-28,5.851277828216553,16.767051696777344
2019-08-29,5.9087371826171875,16.8989315032959
2019-08-30,5.966198444366455,17.145505905151367
2019-09-02,5.932623863220215,16.82135009765625
2019-09-03,5.846297264099121,16.57465934753418
2019-09-04,5.9134416580200195,16.568918228149414
2019-09-05,6.062117576599121,17.09674072265625
2019-09-06,6.186812400817871,17.601608276367188
2019-09-09,6.258754253387451,17.894207000732422
2019-09-10,6.191608428955078,17.722091674804688
2019-09-11,6.2491583824157715,17.67045783996582
2019-09-12,6.306711196899414,17.630285263061523
2019-09-13,6.330691814422607,17.785198211669922
2019-09-16,6.253956317901611,17.389339447021484
2019-09-17,6.330691814422607,17.57293128967285
2019-09-18,6.340282917022705,17.636024475097656
2019-09-19,6.297120571136475,17.09674072265625
2019-09-20,6.234771728515625,17.29179573059082
2019-09-23,6.30191707611084,17.24015998840332
2019-09-24,6.268343448638916,17.06231689453125
2019-09-25,6.273140907287598,17.148374557495117
2019-09-26,6.412221908569336,17.527029037475586
2019-09-27,6.40263032913208,17.51555061340332
2019-09-30,6.364262104034424,17.280319213867188
2019-10-01,6.258754253387451,17.007673263549805
2019-10-02,6.066915035247803,16.623092651367188
2019-10-03,6.08609676361084,16.5255069732666
2019-10-04,6.028546333312988,16.66901206970215
2019-10-07,5.879868507385254,16.23277473449707
2019-10-08,5.90385103225708,16.11797523498535
2019-10-09,5.956604957580566,16.359054565429688
2019-10-10,6.066915035247803,16.50255012512207
2019-10-11,6.22997522354126,16.789560317993164
2019-10-14,6.340282917022705,16.950273513793945
2019-10-15,6.282734394073486,17.04210662841797
2019-10-16,6.517736434936523,17.16265869140625
2019-10-17,6.532121658325195,17.08230209350586
2019-10-18,6.383445739746094,17.02489471435547
2019-10-21,6.464977741241455,17.260234832763672
2019-10-22,6.594472885131836,17.512794494628906
2019-10-23,6.618450164794922,17.771085739135742
2019-10-24,6.580083847045898,17.891633987426758
2019-10-25,6.666408061981201,17.94329071044922
2019-10-28,6.6903886795043945,18.276227951049805
2019-10-29,6.6472296714782715,18.006431579589844
2019-10-30,6.709573268890381,18.11549186706543
2019-10-31,6.618450164794922,17.891633987426758
2019-11-01,6.618450164794922,17.9117431640625
2019-11-04,6.6903886795043945,17.992137908935547
2019-11-05,6.723962783813477,18.221843719482422
2019-11-06,6.695185661315918,18.221843719482422
2019-11-07,6.738348484039307,18.3137264251709
2019-11-08,6.594472885131836,18.009368896484375
2019-11-11,6.632838726043701,18.135704040527344
2019-11-12,6.5608978271484375,17.756681442260742
2019-11-13,6.512941837310791,17.682024002075195
2019-11-14,6.570493221282959,17.739456176757812
2019-11-18,6.5608978271484375,17.69352149963379
2019-11-19,6.43620491027832,17.400617599487305
2019-11-21,6.522531509399414,17.6648006439209
2019-11-22,6.565697193145752,17.64756202697754
2019-11-25,6.464977741241455,17.481037139892578
2019-11-26,6.282734394073486,17.216867446899414
2019-11-27,6.393039703369141,17.34320068359375
2019-11-28,6.383445739746094,17.147945404052734
2019-11-29,6.373856067657471,17.205379486083984
2019-12-02,6.484328269958496,17.42083740234375
2019-12-03,6.436298370361328,17.46681022644043
2019-12-04,6.565983772277832,17.955190658569336
2019-12-05,6.580393314361572,17.99540138244629
2019-12-06,6.508345603942871,17.7943115234375
2019-12-09,6.628426551818848,17.978164672851562
2019-12-10,6.628426551818848,17.863250732421875
2019-12-11,6.580393314361572,17.742595672607422
2019-12-12,6.671651840209961,17.782819747924805
2019-12-13,6.65529203414917,18.172588348388672
2019-12-16,6.592825412750244,17.8561954498291
2019-12-17,6.688931941986084,18.092052459716797
2019-12-18,6.794644832611084,18.155332565307617
2019-12-19,6.727370738983154,18.207109451293945
2019-12-20,6.722566604614258,18.057533264160156
2019-12-23,6.751397132873535,18.293386459350586
2019-12-26,6.78983736038208,18.569520950317383
2019-12-27,6.775425910949707,18.500486373901367
2019-12-30,6.751397132873535,18.425704956054688
2020-01-02,6.828282356262207,18.76239585876465
2020-01-03,6.842698574066162,18.606992721557617
2020-01-06,6.775425910949707,18.417070388793945
2020-01-07,6.708151817321777,18.06024932861328
2020-01-08,6.62165641784668,17.876066207885742
2020-01-09,6.52554988861084,17.70916748046875
2020-01-10,6.496722221374512,17.49622917175293
2020-01-13,6.583213806152344,17.74370574951172
2020-01-14,6.607240676879883,17.65736961364746
2020-01-15,6.511135578155518,17.404142379760742
2020-01-16,6.5063300132751465,17.43291664123535
2020-01-17,6.57360315322876,17.70916748046875
2020-01-20,6.511135578155518,17.398378372192383
2020-01-21,6.391003608703613,16.978240966796875
2020-01-22,6.487107276916504,17.25450325012207
2020-01-23,6.602435111999512,17.62283706665039
2020-01-24,6.539968013763428,17.404142379760742
2020-01-27,6.391003608703613,17.191190719604492
2020-01-28,6.415027618408203,17.041547775268555
2020-01-29,6.40061092376709,16.891916275024414
2020-01-30,6.482303619384766,17.122127532958984
2020-01-31,6.304508209228516,16.943702697753906
2020-02-03,6.3477582931518555,17.032955169677734
2020-02-04,6.357368469238281,17.148120880126953
2020-02-05,6.366975784301758,17.171161651611328
2020-02-06,6.31892204284668,17.09630012512207
2020-02-07,6.299703598022461,17.142370223999023
2020-02-10,6.371782302856445,17.3035945892334
2020-02-11,6.463080406188965,18.029138565063477
2020-02-12,6.511135578155518,18.12127113342285
2020-02-13,6.5063300132751465,17.798816680908203
2020-02-14,6.439055919647217,17.568485260009766
2020-02-17,6.429444313049316,17.476346969604492
2020-02-18,6.511135578155518,17.459075927734375
2020-02-19,6.674510478973389,17.63181495666504
2020-02-20,6.57360315322876,17.614540100097656
2020-02-21,6.530595779418945,17.49349594116211
2020-02-26,6.277318000793457,16.784942626953125
2020-02-27,6.232621669769287,16.773035049438477
2020-02-28,6.326977252960205,17.035018920898438
2020-03-02,6.471226692199707,17.03800392150879
2020-03-03,6.346876621246338,16.8652400970459
2020-03-04,6.426461696624756,17.03800392150879
2020-03-05,6.391643524169922,16.75205421447754
2020-03-06,6.26729154586792,16.20992088317871
2020-03-09,6.018590927124023,15.489078521728516
2020-03-10,6.19268274307251,15.87035846710205
2020-03-11,5.819628715515137,15.072075843811035
2020-03-12,5.36699104309082,13.552959442138672
2020-03-13,5.52118444442749,15.048250198364258
2020-03-16,5.4664716720581055,13.552959442138672
2020-03-17,5.421704292297363,14.172513961791992
2020-03-18,5.312276363372803,12.963179588317871
2020-03-19,5.103366374969482,13.225301742553711
2020-03-20,4.94917106628418,12.569993019104004
2020-03-23,4.620884418487549,11.735962867736816
2020-03-24,4.849689960479736,12.230422019958496
2020-03-25,4.88450813293457,12.897645950317383
2020-03-26,4.8795366287231445,13.719757080078125
2020-03-27,4.919328212738037,13.207429885864258
2020-03-30,5.043678283691406,13.600611686706543
2020-03-31,4.94917106628418,13.153810501098633
2020-04-01,4.8098978996276855,12.375853538513184
2020-04-02,4.894457817077637,12.48315715789795
2020-04-03,4.725338459014893,11.91682243347168
2020-04-06,4.998910427093506,12.524885177612305
2020-04-07,5.123262882232666,13.234292030334473
2020-04-08,5.371963977813721,13.687352180480957
2020-04-09,5.327199459075928,13.562179565429688
2020-04-13,5.4266791343688965,13.591978073120117
2020-04-14,5.436628818511963,13.609859466552734
2020-04-15,5.381911754608154,13.270059585571289
2020-04-16,5.406783103942871,13.115060806274414
2020-04-17,5.302328109741211,13.192562103271484
2020-04-20,5.267510890960693,13.13294792175293
2020-04-22,5.267510890960693,12.989877700805664
2020-04-23,5.207820415496826,12.661994934082031
2020-04-24,4.8994317054748535,12.214895248413086
2020-04-27,5.093417167663574,12.357963562011719
2020-04-28,5.347095012664795,13.401206016540527
2020-04-29,5.52118444442749,13.544290542602539
2020-04-30,5.2923784255981445,13.115060806274414
2020-05-04,5.103366374969482,12.587119102478027
2020-05-05,5.143158435821533,13.004707336425781
2020-05-06,5.093417167663574,12.825736999511719
2020-05-07,4.959120750427246,12.408161163330078
2020-05-08,5.068548202514648,12.730287551879883
2020-05-11,5.003885746002197,12.951013565063477
2020-05-12,4.8098978996276855,12.46781063079834
2020-05-13,4.969066143035889,12.437983512878418
2020-05-14,4.988963603973389,12.819770812988281
2020-05-15,4.77508020401001,12.31867504119873
2020-05-18,4.979014873504639,12.75415325164795
2020-05-19,4.849689960479736,12.300782203674316
2020-05-20,4.874560356140137,12.378324508666992
2020-05-21,5.068548202514648,12.831707954406738
2020-05-22,5.217770099639893,12.909259796142578
2020-05-25,5.35704231262207,13.5296630859375
2020-05-26,5.207820415496826,13.064352989196777
2020-05-27,5.24761438369751,13.56545352935791
2020-05-28,5.197874069213867,13.255250930786133
2020-05-29,5.187925338745117,13.088215827941895
2020-06-01,5.327465534210205,13.461316108703613
2020-06-02,5.516842365264893,14.171696662902832
2020-06-03,5.681299209594727,14.625373840332031
2020-06-04,5.731137275695801,15.043242454528809
2020-06-05,5.731137275695801,15.359627723693848
2020-06-08,5.865694522857666,15.7058687210083
2020-06-09,5.8756608963012695,15.544684410095215
2020-06-10,5.731137275695801,14.989511489868164
2020-06-12,5.581629276275635,14.607477188110352
2020-06-15,5.481957912445068,14.207509994506836
2020-06-16,5.541760444641113,14.505982398986816
2020-06-17,5.6763176918029785,14.63731575012207
2020-06-18,5.751070976257324,15.013401985168457
2020-06-19,5.681299209594727,15.753616333007812
2020-06-22,5.681299209594727,15.10891056060791
2020-06-23,5.681299209594727,14.977581024169922
2020-06-24,5.581629276275635,14.655226707458496
2020-06-25,5.626482009887695,14.738792419433594
2020-06-26,5.511859893798828,14.392561912536621
2020-06-29,5.561694622039795,14.762678146362305
2020-06-30,5.46202278137207,14.326895713806152
2020-07-01,5.556710720062256,14.521031379699707
2020-07-02,5.6763176918029785,14.676338195800781
2020-07-03,5.726153373718262,14.658415794372559
2020-07-06,5.815858364105225,15.148234367370605
2020-07-07,5.701236248016357,14.789825439453125
2020-07-08,5.780972957611084,15.022789001464844
2020-07-09,5.780972957611084,15.01084041595459
2020-07-10,5.775990962982178,15.094470024108887
2020-07-13,5.731137275695801,14.921236038208008
2020-07-14,5.736120223999023,15.05862808227539
2020-07-15,5.7560553550720215,15.148234367370605
2020-07-16,5.736120223999023,14.927215576171875
2020-07-17,5.800906658172607,14.986948013305664
2020-07-20,5.840777397155762,15.142254829406738
2020-07-21,5.91553258895874,15.285608291625977
2020-07-22,5.975330829620361,15.112383842468262
2020-07-23,5.895594120025635,14.855536460876465
2020-07-24,5.895594120025635,14.783854484558105
2020-07-27,6.055070400238037,15.321446418762207
2020-07-28,6.030153751373291,15.303531646728516
2020-07-29,6.219528675079346,15.584280014038086
2020-07-30,6.169693470001221,15.387151718139648
2020-07-31,6.055070400238037,14.873451232910156
2020-08-03,6.030153751373291,15.061723709106445
2020-08-04,5.830809116363525,14.398298263549805
2020-08-05,5.9055633544921875,14.404268264770508
2020-08-06,5.960381984710693,14.643342018127441
2020-08-07,5.920514106750488,14.380356788635254
2020-08-10,5.995266914367676,14.541733741760254
2020-08-11,5.91553258895874,14.43415355682373
2020-08-12,5.870677471160889,14.37438678741455
2020-08-13,5.815858364105225,13.985883712768555
2020-08-14,5.845759868621826,13.985883712768555
2020-08-17,5.780972957611084,13.704971313476562
2020-08-18,5.840878486633301,13.88044548034668
2020-08-19,5.71108341217041,13.826529502868652
2020-08-20,5.641191005706787,13.790582656860352
2020-08-21,5.551331996917725,13.814546585083008
2020-08-24,5.581284999847412,14.000249862670898
2020-08-25,5.506402015686035,13.94633674621582
2020-08-26,5.3566365242004395,13.640817642211914
2020-08-27,5.40156364440918,13.772610664367676
2020-08-28,5.461472511291504,13.916383743286133
2020-08-31,5.381595611572266,13.515008926391602
2020-09-01,5.351587772369385,13.883682250976562
2020-09-02,5.316575527191162,13.829726219177246
2020-09-03,5.381595134735107,14.009570121765137
2020-09-04,5.401600360870361,14.243366241455078
2020-09-08,5.396600723266602,13.931647300720215
2020-09-09,5.4516167640686035,13.853713035583496
2020-09-10,5.326580047607422,13.619915008544922
2020-09-11,5.281567573547363,13.434075355529785
2020-09-14,5.321579456329346,13.613924026489258
2020-09-15,5.29157018661499,13.470047950744629
2020-09-16,5.26155948638916,13.374137878417969
2020-09-17,5.321579456329346,13.386120796203613
2020-09-18,5.1615309715271,13.194297790527344
2020-09-21,5.186539649963379,13.110369682312012
2020-09-22,5.136524200439453,13.152325630187988
2020-09-23,5.026491165161133,12.900554656982422
2020-09-24,5.191540241241455,13.086390495300293
2020-09-25,5.226550102233887,13.056412696838379
2020-09-28,5.106513977050781,13.050424575805664
2020-09-29,5.026491165161133,12.786656379699707
2020-09-30,5.081509113311768,12.816628456115723
2020-10-01,5.106513977050781,12.879611015319824
2020-10-02,5.156528949737549,12.909612655639648
2020-10-05,5.116516590118408,12.939606666564941
2020-10-06,5.111515522003174,12.897618293762207
2020-10-07,5.111515522003174,12.855616569519043
2020-10-08,5.336583614349365,13.503504753112793
2020-10-09,5.2715630531311035,13.455512046813965
2020-10-13,5.321579456329346,13.413519859313965
2020-10-14,5.286569118499756,13.317534446716309
2020-10-15,5.301572322845459,13.227548599243164
2020-10-16,5.1965413093566895,13.011592864990234
2020-10-19,5.2565598487854,13.10757827758789
2020-10-20,5.3665924072265625,13.551485061645508
2020-10-21,5.491628646850586,13.635472297668457
2020-10-22,5.431612491607666,14.187374114990234
2020-10-23,5.466623783111572,14.043403625488281
2020-10-26,5.5416436195373535,14.175373077392578
2020-10-27,5.411604881286621,13.809441566467285
2020-10-28,5.226550102233887,13.263542175292969
2020-10-29,5.2365522384643555,13.503504753112793
2020-10-30,5.1615309715271,13.185561180114746
2020-11-03,5.166532516479492,13.374654769897461
2020-11-04,5.25155782699585,13.896913528442383
2020-11-05,5.526638984680176,14.203065872192383
2020-11-06,5.491628646850586,14.25709056854248
2020-11-09,5.616666316986084,15.223572731018066
2020-11-10,5.801721096038818,15.625768661499023
2020-11-11,5.811723709106445,15.57174015045166
2020-11-12,5.666683197021484,15.157551765441895
2020-11-13,5.716696262359619,15.481705665588379
2020-11-16,5.746703147888184,15.907916069030762
2020-11-17,5.79171895980835,15.889899253845215
2020-11-18,5.656679153442383,15.523721694946289
2020-11-19,5.666683197021484,15.5957612991333
2020-11-23,5.711694717407227,15.63778018951416
2020-11-24,5.781715393066406,15.985952377319336
2020-11-25,5.776712894439697,15.823862075805664
2020-11-26,5.681684970855713,15.541731834411621
2020-11-27,5.741702079772949,15.67979907989502
2020-11-30,5.516636371612549,15.46369743347168
2020-12-01,5.8523430824279785,16.079357147216797
2020-12-02,5.812259674072266,16.091371536254883
2020-12-03,5.942534923553467,16.09737777709961
2020-12-04,5.902450084686279,16.18147087097168
2020-12-07,5.907459735870361,16.22951316833496
2020-12-08,5.912469863891602,16.12140464782715
2020-12-09,5.912469863891602,16.289583206176758
2020-12-10,5.987628936767578,16.764102935791016
2020-12-11,6.0187835693359375,16.66412925720215
2020-12-14,6.0187835693359375,16.399242401123047
2020-12-15,6.074373722076416,16.51362419128418
2020-12-16,6.124910831451416,16.91097640991211
2020-12-17,6.124910831451416,16.91097640991211
2020-12-18,6.1350178718566895,16.880861282348633
2020-12-21,6.124910831451416,16.50159454345703
2020-12-22,6.054160118103027,16.60392951965332
2020-12-23,6.2057671546936035,16.856788635253906
2020-12-28,6.220928192138672,17.115659713745117
2020-12-29,6.296729564666748,17.049427032470703
2020-12-30,6.236087799072266,16.814638137817383
2021-01-04,6.185551166534424,16.534555435180664
2021-01-05,6.1350178718566895,16.49239158630371
2021-01-06,6.1804986000061035,16.865848541259766
2021-01-07,6.372533321380615,17.407957077026367
2021-01-08,6.316945552825928,17.46217155456543
2021-01-11,6.1097493171691895,17.118825912475586
2021-01-12,6.175445079803467,17.18509292602539
2021-01-13,6.150179386138916,16.926074981689453
2021-01-14,6.342211723327637,17.29351234436035
2021-01-15,6.0996413230896,16.799585342407227
2021-01-18,6.0996413230896,16.74536895751953
2021-01-19,6.013730049133301,16.61286163330078
2021-01-20,6.008678436279297,16.3598690032959
2021-01-21,5.927822113037109,16.10688018798828
2021-01-22,5.907607078552246,15.715353012084961
2021-01-26,5.847260475158691,15.383519172668457
2021-01-27,5.8675127029418945,15.383519172668457
2021-01-28,5.9687628746032715,16.035310745239258
2021-01-29,5.882699012756348,15.582676887512207
2021-02-01,5.897886753082275,15.893659591674805
2021-02-02,5.999139785766602,15.658161163330078
2021-02-03,5.9687628746032715,15.603809356689453
2021-02-04,5.933324813842773,15.537378311157227
2021-02-05,5.958639144897461,15.464932441711426
2021-02-08,5.8675127029418945,15.181106567382812
2021-02-09,5.877636909484863,15.271693229675293
2021-02-10,5.801699161529541,15.175065994262695
2021-02-11,5.816885471343994,15.181106567382812
2021-02-12,5.786510944366455,15.162997245788574
2021-02-17,5.781449317932129,15.205263137817383
2021-02-18,5.761197566986084,15.193191528320312
2021-02-19,5.740947723388672,15.072409629821777
2021-02-22,5.6447577476501465,14.239080429077148
2021-02-23,5.715636253356934,15.066370010375977
2021-02-24,5.73588752746582,14.776522636413574
2021-02-25,5.629572868347168,14.365890502929688
2021-02-26,5.497945308685303,14.200004577636719
2021-03-01,5.335941791534424,13.801756858825684
2021-03-02,5.50806999206543,14.300332069396973
2021-03-03,5.553633689880371,14.300332069396973
2021-03-04,5.659946918487549,14.567851066589355
2021-03-05,5.761197566986084,15.090738296508789
2021-03-08,5.487820625305176,14.567851066589355
2021-03-09,5.604259014129639,14.762415885925293
2021-03-10,5.703348159790039,14.853607177734375
2021-03-11,5.59688663482666,14.89617919921875
2021-03-12,5.6222333908081055,14.83537483215332
2021-03-15,5.5918169021606445,14.975214004516602
2021-03-16,5.546188831329346,14.780656814575195
2021-03-17,5.693207740783691,15.188017845153809
2021-03-18,5.688137531280518,15.242738723754883
2021-03-19,5.688137531280518,15.254897117614746
2021-03-22,5.769252300262451,15.327859878540039
2021-03-23,5.652649402618408,15.066407203674316
2021-03-24,5.617164134979248,14.89617919921875
2021-03-25,5.678000450134277,15.11505126953125
2021-03-26,5.682610034942627,15.35306167602539
2021-03-29,5.758784294128418,15.20683479309082
2021-03-30,5.713080406188965,15.493185997009277
2021-03-31,5.636904716491699,15.29821491241455
2021-04-01,5.586123466491699,14.917214393615723
2021-04-05,5.652141094207764,14.996464729309082
2021-04-06,5.596280097961426,14.831865310668945
2021-04-07,5.611514091491699,14.825775146484375
2021-04-08,5.586123466491699,14.679466247558594
2021-04-09,5.560730457305908,14.618508338928223
2021-04-12,5.606437683105469,14.880637168884277
2021-04-13,5.570888996124268,14.886734008789062
2021-04-14,5.616591930389404,15.03913688659668
2021-04-15,5.626748561859131,15.03913688659668
2021-04-16,5.626748561859131,15.12447738647461
2021-04-19,5.596280097961426,14.984268188476562
2021-04-20,5.586123466491699,14.892821311950684
2021-04-22,5.591202259063721,14.886734008789062
2021-04-23,5.596280097961426,14.996464729309082
2021-04-26,5.626748561859131,14.923307418823242
2021-04-27,5.591202259063721,14.752613067626953
2021-04-28,5.683454990386963,15.312623023986816
2021-04-29,5.622395992279053,14.964325904846191
2021-04-30,5.622395992279053,14.945999145507812
2021-05-03,5.627483367919922,15.163056373596191
2021-05-04,5.551161766052246,14.600550651550293
2021-05-05,5.591867923736572,14.985742568969727
2021-05-06,5.596957206726074,14.790093421936035
2021-05-07,5.576602458953857,14.985742568969727
2021-05-10,5.668189525604248,15.242538452148438
2021-05-11,5.703804969787598,15.163056373596191
2021-05-12,5.60204553604126,14.942940711975098
2021-05-13,5.719071865081787,15.395390510559082
2021-05-14,5.729248046875,15.633842468261719
2021-05-17,5.9582133293151855,15.713311195373535
2021-05-18,5.88189172744751,15.70109748840332
2021-05-19,5.902243137359619,15.847831726074219
2021-05-20,5.907332897186279,16.006807327270508
2021-05-21,5.953125,15.9884614944458
2021-05-24,5.902243137359619,16.043485641479492
2021-05-25,5.926910877227783,15.956957817077637
2021-05-26,5.9982590675354,16.12847328186035
2021-05-27,5.906525611877441,16.067218780517578
2021-05-28,6.003354072570801,16.22035789489746
2021-05-31,5.967678546905518,16.27548599243164
2021-06-01,6.141246318817139,16.74434471130371
2021-06-02,6.233137130737305,17.1917667388916
2021-06-04,6.381180286407471,17.498210906982422
2021-06-07,6.478174686431885,17.865951538085938
2021-06-08,6.376075744628906,17.731115341186523
2021-06-09,6.325026512145996,17.988525390625
2021-06-10,6.325026512145996,18.01304817199707
2021-06-11,6.161668300628662,17.792404174804688
2021-06-14,6.161668300628662,17.669824600219727
2021-06-15,6.192297458648682,17.682085037231445
2021-06-16,6.202505588531494,17.97627067565918
2021-06-17,6.161668300628662,17.810787200927734
2021-06-18,6.131038188934326,17.406286239624023
2021-06-21,6.10551118850708,17.5472354888916
2021-06-22,6.1106181144714355,17.4553165435791
2021-06-23,6.074882507324219,17.308212280273438
2021-06-24,6.06467342376709,17.259180068969727
2021-06-25,5.947259902954102,16.799510955810547
2021-06-28,5.875792980194092,16.61565399169922
2021-06-29,5.85537052154541,16.499195098876953
2021-06-30,5.81963586807251,16.38886833190918
2021-07-01,5.763483047485352,16.257022857666016
2021-07-02,5.840057373046875,16.355140686035156
2021-07-05,5.809425354003906,16.214092254638672
2021-07-06,5.773692607879639,16.060781478881836
2021-07-07,5.896210193634033,16.232486724853516
2021-07-08,5.886001110076904,16.079177856445312
2021-07-12,5.921734809875488,16.324474334716797
2021-07-13,5.977888107299805,16.349010467529297
2021-07-14,6.01362419128418,16.47779655456543
2021-07-15,5.942154407501221,16.146644592285156
2021-07-16,5.926840305328369,15.944263458251953
2021-07-19,5.799216270446777,15.790955543518066
2021-07-20,5.81963586807251,16.066923141479492
2021-07-21,5.880896091461182,16.09757423400879
2021-07-22,5.865581035614014,15.938138008117676
2021-07-23,5.829845905303955,15.901344299316406
2021-07-26,5.886001110076904,16.165040969848633
2021-07-27,5.886001110076904,16.324474334716797
2021-07-28,5.957469463348389,16.876388549804688
2021-07-29,5.957469463348389,17.005184173583984
2021-07-30,5.824739456176758,16.84572982788086
2021-08-02,5.947259902954102,17.002199172973633
2021-08-03,5.957469463348389,17.143310546875
2021-08-04,5.85537052154541,16.640180587768555
2021-08-05,5.85537052154541,16.799718856811523
2021-08-06,5.96768045425415,17.149450302124023
2021-08-09,6.03404426574707,17.272167205810547
2021-08-10,5.952363014221191,17.04515266418457
2021-08-11,6.069779396057129,17.22922134399414
2021-08-12,5.880896091461182,16.934701919555664
2021-08-13,5.926840305328369,17.13105010986328
2021-08-16,5.864020347595215,16.90553855895996
2021-08-17,5.766714096069336,16.930177688598633
2021-08-18,5.8588995933532715,16.997920989990234
2021-08-19,5.817927837371826,16.825477600097656
2021-08-20,5.812806129455566,16.91785430908203
2021-08-23,5.817927837371826,17.084142684936523
2021-08-24,5.920356750488281,17.44133758544922
2021-08-25,5.925477504730225,17.576831817626953
2021-08-26,5.853779315948486,17.287378311157227
2021-08-27,5.9357218742370605,17.509082794189453
2021-08-30,5.874260902404785,17.478302001953125
2021-08-31,5.940842151641846,17.63225555419922
2021-09-01,6.0383172035217285,17.94343376159668
2021-09-02,5.863889217376709,17.24098014831543
2021-09-03,5.812586307525635,16.932886123657227
2021-09-06,5.940842151641846,17.308761596679688
2021-09-08,5.648418426513672,16.384475708007812
2021-09-09,5.704850673675537,16.624786376953125
2021-09-10,5.699718952178955,16.513877868652344
2021-09-13,5.73563289642334,16.729551315307617
2021-09-14,5.843366622924805,16.593976974487305
2021-09-15,5.725372791290283,16.36599349975586
2021-09-16,5.740762710571289,16.37831687927246
2021-09-17,5.633026123046875,15.934662818908691
2021-09-20,5.463728427886963,15.638884544372559
2021-09-21,5.556071758270264,15.626564979553223
2021-09-22,5.643287658691406,16.002443313598633
2021-09-23,5.751021385192871,16.54469108581543
2021-09-24,5.679198265075684,16.322858810424805
2021-09-27,5.756153106689453,16.754186630249023
2021-09-28,5.684328556060791,16.335187911987305
2021-09-29,5.781803131103516,16.58782958984375
2021-09-30,5.792065620422363,16.63711929321289
2021-10-01,5.884408473968506,17.17041778564453
2021-10-04,5.761282444000244,13.724008560180664
2021-10-05,5.817716121673584,13.810319900512695
2021-10-06,5.843366622924805,13.896634101867676
2021-10-07,5.766414165496826,13.680845260620117
2021-10-08,5.822845458984375,13.754822731018066
2021-10-11,5.751021385192871,13.483555793762207
2021-10-13,5.751021385192871,13.471226692199707
2021-10-14,5.679198265075684,13.366412162780762
2021-10-15,5.766414165496826,13.625358581542969
2021-10-18,5.817716121673584,13.78565788269043
2021-10-19,5.597114086151123,13.428059577941895
2021-10-20,5.730504035949707,13.78565788269043
2021-10-21,5.489378929138184,13.600699424743652
2021-10-22,5.391903877258301,13.09514331817627
2021-10-25,5.499639987945557,13.39107894897461
2021-10-26,5.438075065612793,13.267767906188965
2021-10-27,5.489378929138184,13.310931205749512
2021-10-28,5.397032737731934,13.224615097045898
2021-10-29,5.299560070037842,12.965666770935059
2021-11-01,5.397032737731934,13.43317985534668
2021-11-03,5.479118824005127,13.581273078918457
2021-11-04,5.325211048126221,12.90868091583252
2021-11-05,5.299560070037842,12.748254776000977
2021-11-08,5.2379961013793945,12.71739673614502
2021-11-09,5.191824913024902,12.58165454864502
2021-11-10,5.289300441741943,12.896339416503906
2021-11-11,5.289300441741943,12.90251636505127
2021-11-12,5.289300441741943,12.884004592895508
2021-11-16,5.186694145202637,12.742080688476562
2021-11-17,5.212344646453857,12.723567008972168
2021-11-18,5.1456522941589355,12.507604598999023
2021-11-19,5.191824913024902,12.482919692993164
2021-11-22,5.109740257263184,12.467009544372559
2021-11-23,5.181562900543213,12.573291778564453
2021-11-24,5.262172698974609,12.910920143127441
2021-11-25,5.2725934982299805,13.023454666137695
2021-11-26,5.163180828094482,12.729605674743652
2021-11-29,5.184021949768066,12.679584503173828
2021-11-30,5.058980941772461,12.567047119140625
2021-12-01,5.092160224914551,12.521768569946289
2021-12-02,5.248842239379883,12.92852783203125
2021-12-03,5.186168670654297,12.9535493850708
2021-12-06,5.21750545501709,13.066192626953125
2021-12-07,5.21750545501709,12.890974044799805
2021-12-08,5.201837062835693,12.772077560424805
2021-12-09,5.133942604064941,12.484223365783691
2021-12-10,5.14961051940918,12.490480422973633
2021-12-13,5.076490879058838,12.215140342712402
2021-12-14,5.198753356933594,12.271462440490723
2021-12-15,5.172577381134033,12.24017333984375
2021-12-16,5.1778130531311035,12.365326881408691
2021-12-17,5.1778130531311035,12.083725929260254
2021-12-20,5.099282264709473,11.939800262451172
2021-12-21,5.123364448547363,11.895994186401367
2021-12-22,5.062894821166992,12.008631706237793
2021-12-23,5.073889255523682,12.058691024780273
2021-12-27,5.090380668640137,12.171338081359863
2021-12-28,5.15084981918335,12.127532005310059
2021-12-29,5.161843299865723,12.089984893798828
2021-12-30,5.112369537353516,11.946057319641113
2022-01-03,5.051901817321777,12.138753890991211
2022-01-04,5.0793867111206055,12.408084869384766
2022-01-05,5.073889255523682,12.157544136047363
2022-01-06,5.057398319244385,12.376770973205566
2022-01-07,5.178335666656494,12.570942878723145
2022-01-10,5.15084981918335,12.639839172363281
2022-01-11,5.189330101013184,12.821479797363281
2022-01-12,5.2333083152771,12.827743530273438
2022-01-13,5.365241050720215,12.990598678588867
2022-01-14,5.392725944519043,12.996858596801758
2022-01-17,5.338858127593994,12.959278106689453
2022-01-18,5.433598041534424,13.040702819824219
2022-01-19,5.439170837402344,12.940489768981934
2022-01-20,5.461461544036865,12.827743530273438
2022-01-21,5.3722944259643555,12.83401107788086
2022-01-24,5.366722106933594,12.827743530273438
2022-01-25,5.511617660522461,13.234872817993164
2022-01-26,5.567347049713135,13.36014461517334
2022-01-27,5.600785255432129,13.46036434173584
2022-01-28,5.639796733856201,13.623212814331055
2022-01-31,5.740108489990234,13.836174964904785
2022-02-01,5.662087917327881,13.991422653198242
2022-02-02,5.623076438903809,13.80963134765625
2022-02-03,5.634222030639648,13.922460556030273
2022-02-04,5.751253128051758,14.003950119018555
2022-02-07,5.712242126464844,13.935001373291016
2022-02-08,5.728962421417236,14.029026985168457
2022-02-09,5.662087917327881,13.471126556396484
2022-02-10,5.734534740447998,13.64664363861084
2022-02-11,5.879431247711182,14.32991886138916
2022-02-14,5.92958927154541,14.217082023620605
2022-02-15,5.946306228637695,14.380070686340332
2022-02-16,5.968597888946533,14.317386627197266
2022-02-17,5.868284702301025,14.060369491577148
2022-02-18,5.896150588989258,14.129322052001953
2022-02-21,5.723387718200684,13.84723949432373
2022-02-22,5.723387718200684,13.937345504760742
2022-02-23,5.639796733856201,13.774262428283691
2022-02-24,5.545055866241455,13.49200439453125
2022-02-25,5.656515121459961,13.692727088928223
2022-03-02,5.645369052886963,13.458982467651367
2022-03-03,5.645369052886963,13.458982467651367
2022-03-04,5.595211982727051,13.195324897766113
2022-03-07,5.433598041534424,12.900286674499512
2022-03-08,5.3722944259643555,12.868891716003418
2022-03-09,5.639796733856201,13.427592277526855
2022-03-10,5.572921276092529,13.35226058959961
2022-03-11,5.550629138946533,13.35226058959961
2022-03-14,5.572921276092529,13.46525764465332
2022-03-15,5.545055866241455,13.534309387207031
2022-03-16,5.623076438903809,13.867018699645996
2022-03-17,5.751253128051758,14.162057876586914
2022-03-18,5.829273700714111,14.281336784362793
2022-03-21,5.963024616241455,14.55126667022705
2022-03-22,6.068910598754883,14.789809226989746
2022-03-23,6.091200351715088,14.701924324035645
2022-03-24,6.113493919372559,14.695652961730957
2022-03-25,6.171701908111572,14.708203315734863
2022-03-28,6.087235927581787,14.701924324035645
2022-03-29,6.182964324951172,15.009527206420898
2022-03-30,6.1097612380981445,15.015798568725586
2022-03-31,6.126654624938965,14.814920425415039
2022-04-01,6.1097612380981445,14.851144790649414
2022-04-04,6.070343017578125,14.763188362121582
2022-04-05,5.980246067047119,14.386253356933594
2022-04-06,5.957720756530762,14.33599853515625
2022-04-07,5.878884792327881,14.33599853515625
2022-04-08,5.9126715660095215,14.373695373535156
2022-04-11,5.85636043548584,14.304584503173828
2022-04-12,5.84509801864624,14.065863609313965
2022-04-13,5.771892070770264,14.097271919250488
2022-04-14,5.777525901794434,14.19778823852539
2022-04-18,5.8056793212890625,14.2417631149292
2022-04-19,5.771892070770264,14.059582710266113
2022-04-20,5.766262531280518,14.072147369384766
2022-04-22,5.659271717071533,13.802013397216797
2022-04-25,5.715583801269531,13.845988273620605
2022-04-26,5.507232666015625,13.425079345703125
2022-04-27,5.484704494476318,13.230334281921387
2022-04-28,5.518492698669434,13.117249488830566
2022-04-29,5.428394317626953,12.614673614501953
2022-05-02,5.383347034454346,12.76409912109375
2022-05-03,5.2876176834106445,12.839550971984863
2022-05-04,5.439657211303711,12.814401626586914
2022-05-05,5.270724773406982,12.556609153747559
2022-05-06,5.293249130249023,12.701227188110352
2022-05-09,5.180625915527344,12.619484901428223
2022-05-10,5.1862568855285645,12.581754684448242
2022-05-11,5.1862568855285645,12.889852523803711
2022-05-12,5.276355266571045,13.147645950317383
2022-05-13,5.315773010253906,13.285981178283691
2022-05-16,5.428394317626953,13.348857879638672
2022-05-17,5.445287227630615,13.537490844726562
2022-05-18,5.400239944458008,13.374016761779785
2022-05-19,5.377716064453125,13.361433982849121
2022-05-20,5.467813491821289,13.487190246582031
2022-05-23,5.524124622344971,13.826725959777832
2022-05-24,5.518492698669434,14.059372901916504
2022-05-25,5.467813491821289,13.789002418518066
2022-05-26,5.507232666015625,13.91476058959961
2022-05-27,5.4621806144714355,14.034226417541504
2022-05-30,5.434024810791016,13.958765983581543
2022-05-31,5.439657211303711,14.084526062011719
2022-06-01,5.458583831787109,13.90056037902832
2022-06-02,5.503743648529053,13.90056037902832
2022-06-03,5.356977939605713,13.825048446655273
2022-06-06,5.424716472625732,13.825048446655273
2022-06-07,5.390846252441406,13.862809181213379
2022-06-08,5.3682661056518555,13.611090660095215
2022-06-09,5.283594131469727,13.33421802520752
2022-06-10,5.272303581237793,13.019583702087402
2022-06-13,5.215856075286865,12.805633544921875
2022-06-14,5.176342487335205,12.76158332824707
2022-06-15,5.165053367614746,12.730116844177246
2022-06-17,5.244080543518066,12.579092025756836
2022-06-20,5.204567909240723,13.11396598815918
2022-06-21,5.198920726776123,13.057339668273926
2022-06-22,5.1932759284973145,12.912606239318848
2022-06-23,5.17069673538208,12.616846084594727
2022-06-24,5.086025238037109,12.585382461547852
2022-06-27,5.1142473220825195,12.723821640014648
2022-06-28,5.097312927246094,12.642024040222168
2022-06-29,5.04086446762085,12.522459983825684
2022-06-30,5.001350402832031,12.289628028869629
2022-07-01,4.933613300323486,12.325942039489746
2022-07-04,4.9618353843688965,12.250356674194336
2022-07-05,4.927967071533203,12.319642066955566
2022-07-06,4.916677474975586,12.237760543823242
2022-07-07,4.990062236785889,12.458208084106445
2022-07-08,5.012639999389648,12.4833984375
2022-07-11,4.939257621765137,12.325942039489746
2022-07-12,4.882808685302734,12.319642066955566
2022-07-13,4.826358795166016,12.288146018981934
2022-07-14,4.85458517074585,12.111795425415039
2022-07-15,4.9618353843688965,12.351134300231934
2022-07-18,4.967482566833496,12.451908111572266
2022-07-19,5.057799339294434,12.79201889038086
2022-07-20,5.046509742736816,12.577872276306152
2022-07-21,5.091667652130127,12.697543144226074
2022-07-22,5.046509742736816,12.584175109863281
2022-07-25,5.05215311050415,12.754230499267578
2022-07-26,5.05215311050415,12.691240310668945
2022-07-27,5.108604431152344,12.678646087646484
2022-07-28,5.142472743988037,12.754230499267578
2022-07-29,5.215856075286865,12.773127555847168
2022-08-01,5.04086446762085,12.708606719970703
2022-08-02,5.131181240081787,12.847288131713867
2022-08-03,5.136826992034912,12.941844940185547
2022-08-04,5.148116588592529,13.20030689239502
2022-08-05,5.232789993286133,13.420944213867188
2022-08-08,5.255369186401367,13.565934181213379
2022-08-09,5.345688819885254,13.94416332244873
2022-08-10,5.345688819885254,14.177401542663574
2022-08-11,5.345688819885254,14.246743202209473
2022-08-12,5.402136325836182,14.37282657623291
2022-08-15,5.379557132720947,14.49890422821045
2022-08-16,5.424716472625732,14.662809371948242
2022-08-17,5.40778112411499,14.706933975219727
2022-08-18,5.40778112411499,14.675414085388184
2022-08-19,5.424650192260742,14.500697135925293
2022-08-22,5.390569686889648,14.34100341796875
2022-08-23,5.373528480529785,14.34100341796875
2022-08-24,5.350808143615723,14.43681812286377
2022-08-25,5.396250247955322,14.564581871032715
2022-08-26,5.339446067810059,14.52625846862793
2022-08-29,5.339446067810059,14.455986022949219
2022-08-30,5.345128059387207,14.41765308380127
2022-08-31,5.3110456466674805,14.142973899841309
2022-09-01,5.256110668182373,14.243766784667969
2022-09-02,5.33583402633667,14.448335647583008
2022-09-05,5.404168605804443,14.601776123046875
2022-09-06,5.370002269744873,14.5634126663208
2022-09-08,5.364307403564453,14.505876541137695
2022-09-09,5.370002269744873,14.595378875732422
2022-09-12,5.47250509262085,14.710457801818848
2022-09-13,5.392779350280762,14.595378875732422
2022-09-14,5.392779350280762,14.49948501586914
2022-09-15,5.3813910484313965,14.512266159057617
2022-09-16,5.347222328186035,14.480306625366211
2022-09-19,5.506671905517578,14.889459609985352
2022-09-20,5.631952285766602,15.311406135559082
2022-09-21,5.609175205230713,15.247468948364258
2022-09-22,5.768623352050781,15.484015464782715
2022-09-23,5.626257419586182,15.266657829284668
2022-09-26,5.518060207366943,14.88306999206543
2022-09-27,5.438334941864014,14.844707489013672
2022-09-28,5.489587783813477,14.767992973327637
2022-09-29,5.529449462890625,14.985357284545898
2022-09-30,5.620563507080078,15.036502838134766
2022-10-03,5.956544399261475,15.834732055664062
2022-10-04,5.899599552154541,15.924308776855469
2022-10-05,5.922375679016113,15.924308776855469
2022-10-06,5.9109883308410645,15.732372283935547
2022-10-07,5.842652320861816,15.681185722351074
2022-10-10,5.8369574546813965,15.49564266204834
2022-10-11,5.797094821929932,15.457258224487305
2022-10-13,5.774317264556885,15.348496437072754
2022-10-14,5.723067283630371,15.36129093170166
2022-10-17,5.8369574546813965,15.450854301452637
2022-10-18,5.928071022033691,15.76435661315918
2022-10-19,5.985018253326416,15.809135437011719
2022-10-20,5.973628520965576,16.0650577545166
2022-10-21,6.224191665649414,16.532102584838867
2022-10-24,6.007796287536621,15.994678497314453
2022-10-25,5.979323863983154,15.924308776855469
2022-10-26,5.882513523101807,15.636398315429688
2022-10-27,5.967933654785156,15.809135437011719
2022-10-28,5.990711688995361,15.866717338562012
2022-10-31,6.161549091339111,16.26339340209961
2022-11-01,6.167243480682373,16.17864990234375
2022-11-03,6.201411724090576,16.236276626586914
2022-11-04,6.178633689880371,16.281091690063477
2022-11-07,6.155854225158691,15.97378158569336
2022-11-08,6.098908424377441,15.954568862915039
2022-11-09,5.9109883308410645,15.14147663116455
2022-11-10,5.751538276672363,14.962217330932617
2022-11-11,5.850625038146973,14.661308288574219
2022-11-14,5.725344657897949,14.661308288574219
2022-11-16,5.6877593994140625,14.469236373901367
2022-11-17,5.668966293334961,14.488443374633789
2022-11-18,5.668966293334961,14.610091209411621
2022-11-21,5.72663688659668,14.533257484436035
2022-11-22,5.732936859130859,14.418014526367188
2022-11-23,5.651036739349365,14.283571243286133
2022-11-24,5.789637088775635,14.622894287109375
2022-11-25,5.8148369789123535,14.315587043762207
2022-11-28,5.72663688659668,14.14912223815918
2022-11-29,5.720336437225342,14.213143348693848
2022-11-30,5.909334659576416,14.418014526367188
2022-12-01,5.715775012969971,14.41010570526123
2022-12-02,5.747354030609131,14.46136474609375
2022-12-05,5.665247917175293,14.198657035827637
2022-12-06,5.64630126953125,14.326814651489258
2022-12-07,5.684195518493652,14.346028327941895
2022-12-08,5.652616500854492,13.878297805786133
2022-12-09,5.598119258880615,13.777475357055664
2022-12-12,5.565871238708496,13.580842018127441
2022-12-13,5.475580215454102,13.167916297912598
2022-12-14,5.669063091278076,13.305550575256348
2022-12-15,5.598119258880615,13.410428047180176
2022-12-16,5.565871238708496,13.456308364868164
2022-12-19,5.681962966918945,13.666048049926758
2022-12-20,5.727108955383301,13.974111557006836
2022-12-21,5.740007400512695,14.098640441894531
2022-12-22,5.733558654785156,14.13797378540039
2022-12-23,5.772254467010498,14.328049659729004
2022-12-26,5.8367486000061035,14.144524574279785
2022-12-27,5.701310157775879,14.013435363769531
2022-12-28,5.772254467010498,14.373929977416992
2022-12-29,5.740007400512695,14.3477144241333
2023-01-02,5.694860935211182,14.070663452148438
2023-01-03,5.63036584854126,13.801711082458496
2023-01-04,5.61101770401001,13.814830780029297
2023-01-05,5.733558654785156,14.221538543701172
2023-01-06,5.740007400512695,14.405203819274902
2023-01-09,5.785152912139893,14.444571495056152
2023-01-10,5.849647521972656,14.674152374267578
2023-01-11,5.849647521972656,15.041502952575684
2023-01-12,5.830298900604248,15.015260696411133
2023-01-13,5.8174004554748535,14.844714164733887
2023-01-16,5.707761287689209,14.556084632873535
2023-01-17,5.798052787780762,14.851275444030762
2023-01-18,5.843198776245117,14.929991722106934
2023-01-19,5.868997097015381,14.851275444030762
2023-01-20,5.798052787780762,14.654476165771484
2023-01-23,5.752906322479248,14.313368797302246
2023-01-24,5.746456623077393,14.287132263183594
2023-01-25,5.701310157775879,14.378973960876465
2023-01-26,5.701310157775879,14.319936752319336
2023-01-27,5.675513744354248,13.959145545959473
2023-01-30,5.694860935211182,13.972264289855957
2023-01-31,5.662613868713379,14.136258125305176
2023-02-01,5.546523571014404,14.023112297058105
2023-02-02,5.552972793579102,14.055935859680176
2023-02-03,5.54007625579834,14.023112297058105
2023-02-06,5.520726680755615,14.141278266906738
2023-02-07,5.417533874511719,13.937767028808594
2023-02-08,5.785152912139893,14.85031795501709
2023-02-09,5.701310157775879,14.508926391601562
2023-02-10,5.591670513153076,14.417013168334961
2023-02-13,5.71420955657959,14.902833938598633
2023-02-14,5.765806198120117,14.725578308105469
2023-02-15,5.746456623077393,14.88314151763916
2023-02-16,5.77870512008667,14.98818302154541
2023-02-17,5.71420955657959,15.03414249420166
2023-02-22,5.662613868713379,14.719011306762695
2023-02-23,5.701310157775879,14.778096199035645
2023-02-24,5.514276504516602,14.377625465393066
2023-02-27,5.391737461090088,14.213497161865234
2023-02-28,5.436883926391602,14.259455680847168
2023-03-01,5.380958557128906,14.100218772888184
2023-03-02,5.264543533325195,13.758551597595215
2023-03-03,5.335686206817627,13.758551597595215
2023-03-06,5.387426376342773,13.863682746887207
2023-03-07,5.406828880310059,14.008231163024902
2023-03-08,5.465035915374756,14.192206382751465
2023-03-09,5.445633411407471,14.008231163024902
2023-03-10,5.387426376342773,13.686278343200684
2023-03-13,5.290414810180664,13.508875846862793
2023-03-14,5.309815883636475,13.469454765319824
2023-03-15,5.296881675720215,13.489165306091309
2023-03-16,5.361556053161621,13.522017478942871
2023-03-17,5.283946514129639,13.226349830627441
2023-03-20,5.219272136688232,13.213207244873047
2023-03-21,5.251608371734619,13.390608787536621
2023-03-22,5.27747917175293,13.351187705993652
2023-03-23,5.212804317474365,13.022659301757812
2023-03-24,5.308993339538574,13.223747253417969
2023-03-27,5.328581809997559,13.390209197998047
2023-03-28,5.341643810272217,13.483428001403809
2023-03-29,5.348171710968018,13.556671142578125
2023-03-30,5.387353897094727,13.949518203735352
2023-03-31,5.4395952224731445,14.022764205932617
2023-04-03,5.374293804168701,13.601362228393555
2023-04-04,5.420004844665527,13.894580841064453
2023-04-05,5.400412082672119,13.861260414123535
2023-04-06,5.367763519287109,13.827943801879883
2023-04-10,5.380823612213135,13.941229820251465
2023-04-11,5.563666820526123,14.394390106201172
2023-04-12,5.661618709564209,14.540992736816406
2023-04-13,5.68773889541626,14.454358100891113
2023-04-14,5.7269206047058105,14.660951614379883
2023-04-17,5.713860511779785,14.620967864990234
2023-04-18,5.68773889541626,14.620967864990234
2023-04-19,5.668149948120117,14.374393463134766
2023-04-20,5.628968238830566,14.401052474975586
2023-04-24,5.681210041046143,14.281105041503906
2023-04-25,5.674678802490234,14.40771770477295
2023-04-26,5.635499000549316,14.294428825378418
2023-04-27,5.707330226898193,14.547661781311035
2023-04-28,5.746510028839111,14.720928192138672
2023-05-02,5.583256721496582,14.199149131774902
2023-05-03,5.576727867126465,14.085766792297363
2023-05-04,5.648559093475342,14.13912296295166
2023-05-05,5.766100883483887,14.565964698791504
2023-05-08,5.798751354217529,14.852750778198242
2023-05-09,5.8444623947143555,14.999475479125977
2023-05-10,5.909763336181641,15.252909660339355
2023-05-11,5.962006568908691,15.37296199798584
2023-05-12,5.896702289581299,15.31293773651123
2023-05-15,5.916294097900391,15.352954864501953
2023-05-16,5.870583534240723,15.26624870300293
2023-05-17,5.962006568908691,15.366293907165527
2023-05-18,5.942413330078125,15.346280097961426
2023-05-19,5.922824859619141,15.159539222717285
2023-05-22,5.909763336181641,14.999475479125977
2023-05-23,5.916294097900391,15.039491653442383
2023-05-24,5.857522010803223,14.952787399291992
2023-05-25,5.948945045471191,15.37296199798584
2023-05-26,5.916294097900391,15.299601554870605
2023-05-29,5.909763336181641,15.172880172729492
2023-05-30,5.903232097625732,15.099516868591309
2023-05-31,5.818341255187988,14.919448852539062
2023-06-01,5.8730316162109375,15.078063011169434
2023-06-02,6.023622512817383,15.278300285339355
2023-06-05,6.036718368530273,15.431818008422852
2023-06-06,6.036718368530273,15.478546142578125
2023-06-07,6.0498127937316895,15.485223770141602
2023-06-09,6.14802360534668,15.798930168151855
2023-06-12,6.115286350250244,15.72551155090332
2023-06-13,6.180761814117432,15.772233963012695
2023-06-14,6.2658772468566895,16.065916061401367
2023-06-15,6.383731365203857,16.32622718811035
2023-06-16,6.31825590133667,16.266162872314453
2023-06-19,6.475393295288086,16.63326072692871
2023-06-20,6.514678955078125,16.583534240722656
2023-06-21,6.5474138259887695,16.711729049682617
2023-06-22,6.44920539855957,16.69148063659668
2023-06-23,6.471993923187256,16.67125129699707
2023-06-26,6.452119827270508,16.624021530151367
2023-06-27,6.412372589111328,16.50932502746582
2023-06-28,6.346130847930908,16.387880325317383
2023-06-29,6.471993923187256,16.51607322692871
2023-06-30,6.452119827270508,16.543058395385742
2023-07-03,6.551483631134033,16.784528732299805
2023-07-04,6.491865634918213,16.764278411865234
2023-07-05,6.56473445892334,16.87230110168457
2023-07-06,6.498489856719971,16.865550994873047
2023-07-07,6.53823709487915,17.081602096557617
2023-07-10,6.5912322998046875,16.91280746459961
2023-07-11,6.425621032714844,16.70350456237793
2023-07-12,6.405749320983887,16.588729858398438
2023-07-13,6.52498722076416,16.710262298583984
2023-07-14,6.458745002746582,16.54146385192871
2023-07-17,6.52498722076416,16.771024703979492
2023-07-18,6.54486083984375,16.67650032043457
2023-07-19,6.505115985870361,16.54146385192871
2023-07-20,6.551483631134033,16.79128074645996
2023-07-21,6.611105442047119,16.953317642211914
2023-07-24,6.5713582038879395,16.81828498840332
2023-07-25,6.690596580505371,16.82503890991211
2023-07-26,6.658304214477539,16.838542938232422
2023-07-27,6.578404426574707,16.622486114501953
2023-07-28,6.6383280754089355,16.70350456237793
2023-07-31,6.598380088806152,16.710262298583984
2023-08-01,6.598380088806152,16.701915740966797
2023-08-02,6.651645660400391,16.735700607299805
2023-08-03,6.611696720123291,16.58705711364746
2023-08-04,6.551773548126221,16.458690643310547
2023-08-07,6.591720104217529,16.424903869628906
2023-08-08,6.511819362640381,16.269506454467773
2023-08-09,6.451897144317627,16.12762451171875
2023-08-10,6.405289173126221,16.120866775512695
2023-08-11,6.43858003616333,16.033035278320312
2023-08-14,6.43858003616333,15.88438606262207
2023-08-15,6.411945819854736,15.857361793518066
2023-08-16,6.418605327606201,15.783040046691895
2023-08-17,6.3387041091918945,15.72898006439209
2023-08-18,6.315209865570068,15.823580741882324
2023-08-21,6.274988174438477,15.627644538879395
2023-08-22,6.335323810577393,15.897891998291016
2023-08-23,6.435883045196533,16.02627182006836
2023-08-24,6.395659446716309,15.810065269470215
2023-08-25,6.3420281410217285,15.668184280395508
2023-08-28,6.42918062210083,16.033035278320312
2023-08-29,6.449290752410889,16.18842887878418
2023-08-30,6.355434417724609,15.938446044921875
2023-08-31,6.288395404815674,15.749262809753418
2023-09-01,6.355434417724609,15.815284729003906
2023-09-04,6.295098781585693,15.808526992797852
2023-09-05,6.228058338165283,15.517780303955078
2023-09-06,6.127498626708984,15.416354179382324
2023-09-08,6.100680828094482,15.450165748596191
2023-09-11,6.228058338165283,15.680055618286133
2023-09-12,6.274988174438477,15.788237571716309
2023-09-13,6.315209865570068,15.923465728759766
2023-09-14,6.321914196014404,15.930235862731934
2023-09-15,6.315209865570068,15.970796585083008
2023-09-18,6.321914196014404,15.984326362609863
2023-09-19,6.308507442474365,16.03173065185547
2023-09-20,6.348731517791748,16.17535400390625
2023-09-21,6.261578559875488,15.792341232299805
2023-09-22,6.177738189697266,15.648710250854492
2023-09-25,6.225257873535156,15.71026611328125
2023-09-26,6.130216121673584,15.518760681152344
2023-09-27,6.13700532913208,15.505087852478027
2023-09-28,6.157370567321777,15.744468688964844
2023-09-29,6.2116827964782715,15.771821022033691
2023-10-02,6.130216121673584,15.626472473144531
2023-10-03,6.082695007324219,15.496421813964844
2023-10-04,6.1234283447265625,15.763370513916016
2023-10-05,6.16416072845459,15.99608325958252
2023-10-06,6.191315650939941,16.153514862060547
2023-10-09,6.109850883483887,16.037158966064453
2023-10-10,6.204892635345459,16.0987606048584
2023-10-11,6.259202003479004,16.228809356689453
2023-10-13,6.191315650939941,16.17405128479004
2023-10-16,6.184526443481445,16.119287490844727
2023-10-17,6.048752784729004,15.948175430297852
2023-10-18,6.143794536590576,15.73598861694336
2023-10-19,6.0962724685668945,15.852355003356934
2023-10-20,6.022190570831299,15.831814765930176
2023-10-23,6.063157081604004,15.77021598815918
2023-10-24,6.083643436431885,15.742836952209473
2023-10-25,6.05633020401001,15.708608627319336
2023-10-26,6.158749580383301,16.085071563720703
2023-10-27,6.035845756530762,15.900262832641602
2023-10-30,5.974396228790283,15.797592163085938
2023-10-31,5.994879245758057,15.55118465423584
2023-11-01,6.063157081604004,15.850974082946777
2023-11-03,6.233855247497559,16.214025497436523
2023-11-06,6.2748212814331055,16.38528060913086
2023-11-07,6.384068012237549,16.81683349609375
2023-11-08,6.4250359535217285,16.933277130126953
2023-11-09,6.438690662384033,17.00178337097168
2023-11-10,6.486486911773682,17.145626068115234
2023-11-13,6.520627021789551,17.159332275390625
2023-11-14,6.595731735229492,17.26207733154297
2023-11-16,6.814226150512695,17.51553726196289
2023-11-17,6.800568103790283,17.611431121826172
2023-11-20,6.827880859375,17.67308235168457
2023-11-21,6.855191230773926,17.64568328857422
2023-11-22,6.786914825439453,17.810087203979492
2023-11-23,6.827880859375,17.947084426879883
2023-11-24,6.773257255554199,17.926536560058594
2023-11-27,6.814226150512695,17.919679641723633
2023-11-28,6.868162631988525,17.974483489990234
2023-11-29,6.853826522827148,18.145734786987305
2023-11-30,7.054566860198975,18.330686569213867
2023-12-01,7.035542964935303,18.493581771850586
2023-12-04,7.078661918640137,18.5621395111084
2023-12-05,7.1936445236206055,18.699220657348633
2023-12-06,6.99960994720459,18.404476165771484
2023-12-07,7.0499162673950195,18.644710540771484
2023-12-08,7.100220680236816,18.831499099731445
2023-12-11,7.057101249694824,18.741567611694336
2023-12-12,7.021170139312744,18.75539779663086
2023-12-13,7.1936445236206055,19.246591567993164
2023-12-14,7.337375640869141,19.454139709472656
2023-12-15,7.279882907867432,19.350364685058594
2023-12-18,7.315814971923828,19.495651245117188
2023-12-19,7.315380096435547,19.481815338134766
2023-12-20,7.279166221618652,19.350364685058594
2023-12-21,7.3371100425720215,19.433391571044922
2023-12-22,7.409538745880127,19.58559226989746
2023-12-26,7.518184185028076,19.813892364501953
2023-12-27,7.605100154876709,19.924579620361328
2023-12-28,7.489212512969971,19.95225715637207
2024-01-02,7.395054340362549,19.722192764282227
2024-01-03,7.402297019958496,19.68065643310547
2024-01-04,7.293652534484863,19.33452796936035
2024-01-05,7.409538745880127,19.722192764282227
2024-01-08,7.380568504333496,19.61834716796875
2024-01-09,7.373323917388916,19.521434783935547
2024-01-10,7.351595401763916,19.590662002563477
2024-01-11,7.329864978790283,19.562971115112305
2024-01-12,7.351595401763916,19.597579956054688
2024-01-15,7.387811183929443,19.701416015625
2024-01-16,7.315380096435547,19.431446075439453
2024-01-17,7.293652534484863,19.362213134765625
2024-01-18,7.2574381828308105,19.251461029052734
2024-01-19,7.221222877502441,19.382986068725586
2024-01-22,7.206737041473389,19.182235717773438
2024-01-23,7.235705852508545,19.24454116821289
2024-01-24,7.170521259307861,19.237611770629883
2024-01-25,7.148793697357178,19.175310134887695
2024-01-26,7.192250728607178,19.396833419799805
2024-01-29,7.235705852508545,19.348371505737305
2024-01-30,7.163278579711914,19.18916130065918
2024-01-31,7.228466033935547,19.306835174560547
2024-02-01,7.242951393127441,19.422964096069336
2024-02-02,7.286407947540283,19.360624313354492
2024-02-05,7.322623252868652,19.596139907836914
2024-02-06,7.605100154876709,20.47585105895996
2024-02-07,7.561639785766602,20.274965286254883
2024-02-08,7.467483043670654,20.081022262573242
2024-02-09,7.554399490356445,20.323467254638672
2024-02-14,7.518184185028076,20.254196166992188
2024-02-15,7.539912700653076,20.46892547607422
2024-02-16,7.554399490356445,20.593605041503906
2024-02-19,7.590614318847656,20.746000289916992
2024-02-20,7.902059078216553,21.362491607666016
2024-02-21,7.77168607711792,21.3209228515625
2024-02-22,7.844117641448975,21.324621200561523
2024-02-23,7.68059778213501,21.317424774169922
2024-02-26,7.695496082305908,21.295860290527344
2024-02-27,7.851940631866455,21.569063186645508
2024-02-28,7.866836071014404,21.676910400390625
2024-02-29,7.650796413421631,21.07297706604004
2024-03-01,7.728100299835205,21.215166091918945
2024-03-04,7.690768718719482,21.07128143310547
2024-03-05,7.690768718719482,21.042509078979492
2024-03-06,7.7579665184021,21.301496505737305
2024-03-07,7.743034839630127,21.114450454711914
2024-03-08,7.802767276763916,21.258329391479492
2024-03-11,7.787835121154785,21.215166091918945
2024-03-12,7.847566604614258,21.25113868713379
2024-03-13,7.967036247253418,21.416597366333008
2024-03-14,8.004371643066406,21.466955184936523
2024-03-15,8.01183795928955,21.323078155517578
2024-03-18,8.004371643066406,21.38062858581543
2024-03-19,7.967036247253418,21.38062858581543
2024-03-20,7.981971740722656,21.481346130371094
2024-03-21,7.88490104675293,21.344655990600586
2024-03-22,7.817254066467285,21.09935760498047
2024-03-25,7.6969895362854,21.084850311279297
2024-03-26,7.757119655609131,21.476526260375977
2024-03-27,7.839803218841553,21.636093139648438
2024-03-28,7.862353801727295,21.715871810913086
2024-04-01,7.734572410583496,21.03197479248047
2024-04-02,7.704505443572998,20.995681762695312
2024-04-03,7.674437999725342,20.90134048461914
2024-04-04,7.59927225112915,20.67636489868164
2024-04-05,7.516589164733887,20.69813346862793
2024-04-08,7.591755390167236,20.90134048461914
2024-04-09,7.64437198638916,21.075517654418945
2024-04-10,7.531622409820557,20.64733123779297
2024-04-11,7.509073257446289,20.57476043701172
2024-04-12,7.479007244110107,20.465892791748047
2024-04-15,7.283576965332031,20.153831481933594
2024-04-16,7.245992660522461,19.943359375
2024-04-17,7.200891971588135,19.95787239074707
2024-04-18,7.193376064300537,19.986906051635742
2024-04-19,7.215926647186279,19.907072067260742
2024-04-22,7.155794143676758,19.899816513061523
2024-04-23,7.223443508148193,20.168336868286133
2024-04-24,7.245992660522461,20.132057189941406
2024-04-25,7.170827388763428,20.023195266723633
2024-04-26,7.2685441970825195,20.364290237426758
2024-04-29,7.276059150695801,20.175601959228516
2024-04-30,7.215926647186279,19.827238082885742
2024-05-02,7.291091442108154,20.130544662475586
2024-05-03,7.388809680938721,20.326622009277344
2024-05-06,7.426391124725342,20.377456665039062
2024-05-07,7.479007244110107,20.784133911132812
2024-05-08,7.561689376831055,20.914854049682617
2024-05-09,7.471490859985352,20.253995895385742
2024-05-10,7.554172515869141,20.48638153076172
2024-05-13,7.584240913391113,20.638893127441406
2024-05-14,7.712022304534912,20.958423614501953
2024-05-15,7.712022304534912,20.8494930267334
2024-05-16,7.764637470245361,20.79139518737793
2024-05-17,7.734572410583496,20.834970474243164
2024-05-20,7.712022304534912,20.726043701171875
2024-05-21,7.704505443572998,20.609840393066406
2024-05-22,7.62182092666626,20.297574996948242
2024-05-23,7.59927225112915,20.10149574279785
2024-05-24,7.501558303833008,19.927209854125977
2024-05-27,7.516589164733887,19.912677764892578
2024-05-28,7.494041442871094,19.861846923828125
2024-05-29,7.463973045349121,19.760175704956055
2024-05-31,7.37377405166626,19.571365356445312
2024-06-03,7.361363410949707,19.758594512939453
2024-06-04,7.429178237915039,19.896665573120117
2024-06-05,7.429178237915039,19.794925689697266
2024-06-06,7.48192024230957,20.114669799804688
2024-06-07,7.338759899139404,19.845796585083008
2024-06-10,7.248344421386719,19.72226333618164
2024-06-11,7.376433372497559,19.92572784423828
2024-06-12,7.308622360229492,19.867595672607422
2024-06-13,7.278482437133789,19.729528427124023
2024-06-14,7.248344421386719,19.72226333618164
2024-06-17,7.278482437133789,20.15826988220215
2024-06-18,7.3236918449401855,20.121936798095703
2024-06-19,7.353829383850098,20.209138870239258
2024-06-20,7.383967399597168,20.19460678100586
2024-06-21,7.379859924316406,20.605998992919922
2024-06-24,7.501591205596924,20.71599006652832
2024-06-25,7.5244140625,20.664653778076172
2024-06-26,7.486374855041504,20.503326416015625
2024-06-27,7.478767395019531,20.598657608032227
2024-06-28,7.486374855041504,20.598657608032227
2024-07-01,7.417900085449219,20.450180053710938
2024-07-02,7.486374855041504,20.567583084106445
2024-07-03,7.55484676361084,20.780384063720703
2024-07-04,7.6081013679504395,20.912456512451172
2024-07-05,7.562455177307129,20.751022338867188
2024-07-08,7.493983268737793,20.809728622436523
2024-07-09,7.55484676361084,20.949146270751953
2024-07-10,7.668970584869385,20.97849464416504
2024-07-11,7.714616775512695,21.14726448059082
2024-07-12,7.752657890319824,21.044544219970703
2024-07-15,7.7678728103637695,21.081222534179688
2024-07-16,7.7678728103637695,21.198627471923828
2024-07-17,7.859170436859131,21.499462127685547
2024-07-18,7.798306465148926,21.352718353271484
2024-07-19,7.86677885055542,21.543495178222656
2024-07-22,7.912428379058838,21.52882194519043
2024-07-23,7.8439555168151855,21.4554500579834
2024-07-24,7.783090591430664,21.499462127685547
2024-07-25,7.752657890319824,21.374732971191406
2024-07-26,7.790698051452637,21.521482467651367
2024-07-29,7.8363471031188965,21.675579071044922
2024-07-30,7.851562976837158,21.616870880126953
2024-07-31,7.745049476623535,21.367395401000977
2024-08-01,7.539630889892578,21.005903244018555
2024-08-02,7.501591205596924,20.844369888305664
2024-08-05,7.486374855041504,20.741588592529297
2024-08-06,7.600494861602783,21.218826293945312
2024-08-07,7.653751850128174,21.328960418701172
2024-08-08,7.684184551239014,21.358322143554688
2024-08-09,7.8439555168151855,21.762144088745117
2024-08-12,7.935251712799072,21.89430809020996
2024-08-13,8.087413787841797,22.45231056213379
2024-08-14,8.23196792602539,22.988279342651367
2024-08-15,8.338481903076172,23.35539436340332
2024-08-16,8.32326602935791,23.237916946411133
2024-08-19,8.429778099060059,23.47286033630371
2024-08-20,8.429778099060059,23.707815170288086
2024-08-21,8.384130477905273,23.5903377532959
2024-08-22,8.308049201965332,23.33336639404297
2024-08-23,8.338481903076172,23.208547592163086
2024-08-26,8.3536958694458,23.193859100341797
2024-08-27,8.32326602935791,23.142473220825195
2024-08-28,8.490644454956055,23.6857852935791
2024-08-29,8.384130477905273,23.627056121826172
2024-08-30,8.308049201965332,23.35539436340332
2024-09-02,8.318364143371582,23.2655086517334
2024-09-03,8.44035816192627,23.64751434326172
2024-09-04,8.592849731445312,23.831174850463867
2024-09-05,8.508976936340332,23.985443115234375
2024-09-06,8.524227142333984,23.779747009277344
2024-09-09,8.53184986114502,23.831174850463867
2024-09-10,8.569973945617676,23.875247955322266
2024-09-11,8.547100067138672,23.823822021484375
2024-09-12,8.547100067138672,23.750362396240234
2024-09-13,8.5166015625,23.757707595825195
2024-09-16,8.5166015625,23.80912971496582
2024-09-17,8.50135326385498,23.581396102905273
2024-09-18,8.455606460571289,23.50058937072754
2024-09-19,8.508976936340332,23.33163070678711
2024-09-20,8.354597091674805,23.163402557373047
2024-09-23,8.285676956176758,23.126358032226562
2024-09-24,8.300993919372559,23.059669494628906
2024-09-25,8.3928861618042,23.289382934570312
2024-09-26,8.52306842803955,23.61541175842285
2024-09-27,8.538383483886719,23.645048141479492
2024-09-30,8.48477840423584,23.289382934570312
2024-10-01,8.3086519241333,22.902099609375
2024-10-02,8.346941947937012,23.050386428833008
2024-10-03,8.07891845703125,22.53881072998047
2024-10-04,8.140181541442871,22.583295822143555
2024-10-07,8.140181541442871,22.627779006958008
2024-10-08,8.163153648376465,22.7908878326416
2024-10-09,8.009997367858887,22.420188903808594
2024-10-10,8.071263313293457,22.442426681518555
2024-10-11,8.032973289489746,22.368284225463867
2024-10-14,8.07891845703125,22.4794979095459
2024-10-15,8.109550476074219,22.612953186035156
2024-10-16,8.101893424987793,22.509157180786133
2024-10-17,8.094233512878418,22.546218872070312
2024-10-18,8.163153648376465,22.605539321899414
2024-10-21,8.109550476074219,22.464664459228516
2024-10-22,8.101893424987793,22.546218872070312
2024-10-23,8.155497550964355,22.701915740966797
2024-10-24,8.209100723266602,22.835378646850586
2024-10-25,8.124865531921387,22.6203670501709
2024-10-28,8.262703895568848,22.835378646850586
2024-10-29,8.216757774353027,22.6203670501709
2024-10-30,8.155497550964355,22.52397918701172
2024-10-31,8.101893424987793,22.38311004638672
2024-11-01,8.032973289489746,22.277515411376953
2024-11-04,8.117208480834961,22.559412002563477
2024-11-05,8.43883228302002,23.301254272460938
2024-11-06,8.48477840423584,23.36060333251953
2024-11-07,8.316308975219727,22.878402709960938
2024-11-08,8.224416732788086,22.574251174926758
2024-11-11,8.140181541442871,22.611343383789062
2024-11-12,8.094233512878418,22.500064849853516
2024-11-13,8.086577415466309,22.322025299072266
2024-11-14,8.032973289489746,22.166236877441406
2024-11-18,7.925765037536621,21.914012908935547
2024-11-19,8.017657279968262,22.151405334472656
2024-11-21,7.810898780822754,21.810152053833008
2024-11-22,7.864501476287842,21.884336471557617
2024-11-25,7.795582294464111,21.936262130737305
2024-11-26,7.979369640350342,22.247838973999023
2024-11-27,7.787924766540527,21.68403434753418
2024-11-28,7.581165313720703,21.112821578979492
2024-11-29,7.604138374328613,21.157333374023438
2024-12-02,7.461004257202148,20.895784378051758
2024-12-03,7.48748779296875,21.01454734802246
2024-12-04,7.551963806152344,21.229814529418945
2024-12-05,7.640622615814209,21.630664825439453
2024-12-06,7.61644172668457,21.45993423461914
2024-12-09,7.592263698577881,21.326318740844727
2024-12-10,7.656742572784424,21.589378356933594
2024-12-11,7.729278087615967,21.94957733154297
2024-12-12,7.55745267868042,21.431793212890625
2024-12-13,7.549343109130859,21.169147491455078
2024-12-16,7.42771053314209,20.64385986328125
2024-12-17,7.435819149017334,20.906503677368164
2024-12-18,7.176336288452148,20.351200103759766
2024-12-19,7.322294235229492,20.53880500793457
2024-12-20,7.322294235229492,20.66637420654297
2024-12-23,7.249316215515137,20.306171417236328
2024-12-26,7.403384208679199,20.411230087280273
2024-12-27,7.297970294952393,20.2236328125
2024-12-30,7.289859294891357,20.18610954284668
2025-01-02,7.192554950714111,20.169322967529297
2025-01-03,7.0871381759643555,19.81639862060547
2025-01-06,7.257424354553223,20.770050048828125
2025-01-07,7.346622943878174,20.837631225585938
2025-01-08,7.200663089752197,20.58983612060547
2025-01-09,7.265533447265625,20.552288055419922
2025-01-10,7.168227195739746,20.364559173583984
2025-01-13,7.265533447265625,20.492218017578125
2025-01-14,7.200663089752197,20.544780731201172
2025-01-15,7.42771053314209,21.318212509155273
2025-01-16,7.419600486755371,21.153013229370117
2025-01-17,7.443927764892578,21.265649795532227
2025-01-20,7.549343109130859,21.46088409423828
2025-01-21,7.549343109130859,21.468393325805664
2025-01-22,7.573671340942383,21.355754852294922
2025-01-23,7.549343109130859,21.325719833374023
2025-01-24,7.541234970092773,21.38579559326172
2025-01-27,7.662867546081543,21.926443099975586
2025-01-28,7.654757499694824,21.926443099975586
2025-01-29,7.662867546081543,21.963991165161133
2025-01-30,7.8169355392456055,22.36948013305664
2025-01-31,7.800717830657959,22.38450050354004
2025-02-03,7.703413009643555,22.25499725341797
2025-02-04,7.662867546081543,22.315109252929688
2025-02-05,7.792609691619873,22.570568084716797
2025-02-06,7.792609691619873,22.660728454589844
2025-02-07,7.808828353881836,22.540517807006836
2025-02-10,7.833154678344727,22.833539962768555
2025-02-11,8.011549949645996,23.141592025756836
2025-02-12,7.7601728439331055,22.6231632232666
2025-02-13,7.841263294219971,22.773433685302734
2025-02-14,8.076419830322266,23.306896209716797
2025-02-17,8.246706008911133,23.472192764282227
2025-02-18,8.124246597290039,23.34901237487793
2025-02-19,8.046296119689941,23.135305404663086
2025-02-20,8.054956436157227,23.008665084838867
2025-02-21,7.96834135055542,23.03241729736328
2025-02-24,7.9250359535217285,22.755393981933594
2025-02-25,8.037633895874023,22.929519653320312
2025-02-26,7.994326114654541,22.771221160888672
2025-02-27,8.011649131774902,23.01658058166504
2025-02-28,7.91637659072876,22.60500717163086
2025-03-05,7.931227207183838,22.967453002929688
2025-03-06,8.009580612182617,22.91202163696289
2025-03-07,8.174995422363281,23.125856399536133
2025-03-10,8.114053726196289,23.141693115234375
2025-03-11,8.09664249420166,22.9912166595459
2025-03-12,8.053112030029297,23.07042121887207
2025-03-13,8.105347633361816,23.29216957092285
2025-03-14,8.357824325561523,24.123746871948242
2025-03-17,8.636417388916016,24.63854217529297
2025-03-18,8.627711296081543,24.78505516052246
2025-03-19,8.732186317443848,24.959291458129883
2025-03-20,8.645125389099121,24.802478790283203
2025-03-21,8.679948806762695,24.767627716064453
2025-03-24,8.662534713745117,24.79376792907715
2025-03-25,8.627711296081543,24.880889892578125
2025-03-26,8.610300064086914,24.663089752197266
2025-03-27,8.627711296081543,24.67180061340332
2025-03-28,8.592886924743652,24.47142791748047
2025-03-31,8.444884300231934,24.166515350341797
2025-04-01,8.314295768737793,24.155750274658203
2025-04-02,8.340410232543945,24.321382522583008
2025-04-03,8.505827903747559,24.617773056030273
2025-04-04,8.262057304382324,24.068578720092773
2025-04-07,8.2272310256958,23.981401443481445
2025-04-08,8.253351211547852,23.998844146728516
2025-04-09,8.41006088256836,24.417280197143555
2025-04-10,8.36652946472168,24.242923736572266
2025-04-11,8.471002578735352,24.539318084716797
2025-04-14,8.531947135925293,24.870574951171875
2025-04-15,8.662534713745117,25.06235694885254
2025-04-16,8.662534713745117,24.98390007019043
2025-04-17,8.679948806762695,24.992616653442383
2025-04-22,8.845364570617676,25.419771194458008
2025-04-23,9.010777473449707,25.90793800354004
2025-04-24,9.211018562316895,26.48328399658203
2025-04-25,9.202312469482422,26.37867546081543
2025-04-28,9.280667304992676,26.666349411010742
2025-04-29,9.289373397827148,26.84941291809082
2025-04-30,9.315491676330566,27.09349822998047
2025-05-02,9.150076866149902,27.388004302978516
2025-05-05,9.115252494812012,26.87339210510254
2025-05-06,9.141369819641113,26.821056365966797
2025-05-07,9.141369819641113,27.0303897857666
2025-05-08,9.237135887145996,27.300783157348633
2025-05-09,9.733382225036621,28.60040283203125
2025-05-12,9.41125774383545,28.21662139892578
2025-05-13,9.541850090026855,28.548072814941406
2025-05-14,9.567967414855957,28.73123550415039
2025-05-15,9.681147575378418,29.12374496459961
2025-05-16,9.750794410705566,29.32435417175293
2025-05-19,9.846561431884766,29.629634857177734
2025-05-20,9.863974571228027,29.612186431884766
2025-05-21,9.759500503540039,29.115018844604492
2025-05-22,9.585379600524902,28.958023071289062
2025-05-23,9.646324157714844,29.04524040222168
2025-05-26,9.681147575378418,29.2458553314209
2025-05-27,9.837855339050293,29.437742233276367
2025-05-28,9.70726490020752,29.12374496459961
2025-05-29,9.637615203857422,29.053966522216797
2025-05-30,9.637615203857422,29.106292724609375
2025-06-02,9.535998344421387,28.93843650817871
2025-06-03,9.544724464416504,28.70280647277832
2025-06-04,9.483651161193848,28.624271392822266
2025-06-05,9.405132293701172,28.21410369873047
2025-06-06,9.483651161193848,28.371183395385742
2025-06-09,9.457476615905762,28.07447052001953
2025-06-10,9.335334777832031,28.12217903137207
2025-06-11,9.431303024291992,28.360279083251953
2025-06-12,9.422579765319824,28.492555618286133
2025-06-13,9.361507415771484,28.422012329101562
2025-06-16,9.501100540161133,28.783567428588867
2025-06-17,9.509824752807617,28.93347930908203
2025-06-18,9.483651161193848,28.651288986206055
2025-06-20,9.483651161193848,28.651288986206055
2025-06-23,9.333732604980469,28.457279205322266
2025-06-24,9.52672290802002,28.968759536743164
2025-06-25,9.439001083374023,28.624834060668945
2025-06-26,9.447772026062012,28.519010543823242
2025-06-27,9.474090576171875,28.448467254638672
2025-06-30,9.588129997253418,29.092205047607422
2025-07-01,9.605676651000977,29.125431060791016
2025-07-02,9.500408172607422,28.9489688873291
2025-07-03,9.754804611206055,29.654817581176758
2025-07-04,9.772348403930664,29.71658706665039
2025-07-07,9.640762329101562,29.381301879882812
2025-07-08,9.561811447143555,29.293081283569336
2025-07-09,9.447772026062012,28.648984909057617
2025-07-10,9.298643112182617,27.969593048095703
2025-07-11,9.210921287536621,27.881359100341797
2025-07-14,9.114424705505371,27.64313507080078
2025-07-15,9.140742301940918,27.71371841430664
2025-07-16,9.228466033935547,27.810775756835938
2025-07-17,9.39513874053955,28.172531127929688
2025-07-18,9.131969451904297,27.66960334777832
2025-07-21,9.263554573059082,27.969593048095703
2025-07-22,9.08810806274414,27.58137321472168
2025-07-23,9.237238883972168,28.031352996826172
2025-07-24,9.149515151977539,27.590194702148438
2025-07-25,9.131969451904297,27.757837295532227
2025-07-28,9.03547477722168,27.17550277709961
2025-07-29,9.00915813446045,27.334320068359375
2025-07-30,9.114424705505371,27.572551727294922
2025-07-31,9.070562362670898,27.64313507080078
2025-08-01,9.070562362670898,27.535120010375977
2025-08-04,9.114424705505371,27.852937698364258
2025-08-05,9.246009826660156,28.0118465423584
2025-08-06,9.403910636901855,28.515050888061523
2025-08-07,9.500408172607422,28.88583755493164
2025-08-08,9.553040504455566,29.177167892456055
2025-08-11,9.588129997253418,29.344900131225586
2025-08-12,9.763575553894043,29.927560806274414
2025-08-13,9.649537086486816,29.786312103271484
2025-08-14,9.631991386413574,29.892248153686523
2025-08-15,9.623217582702637,29.57442855834961
2025-08-18,9.746030807495117,29.786312103271484
2025-08-19,9.412274360656738,28.96830940246582
2025-08-20,9.44796085357666,29.084321975708008
2025-08-21,9.439041137695312,29.128942489624023
2025-08-22,9.81374740600586,29.762569427490234
2025-08-25,9.715608596801758,29.55731201171875
2025-08-26,9.644237518310547,29.369901657104492
2025-08-27,9.867276191711426,29.789339065551758
2025-08-28,9.965413093566895,30.351572036743164
2025-08-29,10.027865409851074,30.708553314208984
2025-09-01,10.066781044006348,30.885028839111328
2025-09-02,9.986319541931152,30.438583374023438
2025-09-03,9.861153602600098,30.108219146728516
2025-09-04,9.923735618591309,30.35822105407715
2025-09-05,9.941617965698242,30.76001739501953
2025-09-08,9.932676315307617,30.53679847717285
2025-09-09,9.932676315307617,30.19749641418457
2025-09-10,10.039960861206055,30.188568115234375
2025-09-11,10.013140678405762,30.224294662475586
2025-09-12,9.852213859558105,29.965354919433594
2025-09-15,9.950557708740234,30.161788940429688
2025-09-16,10.004199028015137,30.018930435180664
2025-09-17,10.120423316955566,30.670732498168945
2025-09-18,10.183004379272461,30.52787208557129
2025-09-19,10.174064636230469,30.849315643310547
2025-09-22,10.1383056640625,30.47429847717285
2025-09-23,10.281349182128906,30.840383529663086
2025-09-24,10.1383056640625,30.76001739501953
2025-09-25,10.111483573913574,30.48322868347168
2025-09-26,10.236647605895996,30.599302291870117
2025-09-29,10.272407531738281,30.768949508666992
2025-09-30,10.3439302444458,30.938600540161133
2025-10-01,10.102542877197266,30.346899032592773
2025-10-02,9.986319541931152,30.052093505859375
2025-10-03,10.039960861206055,30.266496658325195
2025-10-06,10.022080421447754,29.927021026611328
2025-10-07,9.834332466125488,29.364221572875977
2025-10-08,9.870094299316406,29.516082763671875
2025-10-09,9.870094299316406,29.560747146606445
2025-10-10,9.789632797241211,29.542890548706055
2025-10-13,9.825393676757812,29.75728416442871
2025-10-14,9.879034996032715,29.70368766784668
2025-10-15,9.816452026367188,29.614355087280273
2025-10-16,9.834332466125488,29.65008544921875
2025-10-17,9.879034996032715,29.75728416442871
2025-10-20,10.031020164489746,30.168224334716797
2025-10-21,10.022080421447754,30.04315757751465
2025-10-22,10.057842254638672,30.302230834960938
2025-10-23,10.048900604248047,30.400495529174805
2025-10-24,10.102542877197266,30.346899032592773
2025-10-27,10.1383056640625,30.614896774291992
2025-10-28,10.102542877197266,30.722097396850586
2025-10-29,10.317111015319824,31.427839279174805
2025-10-30,10.317111015319824,31.32957649230957
2025-10-31,10.352869987487793,31.392107009887695
2025-11-03,10.522737503051758,31.872661590576172
2025-11-04,10.55849838256836,31.73858642578125
2025-11-05,10.540617942810059,31.953092575073242
2025-11-06,10.567439079284668,31.99778175354004
2025-11-07,10.51379680633545,31.953092575073242
2025-11-10,10.603198051452637,32.203365325927734
2025-11-11,10.790946960449219,32.70387649536133
2025-11-12,10.656841278076172,31.908411026000977
2025-11-13,10.603198051452637,31.98885154724121
2025-11-14,10.710484504699707,32.105037689208984
2025-11-17,10.594259262084961,31.854785919189453
2025-11-18,10.51379680633545,31.631330490112305
2025-11-19,10.451214790344238,31.45257568359375
2025-11-21,10.469095230102539,31.515140533447266
2025-11-24,10.540617942810059,31.676008224487305
2025-11-25,10.55849838256836,31.89947509765625
2025-11-26,10.7551851272583,32.846893310546875
2025-11-27,10.728363037109375,32.82901382446289
2025-11-28,11.01445484161377,34.12501907348633
2025-12-01,10.945956230163574,33.95302200317383
2025-12-02,11.1161470413208,34.5879020690918
2025-12-03,11.223634719848633,34.69520568847656
2025-12-04,11.555059432983398,35.41056823730469
2025-12-05,11.044487953186035,33.99772644042969
2025-12-08,11.125104904174805,34.14973831176758
2025-12-09,11.169890403747559,33.8099365234375
2025-12-10,11.039374351501465,34.01711654663086
2025-12-11,11.240262985229492,34.28324890136719
2025-12-12,11.316793441772461,34.53987503051758
2025-12-15,11.498550415039062,35.12915802001953
2025-12-16,11.16373348236084,34.02661895751953
2025-12-17,11.192431449890137,33.79851150512695
2025-12-18,11.24983024597168,33.950584411621094
2025-12-19,11.42603874206543,34.74897766113281
2025-12-22,11.367493629455566,34.62541198730469
2025-12-23,11.5138578414917,35.02461242675781
2025-12-26,11.650463104248047,35.29216003417969
2025-12-29,11.611431121826172,35.24321746826172
2025-12-30,11.699248313903809,35.58586120605469
2026-01-02,11.816338539123535,35.564491271972656
2026-01-05,11.962702751159668,36.161964416503906
2026-01-06,12.07003402709961,36.661495208740234
2026-01-07,11.82609748840332,35.94647979736328
2026-01-08,12.196882247924805,36.35786056518555
2026-01-09,11.904157638549805,36.2892951965332
2026-01-12,11.904157638549805,36.10319900512695
2026-01-13,11.855368614196777,35.564491271972656
2026-01-14,11.8065824508667,35.877925872802734
2026-01-15,11.9529447555542,36.279502868652344
2026-01-16,11.845611572265625,36.19135284423828
2026-01-19,11.855368614196777,36.03464126586914
2026-01-20,11.923672676086426,35.995452880859375
2026-01-21,12.41154670715332,37.64096450805664
2026-01-22,12.870150566101074,39.22770309448242
2026-01-23,13.123845100402832,39.893741607666016
2026-01-26,13.211662292480469,40.35408401489258
2026-01-27,13.64099407196045,41.53925323486328
2026-01-28,13.797113418579102,42.15631103515625
2026-01-29,13.60196304321289,42.097537994384766
2026-01-30,13.45560073852539,41.078887939453125
2026-02-02,13.621478080749512,41.87082290649414
2026-02-03,13.650749206542969,42.0178108215332
2026-02-04,13.23117733001709,40.73414611816406
2026-02-05,13.64099407196045,41.655242919921875
2026-02-06,13.884929656982422,42.56654739379883
2026-02-09,14.294746398925781,43.8502082824707
2026-02-10,14.265473365783691,43.987396240234375
2026-02-11,14.616743087768555,44.810508728027344
2026-02-12,14.22644329071045,44.016788482666016
2026-02-13,14.22644329071045,43.448455810546875
2026-02-18,14.031293869018555,43.997196197509766
2026-02-19,14.22644329071045,44.4283447265625
2026-02-20,14.53868293762207,45.13386917114258
2026-02-23,14.167898178100586,43.3112678527832
2026-02-24,14.333775520324707,44.006988525390625
2026-02-25,14.265473365783691,43.48765182495117
2026-02-26,14.27523136138916,43.644432067871094
2026-02-27,13.972748756408691,42.7037353515625
2026-03-02,13.869380950927734,42.251007080078125
2026-03-03,13.273163795471191,41.0550422668457
2026-03-04,13.517515182495117,41.5059814453125
2026-03-05,13.214520454406738,40.202178955078125
2026-03-06,13.087458610534668,40.00612258911133
2026-03-09,13.10700511932373,40.25120544433594
2026-03-10,13.39045238494873,40.85898971557617
2026-03-11,13.292712211608887,41.08445358276367
2026-03-12,13.028812408447266,40.5158805847168
2026-03-13,12.882201194763184,40.22178649902344
2026-03-16,13.12655258178711,40.81977462768555
2026-03-17,13.058135032653809,40.78055953979492
2026-03-18,13.097229957580566,40.32962417602539
2026-03-19,13.097229957580566,40.66292953491211
2026-03-20,12.925676345825195,40.02910232543945
2026-03-23,13.320054054260254,41.304420471191406
2026-03-24,13.211599349975586,40.89908218383789
2026-03-25,13.349631309509277,41.51203155517578
2026-03-26,13.142583847045898,40.28614044189453
2026-03-27,13.053849220275879,40.24659729003906
2026-03-30,13.142583847045898,40.76068115234375
2026-03-31,13.674991607666016,42.33258056640625
2026-04-01,14.00035285949707,42.72639846801758
2026-04-02,13.753867149353027,42.182430267333984
2026-04-06,13.724288940429688,42.449466705322266
2026-04-07,13.77358627319336,42.785743713378906
2026-04-08,14.108806610107422,44.259403228759766
2026-04-09,14.3158540725708,45.34734344482422
2026-04-10,14.473604202270508,45.426475524902344
2026-04-13,14.434165954589844,45.39680099487305
2026-04-14,14.532760620117188,45.87153625488281
2026-04-15,14.660931587219238,46.23747634887695
2026-04-16,14.45388412475586,46.34627151489258
2026-04-17,14.45388412475586,46.31660079956055
2026-04-20,14.34543228149414,45.82208251953125
2026-04-22,14.05950927734375,44.476993560791016
2026-04-23,13.822883605957031,43.38905334472656
2026-04-24,13.901759147644043,43.8341178894043
2026-04-27,13.77358627319336,43.309932708740234
2026-04-28,13.763727188110352,43.398948669433594
2026-04-29,13.39892864227295,42.22199249267578
2026-04-30,13.635554313659668,43.07255935668945
2026-05-04,13.36935043334961,41.95268630981445
2026-05-05,13.428506851196289,41.804264068603516
2026-05-06,13.25103759765625,41.47774124145508
2026-05-07,13.113005638122559,40.34977340698242
2026-05-08,13.31019401550293,40.95333480834961
2026-05-11,13.113005638122559,40.03314971923828
2026-05-12,12.836943626403809,39.72642135620117
2026-05-13,12.738348960876465,39.548316955566406
2026-05-14,13.024271011352539,40.37945556640625
2026-05-15,12.896099090576172,39.83525848388672
2026-05-18,12.767927169799805,39.66705322265625
2026-05-19,12.610177040100098,38.98433303833008
2026-05-20,12.925676345825195,40.04304122924805
2026-05-21,12.935537338256836,40.30030059814453
2026-05-22,12.807364463806152,39.83525848388672
2026-05-25,12.935537338256836,40.468509674072266
2026-05-26,12.94539737701416,40.32998275756836
2026-05-27,12.9946928024292,40.36956024169922
2026-05-28,12.94539737701416,39.855045318603516
2026-05-29,12.905959129333496,39.637367248535156
2026-06-01,12.761984825134277,39.655372619628906
2026-06-02,12.831128120422363,39.734561920166016
2026-06-03,12.65333080291748,39.49698257446289
2026-06-05,12.574308395385742,40.051326751708984
2026-06-08,12.445898056030273,39.77415466308594
2026-06-09,12.524919509887695,40.8531494140625
2026-06-10,12.49528694152832,41.53617477416992
2026-06-11,12.801495552062988,42.1400146484375
2026-06-12,12.791617393493652,41.45698928833008
2026-06-15,12.692841529846191,41.229305267333984
2026-06-16,12.702717781066895,41.51637268066406
2026-06-17,12.949660301208496,42.5557746887207
2026-06-18,13.028681755065918,42.10041809082031
2026-06-19,12.876953125,41.8626823425293
2026-06-22,13.02668571472168,42.881046295166016
2026-06-23,13.076597213745117,43.130645751953125
2026-06-24,13.196382522583008,43.2304801940918
2026-06-25,13.276239395141602,44.00923156738281
2026-06-26,13.475881576538086,44.308753967285156
2026-06-29,13.665541648864746,44.29876708984375
2026-06-30,13.535775184631348,44.19892501831055
2026-07-01,13.465899467468262,44.48676300048828
2026-07-02,13.465899467468262,44.48676300048828
2026-07-03,13.575703620910645,44.446807861328125
2026-07-06,13.475881576538086,44.45679473876953
2026-07-07,13.505827903747559,44.69651412963867
2026-07-08,13.376060485839844,44.277015686035156
2026-07-09,13.725435256958008,44.80638122558594
2026-07-10,14.084792137145996,46.40446853637695
2026-07-13,13.89513111114502,45.66535186767578
2026-07-14,13.90511417388916,45.695316314697266
2026-07-15,13.97498893737793,45.435630798339844
2026-07-16,13.795310020446777,45.235870361328125
2026-07-17,13.75538158416748,44.72647476196289
2026-07-20,13.735417366027832,44.986167907714844
2026-07-21,13.725435256958008,45.066070556640625
2026-07-22,13.78532886505127,45.44561767578125
2026-07-23,13.75538158416748,45.066070556640625
2026-07-24,13.62561321258545,44.64657211303711
2026-07-27,13.715453147888184,45.21589279174805
2026-07-28,13.815274238586426,45.37569808959961
2026-07-29,13.505827903747559,44.207096099853516
2026-07-30,13.75538158416748,45.28580856323242
2026-07-31,13.89513111114502,45.585445404052734
2026-08-03,13.875166893005371,45.593624114990234
2026-08-04,13.745399475097656,44.71432876586914
2026-08-05,13.825257301330566,45.1739616394043
2026-08-06,13.62561321258545,44.834228515625
2026-08-07,13.376060485839844,43.615203857421875
2026-08-10,13.206363677978516,43.44533920288086
2026-08-11,12.697275161743164,41.866600036621094
2026-08-12,12.527579307556152,41.446929931640625
2026-08-13,12.657346725463867,41.35700225830078
2026-08-14,12.607436180114746,41.856605529785156
2026-08-17,12.627400398254395,41.1171989440918
2026-08-18,12.647364616394043,41.23710250854492
2026-08-19,12.727221488952637,41.31703567504883
2026-08-20,12.577489852905273,40.2978515625
2026-08-21,12.926864624023438,41.35700225830078
2026-08-24,12.976775169372559,41.62678909301758
2026-08-25,13.236310958862305,42.566036224365234
2026-08-26,13.186400413513184,42.566036224365234
2026-08-27,13.286221504211426,42.28626251220703
2026-08-28,13.425971031188965,42.406166076660156
2026-08-31,13.545756340026855,43.02567672729492
2026-09-01,13.569999694824219,43.363731384277344
2026-09-02,13.930000305175781,44.90314865112305
2026-09-03,14.039999961853027,45.7728271484375
2026-09-04,14.0600004196167,45.702850341796875
2026-09-08,14.359999656677246,46.29262924194336
2026-09-09,14.0600004196167,45.592891693115234
2026-09-10,14.239999771118164,46.362606048583984
2026-09-11,14.210000038146973,46.612510681152344
2026-09-14,14.220000267028809,46.23265075683594
2026-09-15,14.010000228881836,46.6824836730957
2026-09-16,14.220000267028809,46.65249252319336
2026-09-17,14.199999809265137,46.762451171875
2026-09-18,14.170000076293945,46.35260772705078
