Date,ITSA4.SA,ITUB4.SA
2011-09-21,1.5584267377853394,5.32999849319458
2011-09-22,1.4881834983825684,5.121443748474121
2011-09-23,1.4800149202346802,5.062390327453613
2011-09-26,1.501251459121704,5.173124313354492
2011-09-27,1.561693549156189,5.387207508087158
2011-09-28,1.5518921613693237,5.370599269866943
2011-09-29,1.561693549156189,5.4075093269348145
2011-09-30,1.5567935705184937,5.361369609832764
2011-10-03,1.5273886919021606,5.293426513671875
2011-10-04,1.497984528541565,5.22880744934082
2011-10-05,1.5257558822631836,5.317427635192871
2011-10-06,1.5584267377853394,5.418976783752441
2011-10-07,1.5322896242141724,5.352508544921875
2011-10-10,1.597632646560669,5.562992572784424
2011-10-11,1.6303045749664307,5.668231964111328
2011-10-13,1.651540756225586,5.732848644256592
2011-10-14,1.6662428379058838,5.797475814819336
2011-10-17,1.661341667175293,5.7790117263793945
2011-10-18,1.661341667175293,5.797475814819336
2011-10-19,1.7005475759506226,5.9082560539245605
2011-10-20,1.6874793767929077,5.834397792816162
2011-10-21,1.7038147449493408,5.947028636932373
2011-10-24,1.7397526502609253,6.081809997558594
2011-10-25,1.7397526502609253,6.081809997558594
2011-10-26,1.7397526502609253,6.081809997558594
2011-10-27,1.7397526502609253,6.081809997558594
2011-10-28,1.7773256301879883,6.111347198486328
2011-10-31,1.7642569541931152,6.043036937713623
2011-11-01,1.7217835187911987,5.93442964553833
2011-11-03,1.7364857196807861,6.002769470214844
2011-11-04,1.7430200576782227,6.024935722351074
2011-11-07,1.7511881589889526,6.021238327026367
2011-11-08,1.7479209899902344,6.012004852294922
2011-11-09,1.7103486061096191,5.860551357269287
2011-11-10,1.7103486061096191,5.860551357269287
2011-11-11,1.7119824886322021,5.880866527557373
2011-11-14,1.7201504707336426,5.895642280578613
2011-11-16,1.728318452835083,5.93442964553833
2011-11-17,1.6629747152328491,5.710940837860107
2011-11-18,1.6450060606002808,5.624134063720703
2011-11-21,1.6450060606002808,5.5428643226623535
2011-11-22,1.6090681552886963,5.52808952331543
2011-11-23,1.5796624422073364,5.459753036499023
2011-11-24,1.597632646560669,5.481911659240723
2011-11-25,1.5894643068313599,5.450516700744629
2011-11-28,1.6303045749664307,5.603818416595459
2011-11-29,1.6123342514038086,5.559491157531738
2011-11-30,1.7234174013137817,5.89195442199707
2011-12-01,1.769873023033142,6.125130653381348
2011-12-02,1.7845946550369263,6.147308826446533
2011-12-05,1.8222160339355469,6.245230674743652
2011-12-06,1.8336670398712158,6.27294921875
2011-12-07,1.8320322036743164,6.26370906829834
2011-12-08,1.8222160339355469,6.250773906707764
2011-12-09,1.8385735750198364,6.319141864776611
2011-12-12,1.8385735750198364,6.319141864776611
2011-12-13,1.8238509893417358,6.235992908477783
2011-12-14,1.8124010562896729,6.189803123474121
2011-12-15,1.814037561416626,6.097414493560791
2011-12-16,1.7993149757385254,6.134370803833008
2011-12-19,1.7747796773910522,6.097414493560791
2011-12-20,1.8238509893417358,6.245230674743652
2011-12-21,1.8222160339355469,6.245230674743652
2011-12-22,1.8549309968948364,6.3560943603515625
2011-12-23,1.8729248046875,6.409676551818848
2011-12-26,1.8806782960891724,6.374565601348877
2011-12-27,1.8823485374450684,6.3928327560424805
2011-12-28,1.8472734689712524,6.247496604919434
2011-12-29,1.8840187788009644,6.333209991455078
2012-01-02,1.860635757446289,6.342898845672607
2012-01-03,1.9157532453536987,6.5013275146484375
2012-01-04,1.9190940856933594,6.508785724639893
2012-01-05,1.9107424020767212,6.460326671600342
2012-01-06,1.920763373374939,6.508785724639893
2012-01-09,1.9341260194778442,6.549793243408203
2012-01-10,1.964189887046814,6.635533809661865
2012-01-11,1.9625201225280762,6.644847393035889
2012-01-12,1.959179401397705,6.659764766693115
2012-01-13,1.9458168745040894,6.616897106170654
2012-01-16,1.9458168745040894,6.661627292633057
2012-01-17,1.9458168745040894,6.661627292633057
2012-01-18,2.00427508354187,6.848016262054443
2012-01-19,2.0126261711120605,6.887161731719971
2012-01-20,2.010956287384033,6.915118217468262
2012-01-23,1.985902190208435,6.784647464752197
2012-01-24,1.9541685581207275,6.661627292633057
2012-01-26,1.970871090888977,6.7660088539123535
2012-01-27,1.9474873542785645,6.730596542358398
2012-01-30,1.9274441003799438,6.616897106170654
2012-01-31,1.9107424020767212,6.5460686683654785
2012-02-01,1.9474873542785645,6.656449317932129
2012-02-02,1.9541685581207275,6.656449317932129
2012-02-03,1.959179401397705,6.682554244995117
2012-02-06,1.9625201225280762,6.723567962646484
2012-02-07,1.9825621843338013,6.786963939666748
2012-02-08,2.0209765434265137,6.936135768890381
2012-02-09,2.0126261711120605,6.88951301574707
2012-02-10,1.9842326641082764,6.768318176269531
2012-02-13,1.9842326641082764,6.768318176269531
2012-02-14,2.0159668922424316,6.895115375518799
2012-02-15,1.9925841093063354,6.786963939666748
2012-02-16,1.9925841093063354,6.803750514984131
2012-02-17,2.00427508354187,6.835440635681152
2012-02-23,1.975880742073059,6.731029987335205
2012-02-24,1.967530608177185,6.712382793426514
2012-02-27,1.9524989128112793,6.639667987823486
2012-02-28,1.9942541122436523,6.82052755355835
2012-02-29,2.00427508354187,6.86154842376709
2012-03-01,2.06307315826416,7.018409252166748
2012-03-02,2.09182071685791,7.112736225128174
2012-03-05,2.0698370933532715,7.008969783782959
2012-03-06,2.010650157928467,6.7731404304504395
2012-03-07,2.0427803993225098,6.914639949798584
2012-03-08,2.09182071685791,7.135378360748291
2012-03-09,2.1121127605438232,7.248580455780029
2012-03-12,2.0850565433502197,7.133492946624756
2012-03-13,2.10534930229187,7.21651029586792
2012-03-14,2.1138041019439697,7.244809627532959
2012-03-15,2.1171858310699463,7.25800895690918
2012-03-16,2.1273319721221924,7.282538414001465
2012-03-19,2.1273319721221924,7.282538414001465
2012-03-20,2.0901291370391846,7.154247283935547
2012-03-21,2.0698370933532715,7.112736225128174
2012-03-22,2.0698370933532715,6.914639949798584
2012-03-23,1.9937396049499512,6.848605155944824
2012-03-26,2.0224881172180176,6.9693498611450195
2012-03-27,2.0275604724884033,6.97501277923584
2012-03-28,1.9751386642456055,6.7920026779174805
2012-03-29,1.9446995258331299,6.722198009490967
2012-03-30,1.90242338180542,6.5901360511779785
2012-04-02,1.9193342924118042,6.662794589996338
2012-04-03,1.9007326364517212,6.5589919090271
2012-04-04,1.8364728689193726,6.357024192810059
2012-04-05,1.8094167709350586,6.228681564331055
2012-04-09,1.789124608039856,6.13430643081665
2012-04-10,1.750230073928833,6.009730339050293
2012-04-11,1.7383931875228882,6.009730339050293
2012-04-12,1.8094167709350586,6.221127033233643
2012-04-13,1.7434660196304321,5.9795331954956055
2012-04-16,1.7400835752487183,5.93612003326416
2012-04-17,1.7400835752487183,5.945558071136475
2012-04-18,1.7248643636703491,5.9096999168396
2012-04-19,1.7400835752487183,5.953110218048096
2012-04-20,1.7755948305130005,6.083345413208008
2012-04-23,1.7485393285751343,6.000296592712402
2012-04-24,1.7316274642944336,5.93612003326416
2012-04-25,1.6335481405258179,5.586937427520752
2012-04-26,1.642002820968628,5.588825225830078
2012-04-27,1.65056312084198,5.605812072753906
2012-04-30,1.6878212690353394,5.6624369621276855
2012-05-02,1.6878212690353394,5.5217485427856445
2012-05-03,1.6468373537063599,5.514195442199707
2012-05-04,1.6244821548461914,5.438657283782959
2012-05-07,1.6319332122802734,5.476424694061279
2012-05-08,1.6393849849700928,5.485866069793701
2012-05-09,1.6114405393600464,5.404667854309082
2012-05-10,1.6095794439315796,5.406555652618408
2012-05-11,1.6375226974487305,5.478312969207764
2012-05-14,1.577907919883728,5.363119125366211
2012-05-15,1.5797709226608276,5.378224849700928
2012-05-16,1.5797709226608276,5.378224849700928
2012-05-17,1.4940757751464844,5.108185768127441
2012-05-18,1.5220210552215576,5.1346211433410645
2012-05-21,1.5220210552215576,5.1346211433410645
2012-05-22,1.5872224569320679,5.393333911895752
2012-05-23,1.5797709226608276,5.3857808113098145
2012-05-24,1.5574167966842651,5.310243129730225
2012-05-25,1.5797709226608276,5.374448299407959
2012-05-28,1.5834970474243164,5.389557361602783
2012-05-29,1.5685932636260986,5.338571071624756
2012-05-30,1.546238660812378,5.310243129730225
2012-05-31,1.6412482261657715,5.533077239990234
2012-06-01,1.5768667459487915,5.399878978729248
2012-06-04,1.5600725412368774,5.318632125854492
2012-06-05,1.5358127355575562,5.2373881340026855
2012-06-06,1.6123237609863281,5.456557273864746
2012-06-08,1.6029927730560303,5.4244384765625
2012-06-11,1.6104583740234375,5.47922945022583
2012-06-12,1.6440478563308716,5.573696136474609
2012-06-13,1.6533780097961426,5.583151340484619
2012-06-14,1.655243992805481,5.586925029754639
2012-06-15,1.6776375770568848,5.70595645904541
2012-06-18,1.6776375770568848,5.70595645904541
2012-06-19,1.705629587173462,5.7588605880737305
2012-06-20,1.6776375770568848,5.677614688873291
2012-06-21,1.604858636856079,5.454665660858154
2012-06-22,1.5768667459487915,5.341306686401367
2012-06-25,1.5096874237060547,5.1391425132751465
2012-06-26,1.5152846574783325,5.1315813064575195
2012-06-27,1.5302151441574097,5.19771146774292
2012-06-28,1.511554479598999,5.148586750030518
2012-06-29,1.5861971378326416,5.345085144042969
2012-07-02,1.5880640745162964,5.364936351776123
2012-07-03,1.6272525787353516,5.472686290740967
2012-07-04,1.6384494304656982,5.504824161529541
2012-07-05,1.655243992805481,5.567201614379883
2012-07-06,1.640315294265747,5.529397487640381
2012-07-10,1.5526074171066284,5.281755447387695
2012-07-11,1.561937928199768,5.304441452026367
2012-07-12,1.5787336826324463,5.359262466430664
2012-07-13,1.623521089553833,5.510490417480469
2012-07-16,1.623521089553833,5.510490417480469
2012-07-17,1.5936625003814697,5.463234901428223
2012-07-18,1.640315294265747,5.593672275543213
2012-07-19,1.673904538154602,5.70142126083374
2012-07-20,1.657110571861267,5.680628299713135
2012-07-23,1.6104583740234375,5.519946098327637
2012-07-24,1.673904538154602,5.707094192504883
2012-07-25,1.679503083229065,5.746789455413818
2012-07-26,1.7317546606063843,5.905585289001465
2012-07-27,1.8101311922073364,6.124867916107178
2012-07-30,1.8474533557891846,6.2931108474731445
2012-07-31,1.7933361530303955,6.138107776641846
2012-08-01,1.7858715057373047,6.095555305480957
2012-08-02,1.7504159212112427,5.990133762359619
2012-08-03,1.8175958395004272,6.171359062194824
2012-08-06,1.8493198156356812,6.310622692108154
2012-08-07,1.8493198156356812,6.310622692108154
2012-08-08,1.8493198156356812,6.310622692108154
2012-08-09,1.881044626235962,6.449883460998535
2012-08-10,1.881044626235962,6.520469665527344
2012-08-13,1.8885080814361572,6.476593494415283
2012-08-14,1.8642488718032837,6.476593494415283
2012-08-15,1.8791784048080444,6.476593494415283
2012-08-16,1.907170057296753,6.476593494415283
2012-08-17,1.9109020233154297,6.476593494415283
2012-08-20,1.9034373760223389,6.55289888381958
2012-08-21,1.8847770690917969,6.514742851257324
2012-08-22,1.8829104900360107,6.539546966552734
2012-08-23,1.8698471784591675,6.495672225952148
2012-08-24,1.8679816722869873,6.488041400909424
2012-08-27,1.8418560028076172,6.390743255615234
2012-08-28,1.8381222486495972,6.390743255615234
2012-08-29,1.7952033281326294,6.2362260818481445
2012-08-30,1.7877378463745117,6.199977874755859
2012-08-31,1.7448171377182007,6.04736328125
2012-09-03,1.7607052326202393,6.117028713226318
2012-09-04,1.7289302349090576,5.9929704666137695
2012-09-05,1.7401461601257324,6.012049674987793
2012-09-06,1.7924799919128418,6.183825969696045
2012-09-10,1.7924799919128418,6.220090866088867
2012-09-11,1.7924799919128418,6.286890506744385
2012-09-12,1.7924799919128418,6.452937126159668
2012-09-13,1.9027576446533203,6.584628105163574
2012-09-14,1.9027576446533203,6.660971641540527
2012-09-17,1.8915430307388306,6.584628105163574
2012-09-18,1.854159951210022,6.428128719329834
2012-09-19,1.8485534191131592,6.431937217712402
2012-09-20,1.8354706764221191,6.384230136871338
2012-09-21,1.8522915840148926,6.42048978805542
2012-09-24,1.846683144569397,6.443397045135498
2012-09-25,1.7345374822616577,6.0559515953063965
2012-09-26,1.7569668292999268,6.088393211364746
2012-09-27,1.7270615100860596,6.012049674987793
2012-09-28,1.687809705734253,5.834552764892578
2012-10-01,1.7102389335632324,5.92907190322876
2012-10-02,1.7065004110336304,5.9004364013671875
2012-10-03,1.6784642934799194,5.8240509033203125
2012-10-04,1.6840710639953613,5.833599090576172
2012-10-05,1.6990249156951904,5.8794264793396
2012-10-08,1.702762246131897,5.892796993255615
2012-10-09,1.6616425514221191,5.7476725578308105
2012-10-10,1.6223909854888916,5.614006996154785
2012-10-11,1.6485586166381836,5.661738395690918
2012-10-15,1.6597729921340942,5.692296504974365
2012-10-16,1.6653798818588257,5.711389064788818
2012-10-17,1.6579034328460693,5.709479808807373
2012-10-18,1.6635106801986694,5.6942057609558105
2012-10-19,1.654165267944336,5.6330976486206055
2012-10-22,1.6354749202728271,5.604452610015869
2012-10-23,1.583138346672058,5.426868438720703
2012-10-24,1.6560347080230713,5.648374557495117
2012-10-25,1.6784642934799194,5.728576183319092
2012-10-26,1.6560347080230713,5.650288105010986
2012-10-29,1.6597729921340942,5.652198314666748
2012-10-30,1.676594614982605,5.7209391593933105
2012-10-31,1.6635106801986694,5.667470455169678
2012-11-01,1.7382757663726807,5.922520637512207
2012-11-05,1.7307984828948975,5.916790008544922
2012-11-06,1.7476214170455933,5.97219705581665
2012-11-07,1.7046314477920532,5.823176383972168
2012-11-08,1.669118881225586,5.693262577056885
2012-11-09,1.6635106801986694,5.697084426879883
2012-11-12,1.669118881225586,5.693262577056885
2012-11-13,1.702762246131897,5.798338413238525
2012-11-14,1.6709882020950317,5.718095779418945
2012-11-16,1.6747262477874756,5.739112854003906
2012-11-19,1.7364064455032349,5.916790008544922
2012-11-21,1.7569668292999268,5.989385604858398
2012-11-22,1.775658369064331,6.060076713562012
2012-11-23,1.796217441558838,6.130764484405518
2012-11-26,1.7494908571243286,6.0180439949035645
2012-11-27,1.7307984828948975,5.9244303703308105
2012-11-28,1.7438832521438599,5.951180458068848
2012-11-29,1.7793962955474854,6.102107524871826
2012-11-30,1.796217441558838,6.136497974395752
2012-12-03,1.8402109146118164,6.304617881774902
2012-12-04,1.8158745765686035,6.235841274261475
2012-12-05,1.8271068334579468,6.26831579208374
2012-12-06,1.8027712106704712,6.247308254241943
2012-12-07,1.8158745765686035,6.2587666511535645
2012-12-10,1.8158745765686035,6.262590408325195
2012-12-11,1.8271068334579468,6.302704334259033
2012-12-12,1.8158745765686035,6.277872562408447
2012-12-13,1.8140028715133667,6.281696319580078
2012-12-14,1.8065147399902344,6.228200912475586
2012-12-17,1.7952814102172852,6.247308254241943
2012-12-18,1.8065147399902344,6.283605575561523
2012-12-19,1.8664199113845825,6.505219459533691
2012-12-20,1.8608028888702393,6.476566791534424
2012-12-21,1.8495720624923706,6.512862205505371
2012-12-26,1.8738545179367065,6.505535125732422
2012-12-27,1.8451731204986572,6.397562026977539
2012-12-28,1.8528215885162354,6.4341959953308105
2013-01-02,1.9178333282470703,6.651207447052002
2013-01-03,1.979020118713379,6.849898815155029
2013-01-04,1.9694596529006958,6.809381008148193
2013-01-07,1.9446018934249878,6.693642616271973
2013-01-08,1.9579873085021973,6.720653057098389
2013-01-09,1.979020118713379,6.82867431640625
2013-01-10,1.9618102312088013,6.741873264312744
2013-01-11,1.9675480127334595,6.759233474731445
2013-01-14,1.9828437566757202,6.847965240478516
2013-01-15,1.9675480127334595,6.757305145263672
2013-01-16,1.979020118713379,6.81710147857666
2013-01-17,2.011526107788086,6.932845115661621
2013-01-18,2.0172619819641113,6.955988883972168
2013-01-21,2.0134384632110596,6.9058356285095215
2013-01-22,2.0134384632110596,6.9058356285095215
2013-01-23,2.0153489112854004,6.8865485191345215
2013-01-24,2.0057895183563232,6.89426326751709
2013-01-28,1.950338363647461,6.712934970855713
2013-01-29,1.9484258890151978,6.7032928466796875
2013-01-30,1.9197463989257812,6.575977802276611
2013-01-31,1.9273942708969116,6.622274875640869
2013-02-01,1.9216572046279907,6.59043550491333
2013-02-04,1.8738545179367065,6.436038970947266
2013-02-05,1.9159198999404907,6.598148345947266
2013-02-06,1.8815027475357056,6.461130142211914
2013-02-07,1.870029330253601,6.4206037521362305
2013-02-08,1.902536392211914,6.536399841308594
2013-02-13,1.892976999282837,6.519023418426514
2013-02-14,1.8834154605865479,6.488144874572754
2013-02-15,1.9713716506958008,6.7892022132873535
2013-02-18,1.992403268814087,6.860610008239746
2013-02-19,1.9618102312088013,6.727456092834473
2013-02-20,1.9293055534362793,6.609728813171387
2013-02-21,1.9120972156524658,6.561483860015869
2013-02-22,1.9732842445373535,6.773772716522217
2013-02-25,1.977108120918274,6.787272930145264
2013-02-26,1.9388657808303833,6.663764953613281
2013-02-27,1.946513295173645,6.68885612487793
2013-02-28,1.9751964807510376,6.7641191482543945
2013-03-01,1.9838131666183472,6.795968532562256
2013-03-04,1.97615385055542,6.767012596130371
2013-03-05,1.9608346223831177,6.7612199783325195
2013-03-06,2.023996591567993,6.95103645324707
2013-03-07,2.039506435394287,6.99592924118042
2013-03-08,2.099606513977051,7.20283842086792
2013-03-11,2.0860350131988525,7.163803577423096
2013-03-12,2.055016279220581,7.056440830230713
2013-03-13,2.0530781745910645,7.046679973602295
2013-03-14,2.0162417888641357,6.939321994781494
2013-03-15,2.0104262828826904,6.945176601409912
2013-03-18,2.041445016860962,7.075961112976074
2013-03-19,2.023996591567993,6.992023944854736
2013-03-20,2.039506435394287,7.052538871765137
2013-03-21,2.0162417888641357,6.974453449249268
2013-03-22,1.9929782152175903,6.888570785522461
2013-03-25,1.9774683713912964,6.831958293914795
2013-03-26,1.9929782152175903,6.9041829109191895
2013-03-27,2.0007333755493164,6.919800281524658
2013-03-28,2.0007333755493164,6.919800281524658
2013-04-01,2.0084877014160156,6.911015510559082
2013-04-02,1.9735910892486572,6.787985801696777
2013-04-03,1.9735910892486572,6.799701690673828
2013-04-04,1.9231841564178467,6.606369972229004
2013-04-05,1.927061915397644,6.6044230461120605
2013-04-08,1.925122857093811,6.6005120277404785
2013-04-09,1.9716517925262451,6.756742000579834
2013-04-10,2.0007333755493164,6.858285427093506
2013-04-11,2.012364149093628,6.883669376373291
2013-04-12,1.9774683713912964,6.756742000579834
2013-04-15,1.9367557764053345,6.610278606414795
2013-04-16,1.9774683713912964,6.77626895904541
2013-04-17,1.927061915397644,6.610278606414795
2013-04-18,1.8630850315093994,6.383751392364502
2013-04-19,1.9096146821975708,6.52435302734375
2013-04-22,1.8979811668395996,6.491153240203857
2013-04-23,1.9096146821975708,6.532164096832275
2013-04-24,1.9173675775527954,6.579032897949219
2013-04-25,1.927061915397644,6.575127124786377
2013-04-26,1.927061915397644,6.575127124786377
2013-04-29,1.8650232553482056,6.4052324295043945
2013-04-30,1.9309395551681519,6.573178291320801
2013-05-02,1.9107768535614014,6.494045257568359
2013-05-03,1.9384993314743042,6.58391809463501
2013-05-06,1.9342355728149414,6.574151992797852
2013-05-07,1.9662249088287354,6.767566204071045
2013-05-08,2.0046510696411133,6.837899684906006
2013-05-09,1.9982033967971802,6.837899684906006
2013-05-10,1.97456955909729,6.773428440093994
2013-05-13,1.9401919841766357,6.644482612609863
2013-05-14,1.9444890022277832,6.7441253662109375
2013-05-15,1.9788665771484375,6.857438087463379
2013-05-16,1.963826060295105,6.792972564697266
2013-05-17,1.9874610900878906,6.863293647766113
2013-05-20,2.0025012493133545,6.312355995178223
2013-05-21,2.036879062652588,7.055340766906738
2013-05-22,2.073404312133789,7.147755146026611
2013-05-23,2.0454745292663574,7.087582111358643
2013-05-24,2.0411763191223145,7.066089153289795
2013-05-27,2.034731149673462,7.036002159118652
2013-05-28,2.054068088531494,7.059642791748047
2013-05-29,1.9982033967971802,6.887720108032227
2013-05-31,2.0196914672851562,6.958637714385986
2013-06-03,2.0013980865478516,6.905963897705078
2013-06-04,1.9970934391021729,6.9403605461120605
2013-06-05,1.9346857070922852,6.699556350708008
2013-06-06,1.960508942604065,6.761909484863281
2013-06-07,1.932533860206604,6.718907356262207
2013-06-10,1.9389890432357788,6.706007480621338
2013-06-11,1.8808832168579102,6.486701011657715
2013-06-12,1.8808832168579102,6.471648216247559
2013-06-13,1.8937962055206299,6.454453468322754
2013-06-14,1.8421467542648315,6.316845893859863
2013-06-17,1.8486031293869019,6.35125207901001
2013-06-18,1.837843418121338,6.3125457763671875
2013-06-19,1.803410530090332,6.235142707824707
2013-06-20,1.8012582063674927,6.306097030639648
2013-06-21,1.7926510572433472,6.140543460845947
2013-06-24,1.719481110572815,5.93413782119751
2013-06-25,1.7259372472763062,5.957788944244385
2013-06-26,1.7259372472763062,5.987888813018799
2013-06-27,1.7560662031173706,6.108292579650879
2013-06-28,1.7668250799179077,6.181395053863525
2013-07-01,1.7775856256484985,6.130840301513672
2013-07-02,1.6915048360824585,5.866247177124023
2013-07-03,1.6699836254119873,5.799560070037842
2013-07-04,1.6893517971038818,5.8726959228515625
2013-07-05,1.6678320169448853,5.76514196395874
2013-07-08,1.6656800508499146,5.7845025062561035
2013-07-10,1.6828954219818115,5.80601167678833
2013-07-11,1.7108718156814575,5.952294826507568
2013-07-12,1.700112223625183,5.8899054527282715
2013-07-15,1.728089451789856,5.997464179992676
2013-07-16,1.7453049421310425,6.031887054443359
2013-07-17,1.771130084991455,6.109328269958496
2013-07-18,1.771130084991455,6.117935657501221
2013-07-19,1.7646737098693848,6.120086669921875
2013-07-22,1.799106240272522,6.221191883087158
2013-07-23,1.8292354345321655,6.305084705352783
2013-07-24,1.807714581489563,6.229795455932617
2013-07-25,1.807714581489563,6.238400459289551
2013-07-26,1.807714581489563,6.238400459289551
2013-07-29,1.807714581489563,6.236242294311523
2013-07-30,1.8120180368423462,6.285724639892578
2013-07-31,1.8012582063674927,6.264214515686035
2013-08-01,1.8593627214431763,6.471907615661621
2013-08-02,1.8615151643753052,6.43532133102417
2013-08-05,1.837843418121338,6.334160327911377
2013-08-06,1.7840418815612793,6.187811374664307
2013-08-07,1.7820888757705688,6.176374435424805
2013-08-08,1.825501561164856,6.354580402374268
2013-08-09,1.8341834545135498,6.385005950927734
2013-08-12,1.8754256963729858,6.552346706390381
2013-08-13,1.8927909135818481,6.597987174987793
2013-08-14,1.8624017238616943,6.532793998718262
2013-08-15,1.8558892011642456,6.478457450866699
2013-08-16,1.8233301639556885,6.345888137817383
2013-08-19,1.8016234636306763,6.2893877029418945
2013-08-20,1.7864298820495605,6.222015857696533
2013-08-21,1.7799174785614014,6.176374435424805
2013-08-22,1.7799174785614014,6.180720329284668
2013-08-23,1.8406959772109985,6.391528606414795
2013-08-26,1.7885997295379639,6.282867908477783
2013-08-27,1.7582110166549683,6.106832504272461
2013-08-28,1.7625529766082764,6.128566265106201
2013-08-29,1.7755765914916992,6.1785454750061035
2013-08-30,1.8168189525604248,6.304599761962891
2013-09-02,1.8331273794174194,6.370920181274414
2013-09-03,1.7961599826812744,6.307859897613525
2013-09-04,1.8005096912384033,6.3230767250061035
2013-09-05,1.8244296312332153,6.390485763549805
2013-09-06,1.8592212200164795,6.520944595336914
2013-09-09,1.8961886167526245,6.703598499298096
2013-09-10,1.9027122259140015,6.751434803009033
2013-09-11,1.900537133216858,6.718819618225098
2013-09-12,1.8961886167526245,6.703598499298096
2013-09-13,1.9027122259140015,6.80143928527832
2013-09-16,1.9048871994018555,6.760129928588867
2013-09-17,1.9418529272079468,6.8688459396362305
2013-09-18,1.9962177276611328,7.066716194152832
2013-09-19,1.98969304561615,7.023228645324707
2013-09-20,1.9288066625595093,6.810138702392578
2013-09-23,1.9657738208770752,6.871025085449219
2013-09-24,1.9592491388320923,6.844929218292236
2013-09-25,1.9592491388320923,6.851452350616455
2013-09-26,1.9527266025543213,6.849278926849365
2013-09-27,2.000566005706787,7.001482963562012
2013-09-30,1.9570753574371338,6.8362274169921875
2013-10-01,1.9766459465026855,6.90693473815918
2013-10-02,1.96142578125,6.8786540031433105
2013-10-03,1.9549003839492798,6.896056652069092
2013-10-04,1.9570753574371338,6.90693473815918
2013-10-07,1.9635988473892212,6.876477241516113
2013-10-08,1.9570753574371338,6.852548599243164
2013-10-09,1.974471926689148,6.926509857177734
2013-10-10,1.994042992591858,7.048336505889893
2013-10-11,1.9766459465026855,6.980897903442383
2013-10-14,1.9831701517105103,7.0309343338012695
2013-10-15,1.9962177276611328,7.059209823608398
2013-10-16,2.0070886611938477,7.139699459075928
2013-10-17,2.0179622173309326,7.200613975524902
2013-10-18,2.050579786300659,7.378997802734375
2013-10-21,2.022311210632324,7.311556816101074
2013-10-22,2.033184051513672,7.350718021392822
2013-10-23,2.000566005706787,7.25064754486084
2013-10-24,1.9962177276611328,7.215841770172119
2013-10-25,1.9875190258026123,7.178856372833252
2013-10-28,2.0179622173309326,7.26370096206665
2013-10-29,2.0940706729888916,7.529098033905029
2013-10-30,2.089721918106079,7.502996444702148
2013-10-31,2.098419189453125,7.522575378417969
2013-11-01,2.076674461364746,7.454017639160156
2013-11-04,2.0810227394104004,7.510605812072754
2013-11-05,2.0658013820648193,7.3865532875061035
2013-11-06,2.0440561771392822,7.29732084274292
2013-11-07,2.0136122703552246,7.18850564956665
2013-11-08,1.9657738208770752,6.999166488647461
2013-11-11,1.974471926689148,7.02963399887085
2013-11-12,1.974471926689148,7.0187506675720215
2013-11-13,2.0070886611938477,7.160208225250244
2013-11-14,2.0527544021606445,7.312555313110352
2013-11-18,2.083197832107544,7.412668704986572
2013-11-19,2.0288350582122803,7.214620590209961
2013-11-21,2.004913806915283,7.140627384185791
2013-11-22,1.9766459465026855,7.033984184265137
2013-11-25,1.9440280199050903,6.929520130157471
2013-11-26,1.9592491388320923,6.964341163635254
2013-11-27,2.0136122703552246,7.149327754974365
2013-11-28,2.000566005706787,7.084037780761719
2013-11-29,2.0179622173309326,7.168918132781982
2013-12-02,1.9820241928100586,7.015416622161865
2013-12-03,1.9384632110595703,6.858645915985107
2013-12-04,1.923217535018921,6.830343246459961
2013-12-05,1.9101487398147583,6.771553993225098
2013-12-06,1.9384632110595703,6.843404769897461
2013-12-09,1.9624216556549072,6.908722877502441
2013-12-10,1.9493530988693237,6.865180015563965
2013-12-11,1.9145053625106812,6.682278156280518
2013-12-12,1.923217535018921,6.738892555236816
2013-12-13,1.916683316230774,6.765020370483398
2013-12-16,1.9297512769699097,6.78679084777832
2013-12-17,1.9297512769699097,6.795499801635742
2013-12-18,1.94717538356781,6.836869716644287
2013-12-19,1.979846477508545,6.989287376403809
2013-12-20,1.940640926361084,6.823807716369629
2013-12-23,1.9766192436218262,6.896922588348389
2013-12-26,1.9721777439117432,6.945135116577148
2013-12-27,1.9766192436218262,6.925413608551025
2013-12-30,1.9766192436218262,7.028412342071533
2014-01-02,1.949968695640564,6.911109447479248
2014-01-03,1.956632137298584,6.897949695587158
2014-01-06,1.9699583053588867,6.908919334411621
2014-01-07,1.963294267654419,6.856294631958008
2014-01-08,1.9743995666503906,6.96373176574707
2014-01-09,1.9255388975143433,6.746669769287109
2014-01-10,1.9166560173034668,6.779555797576904
2014-01-13,1.9144339561462402,6.7488579750061035
2014-01-14,1.9277604818344116,6.849714279174805
2014-01-15,1.9144339561462402,6.851906776428223
2014-01-16,1.8988879919052124,6.70938777923584
2014-01-17,1.8811198472976685,6.577831745147705
2014-01-20,1.8722375631332397,6.525210857391357
2014-01-21,1.8855617046356201,6.617301940917969
2014-01-22,1.8788989782333374,6.632645130157471
2014-01-23,1.8344807624816895,6.501094341278076
2014-01-24,1.8211554288864136,6.4155802726745605
2014-01-27,1.8589110374450684,6.544939994812012
2014-01-28,1.8611326217651367,6.590987682342529
2014-01-29,1.8389229774475098,6.466010570526123
2014-01-30,1.8411442041397095,6.472591400146484
2014-01-31,1.870015263557434,6.6348347663879395
2014-02-03,1.8255974054336548,6.559156894683838
2014-02-04,1.9322017431259155,6.877243995666504
2014-02-05,1.921098232269287,6.8443379402160645
2014-02-06,1.949968695640564,6.986926078796387
2014-02-07,1.9544119834899902,6.982540130615234
2014-02-10,1.9455275535583496,6.9715704917907715
2014-02-11,1.949968695640564,6.984736919403076
2014-02-12,1.9277604818344116,6.910150527954102
2014-02-13,1.9011088609695435,6.879433631896973
2014-02-14,1.9188766479492188,6.932089328765869
2014-02-17,1.909993052482605,6.8443379402160645
2014-02-18,1.8811198472976685,6.802651882171631
2014-02-19,1.8841463327407837,6.939576625823975
2014-02-20,1.8796863555908203,6.930643558502197
2014-02-21,1.893065333366394,6.939576625823975
2014-02-24,1.9042139053344727,6.977506160736084
2014-02-25,1.8774571418762207,6.930643558502197
2014-02-26,1.8507000207901,6.903873443603516
2014-02-27,1.8952946662902832,7.013208866119385
2014-02-28,1.888606309890747,6.964120388031006
2014-03-05,1.8539835214614868,6.860307693481445
2014-03-06,1.8941893577575684,7.050065040588379
2014-03-07,1.8539835214614868,6.909423828125
2014-03-10,1.8428142070770264,6.820127487182617
2014-03-11,1.8629173040390015,6.893798351287842
2014-03-12,1.849515676498413,6.808963298797607
2014-03-13,1.8294121026992798,6.717433929443359
2014-03-14,1.7892053127288818,6.538841247558594
2014-03-17,1.809308409690857,6.675018787384033
2014-03-18,1.8383468389511108,6.800034999847412
2014-03-19,1.8450486660003662,6.831287860870361
2014-03-20,1.9053590297698975,6.974162578582764
2014-03-21,1.8964242935180664,7.000955104827881
2014-03-24,1.9679020643234253,7.204106330871582
2014-03-25,1.9790713787078857,7.24429178237915
2014-03-26,1.9768370389938354,7.30680513381958
2014-03-27,2.0393810272216797,7.4653096199035645
2014-03-28,2.0259788036346436,7.420656204223633
2014-03-31,2.066185712814331,7.563529014587402
2014-04-01,2.0929901599884033,7.6271867752075195
2014-04-02,2.162235975265503,7.872860431671143
2014-04-03,2.1555349826812744,7.781290531158447
2014-04-04,2.1287295818328857,7.669622421264648
2014-04-07,2.162235975265503,7.84383487701416
2014-04-08,2.1197962760925293,7.729925632476807
2014-04-09,2.086289167404175,7.6271867752075195
2014-04-10,2.1086268424987793,7.7098259925842285
2014-04-11,2.1488332748413086,7.892965316772461
2014-04-14,2.126495838165283,7.792457103729248
2014-04-15,2.0751211643218994,7.604851245880127
2014-04-16,2.104158639907837,7.74332332611084
2014-04-17,2.1533005237579346,7.939866065979004
2014-04-22,2.166703939437866,7.995704174041748
2014-04-23,2.157768964767456,7.980064868927002
2014-04-24,2.2046773433685303,8.15203857421875
2014-04-25,2.2046773433685303,8.230208396911621
2014-04-28,2.1912736892700195,8.21457290649414
2014-04-29,2.1979756355285645,8.219043731689453
2014-04-30,2.184572458267212,8.212346076965332
2014-05-02,2.180104970932007,8.367630004882812
2014-05-05,2.2777178287506104,8.45700454711914
2014-05-06,2.2703468799591064,8.378801345825195
2014-05-07,2.2777178287506104,8.436901092529297
2014-05-08,2.2433199882507324,8.307299613952637
2014-05-09,2.238405704498291,8.233565330505371
2014-05-12,2.272804021835327,8.392208099365234
2014-05-13,2.2580621242523193,8.340818405151367
2014-05-14,2.267890453338623,8.376567840576172
2014-05-15,2.250690221786499,8.314004898071289
2014-05-16,2.272804021835327,8.39667797088623
2014-05-19,2.250690221786499,8.343053817749023
2014-05-20,2.208920478820801,8.195581436157227
2014-05-21,2.15486478805542,8.02131175994873
2014-05-22,2.1720638275146484,8.11961841583252
2014-05-23,2.1573214530944824,7.996728897094727
2014-05-26,2.152407169342041,7.972148418426514
2014-05-27,2.137665033340454,7.976619243621826
2014-05-28,2.1843490600585938,8.12185001373291
2014-05-29,2.149949789047241,7.998970031738281
2014-05-30,2.1008083820343018,7.775528430938721
2014-06-02,2.1217315196990967,7.828057765960693
2014-06-03,2.1094229221343994,7.875005722045898
2014-06-04,2.102039337158203,7.78558874130249
2014-06-05,2.0848100185394287,7.6827616691589355
2014-06-06,2.148805618286133,8.025660514831543
2014-06-09,2.2152631282806396,8.328096389770508
2014-06-10,2.230032205581665,8.305965423583984
2014-06-11,2.2767982482910156,8.478083610534668
2014-06-13,2.2718758583068848,8.431371688842773
2014-06-16,2.262030839920044,8.374812126159668
2014-06-17,2.230032205581665,8.264167785644531
2014-06-18,2.259568214416504,8.377274513244629
2014-06-20,2.234955072402954,8.25433349609375
2014-06-23,2.2226476669311523,8.19285774230957
2014-06-24,2.225109577178955,8.207613945007324
2014-06-25,2.1611130237579346,7.946985244750977
2014-06-26,2.1512675285339355,7.919928073883057
2014-06-27,2.1414222717285156,7.895341396331787
2014-06-30,2.138960361480713,7.855999946594238
2014-07-01,2.1438825130462646,7.891670227050781
2014-07-02,2.1118855476379395,7.763749122619629
2014-07-03,2.1291143894195557,7.8203325271606445
2014-07-04,2.1192688941955566,7.8154096603393555
2014-07-07,2.138960361480713,7.822793483734131
2014-07-08,2.1266534328460693,7.805569171905518
2014-07-10,2.200495719909668,8.167186737060547
2014-07-11,2.1980338096618652,8.154891014099121
2014-07-14,2.2497246265411377,8.346773147583008
2014-07-15,2.269413709640503,8.447624206542969
2014-07-16,2.2152631282806396,8.228693008422852
2014-07-17,2.2226476669311523,8.240988731384277
2014-07-18,2.3186419010162354,8.644429206848145
2014-07-21,2.32848858833313,8.718232154846191
2014-07-22,2.345717668533325,8.701008796691895
2014-07-23,2.3383331298828125,8.703469276428223
2014-07-24,2.3654093742370605,8.831389427185059
2014-07-25,2.3604869842529297,8.794486999511719
2014-07-28,2.3506412506103516,8.735445976257324
2014-07-29,2.353102922439575,8.774809837341309
2014-07-30,2.353102922439575,8.816629409790039
2014-07-31,2.3358726501464844,8.629667282104492
2014-08-01,2.3112576007843018,8.621054649353027
2014-08-04,2.3383331298828125,8.729340553283691
2014-08-05,2.367870330810547,8.847469329833984
2014-08-06,2.367870330810547,8.810553550720215
2014-08-07,2.3383331298828125,8.731802940368652
2014-08-08,2.3235647678375244,8.613677024841309
2014-08-11,2.367870330810547,8.771183013916016
2014-08-12,2.367870330810547,8.746567726135254
2014-08-13,2.3137197494506836,8.596446990966797
2014-08-14,2.356428861618042,8.751850128173828
2014-08-15,2.408573865890503,8.881028175354004
2014-08-18,2.443336248397827,9.010205268859863
2014-08-19,2.500446081161499,9.318242073059082
2014-08-20,2.5153443813323975,9.362961769104004
2014-08-21,2.525275945663452,9.417613983154297
2014-08-22,2.4979629516601562,9.310787200927734
2014-08-25,2.5600407123565674,9.54182243347168
2014-08-26,2.5823872089385986,9.606409072875977
2014-08-27,2.6568803787231445,9.897061347961426
2014-08-28,2.639498472213745,9.80267333984375
2014-08-29,2.718956232070923,10.06102180480957
2014-09-01,2.7351181507110596,10.06474781036377
2014-09-02,2.78484845161438,10.248652458190918
2014-09-03,2.769929885864258,10.213863372802734
2014-09-04,2.7077670097351074,10.005109786987305
2014-09-05,2.7102532386779785,10.079659461975098
2014-09-08,2.645606279373169,9.818727493286133
2014-09-09,2.618252992630005,9.667130470275879
2014-09-10,2.5909032821655273,9.56275463104248
2014-09-11,2.5884158611297607,9.547844886779785
2014-09-12,2.4989030361175537,9.204898834228516
2014-09-15,2.5461466312408447,9.438496589660645
2014-09-16,2.6257145404815674,9.682045936584473
2014-09-17,2.6306867599487305,9.724283218383789
2014-09-18,2.6331725120544434,9.609973907470703
2014-09-19,2.5436601638793945,9.381343841552734
2014-09-22,2.5187952518463135,9.254593849182129
2014-09-23,2.486471652984619,9.20987319946289
2014-09-24,2.5013887882232666,9.281935691833496
2014-09-25,2.4292824268341064,8.991178512573242
2014-09-26,2.5187952518463135,9.368912696838379
2014-09-29,2.3522017002105713,8.712841033935547
2014-09-30,2.3049590587615967,8.412145614624023
2014-10-01,2.2353365421295166,8.19459342956543
2014-10-02,2.2925267219543457,8.468085289001465
2014-10-03,2.3422558307647705,8.666984558105469
2014-10-06,2.496417760848999,9.13190746307373
2014-10-07,2.503877639770508,9.146829605102539
2014-10-08,2.47403883934021,9.027484893798828
2014-10-09,2.4889581203460693,9.141845703125
2014-10-10,2.391984224319458,8.763946533203125
2014-10-13,2.548633575439453,9.44765567779541
2014-10-14,2.5834438800811768,9.534672737121582
2014-10-15,2.486471652984619,9.107044219970703
2014-10-16,2.3969573974609375,8.865880966186523
2014-10-17,2.47403883934021,9.124445915222168
2014-10-20,2.424309492111206,8.900686264038086
2014-10-21,2.275120258331299,8.453165054321289
2014-10-22,2.262688636779785,8.398470878601074
2014-10-23,2.1632299423217773,8.018075942993164
2014-10-24,2.227877378463745,8.241835594177246
2014-10-27,2.1930675506591797,8.06033992767334
2014-10-28,2.277606964111328,8.428303718566895
2014-10-29,2.2079861164093018,8.184653282165527
2014-10-30,2.3770666122436523,8.845988273620605
2014-10-31,2.4591195583343506,9.13190746307373
2014-11-03,2.446687936782837,9.10329818725586
2014-11-04,2.491443395614624,9.277410507202148
2014-11-05,2.4765260219573975,9.175432205200195
2014-11-06,2.3845252990722656,8.842143058776855
2014-11-07,2.424309492111206,8.991374015808105
2014-11-10,2.424309492111206,8.966498374938965
2014-11-11,2.4118778705596924,8.961528778076172
2014-11-12,2.4367423057556152,9.028679847717285
2014-11-13,2.349714756011963,8.737676620483398
2014-11-14,2.374579668045044,8.779958724975586
2014-11-17,2.349714756011963,8.715290069580078
2014-11-18,2.4168500900268555,8.968994140625
2014-11-19,2.5113353729248047,9.329639434814453
2014-11-21,2.6580374240875244,9.943987846374512
2014-11-24,2.6058225631713867,9.737544059753418
2014-11-25,2.655550956726074,9.861907958984375
2014-11-26,2.61576771736145,9.779831886291504
2014-11-27,2.5958752632141113,9.635562896728516
2014-11-28,2.610795497894287,9.625621795654297
2014-12-01,2.4750876426696777,9.178994178771973
2014-12-02,2.472598075866699,9.10185718536377
2014-12-03,2.4950079917907715,9.178994178771973
2014-12-04,2.4402272701263428,9.04214096069336
2014-12-05,2.4925191402435303,9.213824272155762
2014-12-08,2.397897481918335,8.870451927185059
2014-12-09,2.4203083515167236,8.905284881591797
2014-12-10,2.375486135482788,8.770928382873535
2014-12-11,2.405367374420166,8.870451927185059
2014-12-12,2.278376340866089,8.397688865661621
2014-12-15,2.231065034866333,8.218539237976074
2014-12-16,2.2285749912261963,8.178733825683594
2014-12-17,2.3555662631988525,8.591773986816406
2014-12-18,2.3406262397766113,8.527078628540039
2014-12-19,2.387937068939209,8.658950805664062
2014-12-22,2.404332160949707,8.718670845031738
2014-12-23,2.406832695007324,8.7584810256958
2014-12-26,2.3693418502807617,8.63407039642334
2014-12-29,2.3768396377563477,8.658950805664062
2014-12-30,2.3468494415283203,8.60919189453125
2015-01-02,2.2918648719787598,8.421249389648438
2015-01-05,2.299361228942871,8.463570594787598
2015-01-06,2.3168559074401855,8.60047721862793
2015-01-07,2.404332160949707,8.911640167236328
2015-01-08,2.429326295852661,9.05103874206543
2015-01-09,2.3443496227264404,8.655245780944824
2015-01-12,2.30436110496521,8.44614315032959
2015-01-13,2.3118577003479004,8.436185836791992
2015-01-14,2.324354648590088,8.493433952331543
2015-01-15,2.3193554878234863,8.418758392333984
2015-01-16,2.361844062805176,8.548201560974121
2015-01-19,2.2543745040893555,8.239535331726074
2015-01-20,2.299361228942871,8.266913414001465
2015-01-21,2.391836166381836,8.510866165161133
2015-01-22,2.416830062866211,8.553178787231445
2015-01-23,2.3993353843688965,8.471036911010742
2015-01-26,2.396834373474121,8.570603370666504
2015-01-27,2.396834373474121,8.538243293762207
2015-01-28,2.3468494415283203,8.363992691040039
2015-01-29,2.331853151321411,8.306743621826172
2015-01-30,2.284367084503174,8.189750671386719
2015-02-02,2.3068602085113525,8.298076629638672
2015-02-03,2.381838083267212,8.529683113098145
2015-02-04,2.4693145751953125,8.843478202819824
2015-02-05,2.4693145751953125,8.76877212524414
2015-02-06,2.4993057250976562,8.748842239379883
2015-02-09,2.4818108081817627,8.803633689880371
2015-02-10,2.4493207931518555,8.691566467285156
2015-02-11,2.403010845184326,8.544636726379395
2015-02-12,2.4336869716644287,8.7692289352417
2015-02-13,2.5180487632751465,9.06018352508545
2015-02-18,2.556394577026367,9.113762855529785
2015-02-19,2.551281213760376,9.111214637756348
2015-02-20,2.556394577026367,9.159708023071289
2015-02-23,2.5742900371551514,9.249029159545898
2015-02-24,2.5972957611083984,9.346013069152832
2015-02-25,2.6075220108032227,9.368983268737793
2015-02-26,2.622859477996826,9.414923667907715
2015-02-27,2.579402208328247,9.315388679504395
2015-03-02,2.5576400756835938,9.273265838623047
2015-03-03,2.5627598762512207,9.344746589660645
2015-03-04,2.542279005050659,9.263049125671387
2015-03-05,2.5320379734039307,9.18134593963623
2015-03-06,2.478274345397949,8.936244010925293
2015-03-09,2.414269208908081,8.703898429870605
2015-03-10,2.3553848266601562,8.361763000488281
2015-03-11,2.43475079536438,8.645172119140625
2015-03-12,2.4449920654296875,8.680912971496582
2015-03-13,2.4270689487457275,8.637511253356934
2015-03-16,2.43475079536438,8.637511253356934
2015-03-17,2.493636131286621,8.885169982910156
2015-03-18,2.5909221172332764,9.1532564163208
2015-03-19,2.593482255935669,9.097090721130371
2015-03-20,2.5832431316375732,9.173691749572754
2015-03-23,2.5806827545166016,9.11496353149414
2015-03-24,2.575562000274658,9.058795928955078
2015-03-25,2.593482255935669,9.05113697052002
2015-03-26,2.5192372798919678,8.795808792114258
2015-03-27,2.4705934524536133,8.642620086669922
2015-03-30,2.5473999977111816,8.933688163757324
2015-03-31,2.555079936981201,9.015386581420898
2015-04-01,2.644686460494995,9.323179244995117
2015-04-02,2.690770149230957,9.412581443786621
2015-04-06,2.7394142150878906,9.5275239944458
2015-04-07,2.73429536819458,9.532628059387207
2015-04-08,2.7291736602783203,9.57861328125
2015-04-09,2.677969217300415,9.387042045593262
2015-04-10,2.6958906650543213,9.456005096435547
2015-04-13,2.6933300495147705,9.381928443908691
2015-04-14,2.680530548095703,9.381928443908691
2015-04-15,2.721493721008301,9.517303466796875
2015-04-16,2.7086923122406006,9.445788383483887
2015-04-17,2.677969217300415,9.325737953186035
2015-04-20,2.649807929992676,9.16992473602295
2015-04-22,2.670290470123291,9.42535400390625
2015-04-23,2.7010116577148438,9.680781364440918
2015-04-24,2.790619373321533,9.994956970214844
2015-04-27,2.767578125,9.808493614196777
2015-04-28,2.7496554851531982,9.908111572265625
2015-04-29,2.7368545532226562,9.772732734680176
2015-04-30,2.716371774673462,9.841699600219727
2015-05-04,2.7419750690460205,9.952855110168457
2015-05-05,2.7092044353485107,9.855752944946289
2015-05-06,2.6810431480407715,9.607893943786621
2015-05-07,2.697939395904541,9.646224975585938
2015-05-08,2.7345497608184814,9.773993492126465
2015-05-11,2.7429988384246826,9.727994918823242
2015-05-12,2.7176525592803955,9.684553146362305
2015-05-13,2.666961669921875,9.61811351776123
2015-05-14,2.6894915103912354,9.712658882141113
2015-05-15,2.7176525592803955,9.894081115722656
2015-05-18,2.6838574409484863,9.630890846252441
2015-05-19,2.6416163444519043,9.495458602905273
2015-05-20,2.6162686347961426,9.326807022094727
2015-05-21,2.6106364727020264,9.214374542236328
2015-05-22,2.5345985889434814,9.020174026489258
2015-05-25,2.5627598762512207,9.05339241027832
2015-05-26,2.520517587661743,8.920523643493652
2015-05-27,2.582475185394287,9.101943016052246
2015-05-28,2.568392276763916,8.994624137878418
2015-05-29,2.4839067459106445,8.772311210632324
2015-06-01,2.4853172302246094,8.712240219116211
2015-06-02,2.5614850521087646,8.906527519226074
2015-06-03,2.5050642490386963,8.681559562683105
2015-06-05,2.4260752201080322,8.474495887756348
2015-06-08,2.4345386028289795,8.438704490661621
2015-06-09,2.440180778503418,8.38501262664795
2015-06-10,2.4571070671081543,8.630431175231934
2015-06-11,2.420433759689331,8.57674789428711
2015-06-12,2.4147915840148926,8.487274169921875
2015-06-15,2.440180778503418,8.530734062194824
2015-06-16,2.5219900608062744,8.832390785217285
2015-06-17,2.4824960231781006,8.676446914672852
2015-06-18,2.5586628913879395,8.891185760498047
2015-06-19,2.516347646713257,8.791485786437988
2015-06-22,2.5304529666900635,8.81705093383789
2015-06-23,2.5304529666900635,8.90396499633789
2015-06-24,2.5248115062713623,8.934642791748047
2015-06-25,2.4824960231781006,8.781262397766113
2015-06-26,2.5360960960388184,8.857952117919922
2015-06-29,2.5050642490386963,8.74547290802002
2015-06-30,2.5135273933410645,8.748030662536621
2015-07-01,2.507884979248047,8.79790210723877
2015-07-02,2.5501997470855713,8.915544509887695
2015-07-03,2.507884979248047,8.826033592224121
2015-07-06,2.4853172302246094,8.675141334533691
2015-07-07,2.4712109565734863,8.708383560180664
2015-07-08,2.4712109565734863,8.608635902404785
2015-07-10,2.5332741737365723,8.86951732635498
2015-07-13,2.5360960960388184,8.951350212097168
2015-07-14,2.5360960960388184,8.957488059997559
2015-07-15,2.5191702842712402,8.802759170532227
2015-07-16,2.5191702842712402,8.828078269958496
2015-07-17,2.4824960231781006,8.774620056152344
2015-07-20,2.4881386756896973,8.721168518066406
2015-07-21,2.4853172302246094,8.648026466369629
2015-07-22,2.448643445968628,8.512991905212402
2015-07-23,2.321697473526001,8.158517837524414
2015-07-24,2.2568137645721436,8.121939659118652
2015-07-27,2.2568137645721436,8.105062484741211
2015-07-28,2.279381036758423,8.254165649414062
2015-07-29,2.3273401260375977,8.335753440856934
2015-07-30,2.2963085174560547,8.231658935546875
2015-07-31,2.369654893875122,8.462353706359863
2015-08-03,2.3781182765960693,8.421537399291992
2015-08-04,2.313234329223633,8.218879699707031
2015-08-05,2.30477237701416,8.204809188842773
2015-08-06,2.2568137645721436,8.173847198486328
2015-08-07,2.186288356781006,7.934597492218018
2015-08-10,2.2144997119903564,8.038745880126953
2015-08-11,2.186288356781006,8.021852493286133
2015-08-12,2.177826166152954,7.791049003601074
2015-08-13,2.1625618934631348,7.610340118408203
2015-08-14,2.1568572521209717,7.60178804397583
2015-08-17,2.1425907611846924,7.521977424621582
2015-08-18,2.1254730224609375,7.64739465713501
2015-08-19,2.0940909385681152,7.490625858306885
2015-08-20,2.0883853435516357,7.507726192474365
2015-08-21,2.0712664127349854,7.5248284339904785
2015-08-24,2.0284719467163086,7.370909690856934
2015-08-25,2.031325101852417,7.356664180755615
2015-08-26,2.1511499881744385,7.801309585571289
2015-08-27,2.216768980026245,8.077791213989258
2015-08-28,2.145444393157959,7.846912384033203
2015-08-31,2.076972246170044,7.567581653594971
2015-09-01,2.061248302459717,7.392192363739014
2015-09-02,2.07554292678833,7.566159725189209
2015-09-03,2.138439416885376,7.854200839996338
2015-09-04,2.0869789123535156,7.534789562225342
2015-09-08,2.0984137058258057,7.617487907409668
2015-09-09,2.1212852001190186,7.703050136566162
2015-09-10,2.0583889484405518,7.549046516418457
2015-09-11,2.1155664920806885,7.563304424285889
2015-09-14,2.218487024307251,7.8684563636779785
2015-09-15,2.204193115234375,8.062393188476562
2015-09-16,2.249934434890747,8.196432113647461
2015-09-17,2.25565242767334,8.267731666564941
2015-09-18,2.1584513187408447,7.942613124847412
2015-09-21,2.104130983352661,7.765787124633789
2015-09-22,2.129862070083618,7.839941501617432
2015-09-23,2.0583889484405518,7.529082298278809
2015-09-24,2.044095277786255,7.614641189575195
2015-09-25,2.0012123584747314,7.429266929626465
2015-09-28,2.006929636001587,7.423564910888672
2015-09-29,2.006929636001587,7.392192363739014
2015-09-30,2.041236639022827,7.560454368591309
2015-10-01,2.0641074180603027,7.670318126678467
2015-10-02,2.1212852001190186,7.981350421905518
2015-10-05,2.1698849201202393,8.149712562561035
2015-10-06,2.201334238052368,8.223899841308594
2015-10-07,2.269946813583374,8.457891464233398
2015-10-08,2.2785236835479736,8.489279747009277
2015-10-09,2.2956767082214355,8.432205200195312
2015-10-13,2.207050323486328,7.981350421905518
2015-10-14,2.1555917263031006,7.907157897949219
2015-10-15,2.147015333175659,7.775895118713379
2015-10-16,2.1098499298095703,7.658902168273926
2015-10-19,2.1498734951019287,7.841529846191406
2015-10-20,2.1212852001190186,7.68173360824585
2015-10-21,2.1184256076812744,7.624656677246094
2015-10-22,2.1498734951019287,7.784456253051758
2015-10-23,2.1355793476104736,7.733092784881592
2015-10-26,2.104130983352661,7.618945598602295
2015-10-27,2.0869789123535156,7.576146125793457
2015-10-28,2.0726845264434814,7.62751579284668
2015-10-29,2.041236639022827,7.41920280456543
2015-10-30,2.0583889484405518,7.553317070007324
2015-11-03,2.147015333175659,8.04012393951416
2015-11-04,2.1613099575042725,8.060111045837402
2015-11-05,2.1956164836883545,8.157186508178711
2015-11-06,2.144155979156494,8.034416198730469
2015-11-09,2.1012723445892334,7.82885217666626
2015-11-10,2.1012723445892334,7.877382755279541
2015-11-11,2.147015333175659,8.091517448425293
2015-11-12,2.1584513187408447,8.114360809326172
2015-11-13,2.1155664920806885,7.888798713684082
2015-11-16,2.129862070083618,8.111507415771484
2015-11-17,2.1613099575042725,8.16860580444336
2015-11-18,2.181321620941162,8.1486234664917
2015-11-19,2.2156288623809814,8.371326446533203
2015-11-23,2.2099101543426514,8.368468284606934
2015-11-24,2.218487024307251,8.379888534545898
2015-11-25,2.112708330154419,7.968747138977051
2015-11-26,2.1527318954467773,8.085805892944336
2015-11-27,2.1012723445892334,7.871669769287109
2015-11-30,2.0726845264434814,7.934491157531738
2015-12-01,2.1285479068756104,7.995903015136719
2015-12-02,2.0913050174713135,7.741656303405762
2015-12-03,2.1772491931915283,8.23300838470459
2015-12-04,2.154330253601074,8.050183296203613
2015-12-07,2.1314127445220947,7.9901909828186035
2015-12-08,2.117089033126831,7.898775100708008
2015-12-09,2.2230870723724365,8.32728099822998
2015-12-10,2.217529058456421,8.286717414855957
2015-12-11,2.202977180480957,8.286717414855957
2015-12-14,2.1360433101654053,8.091052055358887
2015-12-15,2.1476845741271973,8.142844200134277
2015-12-16,2.1331334114074707,8.088175773620605
2015-12-17,2.185516595840454,8.226285934448242
2015-12-18,2.0807511806488037,7.748651027679443
2015-12-21,2.0429182052612305,7.604787349700928
2015-12-22,2.051650047302246,7.6536993980407715
2015-12-23,2.0370991230010986,7.624930381774902
2015-12-28,2.0312774181365967,7.596151351928711
2015-12-29,2.0312774181365967,7.601907730102539
2015-12-30,2.0021777153015137,7.576009273529053
2016-01-04,1.9206933975219727,7.234853267669678
2016-01-05,1.9527047872543335,7.295309543609619
2016-01-06,1.9701653718948364,7.266526699066162
2016-01-07,1.9410645961761475,7.12833309173584
2016-01-08,1.9410645961761475,7.131209373474121
2016-01-11,1.9177830219268799,7.047715187072754
2016-01-12,1.8945021629333496,7.079388618469238
2016-01-13,1.9003227949142456,6.969989776611328
2016-01-14,1.9090532064437866,7.070749759674072
2016-01-15,1.8770415782928467,6.886495590209961
2016-01-18,1.8683100938796997,6.805882453918457
2016-01-19,1.8479399681091309,6.736790180206299
2016-01-20,1.8275684118270874,6.641788959503174
2016-01-21,1.8333885669708252,6.6561808586120605
2016-01-22,1.8624900579452515,6.719515800476074
2016-01-26,1.8915916681289673,6.791490077972412
2016-01-27,1.8945021629333496,6.817403793334961
2016-01-28,1.9352442026138306,6.863461971282959
2016-01-29,2.0021777153015137,7.1830363273620605
2016-02-01,2.01381778717041,7.337149143218994
2016-02-02,1.8479399681091309,6.809974670410156
2016-02-03,1.9439746141433716,6.974180221557617
2016-02-04,1.9759865999221802,7.075005531311035
2016-02-05,1.9730747938156128,7.144144058227539
2016-02-10,1.9759865999221802,7.178711891174316
2016-02-11,1.9323337078094482,6.965537071228027
2016-02-12,1.9352442026138306,7.020270347595215
2016-02-15,1.9381548166275024,6.997223854064941
2016-02-16,1.96725594997406,7.167184829711914
2016-02-17,1.9759865999221802,7.244964599609375
2016-02-18,1.9410645961761475,7.098049640655518
2016-02-19,1.9445945024490356,7.1822099685668945
2016-02-22,2.010411262512207,7.472226142883301
2016-02-23,2.007420063018799,7.365684986114502
2016-02-24,1.992462396621704,7.303544044494629
2016-02-25,2.007420063018799,7.309462547302246
2016-02-26,1.98947012424469,7.309462547302246
2016-02-29,2.0403287410736084,7.51661491394043
2016-03-01,2.1287777423858643,7.870456218719482
2016-03-02,2.1617586612701416,8.054043769836426
2016-03-03,2.3386571407318115,8.85056209564209
2016-03-04,2.4316041469573975,9.282880783081055
2016-03-07,2.4016201496124268,9.241425514221191
2016-03-08,2.485572338104248,9.448690414428711
2016-03-09,2.425607442855835,9.134830474853516
2016-03-10,2.515556573867798,9.493112564086914
2016-03-11,2.5605294704437256,9.5730562210083
2016-03-14,2.5425407886505127,9.528644561767578
2016-03-15,2.3956241607666016,9.10521125793457
2016-03-16,2.3356587886810303,8.835766792297363
2016-03-17,2.575521469116211,9.801063537597656
2016-03-18,2.5725231170654297,9.827705383300781
2016-03-21,2.6055045127868652,9.830668449401855
2016-03-22,2.512556552886963,9.578981399536133
2016-03-23,2.4376003742218018,9.273990631103516
2016-03-24,2.4376003742218018,9.17628288269043
2016-03-28,2.5335452556610107,9.404277801513672
2016-03-29,2.5605294704437256,9.460538864135742
2016-03-30,2.539541006088257,9.513836860656738
2016-03-31,2.4495935440063477,9.241425514221191
2016-04-01,2.4495935440063477,9.305112838745117
2016-04-04,2.3686392307281494,8.979246139526367
2016-04-05,2.3566477298736572,8.997015953063965
2016-04-06,2.2936818599700928,8.73928451538086
2016-04-07,2.3266637325286865,8.834083557128906
2016-04-08,2.464585065841675,9.39102554321289
2016-04-11,2.470581293106079,9.438420295715332
2016-04-12,2.584516763687134,9.865017890930176
2016-04-13,2.5965099334716797,9.986480712890625
2016-04-14,2.5425407886505127,9.696162223815918
2016-04-15,2.584516763687134,9.758374214172363
2016-04-18,2.563528060913086,9.687275886535645
2016-04-19,2.5605294704437256,9.740595817565918
2016-04-20,2.509559154510498,9.559881210327148
2016-04-22,2.485572338104248,9.385101318359375
2016-04-25,2.458587408065796,9.302151679992676
2016-04-26,2.548536539077759,9.625060081481934
2016-04-27,2.6115007400512695,9.95389461517334
2016-04-28,2.6055045127868652,9.885758399963379
2016-04-29,2.5965099334716797,9.737638473510742
2016-05-02,2.539541006088257,9.469406127929688
2016-05-03,2.401021957397461,8.924070358276367
2016-05-04,2.440598964691162,9.143387794494629
2016-05-05,2.414212942123413,9.007051467895508
2016-05-06,2.4241080284118652,9.01001262664795
2016-05-09,2.4570889472961426,9.06633186340332
2016-05-10,2.5725231170654297,9.635380744934082
2016-05-11,2.556032419204712,9.576108932495117
2016-05-12,2.5857160091400146,9.670947074890137
2016-05-13,2.52634859085083,9.30639934539795
2016-05-16,2.5131568908691406,9.164135932922363
2016-05-17,2.434004068374634,8.968523025512695
2016-05-18,2.434004068374634,9.107821464538574
2016-05-19,2.447194814682007,9.03076171875
2016-05-20,2.4175121784210205,8.915173530578613
2016-05-23,2.4241080284118652,8.944816589355469
2016-05-24,2.401021957397461,8.93592357635498
2016-05-25,2.397723913192749,8.894429206848145
2016-05-27,2.397723913192749,8.80550765991211
2016-05-30,2.394425392150879,8.80255126953125
2016-05-31,2.354848623275757,8.609905242919922
2016-06-01,2.4060769081115723,8.738892555236816
2016-06-02,2.4126861095428467,8.869366645812988
2016-06-03,2.429211378097534,8.8604736328125
2016-06-06,2.396160840988159,8.774477005004883
2016-06-07,2.4391279220581055,8.9168119430542
2016-06-08,2.4820916652679443,9.05322551727295
2016-06-09,2.498617649078369,9.032464027404785
2016-06-10,2.3664145469665527,8.569868087768555
2016-06-13,2.3895504474639893,8.608423233032227
2016-06-14,2.34328031539917,8.483871459960938
2016-06-15,2.3399744033813477,8.442359924316406
2016-06-16,2.392855644226074,8.596555709838867
2016-06-17,2.3598060607910156,8.575800895690918
2016-06-20,2.3994662761688232,8.718135833740234
2016-06-21,2.376331090927124,8.715168952941895
2016-06-22,2.3565001487731934,8.56393814086914
2016-06-23,2.4424314498901367,8.896063804626465
2016-06-24,2.3829405307769775,8.584696769714355
2016-06-27,2.310229778289795,8.297054290771484
2016-06-28,2.376331090927124,8.587664604187012
2016-06-29,2.432515859603882,8.780414581298828
2016-06-30,2.5085325241088867,8.985015869140625
2016-07-01,2.5316669940948486,9.170440673828125
2016-07-04,2.5283632278442383,9.164514541625977
2016-07-05,2.498617649078369,9.099244117736816
2016-07-06,2.4853971004486084,9.134843826293945
2016-07-07,2.5052273273468018,9.226815223693848
2016-07-08,2.5779387950897217,9.476025581359863
2016-07-11,2.5812432765960693,9.56800365447998
2016-07-12,2.54158353805542,9.487895965576172
2016-07-13,2.601073980331421,9.683700561523438
2016-07-14,2.716750383377075,9.959620475769043
2016-07-15,2.703531265258789,9.926990509033203
2016-07-18,2.7630221843719482,10.096094131469727
2016-07-19,2.7795472145080566,10.036751747131348
2016-07-20,2.76963210105896,10.193998336791992
2016-07-21,2.743190288543701,10.05752182006836
2016-07-22,2.7498018741607666,10.119824409484863
2016-07-25,2.7365803718566895,10.042688369750977
2016-07-26,2.710141181945801,9.915120124816895
2016-07-27,2.7531068325042725,9.953680992126465
2016-07-28,2.720055103302002,9.843914985656738
2016-07-29,2.7630221843719482,10.024896621704102
2016-08-01,2.7299718856811523,9.922496795654297
2016-08-02,2.746495485305786,10.041211128234863
2016-08-03,2.855562925338745,10.459722518920898
2016-08-04,2.8621737957000732,10.519081115722656
2016-08-05,2.8522565364837646,10.456751823425293
2016-08-08,2.832427501678467,10.388484954833984
2016-08-09,2.82912278175354,10.409263610839844
2016-08-10,2.7927660942077637,10.32319164276123
2016-08-11,2.872089147567749,10.58735179901123
2016-08-12,2.8753936290740967,10.667490005493164
2016-08-15,2.9250905513763428,10.901308059692383
2016-08-16,2.895071506500244,10.856287002563477
2016-08-17,2.9417665004730225,11.000358581542969
2016-08-18,2.9551069736480713,10.979344367980957
2016-08-19,2.928424835205078,10.907310485839844
2016-08-22,2.8483774662017822,10.697208404541016
2016-08-23,2.851712465286255,10.679197311401367
2016-08-24,2.8417060375213623,10.628169059753418
2016-08-25,2.835035800933838,10.595161437988281
2016-08-26,2.861720323562622,10.72421646118164
2016-08-29,2.905076503753662,10.913300514221191
2016-08-30,2.9117484092712402,10.98534870147705
2016-08-31,2.868389129638672,10.760233879089355
2016-09-01,2.893447160720825,10.866835594177246
2016-09-02,2.933542013168335,11.02597713470459
2016-09-05,2.9235191345214844,11.028976440429688
2016-09-06,2.946906089782715,11.13407039642334
2016-09-08,2.9068126678466797,11.00195598602295
2016-09-09,2.773164987564087,10.58458423614502
2016-09-12,2.7965540885925293,10.722702980041504
2016-09-13,2.7831900119781494,10.509509086608887
2016-09-14,2.7531187534332275,10.518519401550293
2016-09-15,2.816601276397705,10.746726989746094
2016-09-16,2.7831900119781494,10.50350570678711
2016-09-19,2.7898716926574707,10.578572273254395
2016-09-20,2.806577444076538,10.602599143981934
2016-09-21,2.8232831954956055,10.70468521118164
2016-09-22,2.8667194843292236,10.875838279724121
2016-09-23,2.8433308601379395,10.848816871643066
2016-09-26,2.809918165206909,10.764739036560059
2016-09-27,2.850013256072998,10.887850761413574
2016-09-28,2.880082130432129,10.965923309326172
2016-09-29,2.7965540885925293,10.686676025390625
2016-09-30,2.786529541015625,10.665654182434082
2016-10-03,2.836648941040039,10.919488906860352
2016-10-04,2.7965540885925293,11.015621185302734
2016-10-05,2.833306312561035,11.231904983520508
2016-10-06,2.880082130432129,11.325029373168945
2016-10-07,2.913494348526001,11.43016242980957
2016-10-10,2.956929922103882,11.44517707824707
2016-10-11,2.926858425140381,11.406131744384766
2016-10-13,2.926858425140381,11.53530502319336
2016-10-14,2.973635196685791,11.754596710205078
2016-10-17,3.0003652572631836,12.012937545776367
2016-10-18,3.0404584407806396,12.179954528808594
2016-10-19,3.0204131603240967,11.98170280456543
2016-10-20,3.03377628326416,12.018046379089355
2016-10-21,3.0103893280029297,11.998220443725586
2016-10-24,2.993682861328125,11.895782470703125
2016-10-25,2.9535884857177734,11.83299732208252
2016-10-26,2.960270881652832,11.905704498291016
2016-10-27,3.023752212524414,12.16013240814209
2016-10-28,3.030435562133789,12.262572288513184
2016-10-31,3.1540579795837402,12.688836097717285
2016-11-01,3.083893299102783,12.313645362854004
2016-11-03,3.023752212524414,12.04919147491455
2016-11-04,3.083893299102783,12.14836597442627
2016-11-07,3.1573996543884277,12.584709167480469
2016-11-08,3.1741044521331787,12.61446475982666
2016-11-09,3.107282876968384,12.211158752441406
2016-11-10,2.946906089782715,11.602926254272461
2016-11-11,2.8667194843292236,11.4541654586792
2016-11-14,2.863377094268799,11.384742736816406
2016-11-16,2.956929922103882,11.9467134475708
2016-11-17,2.8867650032043457,11.589696884155273
2016-11-18,2.933542013168335,11.6987943649292
2016-11-21,2.963613986968994,11.794654846191406
2016-11-22,2.963613986968994,11.834317207336426
2016-11-23,2.9101529121398926,11.725237846374512
2016-11-24,2.8867650032043457,11.602926254272461
2016-11-25,2.873401165008545,11.523589134216309
2016-11-28,2.900129795074463,11.768206596374512
2016-11-29,2.8433308601379395,11.483915328979492
2016-11-30,2.8767402172088623,11.708699226379395
2016-12-01,2.73449444770813,11.177915573120117
2016-12-02,2.744535207748413,11.224222183227539
2016-12-05,2.7311465740203857,11.184530258178711
2016-12-06,2.7913925647735596,11.33334732055664
2016-12-07,2.798088312149048,11.244062423706055
2016-12-08,2.794740676879883,11.177915573120117
2016-12-09,2.8114752769470215,11.21098804473877
2016-12-12,2.7010250091552734,10.74799919128418
2016-12-13,2.714411973953247,10.797603607177734
2016-12-14,2.6976776123046875,10.774455070495605
2016-12-15,2.6976776123046875,10.731461524963379
2016-12-16,2.68428897857666,10.539643287658691
2016-12-19,2.6374316215515137,10.255249977111816
2016-12-20,2.664206027984619,10.516491889953613
2016-12-21,2.664206027984619,10.513201713562012
2016-12-22,2.68428897857666,10.599173545837402
2016-12-23,2.7383642196655273,10.898372650146484
2016-12-26,2.77302622795105,10.985642433166504
2016-12-27,2.7626259326934814,10.978926658630371
2016-12-28,2.8007562160491943,11.237370491027832
2016-12-29,2.870082378387451,11.361560821533203
2017-01-02,2.8458175659179688,11.25914478302002
2017-01-03,2.970604181289673,11.735966682434082
2017-01-04,2.9879355430603027,11.786345481872559
2017-01-05,3.0156664848327637,11.947515487670898
2017-01-06,3.0052671432495117,11.987813949584961
2017-01-09,3.036463975906372,12.044897079467773
2017-01-10,3.0156664848327637,12.004606246948242
2017-01-11,3.036463975906372,12.028115272521973
2017-01-12,3.119654893875122,12.333684921264648
2017-01-13,3.08845853805542,12.081839561462402
2017-01-16,3.08845853805542,12.091910362243652
2017-01-17,3.150850296020508,12.417633056640625
2017-01-18,3.13352108001709,12.320250511169434
2017-01-19,3.130054235458374,12.253092765808105
2017-01-20,3.1647167205810547,12.290033340454102
2017-01-23,3.244440793991089,12.703062057495117
2017-01-24,3.2063119411468506,12.672831535339355
2017-01-26,3.2201762199401855,12.844090461730957
2017-01-27,3.2167110443115234,12.776928901672363
2017-01-30,3.1785809993743896,12.504942893981934
2017-01-31,3.2167110443115234,12.504942893981934
2017-02-01,3.230576515197754,12.637635231018066
2017-02-02,3.227109432220459,12.600672721862793
2017-02-03,3.289503574371338,12.862707138061523
2017-02-06,3.2409749031066895,12.76863956451416
2017-02-07,3.2860360145568848,13.017223358154297
2017-02-08,3.3137667179107666,13.353153228759766
2017-02-09,3.3380305767059326,13.413619995117188
2017-02-10,3.369227170944214,13.457296371459961
2017-02-13,3.3622944355010986,13.393472671508789
2017-02-14,3.348428964614868,13.437128067016602
2017-02-15,3.476682424545288,14.001490592956543
2017-02-16,3.466284990310669,13.729399681091309
2017-02-17,3.521744966506958,13.722687721252441
2017-02-20,3.57027268409729,13.786503791809082
2017-02-21,3.6534156799316406,13.98695182800293
2017-02-22,3.671149969100952,14.02803897857666
2017-02-23,3.625037908554077,13.815741539001465
2017-02-24,3.561192512512207,13.70617389678955
2017-03-01,3.5487606525421143,13.683914184570312
2017-03-02,3.506131649017334,13.54348087310791
2017-03-03,3.5487606525421143,13.79010009765625
2017-03-06,3.577178955078125,13.735284805297852
2017-03-07,3.5238943099975586,13.505803108215332
2017-03-08,3.456400156021118,13.351675033569336
2017-03-09,3.4244284629821777,13.392765998840332
2017-03-10,3.4386367797851562,13.399619102478027
2017-03-13,3.488369941711426,13.642814636230469
2017-03-14,3.4492948055267334,13.509225845336914
2017-03-15,3.5381016731262207,13.639384269714355
2017-03-16,3.5381016731262207,13.464702606201172
2017-03-17,3.4706082344055176,13.07764720916748
2017-03-20,3.463503360748291,13.221501350402832
2017-03-21,3.3427257537841797,12.937211990356445
2017-03-22,3.4279797077178955,13.043391227722168
2017-03-23,3.399564027786255,12.971464157104492
2017-03-24,3.4315340518951416,13.111894607543945
2017-03-27,3.463503360748291,13.207810401916504
2017-03-28,3.4386367797851562,13.163270950317383
2017-03-29,3.4706082344055176,13.358514785766602
2017-03-30,3.4279797077178955,13.200958251953125
2017-03-31,3.3746964931488037,12.981738090515137
2017-04-03,3.4031155109405518,13.199318885803223
2017-04-04,3.4492948055267334,13.267855644226074
2017-04-05,3.4102206230163574,13.024565696716309
2017-04-06,3.3640401363372803,12.921768188476562
2017-04-07,3.381800651550293,13.021148681640625
2017-04-10,3.396009922027588,12.997151374816895
2017-04-11,3.4102206230163574,12.973169326782227
2017-04-12,3.3924572467803955,12.956039428710938
2017-04-13,3.3072028160095215,12.719597816467285
2017-04-17,3.396009922027588,13.288415908813477
2017-04-18,3.4244284629821777,13.240447044372559
2017-04-19,3.3675925731658936,13.123941421508789
2017-04-20,3.3391737937927246,12.93205451965332
2017-04-24,3.4208765029907227,13.182193756103516
2017-04-25,3.4279797077178955,13.267855644226074
2017-04-26,3.4173238277435303,13.29184627532959
2017-04-27,3.4599525928497314,13.367237091064453
2017-04-28,3.5132369995117188,13.452895164489746
2017-05-02,3.580732822418213,13.728843688964844
2017-05-03,3.5452067852020264,13.502599716186523
2017-05-04,3.463503360748291,13.060396194458008
2017-05-05,3.5594167709350586,13.266081809997559
2017-05-08,3.5523130893707275,13.296921730041504
2017-05-09,3.5629701614379883,13.331207275390625
2017-05-10,3.5878348350524902,13.396343231201172
2017-05-11,3.648223876953125,13.626005172729492
2017-05-12,3.658881425857544,13.756265640258789
2017-05-15,3.658881425857544,13.814552307128906
2017-05-16,3.648223876953125,13.797393798828125
2017-05-17,3.577178955078125,13.516315460205078
2017-05-18,3.2326042652130127,11.88804817199707
2017-05-19,3.2539172172546387,12.19655990600586
2017-05-22,3.16155743598938,11.956607818603516
2017-05-23,3.2006337642669678,12.1451416015625
2017-05-24,3.2006337642669678,12.244544982910156
2017-05-25,3.12603497505188,12.014881134033203
2017-05-26,3.1864233016967773,12.340532302856445
2017-05-29,3.1864233016967773,12.340532302856445
2017-05-30,3.2077372074127197,12.31653881072998
2017-05-31,3.1793198585510254,12.186272621154785
2017-06-01,3.1134896278381348,12.04738712310791
2017-06-02,3.1312832832336426,12.167418479919434
2017-06-05,3.1170494556427,12.153692245483398
2017-06-06,3.159749746322632,12.349169731140137
2017-06-07,3.213123321533203,12.551509857177734
2017-06-08,3.1882152557373047,12.42119312286377
2017-06-09,3.134840726852417,12.225716590881348
2017-06-12,3.134840726852417,12.225716590881348
2017-06-13,3.1561906337738037,12.376607894897461
2017-06-14,3.1882152557373047,12.486357688903809
2017-06-15,3.1882152557373047,12.486357688903809
2017-06-16,3.206007242202759,12.397180557250977
2017-06-19,3.209564685821533,12.4623441696167
2017-06-20,3.127723217010498,12.187994003295898
2017-06-21,3.109933614730835,12.20170783996582
2017-06-22,3.1170494556427,12.211996078491211
2017-06-23,3.085024118423462,12.170844078063965
2017-06-26,3.166865587234497,12.5137939453125
2017-06-27,3.1063740253448486,12.40061092376709
2017-06-28,3.134840726852417,12.397180557250977
2017-06-29,3.177539587020874,12.520646095275879
2017-06-30,3.209564685821533,12.602950096130371
2017-07-03,3.209564685821533,12.721312522888184
2017-07-04,3.206007242202759,12.669841766357422
2017-07-05,3.2380309104919434,12.7041597366333
2017-07-06,3.1953320503234863,12.52575397491455
2017-07-07,3.1917731761932373,12.405675888061523
2017-07-10,3.2202391624450684,12.505167961120605
2017-07-11,3.2664973735809326,12.69386100769043
2017-07-12,3.273613691329956,12.831094741821289
2017-07-13,3.2842884063720703,12.865402221679688
2017-07-14,3.277172088623047,12.892841339111328
2017-07-17,3.2664973735809326,12.769341468811035
2017-07-18,3.2949631214141846,12.783060073852539
2017-07-19,3.2664973735809326,12.59780502319336
2017-07-20,3.280730962753296,12.611522674560547
2017-07-21,3.273613691329956,12.61495304107666
2017-07-24,3.273613691329956,12.69386100769043
2017-07-25,3.3020787239074707,12.724738121032715
2017-07-26,3.262939691543579,12.666409492492676
2017-07-27,3.287846326828003,12.680139541625977
2017-07-28,3.287846326828003,12.728168487548828
2017-07-31,3.291405439376831,12.803647994995117
2017-08-01,3.398153066635132,13.213787078857422
2017-08-02,3.437295913696289,13.351076126098633
2017-08-03,3.4301772117614746,13.320182800292969
2017-08-04,3.419504165649414,13.285865783691406
2017-08-07,3.494227886199951,13.495226860046387
2017-08-08,3.4977848529815674,13.659974098205566
2017-08-09,3.4835519790649414,13.574165344238281
2017-08-10,3.4586451053619385,13.402562141418457
2017-08-11,3.476435422897339,13.471199989318848
2017-08-14,3.5262513160705566,13.714885711669922
2017-08-15,3.5438265800476074,13.773466110229492
2017-08-16,3.5474135875701904,13.801215171813965
2017-08-17,3.518718957901001,13.690263748168945
2017-08-18,3.5653488636016846,13.822005271911621
2017-08-21,3.5617616176605225,13.721470832824707
2017-08-22,3.597630739212036,14.012679100036621
2017-08-23,3.672954797744751,14.165217399597168
2017-08-24,3.701648712158203,14.283093452453613
2017-08-25,3.6944758892059326,14.24149227142334
2017-08-28,3.6873011589050293,14.116683959960938
2017-08-29,3.7159957885742188,14.244950294494629
2017-08-30,3.719581127166748,14.168678283691406
2017-08-31,3.6586055755615234,13.98841381072998
2017-09-01,3.728654623031616,14.281465530395508
2017-09-04,3.7142858505249023,14.208638191223145
2017-09-05,3.735837459564209,14.215566635131836
2017-09-06,3.8400118350982666,14.597047805786133
2017-09-07,3.8400118350982666,14.597047805786133
2017-09-08,3.8507871627807617,14.579717636108398
2017-09-11,3.9010777473449707,14.825950622558594
2017-09-12,3.919036388397217,14.784329414367676
2017-09-13,3.9298150539398193,14.888371467590332
2017-09-14,3.944182872772217,14.853684425354004
2017-09-15,4.030393600463867,15.131134033203125
2017-09-18,4.055539131164551,15.238642692565918
2017-09-19,4.041171073913574,15.183157920837402
2017-09-20,4.001657962799072,15.023619651794434
2017-09-21,4.005248546600342,15.04443073272705
2017-09-22,3.998063087463379,15.09644603729248
2017-09-25,3.9549598693847656,14.947325706481934
2017-09-26,3.951366901397705,14.97507095336914
2017-09-27,3.893892526626587,14.985488891601562
2017-09-28,3.8867082595825195,14.905713081359863
2017-09-29,3.9621431827545166,15.03403091430664
2017-10-02,3.9369988441467285,15.060043334960938
2017-10-03,4.091460704803467,15.5769624710083
2017-10-04,4.0627241134643555,15.43820571899414
2017-10-05,4.087868690490723,15.684515953063965
2017-10-06,4.06990909576416,15.500652313232422
2017-10-09,4.008842468261719,15.316774368286133
2017-10-10,4.091460704803467,15.649826049804688
2017-10-11,4.080685138702393,15.611665725708008
2017-10-12,4.080685138702393,15.611665725708008
2017-10-13,4.07709264755249,15.483304977416992
2017-10-16,4.0591301918029785,15.403510093688965
2017-10-17,4.012434959411621,15.379216194152832
2017-10-18,4.030393600463867,15.406972885131836
2017-10-19,4.005248546600342,15.2959623336792
2017-10-20,4.005248546600342,15.264738082885742
2017-10-23,3.911851644515991,15.12249755859375
2017-10-24,3.998063087463379,15.233514785766602
2017-10-25,4.0591301918029785,15.337589263916016
2017-10-26,4.016026020050049,15.243916511535645
2017-10-27,4.005248546600342,15.150252342224121
2017-10-30,3.893892526626587,14.955960273742676
2017-10-31,3.764575719833374,14.588227272033691
2017-11-01,3.735837459564209,14.34355354309082
2017-11-02,3.735837459564209,14.34355354309082
2017-11-03,3.7717597484588623,14.544851303100586
2017-11-06,3.782533884048462,14.544851303100586
2017-11-07,3.6999166011810303,14.2637357711792
2017-11-08,3.822051763534546,14.784316062927246
2017-11-09,3.760983467102051,14.385217666625977
2017-11-10,3.760983467102051,14.406030654907227
2017-11-13,3.760983467102051,14.478910446166992
2017-11-14,3.7071006298065186,14.201271057128906
2017-11-15,3.7071006298065186,14.201271057128906
2017-11-16,3.764575719833374,14.558724403381348
2017-11-17,3.8076813220977783,14.760021209716797
2017-11-20,3.8076813220977783,14.760021209716797
2017-11-21,3.8651554584503174,15.055007934570312
2017-11-22,3.8543789386749268,14.909255981445312
2017-11-23,3.8507871627807617,14.864130973815918
2017-11-24,3.8148653507232666,14.72531509399414
2017-11-27,3.875931978225708,14.815546989440918
2017-11-28,3.8615636825561523,14.839831352233887
2017-11-29,3.768167018890381,14.534442901611328
2017-11-30,3.728654623031616,14.322728157043457
2017-12-01,3.7628276348114014,14.314056396484375
2017-12-04,3.777219295501709,14.525827407836914
2017-12-05,3.7592318058013916,14.43903923034668
2017-12-06,3.8131911754608154,14.591803550720215
2017-12-07,3.7700228691101074,14.54318904876709
2017-12-08,3.7844130992889404,14.668177604675293
2017-12-11,3.8023996353149414,14.706364631652832
2017-12-12,3.8419694900512695,14.824407577514648
2017-12-13,3.788008689880371,14.494593620300293
2017-12-14,3.777219295501709,14.265457153320312
2017-12-15,3.7952044010162354,14.3157958984375
2017-12-18,3.777219295501709,14.3123140335083
2017-12-19,3.741244316101074,14.232181549072266
2017-12-20,3.798802614212036,14.284445762634277
2017-12-21,3.9391000270843506,14.887174606323242
2017-12-22,3.9426968097686768,14.817497253417969
2017-12-25,3.9426968097686768,14.817497253417969
2017-12-26,3.960253953933716,14.876718521118164
2017-12-27,3.9492955207824707,14.79659652709961
2017-12-28,3.952948570251465,14.834916114807129
2017-12-29,3.952948570251465,14.834916114807129
2018-01-02,4.029667854309082,15.293230056762695
2018-01-03,4.077162742614746,15.397788047790527
2018-01-04,4.153884410858154,15.718427658081055
2018-01-05,4.161189556121826,15.763739585876465
2018-01-08,4.157536506652832,15.711456298828125
2018-01-09,4.091775417327881,15.540672302246094
2018-01-10,4.091775417327881,15.488399505615234
2018-01-11,4.157536506652832,15.812517166137695
2018-01-12,4.1684980392456055,15.798587799072266
2018-01-15,4.219644069671631,15.896178245544434
2018-01-16,4.274444103240967,16.04254150390625
2018-01-17,4.340207099914551,16.307422637939453
2018-01-18,4.362126350402832,16.269092559814453
2018-01-19,4.376739025115967,16.401517868041992
2018-01-22,4.486341953277588,16.80930519104004
2018-01-23,4.427885055541992,16.7465763092041
2018-01-24,4.7165021896362305,17.55514907836914
2018-01-25,4.7165021896362305,17.55514907836914
2018-01-26,4.913784503936768,18.436908721923828
2018-01-29,4.785917282104492,18.015195846557617
2018-01-30,4.81514310836792,17.94550323486328
2018-01-31,4.84071683883667,18.213850021362305
2018-02-01,4.8261027336120605,18.306241989135742
2018-02-02,4.749383926391602,18.076141357421875
2018-02-05,4.603248596191406,17.4416561126709
2018-02-06,4.782262802124023,18.06917381286621
2018-02-07,4.683620929718018,17.640369415283203
2018-02-08,4.639782428741455,17.553218841552734
2018-02-09,4.632474422454834,17.59852409362793
2018-02-14,4.782262802124023,18.358537673950195
2018-02-15,4.782262802124023,18.362022399902344
2018-02-16,4.8955183029174805,18.508764266967773
2018-02-19,4.884557723999023,18.363115310668945
2018-02-20,5.081840991973877,18.814632415771484
2018-02-21,5.169520854949951,19.06223487854004
2018-02-22,5.253549098968506,19.167842864990234
2018-02-23,5.222606182098389,19.29892349243164
2018-02-26,5.23027229309082,19.277080535888672
2018-02-27,5.161298751831055,18.989412307739258
2018-02-28,5.027191162109375,18.344905853271484
2018-03-01,5.113504409790039,18.616270065307617
2018-03-02,5.155700206756592,18.714599609375
2018-03-05,5.293798446655273,18.980501174926758
2018-03-06,5.270782470703125,18.911293029785156
2018-03-07,5.255436897277832,18.88579750061035
2018-03-08,5.220912933349609,18.754667282104492
2018-03-09,5.266947269439697,19.013280868530273
2018-03-12,5.316816329956055,19.228191375732422
2018-03-13,5.282291412353516,19.071552276611328
2018-03-14,5.228583335876465,18.645402908325195
2018-03-15,5.205566883087158,18.732820510864258
2018-03-16,5.155700206756592,18.656320571899414
2018-03-19,5.101996898651123,18.25567054748535
2018-03-20,5.101996898651123,18.31394386291504
2018-03-21,5.10966682434082,18.241092681884766
2018-03-22,5.090484142303467,18.18281364440918
2018-03-23,5.105830192565918,18.270238876342773
2018-03-26,5.190225124359131,18.49606704711914
2018-03-27,5.136520862579346,18.273883819580078
2018-03-28,5.197897434234619,18.44143295288086
2018-03-29,5.289963245391846,18.68910026550293
2018-04-02,5.259273052215576,18.5998477935791
2018-04-03,5.232421875,18.424964904785156
2018-04-04,5.236259937286377,18.545188903808594
2018-04-05,5.220912933349609,18.581640243530273
2018-04-06,5.17871618270874,18.672710418701172
2018-04-09,5.075140953063965,18.257362365722656
2018-04-10,5.098159313201904,18.34844207763672
2018-04-11,5.094320297241211,18.65085220336914
2018-04-12,5.174880504608154,18.81479835510254
2018-04-13,5.063631534576416,18.37760353088379
2018-04-16,4.971567630767822,18.10797882080078
2018-04-17,5.063631534576416,18.4067440032959
2018-04-18,5.163372993469238,18.75651741027832
2018-04-19,5.082813739776611,18.581640243530273
2018-04-20,5.040616035461426,18.541545867919922
2018-04-23,5.059797763824463,18.57434844970703
2018-04-24,5.0482892990112305,18.483251571655273
2018-04-25,5.078979015350342,18.373945236206055
2018-04-26,5.243931293487549,18.80024528503418
2018-04-27,5.251603603363037,18.763797760009766
2018-04-30,5.220912933349609,18.585268020629883
2018-05-02,4.910187721252441,17.748844146728516
2018-05-03,4.77592658996582,17.398988723754883
2018-05-04,4.699206352233887,17.194881439208984
2018-05-07,4.706878662109375,17.22039222717285
2018-05-08,4.718385696411133,17.275062561035156
2018-05-09,4.729895114898682,17.32972526550293
2018-05-10,4.887174606323242,17.803524017333984
2018-05-11,4.810451984405518,17.519248962402344
2018-05-14,4.741403579711914,17.256839752197266
2018-05-15,4.6761884689331055,17.191242218017578
2018-05-16,4.7222208976745605,17.490081787109375
2018-05-17,4.515074729919434,16.5753116607666
2018-05-18,4.449859619140625,16.458677291870117
2018-05-21,4.423007965087891,16.23272132873535
2018-05-22,4.614811897277832,16.626333236694336
2018-05-23,4.507399559020996,16.312911987304688
2018-05-24,4.580288887023926,16.52794075012207
2018-05-25,4.515074729919434,16.382150650024414
2018-05-28,4.327104568481445,15.68968391418457
2018-05-29,4.296417236328125,15.635027885437012
2018-05-30,4.307925224304199,15.66418170928955
2018-06-01,4.373811721801758,15.97590160369873
2018-06-04,4.513265132904053,16.32225799560547
2018-06-05,4.289291858673096,15.815494537353516
2018-06-06,4.23013162612915,15.414440155029297
2018-06-07,3.97235107421875,14.966004371643066
2018-06-08,3.9808011054992676,15.002470970153809
2018-06-11,3.8878304958343506,14.568618774414062
2018-06-12,3.883606195449829,14.539448738098145
2018-06-13,3.8540239334106445,14.397259712219238
2018-06-14,3.727248191833496,13.886849403381348
2018-06-15,3.765279769897461,14.021744728088379
2018-06-18,3.6385037899017334,13.737380027770996
2018-06-19,3.799088716506958,14.357166290283203
2018-06-20,3.8793785572052,14.623307228088379
2018-06-21,3.765279769897461,14.233208656311035
2018-06-22,3.7948622703552246,14.342582702636719
2018-06-25,3.777958631515503,14.371742248535156
2018-06-26,3.841346263885498,14.324357032775879
2018-06-27,3.727248191833496,14.065496444702148
2018-06-28,3.820215940475464,14.455594062805176
2018-06-29,3.8793785572052,14.7071533203125
2018-07-02,3.9216389656066895,14.716277122497559
2018-07-03,4.052639961242676,15.062762260437012
2018-07-04,4.0906758308410645,15.307110786437988
2018-07-05,4.09912633895874,15.20864486694336
2018-07-06,4.107578754425049,15.347228050231934
2018-07-10,4.116030693054199,15.387349128723145
2018-07-11,4.128707408905029,15.449346542358398
2018-07-12,4.187870025634766,15.741118431091309
2018-07-13,4.28084135055542,16.142311096191406
2018-07-16,4.3061957359313965,16.083955764770508
2018-07-17,4.390714645385742,16.386674880981445
2018-07-18,4.38648796081543,16.178791046142578
2018-07-19,4.44987678527832,16.41220474243164
2018-07-20,4.593557357788086,16.87904167175293
2018-07-23,4.479458332061768,16.554439544677734
2018-07-24,4.48790979385376,16.543495178222656
2018-07-25,4.631591320037842,17.06505012512207
2018-07-26,4.55129861831665,16.79514503479004
2018-07-27,4.538621425628662,16.886335372924805
2018-07-30,4.5851054191589355,17.130699157714844
2018-07-31,4.403392314910889,16.41220474243164
2018-08-01,4.500586986541748,16.618343353271484
2018-08-02,4.525941848754883,16.67671775817871
2018-08-03,4.661170959472656,17.07439422607422
2018-08-06,4.593557357788086,16.950340270996094
2018-08-07,4.5851054191589355,16.848188400268555
2018-08-08,4.48790979385376,16.454158782958984
2018-08-09,4.399166584014893,16.366594314575195
2018-08-10,4.23013162612915,15.771915435791016
2018-08-13,4.209001541137695,15.895956993103027
2018-08-14,4.310420036315918,16.224313735961914
2018-08-15,4.3019700050354,16.1148624420166
2018-08-16,4.259710311889648,16.09296989440918
2018-08-17,4.204774379730225,15.680707931518555
2018-08-20,4.19562292098999,15.79179573059082
2018-08-21,4.100661277770996,15.587589263916016
2018-08-22,4.19130802154541,15.958893775939941
2018-08-23,4.079078197479248,15.3388032913208
2018-08-24,4.096344470977783,15.453908920288086
2018-08-27,4.212890148162842,15.966317176818848
2018-08-28,4.143825054168701,15.854925155639648
2018-08-29,4.260371685028076,16.118553161621094
2018-08-30,4.070445537567139,15.483614921569824
2018-08-31,4.13950777053833,15.695259094238281
2018-09-03,4.0941162109375,15.47797679901123
2018-09-04,4.0465593338012695,15.344244956970215
2018-09-05,4.0465593338012695,15.433394432067871
2018-09-06,4.193550109863281,15.823405265808105
2018-09-10,4.189226150512695,15.968268394470215
2018-09-11,4.016297340393066,15.418536186218262
2018-09-12,4.042236804962158,15.463105201721191
2018-09-13,4.068175792694092,15.377679824829102
2018-09-14,4.163286209106445,15.648825645446777
2018-09-17,4.228137493133545,16.020263671875
2018-09-18,4.28433895111084,16.005422592163086
2018-09-19,4.28001594543457,16.11685562133789
2018-09-20,4.219490051269531,16.012845993041992
2018-09-21,4.2670464515686035,16.28399085998535
2018-09-24,4.145993232727051,15.879128456115723
2018-09-25,4.180579662322998,15.916265487670898
2018-09-26,4.219490051269531,16.09084129333496
2018-09-27,4.344864368438721,16.532861709594727
2018-09-28,4.366479873657227,16.3917179107666
2018-10-01,4.318925380706787,16.207780838012695
2018-10-02,4.496176242828369,16.832021713256836
2018-10-03,4.643167495727539,17.59373664855957
2018-10-04,4.608581066131592,17.612314224243164
2018-10-05,4.552379608154297,17.552865982055664
2018-10-08,4.829067230224609,18.596975326538086
2018-10-09,4.790159702301025,18.5003604888916
2018-10-10,4.673430919647217,17.861268997192383
2018-10-11,4.647489547729492,17.64946746826172
2018-10-15,4.677752494812012,17.853843688964844
2018-10-16,4.872297763824463,18.56725311279297
2018-10-17,4.829067230224609,18.3740177154541
2018-10-18,4.682077884674072,17.82781410217285
2018-10-19,4.673430919647217,17.809247970581055
2018-10-22,4.746924877166748,18.069345474243164
2018-10-23,4.738279342651367,18.13251495361328
2018-10-24,4.625874996185303,17.660627365112305
2018-10-25,4.677752494812012,17.86496925354004
2018-10-26,4.772863388061523,18.19938087463379
2018-10-29,4.708016395568848,17.86496925354004
2018-10-30,4.88959264755249,18.38888931274414
2018-10-31,4.859331130981445,18.299715042114258
2018-11-01,4.928502559661865,18.561750411987305
2018-11-05,4.97173547744751,18.762462615966797
2018-11-06,4.993350505828857,18.881397247314453
2018-11-07,5.01496696472168,18.89998435974121
2018-11-08,4.885268688201904,18.639799118041992
2018-11-09,4.993350505828857,18.873952865600586
2018-11-12,4.945796966552734,18.92599868774414
2018-11-13,4.911209583282471,18.855375289916992
2018-11-14,4.993350505828857,19.018922805786133
2018-11-16,5.18357515335083,19.60616683959961
2018-11-19,5.218161106109619,19.595022201538086
2018-11-21,5.123048305511475,19.340425491333008
2018-11-22,5.118725299835205,19.295822143554688
2018-11-23,5.1273698806762695,19.273509979248047
2018-11-26,5.0322585105896,18.95571517944336
2018-11-27,5.226806163787842,19.596879959106445
2018-11-28,5.3478569984436035,20.087501525878906
2018-11-29,5.39973783493042,20.265905380249023
2018-11-30,5.33488655090332,20.081932067871094
2018-12-03,5.295913219451904,19.828140258789062
2018-12-04,5.217968463897705,19.80584144592285
2018-12-05,5.217968463897705,19.816993713378906
2018-12-06,5.352207183837891,19.995473861694336
2018-12-07,5.248283386230469,19.83372688293457
2018-12-10,5.0880632400512695,19.303857803344727
2018-12-11,5.105381011962891,19.47676658630371
2018-12-12,5.157344818115234,19.610628128051758
2018-12-13,5.2396240234375,19.956439971923828
2018-12-14,5.274264335632324,19.81142234802246
2018-12-17,5.13136625289917,19.28155517578125
2018-12-18,5.156541347503662,19.59432601928711
2018-12-19,5.15220832824707,19.332101821899414
2018-12-20,5.147873878479004,19.326522827148438
2018-12-21,5.091545581817627,19.237245559692383
2018-12-26,5.026543617248535,18.818798065185547
2018-12-27,5.113210201263428,19.13682746887207
2018-12-28,5.234539031982422,19.80632972717285
2019-01-02,5.481531620025635,20.65195655822754
2019-01-03,5.52919864654541,20.992433547973633
2019-01-04,5.511865615844727,20.640785217285156
2019-01-07,5.507534027099609,20.679845809936523
2019-01-08,5.581197261810303,20.942197799682617
2019-01-09,5.654860019683838,21.260345458984375
2019-01-10,5.615865230560303,21.115224838256836
2019-01-11,5.5465312004089355,20.98685073852539
2019-01-14,5.62886381149292,21.14312171936035
2019-01-15,5.5941972732543945,20.813806533813477
2019-01-16,5.598527908325195,20.752410888671875
2019-01-17,5.607195854187012,20.752410888671875
2019-01-18,5.6028642654418945,21.020336151123047
2019-01-21,5.581197261810303,20.847293853759766
2019-01-22,5.555196285247803,20.813806533813477
2019-01-23,5.62886381149292,20.953350067138672
2019-01-24,5.719861030578613,20.925443649291992
2019-01-28,5.845522403717041,21.299415588378906
2019-01-29,5.7501935958862305,21.14312171936035
2019-01-30,5.815191745758057,21.2770938873291
2019-01-31,5.849855899810791,21.645477294921875
2019-02-01,5.867188930511475,21.670597076416016
2019-02-04,5.979855537414551,22.161964416503906
2019-02-05,5.7935261726379395,21.218318939208984
2019-02-06,5.5465312004089355,20.32491111755371
2019-02-07,5.555196285247803,20.39750099182129
2019-02-08,5.732860565185547,20.833030700683594
2019-02-11,5.693861484527588,20.598527908325195
2019-02-12,5.789191246032715,21.08989143371582
2019-02-13,5.663527011871338,20.609682083129883
2019-02-14,5.806524753570557,21.156890869140625
2019-02-15,5.732860565185547,20.939130783081055
2019-02-18,5.615865230560303,20.604097366333008
2019-02-19,5.732860565185547,21.078720092773438
2019-02-20,5.719861030578613,20.810701370239258
2019-02-21,5.875858783721924,21.190401077270508
2019-02-22,5.923752784729004,21.489398956298828
2019-02-25,5.8824238777160645,21.16114044189453
2019-02-26,5.8870134353637695,21.23734474182129
2019-02-27,5.804355621337891,21.049774169921875
2019-02-28,5.68037223815918,20.651165008544922
2019-03-01,5.638976573944092,20.431255340576172
2019-03-06,5.556187629699707,20.43712043762207
2019-03-07,5.652774810791016,20.718616485595703
2019-03-08,5.753963947296143,20.96491241455078
2019-03-11,5.914947986602783,21.651042938232422
2019-03-12,5.933345317840576,21.697952270507812
2019-03-13,5.9701409339904785,21.93251609802246
2019-03-14,5.873549461364746,21.586524963378906
2019-03-15,5.887349605560303,21.580656051635742
2019-03-18,5.928744792938232,21.6158504486084
2019-03-19,5.836756229400635,21.11151695251465
2019-03-20,5.735566139221191,20.636505126953125
2019-03-21,5.648174285888672,20.27292823791504
2019-03-22,5.487194061279297,19.674758911132812
2019-03-25,5.500991344451904,19.704076766967773
2019-03-26,5.533186912536621,19.909337997436523
2019-03-27,5.257218837738037,19.234933853149414
2019-03-28,5.54238748550415,19.99729347229004
2019-03-29,5.510191440582275,20.190807342529297
2019-04-01,5.510191440582275,20.04121208190918
2019-04-02,5.459597110748291,19.724407196044922
2019-04-03,5.4044060707092285,19.548410415649414
2019-04-04,5.427402973175049,19.84174346923828
2019-04-05,5.551586627960205,20.27001953125
2019-04-08,5.546986103057861,20.146814346313477
2019-04-09,5.46419620513916,20.035343170166016
2019-04-10,5.436598300933838,20.00014305114746
2019-04-11,5.367607116699219,19.536666870117188
2019-04-12,5.312412738800049,19.331321716308594
2019-04-15,5.303212642669678,19.319591522216797
2019-04-16,5.349209785461426,19.301998138427734
2019-04-17,5.2756171226501465,19.002775192260742
2019-04-18,5.330811023712158,19.260913848876953
2019-04-22,5.312412738800049,19.20811653137207
2019-04-23,5.4503984451293945,19.454519271850586
2019-04-24,5.4503984451293945,19.483861923217773
2019-04-25,5.537786960601807,19.783077239990234
2019-04-26,5.528589725494385,19.83000946044922
2019-04-29,5.427402973175049,19.671602249145508
2019-04-30,5.477993011474609,19.84760284423828
2019-05-02,5.496392726898193,19.979671478271484
2019-05-03,5.413601875305176,19.785982131958008
2019-05-06,5.261819362640381,19.35164451599121
2019-05-07,5.261819362640381,19.134471893310547
2019-05-08,5.307812213897705,19.35164451599121
2019-05-09,5.284816265106201,19.110986709594727
2019-05-10,5.266418933868408,19.0229549407959
2019-05-13,5.1744279861450195,18.72360610961914
2019-05-14,5.183626651763916,18.635562896728516
2019-05-15,5.1744279861450195,18.694265365600586
2019-05-16,5.096236705780029,18.453615188598633
2019-05-17,5.096236705780029,18.48882484436035
2019-05-20,5.261819362640381,18.97011947631836
2019-05-21,5.422800540924072,19.70380210876465
2019-05-22,5.390603065490723,19.72140884399414
2019-05-23,5.372207164764404,19.680328369140625
2019-05-24,5.312412738800049,19.386859893798828
2019-05-27,5.326211452484131,19.457284927368164
2019-05-28,5.459597110748291,20.003143310546875
2019-05-29,5.592981815338135,20.37880516052246
2019-05-30,5.671173572540283,20.590097427368164
2019-05-31,5.698769569396973,20.54313850402832
2019-06-03,5.721806049346924,20.59892463684082
2019-06-04,5.735625743865967,20.563690185546875
2019-06-05,5.597418785095215,20.164396286010742
2019-06-06,5.661914348602295,20.375789642333984
2019-06-07,5.712592601776123,20.59304428100586
2019-06-10,5.625060558319092,20.334684371948242
2019-06-11,5.638880252838135,20.434520721435547
2019-06-12,5.611240386962891,20.31706428527832
2019-06-13,5.537528038024902,19.952999114990234
2019-06-14,5.519098281860352,19.958873748779297
2019-06-17,5.514493465423584,19.93538475036621
2019-06-18,5.620452880859375,20.452125549316406
2019-06-19,5.703376770019531,20.77507781982422
2019-06-21,5.804731845855713,21.24483871459961
2019-06-24,5.827764511108398,21.19786262512207
2019-06-25,5.7955145835876465,20.93362045288086
2019-06-26,5.979793071746826,21.43273162841797
2019-06-27,5.961366176605225,21.285947799682617
2019-06-28,5.938330173492432,21.291810989379883
2019-07-01,5.952152252197266,21.194889068603516
2019-07-02,5.887655258178711,21.1185245513916
2019-07-03,5.975188255310059,21.482730865478516
2019-07-04,6.058110237121582,21.729461669921875
2019-07-05,6.113393783569336,21.97031593322754
2019-07-08,6.118001461029053,21.911569595336914
2019-07-10,6.145640850067139,21.852832794189453
2019-07-11,6.081145286560059,21.823444366455078
2019-07-12,5.989007472991943,21.41811752319336
2019-07-15,5.965971946716309,21.359365463256836
2019-07-16,5.938330173492432,21.441598892211914
2019-07-17,5.956758499145508,21.382877349853516
2019-07-18,6.085752964019775,21.952686309814453
2019-07-19,6.012041091918945,21.382877349853516
2019-07-22,6.104182243347168,21.74707794189453
2019-07-23,6.1364288330078125,21.95856285095215
2019-07-24,6.127213478088379,21.94094467163086
2019-07-25,5.942936420440674,21.265377044677734
2019-07-26,5.9936113357543945,21.6472225189209
2019-07-29,5.98439884185791,21.735332489013672
2019-07-30,5.887655258178711,21.012788772583008
2019-07-31,5.744840145111084,20.454708099365234
2019-08-01,5.781695365905762,20.49878692626953
2019-08-02,5.740232944488525,20.528156280517578
2019-08-05,5.648095607757568,20.246078491210938
2019-08-06,5.832373142242432,20.857282638549805
2019-08-07,5.98439884185791,21.627168655395508
2019-08-08,6.044290065765381,21.744699478149414
2019-08-09,6.016650199890137,21.580148696899414
2019-08-12,5.804731845855713,20.686853408813477
2019-08-13,5.952152252197266,21.09236717224121
2019-08-14,5.8738322257995605,20.628089904785156
2019-08-15,5.896867752075195,20.569313049316406
2019-08-16,5.920769691467285,20.65161895751953
2019-08-19,5.816647052764893,20.561437606811523
2019-08-20,5.726722717285156,20.332969665527344
2019-08-21,5.797717094421387,20.48929214477539
2019-08-22,5.703057765960693,20.16464614868164
2019-08-23,5.622600078582764,19.93016815185547
2019-08-26,5.598938465118408,19.92415428161621
2019-08-27,5.688860893249512,20.15862274169922
2019-08-28,5.774049758911133,20.3870849609375
2019-08-29,5.8024492263793945,20.495304107666016
2019-08-30,5.816647052764893,20.40511703491211
2019-09-02,5.755017280578613,20.149499893188477
2019-09-03,5.664950370788574,19.76454734802246
2019-09-04,5.755017280578613,19.902889251708984
2019-09-05,5.963603496551514,20.468276977539062
2019-09-06,6.139003276824951,21.153972625732422
2019-09-09,6.214850425720215,21.671228408813477
2019-09-10,6.153223991394043,21.250205993652344
2019-09-11,6.1342620849609375,21.153972625732422
2019-09-12,6.214850425720215,21.286291122436523
2019-09-13,6.23855447769165,21.574996948242188
2019-09-16,6.2195940017700195,21.19005584716797
2019-09-17,6.2480363845825195,21.268239974975586
2019-09-18,6.2575178146362305,21.202085494995117
2019-09-19,6.2006306648254395,20.847213745117188
2019-09-20,6.276480674743652,20.90133285522461
2019-09-23,6.210111618041992,20.835172653198242
2019-09-24,6.19114875793457,20.6186466217041
2019-09-25,6.229072570800781,20.859235763549805
2019-09-26,6.361808776855469,21.460712432861328
2019-09-27,6.3475871086120605,21.370502471923828
2019-09-30,6.2480363845825195,21.069753646850586
2019-10-01,6.139003276824951,20.591373443603516
2019-10-02,5.996787071228027,20.025747299194336
2019-10-03,5.925680637359619,20.03175926208496
2019-10-04,5.930420398712158,20.128042221069336
2019-10-07,5.773982524871826,19.75496482849121
2019-10-08,5.755017280578613,19.67072296142578
2019-10-09,5.845090866088867,19.983625411987305
2019-10-10,5.892494201660156,20.128042221069336
2019-10-11,6.02048921585083,20.38678741455078
2019-10-14,6.120041370391846,20.729768753051758
2019-10-15,6.129522323608398,20.6816463470459
2019-10-16,6.243294715881348,20.976484298706055
2019-10-17,6.233813762664795,20.85011863708496
2019-10-18,6.195889472961426,20.60341453552246
2019-10-21,6.285960674285889,20.94037437438965
2019-10-22,6.428179740905762,21.59025764465332
2019-10-23,6.475582122802734,21.897144317626953
2019-10-24,6.470840930938721,21.99942970275879
2019-10-25,6.537210941314697,22.14385223388672
2019-10-28,6.594095230102539,22.444719314575195
2019-10-29,6.532469272613525,22.047574996948242
2019-10-30,6.613058090209961,22.185972213745117
2019-10-31,6.499285697937012,21.800867080688477
2019-11-01,6.5229878425598145,21.88213348388672
2019-11-04,6.589354515075684,21.954378128051758
2019-11-05,6.669943332672119,22.333614349365234
2019-11-06,6.617798805236816,22.03263282775879
2019-11-07,6.608316421508789,22.16506004333496
2019-11-08,6.5229878425598145,21.833969116210938
2019-11-11,6.584613800048828,21.93029022216797
2019-11-12,6.508765697479248,21.55706024169922
2019-11-13,6.399733066558838,21.340343475341797
2019-11-14,6.461361408233643,21.478805541992188
2019-11-18,6.447137832641602,21.382482528686523
2019-11-19,6.361808776855469,21.147708892822266
2019-11-21,6.40447473526001,21.36442756652832
2019-11-22,6.499285697937012,21.50889015197754
2019-11-25,6.342846870422363,21.201889038085938
2019-11-26,6.19114875793457,20.768449783325195
2019-11-27,6.267000198364258,20.888858795166016
2019-11-28,6.281219482421875,20.828655242919922
2019-11-29,6.290702819824219,20.94904899597168
2019-12-02,6.342925071716309,21.247161865234375
2019-12-03,6.328683376312256,21.25319480895996
2019-12-04,6.480609893798828,22.018041610717773
2019-12-05,6.452122688293457,21.987932205200195
2019-12-06,6.390401363372803,21.590436935424805
2019-12-09,6.494851112365723,22.012014389038086
2019-12-10,6.485356330871582,21.692813873291016
2019-12-11,6.466366291046143,21.439884185791016
2019-12-12,6.456869125366211,21.43385887145996
2019-12-13,6.507193088531494,21.890583038330078
2019-12-16,6.445449352264404,21.390186309814453
2019-12-17,6.568942070007324,21.715734481811523
2019-12-18,6.635438919067383,21.993064880371094
2019-12-19,6.640188694000244,22.10158348083496
2019-12-20,6.578442096710205,22.005123138427734
2019-12-23,6.62593936920166,22.210102081298828
2019-12-26,6.739934921264648,22.547718048095703
2019-12-27,6.711434841156006,22.487422943115234
2019-12-30,6.692434787750244,22.366849899291992
2020-01-02,6.8159284591674805,22.936811447143555
2020-01-03,6.716184139251709,22.695556640625
2020-01-06,6.701936721801758,22.35781478881836
2020-01-07,6.611690521240234,21.8391170501709
2020-01-08,6.511944770812988,21.48326873779297
2020-01-09,6.383699417114258,21.055057525634766
2020-01-10,6.340953826904297,20.868087768554688
2020-01-13,6.426451206207275,21.14552879333496
2020-01-14,6.4976959228515625,21.14552879333496
2020-01-15,6.393200874328613,20.886192321777344
2020-01-16,6.4074482917785645,20.928401947021484
2020-01-17,6.4596967697143555,21.073158264160156
2020-01-20,6.36945104598999,20.644922256469727
2020-01-21,6.2222089767456055,20.204652786254883
2020-01-22,6.312455177307129,20.325271606445312
2020-01-23,6.435949325561523,20.807769775390625
2020-01-24,6.340953826904297,20.650962829589844
2020-01-27,6.203208923339844,20.204652786254883
2020-01-28,6.226958274841309,20.198623657226562
2020-01-29,6.16046142578125,19.884994506835938
2020-01-30,6.212707996368408,20.174495697021484
2020-01-31,6.108214378356934,19.794530868530273
2020-02-03,6.103465557098389,19.85185432434082
2020-02-04,6.117711067199707,20.00873374938965
2020-02-05,6.150961875915527,20.12940788269043
2020-02-06,6.089213848114014,20.081146240234375
2020-02-07,6.0749640464782715,20.340600967407227
2020-02-10,6.198458671569824,20.68455696105957
2020-02-11,6.307701587677002,21.16122817993164
2020-02-12,6.350453853607178,21.076751708984375
2020-02-13,6.255458354949951,20.75092315673828
2020-02-14,6.174710750579834,20.400943756103516
2020-02-17,6.174710750579834,20.213891983032227
2020-02-18,6.264957904815674,20.29836654663086
2020-02-19,6.336203098297119,20.58799934387207
2020-02-20,6.293455600738525,20.515594482421875
2020-02-21,6.295125484466553,20.320781707763672
2020-02-26,5.931473731994629,19.307226181030273
2020-02-27,5.833189964294434,19.319664001464844
2020-02-28,5.901988506317139,19.897945404052734
2020-03-02,6.059505462646484,19.832622528076172
2020-03-03,5.970903396606445,19.4718074798584
2020-03-04,6.005355358123779,19.658447265625
2020-03-05,5.823230743408203,18.986560821533203
2020-03-06,5.6903228759765625,18.582199096679688
2020-03-09,5.330986499786377,17.294452667236328
2020-03-10,5.444201469421387,17.723703384399414
2020-03-11,5.119323253631592,16.280410766601562
2020-03-12,4.563087463378906,14.68161678314209
2020-03-13,5.020871639251709,16.305315017700195
2020-03-16,4.479406356811523,14.80604362487793
2020-03-17,4.695993423461914,15.676984786987305
2020-03-18,4.464638710021973,14.588302612304688
2020-03-19,4.312043190002441,14.21503734588623
2020-03-20,4.090536117553711,13.717361450195312
2020-03-23,3.706584930419922,12.765542030334473
2020-03-24,3.9723966121673584,13.997308731079102
2020-03-25,4.238208293914795,14.68161678314209
2020-03-26,4.42033576965332,15.085981369018555
2020-03-27,4.184061050415039,14.289691925048828
2020-03-30,4.341580867767334,14.998886108398438
2020-03-31,4.316966533660889,14.364344596862793
2020-04-01,4.06592321395874,13.321649551391602
2020-04-02,4.120068550109863,13.383894920349121
2020-04-03,3.99208664894104,12.860993385314941
2020-04-06,4.287433624267578,13.807201385498047
2020-04-07,4.415414810180664,14.317654609680176
2020-04-08,4.587699890136719,15.052215576171875
2020-04-09,4.548320770263672,14.628920555114746
2020-04-13,4.67138147354126,14.940167427062988
2020-04-14,4.725527286529541,15.126910209655762
2020-04-15,4.577852725982666,14.566652297973633
2020-04-16,4.440027236938477,14.19937515258789
2020-04-17,4.499095916748047,14.454605102539062
2020-04-20,4.415414810180664,14.093550682067871
2020-04-22,4.410491466522217,13.925482749938965
2020-04-23,4.351423740386963,13.726277351379395
2020-04-24,4.134838104248047,12.997942924499512
2020-04-27,4.267742156982422,13.427472114562988
2020-04-28,4.5680108070373535,14.535531044006348
2020-04-29,4.558165550231934,14.72851276397705
2020-04-30,4.430181980133057,14.174477577209473
2020-05-04,4.282509803771973,13.63565731048584
2020-05-05,4.385879993438721,14.140214920043945
2020-05-06,4.282509803771973,13.85367488861084
2020-05-07,4.080689430236816,13.35534381866455
2020-05-08,4.17913818359375,13.903514862060547
2020-05-11,4.144681930541992,13.940881729125977
2020-05-12,4.026543617248535,13.461240768432617
2020-05-13,4.046232223510742,13.455008506774902
2020-05-14,4.193904876708984,14.046782493591309
2020-05-15,4.006853103637695,13.473698616027832
2020-05-18,4.2037506103515625,14.121532440185547
2020-05-19,4.0560784339904785,13.511070251464844
2020-05-20,4.061001300811768,13.455008506774902
2020-05-21,4.277586460113525,14.227428436279297
2020-05-22,4.361268520355225,14.302179336547852
2020-05-25,4.548320770263672,14.925095558166504
2020-05-26,4.390803337097168,14.33332633972168
2020-05-27,4.484329700469971,14.781831741333008
2020-05-28,4.430181980133057,14.520197868347168
2020-05-29,4.361268520355225,14.352020263671875
2020-06-01,4.474739074707031,14.74782657623291
2020-06-02,4.70661735534668,15.738906860351562
2020-06-03,4.839821815490723,16.156530380249023
2020-06-04,4.894092559814453,16.624021530151367
2020-06-05,4.9532952308654785,16.991785049438477
2020-06-08,5.130905628204346,17.677448272705078
2020-06-09,5.11116886138916,17.32838249206543
2020-06-10,4.948362350463867,16.574161529541016
2020-06-12,4.8299560546875,16.243793487548828
2020-06-15,4.716484546661377,15.863571166992188
2020-06-16,4.815155029296875,16.31859588623047
2020-06-17,4.899026870727539,16.5242919921875
2020-06-18,5.056900978088379,17.172550201416016
2020-06-19,5.135837078094482,17.509143829345703
2020-06-22,5.007563591003418,16.96685218811035
2020-06-23,4.963161945343018,16.742464065551758
2020-06-24,4.820089817047119,16.106666564941406
2020-06-25,4.913828372955322,16.29990005493164
2020-06-26,4.765820503234863,16.025636672973633
2020-06-29,4.87929105758667,16.505582809448242
2020-06-30,4.731285572052002,15.863571166992188
2020-07-01,4.8299560546875,16.278335571289062
2020-07-02,4.908894062042236,16.558984756469727
2020-07-03,4.918760776519775,16.527793884277344
2020-07-06,5.11116886138916,17.294939041137695
2020-07-07,4.928627014160156,16.44672393798828
2020-07-08,5.017429828643799,16.802228927612305
2020-07-09,5.032230854034424,16.808462142944336
2020-07-10,5.047032356262207,16.96438217163086
2020-07-13,4.9532952308654785,16.71490478515625
2020-07-14,5.012498378753662,16.995574951171875
2020-07-15,5.06676721572876,17.114072799682617
2020-07-16,5.007563591003418,16.82717514038086
2020-07-17,5.06676721572876,16.97686195373535
2020-07-20,5.140771865844727,17.02675437927246
2020-07-21,5.190106391906738,17.326126098632812
2020-07-22,5.190106391906738,16.883302688598633
2020-07-23,5.11610221862793,16.527793884277344
2020-07-24,5.1555705070495605,16.509084701538086
2020-07-27,5.436785697937012,17.33860206604004
2020-07-28,5.367715835571289,17.23880958557129
2020-07-29,5.491054534912109,17.644208908081055
2020-07-30,5.382514476776123,17.34483528137207
2020-07-31,5.264108657836914,16.77103614807129
2020-08-03,5.278909683227539,17.023778915405273
2020-08-04,5.037166118621826,16.031558990478516
2020-08-05,5.032230854034424,16.01908302307129
2020-08-06,5.091435432434082,16.24372673034668
2020-08-07,5.037166118621826,15.900517463684082
2020-08-10,5.11116886138916,16.106441497802734
2020-08-11,5.032230854034424,15.91922664642334
2020-08-12,4.987830638885498,15.738259315490723
2020-08-13,4.864490985870361,15.288949966430664
2020-08-14,4.899026870727539,15.432474136352539
2020-08-17,4.751018524169922,15.064292907714844
2020-08-18,4.8449530601501465,15.15991497039795
2020-08-19,4.810347080230713,15.084872245788574
2020-08-20,4.780681610107422,15.084872245788574
2020-08-21,4.810347080230713,15.059860229492188
2020-08-24,4.85978364944458,15.310018539428711
2020-08-25,4.820234298706055,15.197441101074219
2020-08-26,4.7510199546813965,14.87847900390625
2020-08-27,4.79056978225708,15.122390747070312
2020-08-28,4.835063934326172,15.278745651245117
2020-08-31,4.66202974319458,14.728386878967285
2020-09-01,4.815615177154541,15.232170104980469
2020-09-02,4.751206398010254,15.200876235961914
2020-09-03,4.85029411315918,15.570093154907227
2020-09-04,4.840386867523193,15.620165824890137
2020-09-08,4.775979518890381,15.269707679748535
2020-09-09,4.795796871185303,15.28848934173584
2020-09-10,4.686800479888916,14.9630708694458
2020-09-11,4.592668533325195,14.787837028503418
2020-09-14,4.647168159484863,15.050677299499512
2020-09-15,4.587713718414307,14.850411415100098
2020-09-16,4.587713718414307,14.806611061096191
2020-09-17,4.582761287689209,14.825389862060547
2020-09-18,4.453948497772217,14.456164360046387
2020-09-21,4.448994159698486,14.330992698669434
2020-09-22,4.448994159698486,14.456164360046387
2020-09-23,4.3598151206970215,14.068161010742188
2020-09-24,4.4737653732299805,14.412360191345215
2020-09-25,4.468812465667725,14.337257385253906
2020-09-28,4.444039344787598,14.330992698669434
2020-09-29,4.369723796844482,14.018095016479492
2020-09-30,4.3598151206970215,14.08067512512207
2020-10-01,4.409359455108643,14.102595329284668
2020-10-02,4.419267177581787,14.146429061889648
2020-10-05,4.439084529876709,14.296731948852539
2020-10-06,4.448994159698486,14.321779251098633
2020-10-07,4.409359455108643,14.215311050415039
2020-10-08,4.622394561767578,15.07324504852295
2020-10-09,4.637259483337402,15.029402732849121
2020-10-13,4.6174421310424805,14.885372161865234
2020-10-14,4.602577209472656,14.841536521911621
2020-10-15,4.582761287689209,14.710033416748047
2020-10-16,4.493581771850586,14.472064018249512
2020-10-19,4.567896366119385,14.628630638122559
2020-10-20,4.706617832183838,15.211016654968262
2020-10-21,4.726436614990234,15.348777770996094
2020-10-22,4.904792785644531,16.13782501220703
2020-10-23,4.875066757202148,15.931172370910645
2020-10-26,4.909746170043945,16.043901443481445
2020-10-27,4.771024703979492,15.58674144744873
2020-10-28,4.548079967498779,14.891640663146973
2020-10-29,4.572851181030273,14.966782569885254
2020-10-30,4.5034918785095215,14.70376968383789
2020-11-03,4.548079967498779,15.064082145690918
2020-11-04,4.652121543884277,15.66563892364502
2020-11-05,4.845339298248291,16.035350799560547
2020-11-06,4.870110511779785,16.01654624938965
2020-11-09,5.167372226715088,17.313661575317383
2020-11-10,5.335818767547607,18.096940994262695
2020-11-11,5.251596927642822,17.946565628051758
2020-11-12,5.187190055847168,17.507923126220703
2020-11-13,5.276368618011475,17.840038299560547
2020-11-16,5.390318870544434,18.466650009155273
2020-11-17,5.40518045425415,18.479183197021484
2020-11-18,5.301140785217285,18.028017044067383
2020-11-19,5.31104850769043,18.053083419799805
2020-11-23,5.306094646453857,18.109485626220703
2020-11-24,5.420044422149658,18.617042541503906
2020-11-25,5.345728874206543,18.397729873657227
2020-11-26,5.306094646453857,18.00922203063965
2020-11-27,5.385364532470703,18.147079467773438
2020-11-30,5.241688251495361,17.896427154541016
2020-12-01,5.479946136474609,18.651906967163086
2020-12-02,5.474982261657715,18.796117782592773
2020-12-03,5.554402828216553,18.783580780029297
2020-12-04,5.564328670501709,18.971656799316406
2020-12-07,5.589146614074707,19.084501266479492
2020-12-08,5.564328670501709,19.034345626831055
2020-12-09,5.594112396240234,19.14720916748047
2020-12-10,5.708277225494385,19.78042984008789
2020-12-11,5.714110851287842,19.663555145263672
2020-12-14,5.649008750915527,19.39969825744629
2020-12-15,5.759182929992676,19.57559585571289
2020-12-16,5.839311599731445,19.94624900817871
2020-12-17,5.844316482543945,19.921127319335938
2020-12-18,5.7892303466796875,19.88971710205078
2020-12-21,5.6990885734558105,19.537914276123047
2020-12-22,5.709105014801025,19.632131576538086
2020-12-23,5.844316482543945,20.06561851501465
2020-12-28,5.909423828125,20.21010398864746
2020-12-29,5.944478511810303,20.166139602661133
2020-12-30,5.874368190765381,19.870868682861328
2021-01-04,5.78422212600708,19.421466827392578
2021-01-05,5.739150524139404,19.295772552490234
2021-01-06,5.854337215423584,19.861440658569336
2021-01-07,6.089710712432861,20.634536743164062
2021-01-08,6.0746870040893555,20.628244400024414
2021-01-11,5.934463977813721,20.163135528564453
2021-01-12,5.979536533355713,20.22599220275879
2021-01-13,5.91943883895874,19.89286231994629
2021-01-14,6.049647331237793,20.48368263244629
2021-01-15,5.814272880554199,19.71058464050293
2021-01-18,5.8242878913879395,19.610017776489258
2021-01-19,5.734143257141113,19.377479553222656
2021-01-20,5.643999099731445,19.05692481994629
2021-01-21,5.528817176818848,18.799222946166992
2021-01-22,5.4486894607543945,18.39697265625
2021-01-26,5.3286662101745605,17.786354064941406
2021-01-27,5.293545246124268,17.786354064941406
2021-01-28,5.504283905029297,18.504104614257812
2021-01-29,5.323650360107422,17.8430233001709
2021-02-01,5.413966655731201,18.318618774414062
2021-02-02,5.4240007400512695,17.928054809570312
2021-02-03,5.429020881652832,17.839876174926758
2021-02-04,5.429020881652832,17.764280319213867
2021-02-05,5.398913383483887,17.68868064880371
2021-02-08,5.318634033203125,17.36111831665039
2021-02-09,5.363790988922119,17.568998336791992
2021-02-10,5.3286662101745605,17.44300651550293
2021-02-11,5.338703632354736,17.44300651550293
2021-02-12,5.318634033203125,17.487110137939453
2021-02-17,5.288527011871338,17.707582473754883
2021-02-18,5.1931915283203125,17.58159637451172
2021-02-19,5.143016338348389,17.398914337158203
2021-02-22,4.907190322875977,16.132732391357422
2021-02-23,5.278491020202637,17.165836334228516
2021-02-24,5.228316307067871,16.91386604309082
2021-02-25,5.072771072387695,16.38471221923828
2021-02-26,4.992490768432617,16.1864070892334
2021-03-01,4.83663272857666,15.701495170593262
2021-03-02,4.977407455444336,16.335384368896484
2021-03-03,5.0226569175720215,16.37340545654297
2021-03-04,5.133265972137451,16.886859893798828
2021-03-05,5.213708877563477,17.514415740966797
2021-03-08,5.007573127746582,16.956586837768555
2021-03-09,5.052821159362793,17.19111442565918
2021-03-10,5.191526412963867,17.317903518676758
2021-03-11,5.176420211791992,17.343257904052734
2021-03-12,5.136136054992676,17.22916030883789
2021-03-15,5.151243209838867,17.43201446533203
2021-03-16,5.075711727142334,17.07703399658203
2021-03-17,5.221739292144775,17.74260902404785
2021-03-18,5.272092819213867,17.844030380249023
2021-03-19,5.256985664367676,17.882064819335938
2021-03-22,5.297269821166992,17.983497619628906
2021-03-23,5.166349411010742,17.527090072631836
2021-03-24,5.060604095458984,17.22283172607422
2021-03-25,5.166349411010742,17.527090072631836
2021-03-26,5.226421356201172,17.825969696044922
2021-03-29,5.206243515014648,17.819622039794922
2021-03-30,5.281917572021484,18.111745834350586
2021-03-31,5.206243515014648,17.76245880126953
2021-04-01,5.09525728225708,17.219207763671875
2021-04-05,5.160839557647705,17.44159507751465
2021-04-06,5.110392093658447,17.23826789855957
2021-04-07,5.105347156524658,17.085779190063477
2021-04-08,5.090212345123291,16.95233917236328
2021-04-09,5.064988136291504,16.926918029785156
2021-04-12,5.150751113891602,17.346282958984375
2021-04-13,5.14066219329834,17.339927673339844
2021-04-14,5.175975322723389,17.562313079833984
2021-04-15,5.175975322723389,17.562313079833984
2021-04-16,5.196154594421387,17.759286880493164
2021-04-19,5.14570426940918,17.492431640625
2021-04-20,5.155796051025391,17.403470993041992
2021-04-22,5.155796051025391,17.40982437133789
2021-04-23,5.206243515014648,17.492431640625
2021-04-26,5.181018829345703,17.479713439941406
2021-04-27,5.070033073425293,17.212848663330078
2021-04-28,5.25775146484375,17.96194076538086
2021-04-29,5.136416912078857,17.395254135131836
2021-04-30,5.0858612060546875,17.52897834777832
2021-05-03,5.151584625244141,17.77423667907715
2021-05-04,5.015084266662598,17.016128540039062
2021-05-05,5.161696910858154,17.50029945373535
2021-05-06,5.156638145446777,17.392000198364258
2021-05-07,5.227416038513184,17.602230072021484
2021-05-10,5.283027172088623,17.863435745239258
2021-05-11,5.283027172088623,17.825204849243164
2021-05-12,5.181918144226074,17.564010620117188
2021-05-13,5.272917747497559,18.07366180419922
2021-05-14,5.37908411026001,18.475013732910156
2021-05-17,5.3841400146484375,18.462282180786133
2021-05-18,5.3689727783203125,18.42405891418457
2021-05-19,5.429638385772705,18.557838439941406
2021-05-20,5.449860572814941,18.659774780273438
2021-05-21,5.480194091796875,18.74896240234375
2021-05-24,5.490305423736572,18.697994232177734
2021-05-25,5.459110260009766,18.505748748779297
2021-05-26,5.509751319885254,18.761005401611328
2021-05-27,5.438854217529297,18.601469039916992
2021-05-28,5.51987886428833,18.90777587890625
2021-05-31,5.499622344970703,18.850339889526367
2021-06-01,5.7177815437316895,19.53667449951172
2021-06-02,5.905498027801514,20.18790626525879
2021-06-04,6.037409782409668,20.609277725219727
2021-06-07,6.113510608673096,21.094501495361328
2021-06-08,6.057703018188477,20.947668075561523
2021-06-09,6.077996730804443,21.234968185424805
2021-06-10,6.047555923461914,21.15835189819336
2021-06-11,5.951159954071045,20.909353256225586
2021-06-14,5.981600284576416,20.839128494262695
2021-06-15,5.996821403503418,20.839128494262695
2021-06-16,6.05263090133667,21.254114151000977
2021-06-17,5.996821403503418,21.005123138427734
2021-06-18,5.941014289855957,20.622047424316406
2021-06-21,5.956233024597168,20.717811584472656
2021-06-22,6.001894950866699,20.449663162231445
2021-06-23,5.946087837219238,20.302814483642578
2021-06-24,5.966379642486572,20.309213638305664
2021-06-25,5.824324131011963,19.664365768432617
2021-06-28,5.7634429931640625,19.44091033935547
2021-06-29,5.733001232147217,19.249374389648438
2021-06-30,5.6568989753723145,19.025911331176758
2021-07-01,5.667047023773193,18.965232849121094
2021-07-02,5.697488784790039,19.16963768005371
2021-07-05,5.621387481689453,18.907739639282227
2021-07-06,5.601091384887695,18.87580108642578
2021-07-07,5.697488784790039,18.95884132385254
2021-07-08,5.667047023773193,18.70972442626953
2021-07-12,5.773589134216309,18.965232849121094
2021-07-13,5.753296375274658,19.080209732055664
2021-07-14,5.7634429931640625,19.105756759643555
2021-07-15,5.7177815437316895,18.87580108642578
2021-07-16,5.636609077453613,18.569189071655273
2021-07-19,5.590946674346924,18.46059799194336
2021-07-20,5.6568989753723145,18.70333480834961
2021-07-21,5.692413806915283,18.77998924255371
2021-07-22,5.62645959854126,18.588348388671875
2021-07-23,5.621387481689453,18.53725242614746
2021-07-26,5.672119617462158,18.8630313873291
2021-07-27,5.707636833190918,19.04826545715332
2021-07-28,5.859837055206299,19.667882919311523
2021-07-29,5.804029941558838,19.565677642822266
2021-07-30,5.667047023773193,19.354883193969727
2021-08-02,5.778663635253906,19.473114013671875
2021-08-03,5.849692344665527,19.664838790893555
2021-08-04,5.7177815437316895,19.115222930908203
2021-08-05,5.733001232147217,19.172740936279297
2021-08-06,5.83954381942749,19.709583282470703
2021-08-09,5.864912986755371,19.939651489257812
2021-08-10,5.819250583648682,19.562591552734375
2021-08-11,5.905498027801514,19.779878616333008
2021-08-12,5.804029941558838,19.409210205078125
2021-08-13,5.83954381942749,19.671232223510742
2021-08-16,5.787290096282959,19.455657958984375
2021-08-17,5.710940361022949,19.385129928588867
2021-08-18,5.726212024688721,19.423608779907227
2021-08-19,5.680401802062988,19.17352294921875
2021-08-20,5.690581321716309,19.102985382080078
2021-08-23,5.716032028198242,19.308181762695312
2021-08-24,5.83819055557251,19.84683609008789
2021-08-25,5.848369121551514,19.87248420715332
2021-08-26,5.7007622718811035,19.391544342041016
2021-08-27,5.802560806274414,19.724994659423828
2021-08-30,5.761842250823975,19.58391761779785
2021-08-31,5.8840012550354,19.840429306030273
2021-09-01,5.945187091827393,19.927032470703125
2021-09-02,5.746331214904785,19.208477020263672
2021-09-03,5.736137390136719,19.09941291809082
2021-09-06,5.843210220336914,19.343204498291016
2021-09-08,5.567874908447266,18.42576789855957
2021-09-09,5.680047988891602,18.6695613861084
2021-09-10,5.598469257354736,18.4835147857666
2021-09-13,5.674950122833252,18.714475631713867
2021-09-14,5.639257907867432,18.598995208740234
2021-09-15,5.639257907867432,18.297462463378906
2021-09-16,5.6698503494262695,18.28462791442871
2021-09-17,5.547481060028076,17.848363876342773
2021-09-20,5.450603485107422,17.444177627563477
2021-09-21,5.425107479095459,17.39926528930664
2021-09-22,5.532182693481445,17.80344581604004
2021-09-23,5.674950122833252,18.41935157775879
2021-09-24,5.59337043762207,18.162731170654297
2021-09-27,5.736137390136719,18.637483596801758
2021-09-28,5.623961448669434,18.214059829711914
2021-09-29,5.731037616729736,18.541255950927734
2021-09-30,5.680047988891602,18.560501098632812
2021-10-01,5.822813987731934,19.045133590698242
2021-10-04,5.690247535705566,15.623809814453125
2021-10-05,5.776926517486572,16.002532958984375
2021-10-06,5.7973198890686035,16.053882598876953
2021-10-07,5.685146808624268,15.713683128356934
2021-10-08,5.771827697753906,15.829222679138184
2021-10-11,5.685146808624268,15.553205490112305
2021-10-13,5.695343971252441,15.572466850280762
2021-10-14,5.629060745239258,15.495437622070312
2021-10-15,5.736137390136719,15.893403053283691
2021-10-18,5.776926517486572,16.002532958984375
2021-10-19,5.562777042388916,15.623809814453125
2021-10-20,5.680047988891602,16.041046142578125
2021-10-21,5.527085304260254,15.713683128356934
2021-10-22,5.369023323059082,15.110286712646484
2021-10-25,5.440405368804932,15.405567169189453
2021-10-26,5.3384318351745605,15.238676071166992
2021-10-27,5.363923072814941,15.354220390319824
2021-10-28,5.3384318351745605,15.322114944458008
2021-10-29,5.226258277893066,14.962656021118164
2021-11-01,5.35882568359375,15.558558464050293
2021-11-03,5.404714584350586,15.706316947937012
2021-11-04,5.226258277893066,14.87763786315918
2021-11-05,5.185465335845947,14.697772979736328
2021-11-08,5.175267696380615,14.620681762695312
2021-11-09,5.119182586669922,14.472933769226074
2021-11-10,5.236453533172607,14.839090347290039
2021-11-11,5.221158504486084,14.806975364685059
2021-11-12,5.216058731079102,14.774858474731445
2021-11-16,5.119182586669922,14.620681762695312
2021-11-17,5.1140828132629395,14.678498268127441
2021-11-18,5.078392028808594,14.4343900680542
2021-11-19,5.073291778564453,14.312336921691895
2021-11-22,5.022305965423584,14.347805976867676
2021-11-23,5.068195343017578,14.58834457397461
2021-11-24,5.1483306884765625,14.97839641571045
2021-11-25,5.194944858551025,15.114925384521484
2021-11-26,5.091355800628662,14.828873634338379
2021-11-29,5.086176872253418,14.731368064880371
2021-11-30,5.008485794067383,14.549331665039062
2021-12-01,4.994742393493652,14.456721305847168
2021-12-02,5.140120029449463,15.003235816955566
2021-12-03,5.114159107208252,14.951190948486328
2021-12-06,5.176464557647705,15.126851081848145
2021-12-07,5.129735469818115,14.9381742477417
2021-12-08,5.14531135559082,14.7950439453125
2021-12-09,5.025893211364746,14.398160934448242
2021-12-10,5.036279201507568,14.417677879333496
2021-12-13,4.963590145111084,14.03381633758545
2021-12-14,5.001861095428467,14.170441627502441
2021-12-15,5.048704147338867,14.124905586242676
2021-12-16,5.053909778594971,14.268043518066406
2021-12-17,4.965428352355957,13.95573902130127
2021-12-20,4.918583869934082,13.741031646728516
2021-12-21,4.885794162750244,13.76055908203125
2021-12-22,4.902187824249268,13.812605857849121
2021-12-23,4.913118839263916,13.884174346923828
2021-12-27,4.967770099639893,14.027305603027344
2021-12-28,4.96230411529541,13.975255966186523
2021-12-29,4.93497896194458,13.858154296875
2021-12-30,4.880327224731445,13.6304349899292
2022-01-03,4.929513931274414,14.00657844543457
2022-01-04,4.967770099639893,14.403787612915039
2022-01-05,4.913118839263916,14.130302429199219
2022-01-06,4.956838130950928,14.416812896728516
2022-01-07,5.0169548988342285,14.735894203186035
2022-01-10,5.0169548988342285,14.872640609741211
2022-01-11,5.098930835723877,15.204727172851562
2022-01-12,5.082535266876221,15.139609336853027
2022-01-13,5.22462797164917,15.419607162475586
2022-01-14,5.284743309020996,15.302406311035156
2022-01-17,5.286594867706299,15.302406311035156
2022-01-18,5.325386047363281,15.393560409545898
2022-01-19,5.330927848815918,15.2893705368042
2022-01-20,5.325386047363281,15.165655136108398
2022-01-21,5.29213809967041,15.172163963317871
2022-01-24,5.26442813873291,15.152633666992188
2022-01-25,5.397425651550293,15.699605941772461
2022-01-26,5.452840328216553,15.86890697479248
2022-01-27,5.5248799324035645,15.947053909301758
2022-01-28,5.580296993255615,16.142398834228516
2022-01-31,5.646792888641357,16.494043350219727
2022-02-01,5.6578755378723145,16.60979652404785
2022-02-02,5.563670635223389,16.34914779663086
2022-02-03,5.580296993255615,16.538108825683594
2022-02-04,5.691127300262451,16.59024429321289
2022-02-07,5.613543510437012,16.499025344848633
2022-02-08,5.624627590179443,16.68147087097168
2022-02-09,5.530419826507568,16.016820907592773
2022-02-10,5.591378688812256,16.32308006286621
2022-02-11,5.829663276672363,17.287473678588867
2022-02-14,5.807495594024658,17.24838638305664
2022-02-15,5.879537105560303,17.41128158569336
2022-02-16,5.86290979385376,17.228836059570312
2022-02-17,5.801954746246338,16.987733840942383
2022-02-18,5.829663276672363,17.05289077758789
2022-02-21,5.6578755378723145,16.63585662841797
2022-02-22,5.6689581871032715,16.788198471069336
2022-02-23,5.585834503173828,16.553483963012695
2022-02-24,5.497171878814697,16.273136138916016
2022-02-25,5.552587032318115,16.605648040771484
2022-03-02,5.513795852661133,16.330093383789062
2022-03-03,5.530419826507568,16.343141555786133
2022-03-04,5.469462871551514,16.095232009887695
2022-03-07,5.29213809967041,15.749442100524902
2022-03-08,5.2810540199279785,15.599386215209961
2022-03-09,5.563670635223389,16.37575912475586
2022-03-10,5.497171878814697,16.388813018798828
2022-03-11,5.4417572021484375,16.206138610839844
2022-03-14,5.486089706420898,16.434486389160156
2022-03-15,5.436215877532959,16.37575912475586
2022-03-16,5.535963535308838,16.695444107055664
2022-03-17,5.685583114624023,17.06079864501953
2022-03-18,5.768706798553467,17.184772491455078
2022-03-21,5.918328285217285,17.608835220336914
2022-03-22,6.006990909576416,17.850236892700195
2022-03-23,5.9848246574401855,17.77194595336914
2022-03-24,6.0513224601745605,17.889381408691406
2022-03-25,6.047610759735107,17.92200469970703
2022-03-28,6.030813217163086,17.90895652770996
2022-03-29,6.075607776641846,18.117734909057617
2022-03-30,6.070008277893066,18.156869888305664
2022-03-31,6.01961088180542,17.92852210998535
2022-04-01,6.04201078414917,17.979219436645508
2022-04-04,6.002813339233398,17.816007614135742
2022-04-05,5.846022129058838,17.45694351196289
2022-04-06,5.801225185394287,17.45043182373047
2022-04-07,5.7508320808410645,17.437366485595703
2022-04-08,5.7508320808410645,17.404727935791016
2022-04-11,5.700433254241943,17.33943748474121
2022-04-12,5.644434928894043,17.03260040283203
2022-04-13,5.650035858154297,17.078304290771484
2022-04-14,5.655635833740234,17.18928337097168
2022-04-18,5.689232349395752,17.287212371826172
2022-04-19,5.627636909484863,16.980379104614258
2022-04-20,5.633237361907959,17.091358184814453
2022-04-22,5.549241542816162,16.758403778076172
2022-04-25,5.532444953918457,16.693134307861328
2022-04-26,5.297257900238037,16.125150680541992
2022-04-27,5.263660907745361,15.994586944580078
2022-04-28,5.235662460327148,15.86401653289795
2022-04-29,5.157269477844238,15.583291053771973
2022-05-02,5.1236701011657715,15.51643180847168
2022-05-03,5.112471580505371,15.594827651977539
2022-05-04,5.095672130584717,15.57523250579834
2022-05-05,4.9668803215026855,15.215903282165527
2022-05-06,4.983679294586182,15.542560577392578
2022-05-09,4.916482925415039,15.320430755615234
2022-05-10,4.882885932922363,15.242027282714844
2022-05-11,4.989278316497803,15.75162124633789
2022-05-12,5.073272228240967,15.999882698059082
2022-05-13,5.118072032928467,16.189353942871094
2022-05-16,5.174066066741943,16.359214782714844
2022-05-17,5.218863487243652,16.502952575683594
2022-05-18,5.140468120574951,16.26774787902832
2022-05-19,5.179666042327881,16.21548080444336
2022-05-20,5.246862411499023,16.41801643371582
2022-05-23,5.314057350158691,16.842674255371094
2022-05-24,5.36445426940918,17.097476959228516
2022-05-25,5.274860382080078,16.790409088134766
2022-05-26,5.297257900238037,16.999469757080078
2022-05-27,5.297257900238037,17.090938568115234
2022-05-30,5.286059379577637,16.934139251708984
2022-05-31,5.370054721832275,17.090938568115234
2022-06-01,5.327127456665039,16.854045867919922
2022-06-02,5.349581718444824,16.92595672607422
2022-06-03,5.270992279052734,16.76905059814453
2022-06-06,5.293447017669678,16.71021842956543
2022-06-07,5.237313747406006,16.71021842956543
2022-06-08,5.164338111877441,16.38986587524414
2022-06-09,5.091364860534668,16.108753204345703
2022-06-10,4.990322589874268,15.75572395324707
2022-06-13,4.911736011505127,15.566130638122559
2022-06-14,4.894895076751709,15.461528778076172
2022-06-15,4.934189796447754,15.52690315246582
2022-06-17,4.844374656677246,15.330772399902344
2022-06-20,4.995936393737793,15.997611999511719
2022-06-21,4.9510297775268555,15.82763957977295
2022-06-22,4.973483085632324,15.709955215454102
2022-06-23,4.866828441619873,15.350383758544922
2022-06-24,4.844374656677246,15.32424259185791
2022-06-27,4.906120777130127,15.415764808654785
2022-06-28,4.844374656677246,15.245783805847168
2022-06-29,4.793854236602783,15.088882446289062
2022-06-30,4.681585788726807,14.82083797454834
2022-07-01,4.670358180999756,14.950157165527344
2022-07-04,4.6310648918151855,14.8062162399292
2022-07-05,4.636678695678711,14.910897254943848
2022-07-06,4.6310648918151855,14.7735013961792
2022-07-07,4.681585788726807,14.982872009277344
2022-07-08,4.709652423858643,14.98941707611084
2022-07-11,4.614223480224609,14.747331619262695
2022-07-12,4.602997303009033,14.714620590209961
2022-07-13,4.558090686798096,14.655732154846191
2022-07-14,4.546863555908203,14.492166519165039
2022-07-15,4.687199115753174,14.753874778747559
2022-07-18,4.732106685638428,14.950157165527344
2022-07-19,4.821918964385986,15.45394515991211
2022-07-20,4.748948097229004,15.257659912109375
2022-07-21,4.805080890655518,15.381980895996094
2022-07-22,4.75455904006958,15.21841049194336
2022-07-25,4.793854236602783,15.440862655639648
2022-07-26,4.782627105712891,15.355805397033691
2022-07-27,4.805080890655518,15.408147811889648
2022-07-28,4.855600833892822,15.506287574768066
2022-07-29,4.844374656677246,15.45394515991211
2022-08-01,4.793854236602783,15.367283821105957
2022-08-02,4.838760852813721,15.530984878540039
2022-08-03,4.878055095672607,15.642289161682129
2022-08-04,4.990322589874268,16.02204704284668
2022-08-05,5.05768346786499,16.323240280151367
2022-08-08,5.125045299530029,16.52621841430664
2022-08-09,5.220472812652588,16.958356857299805
2022-08-10,5.248538970947266,17.27264976501465
2022-08-11,5.231700420379639,17.298845291137695
2022-08-12,5.2990617752075195,17.50836944580078
2022-08-15,5.304673671722412,17.658960342407227
2022-08-16,5.327127456665039,17.861940383911133
2022-08-17,5.3327412605285645,17.90777015686035
2022-08-18,5.3327412605285645,17.855392456054688
2022-08-19,5.309976577758789,17.64116096496582
2022-08-22,5.264784812927246,17.4424991607666
2022-08-23,5.264784812927246,17.488855361938477
2022-08-24,5.247838973999023,17.56170082092285
2022-08-25,5.298677444458008,17.78023338317871
2022-08-26,5.2817301750183105,17.674270629882812
2022-08-29,5.247838973999023,17.614675521850586
2022-08-30,5.276082515716553,17.53520393371582
2022-08-31,5.168752670288086,17.091527938842773
2022-09-01,5.187743186950684,17.35504150390625
2022-09-02,5.267031192779541,17.593597412109375
2022-09-05,5.3293304443359375,17.8785457611084
2022-09-06,5.238714218139648,17.7128849029541
2022-09-08,5.250039577484131,17.58696746826172
2022-09-09,5.284022808074951,17.726133346557617
2022-09-12,5.380300998687744,17.944808959960938
2022-09-13,5.306675910949707,17.759252548217773
2022-09-14,5.301011085510254,17.692995071411133
2022-09-15,5.295347213745117,17.73937225341797
2022-09-16,5.255704402923584,17.67974281311035
2022-09-19,5.414281368255615,18.34239959716797
2022-09-20,5.567195892333984,18.952043533325195
2022-09-21,5.538876533508301,18.753252029418945
2022-09-22,5.657810211181641,19.130962371826172
2022-09-23,5.527551174163818,18.753252029418945
2022-09-26,5.414281368255615,18.349031448364258
2022-09-27,5.3576459884643555,18.243003845214844
2022-09-28,5.374637603759766,18.236377716064453
2022-09-29,5.442598819732666,18.50806999206543
2022-09-30,5.510560512542725,18.594213485717773
2022-10-03,5.901340961456299,19.726518630981445
2022-10-04,5.844705104827881,19.759674072265625
2022-10-05,5.861694812774658,19.759674072265625
2022-10-06,5.833378314971924,19.401607513427734
2022-10-07,5.793735027313232,19.441396713256836
2022-10-10,5.782406806945801,19.235837936401367
2022-10-11,5.708781719207764,19.103225708007812
2022-10-13,5.67479944229126,18.99049949645996
2022-10-14,5.652146339416504,18.997133255004883
2022-10-17,5.714446544647217,19.149633407592773
2022-10-18,5.827713966369629,19.620420455932617
2022-10-19,5.884350299835205,19.627052307128906
2022-10-20,6.003281593322754,19.932071685791016
2022-10-21,6.161859035491943,20.59514617919922
2022-10-24,5.923995018005371,19.660215377807617
2022-10-25,5.890012264251709,19.501068115234375
2022-10-26,5.7370991706848145,19.083337783813477
2022-10-27,5.884350299835205,19.43476104736328
2022-10-28,5.890012264251709,19.58727264404297
2022-10-31,6.082571506500244,20.157520294189453
2022-11-01,6.093896389007568,20.209030151367188
2022-11-03,6.082571506500244,20.06307029724121
2022-11-04,6.0995635986328125,20.136045455932617
2022-11-07,5.991957187652588,19.678264617919922
2022-11-08,6.008946418762207,19.618549346923828
2022-11-09,5.759751319885254,18.676429748535156
2022-11-10,5.618165969848633,18.32480239868164
2022-11-11,5.507162570953369,17.734323501586914
2022-11-14,5.575690269470215,17.681243896484375
2022-11-16,5.476012706756592,17.429126739501953
2022-11-17,5.500932693481445,17.535280227661133
2022-11-18,5.550771236419678,17.674606323242188
2022-11-21,5.55800199508667,17.727689743041992
2022-11-22,5.5141401290893555,17.435758590698242
2022-11-23,5.476543426513672,17.25662612915039
2022-11-24,5.658260345458984,17.87364387512207
2022-11-25,5.532938003540039,17.243356704711914
2022-11-28,5.489076614379883,16.93153190612793
2022-11-29,5.50787353515625,17.077495574951172
2022-11-30,5.564268589019775,17.2499942779541
2022-12-01,5.484809875488281,17.24843406677246
2022-12-02,5.509941101074219,17.48080062866211
2022-12-05,5.390570640563965,16.969589233398438
2022-12-06,5.428266525268555,17.361299514770508
2022-12-07,5.409417629241943,17.23515510559082
2022-12-08,5.258633136749268,16.630996704101562
2022-12-09,5.249316692352295,16.47269058227539
2022-12-12,5.210766315460205,16.316967010498047
2022-12-13,5.037288188934326,15.700852394104004
2022-12-14,5.133664608001709,15.768556594848633
2022-12-15,5.133664608001709,15.856568336486816
2022-12-16,5.172216892242432,16.032602310180664
2022-12-19,5.339267730712891,16.513309478759766
2022-12-20,5.390669822692871,16.68934440612793
2022-12-21,5.397094249725342,16.757047653198242
2022-12-22,5.422796249389648,16.790904998779297
2022-12-23,5.512747287750244,17.054956436157227
2022-12-26,5.442070007324219,16.716421127319336
2022-12-27,5.384244918823242,16.62164306640625
2022-12-28,5.493470191955566,16.96017074584961
2022-12-29,5.467770576477051,16.926313400268555
2023-01-02,5.371393203735352,16.59273338317871
2023-01-03,5.236467361450195,16.2471923828125
2023-01-04,5.2814412117004395,16.29462242126465
2023-01-05,5.358543872833252,16.802766799926758
2023-01-06,5.448495388031006,17.09410285949707
2023-01-09,5.487046241760254,17.2160587310791
2023-01-10,5.602698802947998,17.54804229736328
2023-01-11,5.647674560546875,17.852937698364258
2023-01-12,5.589847564697266,17.602249145507812
2023-01-13,5.544871807098389,17.514175415039062
2023-01-16,5.448495388031006,17.324466705322266
2023-01-17,5.532021522521973,17.683557510375977
2023-01-18,5.576997756958008,18.001995086669922
2023-01-19,5.583423137664795,18.001995086669922
2023-01-20,5.512747287750244,17.683557510375977
2023-01-23,5.397094249725342,17.14153289794922
2023-01-24,5.499897003173828,17.297359466552734
2023-01-25,5.512747287750244,17.35834503173828
2023-01-26,5.538448333740234,17.2567081451416
2023-01-27,5.409945487976074,16.890850067138672
2023-01-30,5.461345672607422,16.897619247436523
2023-01-31,5.480620861053467,17.161855697631836
2023-02-01,5.319993019104004,16.9365177154541
2023-02-02,5.345693111419678,17.092464447021484
2023-02-03,5.294293403625488,17.031435012817383
2023-02-06,5.300718784332275,17.038223266601562
2023-02-07,5.242892742156982,16.64498519897461
2023-02-08,5.686225414276123,18.02132797241211
2023-02-09,5.538448333740234,17.573841094970703
2023-02-10,5.480620861053467,17.49248695373535
2023-02-13,5.615547180175781,18.109466552734375
2023-02-14,5.576997756958008,17.885725021362305
2023-02-15,5.615547180175781,18.150148391723633
2023-02-16,5.628399848937988,18.28574562072754
2023-02-17,5.615547180175781,18.224721908569336
2023-02-22,5.499897003173828,17.885725021362305
2023-02-23,5.499897003173828,17.953521728515625
2023-02-24,5.345693111419678,17.40434455871582
2023-02-27,5.300718784332275,17.180604934692383
2023-02-28,5.287868976593018,17.241622924804688
2023-03-01,5.251481056213379,16.961856842041016
2023-03-02,5.135496616363525,16.405500411987305
2023-03-03,5.1483845710754395,16.42586898803711
2023-03-06,5.2579240798950195,16.799020767211914
2023-03-07,5.238592147827148,16.84651756286621
2023-03-08,5.3481340408325195,17.05684471130371
2023-03-09,5.290142059326172,16.73117446899414
2023-03-10,5.199933052062988,16.33087158203125
2023-03-13,5.122610092163086,16.134119033813477
2023-03-14,5.122610092163086,16.079837799072266
2023-03-15,5.141940593719482,16.03912925720215
2023-03-16,5.180601596832275,16.30373191833496
2023-03-17,5.064617156982422,15.835589408874512
2023-03-20,5.096836090087891,15.876296043395996
2023-03-21,5.15482759475708,16.20197105407715
2023-03-22,5.09039306640625,16.106977462768555
2023-03-23,5.013070583343506,15.706676483154297
2023-03-24,5.108935356140137,15.934507369995117
2023-03-27,5.167509078979492,16.20901107788086
2023-03-28,5.147984504699707,16.284488677978516
2023-03-29,5.20004940032959,16.44232940673828
2023-03-30,5.310689449310303,16.895240783691406
2023-03-31,5.349739074707031,16.97759246826172
2023-04-03,5.265132904052734,16.502140045166016
2023-04-04,5.3041815757751465,16.831768035888672
2023-04-05,5.291164875030518,16.81802749633789
2023-04-06,5.284655570983887,16.76308822631836
2023-04-10,5.3041815757751465,16.941640853881836
2023-04-11,5.479902744293213,17.491029739379883
2023-04-12,5.590541839599609,17.60777473449707
2023-04-13,5.597049713134766,17.60777473449707
2023-04-14,5.642608165740967,17.86186408996582
2023-04-17,5.616575241088867,17.827524185180664
2023-04-18,5.616575241088867,17.813791275024414
2023-04-19,5.558002948760986,17.5322322845459
2023-04-20,5.5514936447143555,17.580305099487305
2023-04-24,5.577525615692139,17.42235565185547
2023-04-25,5.590541839599609,17.580305099487305
2023-04-26,5.518950939178467,17.401756286621094
2023-04-27,5.590541839599609,17.71078109741211
2023-04-28,5.649115562438965,17.800052642822266
2023-05-02,5.453869819641113,17.111244201660156
2023-05-03,5.447361946105957,17.083749771118164
2023-05-04,5.518950939178467,17.2211971282959
2023-05-05,5.688165187835693,17.860288619995117
2023-05-08,5.7272138595581055,18.107685089111328
2023-05-09,5.7597551345825195,18.217628479003906
2023-05-10,5.805313587188721,18.485639572143555
2023-05-11,5.857376575469971,18.664318084716797
2023-05-12,5.831346035003662,18.49251365661621
2023-05-15,5.857376575469971,18.56123161315918
2023-05-16,5.844361305236816,18.499393463134766
2023-05-17,5.863885879516602,18.6849365234375
2023-05-18,5.850869178771973,18.6162052154541
2023-05-19,5.811820030212402,18.46503257751465
2023-05-22,5.77277135848999,18.11455535888672
2023-05-23,5.798804759979248,18.258869171142578
2023-05-24,5.792295455932617,18.155784606933594
2023-05-25,5.876902103424072,18.72616195678711
2023-05-26,5.844361305236816,18.581850051879883
2023-05-29,5.837854385375977,18.499393463134766
2023-05-30,5.779280185699463,18.238248825073242
2023-05-31,5.714197635650635,18.093936920166016
2023-06-01,5.801335334777832,18.360509872436523
2023-06-02,5.938375473022461,18.628692626953125
2023-06-05,5.931849002838135,18.669950485229492
2023-06-06,5.931849002838135,18.800613403320312
2023-06-07,5.9449005126953125,18.85562515258789
2023-06-09,6.023207664489746,19.11693000793457
2023-06-12,6.049310207366943,18.91063117980957
2023-06-13,6.1015167236328125,19.123809814453125
2023-06-14,6.173298358917236,19.385122299194336
2023-06-15,6.284236431121826,19.639554977416992
2023-06-16,6.297286033630371,19.701446533203125
2023-06-19,6.375596046447754,19.96963119506836
2023-06-20,6.401697158813477,19.960124969482422
2023-06-21,6.453902244567871,20.154455184936523
2023-06-22,6.375596046447754,19.960124969482422
2023-06-23,6.378499507904053,19.897659301757812
2023-06-26,6.378499507904053,19.869897842407227
2023-06-27,6.312469482421875,19.647811889648438
2023-06-28,6.246439456939697,19.536766052246094
2023-06-29,6.338883399963379,19.772743225097656
2023-06-30,6.365294456481934,19.724153518676758
2023-07-03,6.464338779449463,20.111421585083008
2023-07-04,6.378499507904053,19.986413955688477
2023-07-05,6.484148979187012,20.160030364990234
2023-07-06,6.345485687255859,19.861412048339844
2023-07-07,6.431324005126953,20.23642349243164
2023-07-10,6.418118476867676,20.10447120666504
2023-07-11,6.338883399963379,19.75029754638672
2023-07-12,6.338883399963379,19.632244110107422
2023-07-13,6.418118476867676,19.847524642944336
2023-07-14,6.358692169189453,19.639183044433594
2023-07-17,6.451134204864502,20.021142959594727
2023-07-18,6.437927722930908,19.632244110107422
2023-07-19,6.378499507904053,19.423908233642578
2023-07-20,6.418118476867676,19.78502655029297
2023-07-21,6.530368328094482,20.139190673828125
2023-07-24,6.484148979187012,19.819744110107422
2023-07-25,6.53697395324707,19.861412048339844
2023-07-26,6.511416435241699,19.972524642944336
2023-07-27,6.4251298904418945,19.528076171875
2023-07-28,6.511416435241699,19.819744110107422
2023-07-31,6.518055438995361,19.889190673828125
2023-08-01,6.5047807693481445,19.950101852416992
2023-08-02,6.537966728210449,19.88755989074707
2023-08-03,6.531330108642578,19.734682083129883
2023-08-04,6.478229999542236,19.37334632873535
2023-08-07,6.478229999542236,19.220470428466797
2023-08-08,6.418493747711182,19.17877769470215
2023-08-09,6.312292098999023,19.109291076660156
2023-08-10,6.318929195404053,19.17182731628418
2023-08-11,6.372030258178711,19.206573486328125
2023-08-14,6.345479488372803,18.928617477416992
2023-08-15,6.325566291809082,18.824386596679688
2023-08-16,6.2791032791137695,18.81048583984375
2023-08-17,6.226002216339111,18.5881290435791
2023-08-18,6.261443614959717,18.734054565429688
2023-08-21,6.167888641357422,18.657615661621094
2023-08-22,6.268126487731934,18.949466705322266
2023-08-23,6.388409614562988,19.18572998046875
2023-08-24,6.308221340179443,18.96336555480957
2023-08-25,6.241396427154541,18.664569854736328
2023-08-28,6.341633319854736,19.296907424926758
2023-08-29,6.401775360107422,19.60265350341797
2023-08-30,6.308221340179443,19.22742462158203
2023-08-31,6.174572467803955,19.060649871826172
2023-09-01,6.241396427154541,19.22588348388672
2023-09-04,6.174572467803955,19.052053451538086
2023-09-05,6.0943827629089355,18.766969680786133
2023-09-06,6.020876407623291,18.586191177368164
2023-09-08,6.020876407623291,18.6140079498291
2023-09-11,6.167888641357422,19.086830139160156
2023-09-12,6.194619178771973,19.198081970214844
2023-09-13,6.194619178771973,19.29543113708496
2023-09-14,6.241396427154541,19.218936920166016
2023-09-15,6.234714031219482,19.177217483520508
2023-09-18,6.2480788230896,19.1285457611084
2023-09-19,6.221349239349365,19.071874618530273
2023-09-20,6.274807929992676,19.394899368286133
2023-09-21,6.1478424072265625,18.952505111694336
2023-09-22,6.0980963706970215,18.903352737426758
2023-09-25,6.131937026977539,18.959524154663086
2023-09-26,6.030415058135986,18.678647994995117
2023-09-27,6.003342628479004,18.643535614013672
2023-09-28,6.104864597320557,19.135074615478516
2023-09-29,6.125169277191162,19.10698890686035
2023-10-02,6.023645877838135,18.92966651916504
2023-10-03,5.962734222412109,18.690759658813477
2023-10-04,6.016878128051758,19.119384765625
2023-10-05,6.03718376159668,19.42153549194336
2023-10-06,6.084559917449951,19.604225158691406
2023-10-09,6.016878128051758,19.435592651367188
2023-10-10,6.0980963706970215,19.414514541625977
2023-10-11,6.192850589752197,19.660444259643555
2023-10-13,6.050720691680908,19.456668853759766
2023-10-16,6.111632347106934,19.484771728515625
2023-10-17,5.983036994934082,19.196685791015625
2023-10-18,5.92212438583374,18.796165466308594
2023-10-19,5.955965518951416,19.013992309570312
2023-10-20,5.950179576873779,18.943721771240234
2023-10-23,5.943370819091797,18.96480369567871
2023-10-24,5.977410793304443,18.96480369567871
2023-10-25,5.92975378036499,18.99993896484375
2023-10-26,6.059106826782227,19.470722198486328
2023-10-27,5.943370819091797,19.182632446289062
2023-10-30,5.88209867477417,19.028047561645508
2023-10-31,5.88209867477417,18.845352172851562
2023-11-01,5.950179576873779,19.110891342163086
2023-11-03,6.168034553527832,19.638229370117188
2023-11-06,6.208881378173828,19.821043014526367
2023-11-07,6.338233947753906,20.37651252746582
2023-11-08,6.345042705535889,20.467914581298828
2023-11-09,6.3518500328063965,20.5593204498291
2023-11-10,6.426738739013672,20.805418014526367
2023-11-13,6.426738739013672,20.664793014526367
2023-11-14,6.596937656402588,20.974164962768555
2023-11-16,6.719480991363525,21.311662673950195
2023-11-17,6.699055194854736,21.41009521484375
2023-11-20,6.767136573791504,21.62103843688965
2023-11-21,6.767136573791504,21.585880279541016
2023-11-22,6.739904880523682,21.7194766998291
2023-11-23,6.780752658843994,21.691347122192383
2023-11-24,6.739904880523682,21.57181739807129
2023-11-27,6.787559509277344,21.515567779541016
2023-11-28,6.805260181427002,21.726512908935547
2023-11-29,6.826707363128662,21.87416648864746
2023-11-30,6.969675064086914,22.211660385131836
2023-12-01,6.986533164978027,22.160757064819336
2023-12-04,6.979368686676025,22.18890380859375
2023-12-05,7.043859004974365,22.371822357177734
2023-12-06,6.914877414703369,22.17483139038086
2023-12-07,6.972203731536865,22.421058654785156
2023-12-08,7.065356731414795,22.704689025878906
2023-12-11,7.0008649826049805,22.548688888549805
2023-12-12,6.965037822723389,22.435237884521484
2023-12-13,7.172842025756836,23.115951538085938
2023-12-14,7.258829116821289,23.307401657104492
2023-12-15,7.265997409820557,23.208133697509766
2023-12-18,7.265997409820557,23.32158660888672
2023-12-19,7.308896541595459,23.33576774597168
2023-12-20,7.236675262451172,23.094675064086914
2023-12-21,7.2944512367248535,23.250675201416016
2023-12-22,7.402785301208496,23.619394302368164
2023-12-26,7.424454212188721,23.860488891601562
2023-12-27,7.482228755950928,24.02357292175293
2023-12-28,7.489451885223389,24.087387084960938
2024-01-02,7.345006942749023,23.780662536621094
2024-01-03,7.330563068389893,23.518163681030273
2024-01-04,7.236675262451172,23.36208724975586
2024-01-05,7.388340473175049,23.908357620239258
2024-01-08,7.337784767150879,23.652952194213867
2024-01-09,7.352227210998535,23.638771057128906
2024-01-10,7.330563068389893,23.61748504638672
2024-01-11,7.2944512367248535,23.660043716430664
2024-01-12,7.330563068389893,23.688426971435547
2024-01-15,7.381119728088379,23.730998992919922
2024-01-16,7.2583394050598145,23.397558212280273
2024-01-17,7.280005931854248,23.411745071411133
2024-01-18,7.21500825881958,23.312427520751953
2024-01-19,7.251119613647461,23.36917495727539
2024-01-22,7.157229900360107,22.986080169677734
2024-01-23,7.2583394050598145,23.09248924255371
2024-01-24,7.1933417320251465,22.986080169677734
2024-01-25,7.178895950317383,22.936412811279297
2024-01-26,7.229450225830078,23.276952743530273
2024-01-29,7.171673774719238,23.156347274780273
2024-01-30,7.142782688140869,23.007360458374023
2024-01-31,7.222229957580566,23.25566864013672
2024-02-01,7.21500825881958,23.20430564880371
2024-02-02,7.2077860832214355,23.239797592163086
2024-02-05,7.330563068389893,23.679893493652344
2024-02-06,7.619452953338623,24.694948196411133
2024-02-07,7.56167459487915,24.51749038696289
2024-02-08,7.460565567016602,24.034814834594727
2024-02-09,7.489451885223389,24.340036392211914
2024-02-14,7.482228755950928,24.340036392211914
2024-02-15,7.52556037902832,24.54589080810547
2024-02-16,7.5544514656066895,24.51749038696289
2024-02-19,7.612229824066162,24.7872314453125
2024-02-20,7.8433403968811035,25.32670021057129
2024-02-21,7.742228984832764,25.184730529785156
2024-02-22,7.763896465301514,25.041879653930664
2024-02-23,7.667679786682129,25.115182876586914
2024-02-26,7.660251140594482,25.188491821289062
2024-02-27,7.801416873931885,25.496379852294922
2024-02-28,7.831136226654053,25.511045455932617
2024-02-29,7.652821063995361,24.880596160888672
2024-03-01,7.670342922210693,24.9888916015625
2024-03-04,7.648001670837402,24.798194885253906
2024-03-05,7.655448913574219,24.776185989379883
2024-03-06,7.75225830078125,25.047569274902344
2024-03-07,7.692683219909668,24.78352165222168
2024-03-08,7.767151832580566,25.01089859008789
2024-03-11,7.774599552154541,25.135581970214844
2024-03-12,7.871410846710205,25.23826789855957
2024-03-13,7.968217849731445,25.487646102905273
2024-03-14,7.968217849731445,25.47297477722168
2024-03-15,7.938430309295654,25.3336238861084
2024-03-18,7.930984973907471,25.43630027770996
2024-03-19,7.886301040649414,25.47297477722168
2024-03-20,7.9905571937561035,25.524320602416992
2024-03-21,7.878855228424072,25.260271072387695
2024-03-22,7.758912086486816,24.90704917907715
2024-03-25,7.683944225311279,24.90704917907715
2024-03-26,7.788898468017578,25.401947021484375
2024-03-27,7.8563642501831055,25.542282104492188
2024-03-28,7.871359348297119,25.58660316467285
2024-04-01,7.661455154418945,24.712820053100586
2024-04-02,7.631468772888184,24.742385864257812
2024-04-03,7.631468772888184,24.557636260986328
2024-04-04,7.534016132354736,24.23245620727539
2024-04-05,7.489036560058594,24.188129425048828
2024-04-08,7.571498394012451,24.550233840942383
2024-04-09,7.653959274291992,24.80889320373535
2024-04-10,7.5040283203125,24.284191131591797
2024-04-11,7.5040283203125,24.239850997924805
2024-04-12,7.421567916870117,23.98858642578125
2024-04-15,7.294126987457275,23.582122802734375
2024-04-16,7.189174175262451,23.404754638671875
2024-04-17,7.159188270568848,23.419538497924805
2024-04-18,7.1516923904418945,23.449106216430664
2024-04-19,7.144194602966309,23.316076278686523
2024-04-22,7.136699199676514,23.301294326782227
2024-04-23,7.189174175262451,23.648635864257812
2024-04-24,7.1741814613342285,23.5451717376709
2024-04-25,7.136699199676514,23.412147521972656
2024-04-26,7.264139175415039,23.803829193115234
2024-04-29,7.241650581359863,23.619075775146484
2024-04-30,7.166685581207275,23.1756649017334
2024-05-02,7.279132843017578,23.514057159423828
2024-05-03,7.361593723297119,23.80984115600586
2024-05-06,7.369091033935547,23.95772933959961
2024-05-07,7.481540203094482,24.453149795532227
2024-05-08,7.564002513885498,24.608423233032227
2024-05-09,7.444055557250977,23.86899185180664
2024-05-10,7.526519298553467,24.142589569091797
2024-05-13,7.586491584777832,24.438358306884766
2024-05-14,7.706437110900879,24.704557418823242
2024-05-15,7.698939800262451,24.638004302978516
2024-05-16,7.736420154571533,24.564062118530273
2024-05-17,7.691442966461182,24.57145881652832
2024-05-20,7.653959274291992,24.497516632080078
2024-05-21,7.6464619636535645,24.371814727783203
2024-05-22,7.586491584777832,23.994701385498047
2024-05-23,7.519021034240723,23.7802677154541
2024-05-24,7.466547012329102,23.55103874206543
2024-05-27,7.474044322967529,23.469696044921875
2024-05-28,7.474044322967529,23.343994140625
2024-05-29,7.399078845977783,23.18132209777832
2024-05-31,7.294126987457275,22.944698333740234
2024-06-03,7.349380970001221,23.268503189086914
2024-06-04,7.386953830718994,23.349878311157227
2024-06-05,7.424528121948242,23.305490493774414
2024-06-06,7.469616413116455,23.60143280029297
2024-06-07,7.289262294769287,23.268503189086914
2024-06-10,7.2291460037231445,23.083534240722656
2024-06-11,7.334352970123291,23.342477798461914
2024-06-12,7.266720294952393,23.305490493774414
2024-06-13,7.191571235656738,23.061338424682617
2024-06-14,7.191571235656738,23.039142608642578
2024-06-17,7.244174480438232,23.60143280029297
2024-06-18,7.296778678894043,23.58663558959961
2024-06-19,7.371925354003906,23.771604537963867
2024-06-20,7.364410877227783,23.60883140563965
2024-06-21,7.345137119293213,23.773635864257812
2024-06-24,7.4968953132629395,24.116668701171875
2024-06-25,7.51207160949707,24.191246032714844
2024-06-26,7.474133491516113,24.14649772644043
2024-06-27,7.4665446281433105,24.191246032714844
2024-06-28,7.451369285583496,24.168872833251953
2024-07-01,7.398251056671143,24.055198669433594
2024-07-02,7.458954334259033,24.368576049804688
2024-07-03,7.565188884735107,24.517799377441406
2024-07-04,7.58795166015625,24.55510139465332
2024-07-05,7.5500102043151855,24.570026397705078
2024-07-08,7.519661903381348,24.525257110595703
2024-07-09,7.565188884735107,24.696868896484375
2024-07-10,7.6714186668396,24.958009719848633
2024-07-11,7.709360122680664,25.10723304748535
2024-07-12,7.747299671173096,24.965473175048828
2024-07-15,7.754887104034424,25.062469482421875
2024-07-16,7.777650833129883,25.21169662475586
2024-07-17,7.861117839813232,25.487764358520508
2024-07-18,7.785238742828369,25.36838722229004
2024-07-19,7.861117839813232,25.5623779296875
2024-07-22,7.883882522583008,25.54745864868164
2024-07-23,7.792826175689697,25.510149002075195
2024-07-24,7.777650833129883,25.472841262817383
2024-07-25,7.709360122680664,25.36092758178711
2024-07-26,7.808002471923828,25.54745864868164
2024-07-29,7.838354110717773,25.733985900878906
2024-07-30,7.777650833129883,25.636993408203125
2024-07-31,7.71694803237915,25.278846740722656
2024-08-01,7.572775840759277,24.911300659179688
2024-08-02,7.4665446281433105,24.597763061523438
2024-08-05,7.451369285583496,24.597763061523438
2024-08-06,7.610714912414551,25.14272117614746
2024-08-07,7.648654937744141,25.20990753173828
2024-08-08,7.648654937744141,25.120323181152344
2024-08-09,7.853530406951904,25.799657821655273
2024-08-12,7.891470432281494,25.83698272705078
2024-08-13,8.073579788208008,26.568567276000977
2024-08-14,8.24051570892334,27.225505828857422
2024-08-15,8.346746444702148,27.658491134643555
2024-08-16,8.301218032836914,27.427066802978516
2024-08-19,8.37709903717041,27.591299057006836
2024-08-20,8.399861335754395,27.792858123779297
2024-08-21,8.361924171447754,27.680885314941406
2024-08-22,8.316394805908203,27.427066802978516
2024-08-23,8.316394805908203,27.21803855895996
2024-08-26,8.308806419372559,27.27776336669922
2024-08-27,8.308806419372559,27.307626724243164
2024-08-28,8.460566520690918,27.897375106811523
2024-08-29,8.354333877563477,27.591299057006836
2024-08-30,8.316394805908203,27.397205352783203
2024-09-02,8.265849113464355,27.178857803344727
2024-09-03,8.395122528076172,27.619510650634766
2024-09-04,8.4635591506958,27.813695907592773
2024-09-05,8.53960132598877,27.992956161499023
2024-09-06,8.45595645904541,27.59710693359375
2024-09-09,8.547207832336426,27.86598777770996
2024-09-10,8.53960132598877,27.86598777770996
2024-09-11,8.53960132598877,27.918270111083984
2024-09-12,8.516788482666016,27.612043380737305
2024-09-13,8.516788482666016,27.641921997070312
2024-09-16,8.516788482666016,27.63445281982422
2024-09-17,8.478769302368164,27.567232131958008
2024-09-18,8.440746307373047,27.410388946533203
2024-09-19,8.471163749694824,27.335702896118164
2024-09-20,8.378292083740234,27.036949157714844
2024-09-23,8.324831008911133,26.878923416137695
2024-09-24,8.332468032836914,26.87139892578125
2024-09-25,8.401204109191895,27.210023880004883
2024-09-26,8.538680076599121,27.556163787841797
2024-09-27,8.515767097473145,27.661518096923828
2024-09-30,8.454666137695312,27.172395706176758
2024-10-01,8.317193984985352,26.7264404296875
2024-10-02,8.347742080688477,26.89206886291504
2024-10-03,8.09570598602295,26.229551315307617
2024-10-04,8.110980033874512,26.282251358032227
2024-10-07,8.141530990600586,26.45541000366211
2024-10-08,8.141530990600586,26.61351776123047
2024-10-09,7.99641752243042,26.124155044555664
2024-10-10,8.034608840942383,26.267196655273438
2024-10-11,7.99641752243042,26.071456909179688
2024-10-14,8.065155982971191,26.23708724975586
2024-10-15,8.103343963623047,26.538227081298828
2024-10-16,8.08043098449707,26.380128860473633
2024-10-17,8.08043098449707,26.43282127380371
2024-10-18,8.103343963623047,26.560806274414062
2024-10-21,8.110980033874512,26.425294876098633
2024-10-22,8.118618965148926,26.470470428466797
2024-10-23,8.149169921875,26.63610076904297
2024-10-24,8.21790599822998,26.87700843811035
2024-10-25,8.133893013000488,26.57586669921875
2024-10-28,8.225544929504395,26.899595260620117
2024-10-29,8.172080993652344,26.61351776123047
2024-10-30,8.149169921875,26.538227081298828
2024-10-31,8.103343963623047,26.36507225036621
2024-11-01,8.026969909667969,26.220178604125977
2024-11-04,8.149169921875,26.574199676513672
2024-11-05,8.447028160095215,27.372634887695312
2024-11-06,8.431754112243652,27.24458885192871
2024-11-07,8.317193984985352,26.845373153686523
2024-11-08,8.164444923400879,26.42355728149414
2024-11-11,8.133893013000488,26.45368766784668
2024-11-12,8.08043098449707,26.13732147216797
2024-11-13,8.026969909667969,26.00174903869629
2024-11-14,7.958233833312988,25.926422119140625
2024-11-18,7.866581916809082,25.83603286743164
2024-11-19,7.942957401275635,26.069534301757812
2024-11-21,7.797845363616943,25.61759376525879
2024-11-22,7.843669414520264,25.692916870117188
2024-11-25,7.790207862854004,25.685388565063477
2024-11-26,7.973507881164551,26.174989700317383
2024-11-27,7.698559761047363,25.53473472595215
2024-11-28,7.469436168670654,24.615785598754883
2024-11-29,7.446522235870361,24.555530548095703
2024-12-02,7.349696636199951,24.207082748413086
2024-12-03,7.395633220672607,24.4783935546875
2024-12-04,7.443864345550537,24.629119873046875
2024-12-05,7.6126790046691895,25.156675338745117
2024-12-06,7.451904773712158,24.644197463989258
2024-12-09,7.476018905639648,24.764781951904297
2024-12-10,7.596601486206055,25.099973678588867
2024-12-11,7.685027599334717,25.34343719482422
2024-12-12,7.440853595733643,24.71194839477539
2024-12-13,7.416588306427002,24.39239501953125
2024-12-16,7.303359031677246,24.126102447509766
2024-12-17,7.311448097229004,24.25543975830078
2024-12-18,7.036458492279053,23.56308364868164
2024-12-19,7.101162910461426,23.692432403564453
2024-12-20,7.214392185211182,23.96632957458496
2024-12-23,7.117337226867676,23.502214431762695
2024-12-26,7.198216915130615,23.65437889099121
2024-12-27,7.1416015625,23.41852378845215
2024-12-30,7.1416015625,23.380483627319336
2025-01-02,7.0202836990356445,23.27211570739746
2025-01-03,6.898963928222656,22.701162338256836
2025-01-06,7.125424861907959,23.721269607543945
2025-01-07,7.182041645050049,23.980100631713867
2025-01-08,7.044545650482178,23.59184455871582
2025-01-09,7.101162910461426,23.652755737304688
2025-01-10,7.004107475280762,23.325403213500977
2025-01-13,7.052633762359619,23.492891311645508
2025-01-14,7.036458492279053,23.50811004638672
2025-01-15,7.33571195602417,24.528215408325195
2025-01-16,7.279094696044922,24.452091217041016
2025-01-17,7.319535732269287,24.627182006835938
2025-01-20,7.3761515617370605,24.863176345825195
2025-01-21,7.440853595733643,24.916471481323242
2025-01-22,7.432764530181885,24.82511329650879
2025-01-23,7.416588306427002,24.77182388305664
2025-01-24,7.400413513183594,24.71092414855957
2025-01-27,7.586435317993164,25.30471420288086
2025-01-28,7.586435317993164,25.350387573242188
2025-01-29,7.578345775604248,25.28948974609375
2025-01-30,7.756280899047852,25.9061222076416
2025-01-31,7.707753658294678,25.738637924194336
2025-02-03,7.626873016357422,25.500730514526367
2025-02-04,7.643049240112305,25.592132568359375
2025-02-05,7.732017517089844,25.980587005615234
2025-02-06,7.780544757843018,26.02628517150879
2025-02-07,7.6996660232543945,25.83586883544922
2025-02-10,7.740105628967285,26.117687225341797
2025-02-11,7.845248222351074,26.391881942749023
2025-02-12,7.643049240112305,25.66068458557129
2025-02-13,7.707753658294678,25.79778289794922
2025-02-14,7.934213638305664,26.483280181884766
2025-02-17,7.998917579650879,26.53660774230957
2025-02-18,7.968472003936768,26.492216110229492
2025-02-19,7.890603065490723,26.24484634399414
2025-02-20,7.864648342132568,26.173032760620117
2025-02-21,7.8559956550598145,26.09323501586914
2025-02-24,7.769474983215332,25.949602127075195
2025-02-25,7.812734603881836,26.212932586669922
2025-02-26,7.778128147125244,26.149091720581055
2025-02-27,7.804083824157715,26.12515640258789
2025-02-28,7.605088710784912,25.486787796020508
2025-03-05,7.680817127227783,25.86814308166504
2025-03-06,7.715610027313232,25.916048049926758
2025-03-07,7.79389762878418,26.027820587158203
2025-03-10,7.79389762878418,26.259355545043945
2025-03-11,7.715610027313232,26.027820587158203
2025-03-12,7.689513683319092,26.107662200927734
2025-03-13,7.811295509338379,26.530811309814453
2025-03-14,8.054855346679688,27.393085479736328
2025-03-17,8.272316932678223,28.215438842773438
2025-03-18,8.333206176757812,28.367130279541016
2025-03-19,8.394097328186035,28.43739128112793
2025-03-20,8.324508666992188,28.173925399780273
2025-03-21,8.315811157226562,28.235401153564453
2025-03-24,8.333206176757812,28.261741638183594
2025-03-25,8.446287155151367,28.490083694458008
2025-03-26,8.385398864746094,28.182701110839844
2025-03-27,8.454987525939941,28.217832565307617
2025-03-28,8.368001937866211,27.831405639648438
2025-03-31,8.220125198364258,27.58549690246582
2025-04-01,8.211426734924316,27.59222412109375
2025-04-02,8.220125198364258,27.60101318359375
2025-04-03,8.368001937866211,28.09310531616211
2025-04-04,8.124443054199219,27.363750457763672
2025-04-07,8.176631927490234,27.41647720336914
2025-04-08,8.159235954284668,27.425264358520508
2025-04-09,8.350603103637695,27.926145553588867
2025-04-10,8.307112693786621,27.811906814575195
2025-04-11,8.394097328186035,27.952499389648438
2025-04-14,8.507177352905273,28.409446716308594
2025-04-15,8.620259284973145,28.769723892211914
2025-04-16,8.602863311767578,28.725786209106445
2025-04-17,8.655054092407227,28.778514862060547
2025-04-22,8.846421241760254,29.34090805053711
2025-04-23,8.994296073913574,29.95601463317871
2025-04-24,9.185665130615234,30.53597640991211
2025-04-25,9.194363594055176,30.421741485595703
2025-04-28,9.246554374694824,30.746883392333984
2025-04-29,9.246554374694824,30.9929141998291
2025-04-30,9.30744457244873,31.26532745361328
2025-05-02,9.159568786621094,31.18413734436035
2025-05-05,9.116077423095703,30.6302490234375
2025-05-06,9.089981079101562,30.47201156616211
2025-05-07,9.168266296386719,30.806089401245117
2025-05-08,9.220457077026367,31.052261352539062
2025-05-09,9.611893653869629,32.73147201538086
2025-05-12,9.394429206848145,32.07210159301758
2025-05-13,9.542304992675781,32.46772003173828
2025-05-14,9.568400382995605,32.687522888183594
2025-05-15,9.690180778503418,33.12709426879883
2025-05-16,9.759770393371582,33.320518493652344
2025-05-19,9.864151954650879,33.71614456176758
2025-05-20,9.881546974182129,33.672183990478516
2025-05-21,9.733672142028809,32.9952278137207
2025-05-22,9.611893653869629,32.76664352416992
2025-05-23,9.690180778503418,33.162269592285156
2025-05-26,9.733672142028809,33.232608795166016
2025-05-27,9.820660591125488,33.49635314941406
2025-05-28,9.716276168823242,33.223812103271484
2025-05-29,9.646687507629395,32.96005630493164
2025-05-30,9.629290580749512,32.90730667114258
2025-06-02,9.588781356811523,32.67655944824219
2025-06-03,9.5713472366333,32.57099533081055
2025-06-04,9.545198440551758,32.49183654785156
2025-06-05,9.440591812133789,32.09602355957031
2025-06-06,9.423157691955566,32.175193786621094
2025-06-09,9.397006034851074,32.0080680847168
2025-06-10,9.327269554138184,31.958446502685547
2025-06-11,9.414441108703613,32.25139236450195
2025-06-12,9.43187427520752,32.49995422363281
2025-06-13,9.335986137390137,32.10934829711914
2025-06-16,9.458024978637695,32.69525909423828
2025-06-17,9.501611709594727,32.890560150146484
2025-06-18,9.484176635742188,32.69525909423828
2025-06-20,9.423157691955566,32.52660369873047
2025-06-23,9.343482971191406,32.45558166503906
2025-06-24,9.545077323913574,33.068111419677734
2025-06-25,9.413601875305176,32.47333526611328
2025-06-26,9.413601875305176,32.233638763427734
2025-06-27,9.387307167053223,32.19813919067383
2025-06-30,9.597668647766113,32.801795959472656
2025-07-01,9.641491889953613,32.95069122314453
2025-07-02,9.5363130569458,32.68424606323242
2025-07-03,9.737907409667969,33.492462158203125
2025-07-04,9.746671676635742,33.510223388671875
2025-07-07,9.597668647766113,33.06614303588867
2025-07-08,9.57137393951416,32.9862174987793
2025-07-09,9.378543853759766,32.30233383178711
2025-07-10,9.247068405151367,31.307592391967773
2025-07-11,9.185713768005371,31.050025939941406
2025-07-14,9.133123397827148,30.99673843383789
2025-07-15,9.141886711120605,31.103317260742188
2025-07-16,9.194477081298828,31.254304885864258
2025-07-17,9.343482971191406,31.725025177001953
2025-07-18,9.159420013427734,31.147727966308594
2025-07-21,9.255833625793457,31.51187515258789
2025-07-22,9.115594863891602,31.085556030273438
2025-07-23,9.238303184509277,31.431936264038086
2025-07-24,9.115594863891602,31.13884735107422
2025-07-25,9.150652885437012,31.272064208984375
2025-07-28,8.984119415283203,30.614835739135742
2025-07-29,9.010414123535156,30.792465209960938
2025-07-30,9.115594863891602,31.147727966308594
2025-07-31,9.071767807006836,31.227659225463867
2025-08-01,9.063003540039062,31.038957595825195
2025-08-04,9.133123397827148,31.367755889892578
2025-08-05,9.229538917541504,31.71430015563965
2025-08-06,9.387307167053223,32.11418151855469
2025-08-07,9.527546882629395,32.68288803100586
2025-08-08,9.56260871887207,32.905033111572266
2025-08-11,9.56260871887207,33.10941696166992
2025-08-12,9.772968292236328,33.79365158081055
2025-08-13,9.659022331237793,33.47374725341797
2025-08-14,9.659022331237793,33.42930221557617
2025-08-15,9.6677885055542,33.31379318237305
2025-08-18,9.729142189025879,33.553714752197266
2025-08-19,9.431317329406738,32.57877731323242
2025-08-20,9.458061218261719,32.59672164916992
2025-08-21,9.44914436340332,32.63261032104492
2025-08-22,9.778973579406738,33.54779815673828
2025-08-25,9.743317604064941,33.377315521240234
2025-08-26,9.698744773864746,33.15300750732422
2025-08-27,9.841375350952148,33.70930480957031
2025-08-28,9.96617317199707,34.409141540527344
2025-08-29,10.001830101013184,34.534751892089844
2025-09-01,10.076447486877441,34.8109245300293
2025-09-02,9.915653228759766,34.21847152709961
2025-09-03,9.799524307250977,33.922245025634766
2025-09-04,9.853123664855957,34.056884765625
2025-09-05,9.960317611694336,34.433902740478516
2025-09-08,9.915653228759766,34.272335052490234
2025-09-09,9.879922866821289,33.976104736328125
2025-09-10,9.897787094116211,34.003028869628906
2025-09-11,9.906720161437988,34.06587600708008
2025-09-12,9.826323509216309,33.55421447753906
2025-09-15,9.960317611694336,34.11075210571289
2025-09-16,9.951384544372559,34.0209846496582
2025-09-17,10.1389799118042,34.50572204589844
2025-09-18,10.147912979125977,34.550594329833984
2025-09-19,10.201510429382324,35.00841522216797
2025-09-22,10.094313621520996,34.50572204589844
2025-09-23,10.22830867767334,35.053287506103516
2025-09-24,10.174712181091309,34.81989669799805
2025-09-25,10.085381507873535,34.541622161865234
2025-09-26,10.165778160095215,34.712181091308594
2025-09-29,10.23724365234375,34.90966033935547
2025-09-30,10.246175765991211,35.07124328613281
2025-10-01,10.094313621520996,34.440486907958984
2025-10-02,9.96925163269043,34.063297271728516
2025-10-03,10.022849082946777,34.31476593017578
2025-10-06,9.978185653686523,33.919612884521484
2025-10-07,9.781659126281738,33.38078308105469
2025-10-08,9.853123664855957,33.443641662597656
2025-10-09,9.808456420898438,33.38976287841797
2025-10-10,9.781659126281738,33.35383605957031
2025-10-13,9.826323509216309,33.488555908203125
2025-10-14,9.835257530212402,33.632240295410156
2025-10-15,9.835257530212402,33.632240295410156
2025-10-16,9.808456420898438,33.55141067504883
2025-10-17,9.826323509216309,33.66816329956055
2025-10-20,10.031782150268555,34.26985549926758
2025-10-21,9.93351936340332,33.946556091308594
2025-10-22,10.040714263916016,34.22495651245117
2025-10-23,10.040714263916016,34.19801712036133
2025-10-24,10.076447486877441,34.153114318847656
2025-10-27,10.112180709838867,34.440486907958984
2025-10-28,10.147912979125977,34.5572395324707
2025-10-29,10.353372573852539,35.32956314086914
2025-10-30,10.308707237243652,35.28466033935547
2025-10-31,10.406970024108887,35.41938400268555
2025-11-03,10.523097038269043,36.01024627685547
2025-11-04,10.487366676330566,35.90243148803711
2025-11-05,10.54096508026123,36.05516052246094
2025-11-06,10.576698303222656,36.05516052246094
2025-11-07,10.549898147583008,36.091102600097656
2025-11-10,10.567763328552246,36.333683013916016
2025-11-11,10.853621482849121,37.034488677978516
2025-11-12,10.603495597839355,36.18993377685547
2025-11-13,10.66602611541748,36.333683013916016
2025-11-14,10.683894157409668,36.477447509765625
2025-11-17,10.648159980773926,36.20790100097656
2025-11-18,10.576698303222656,36.02821350097656
2025-11-19,10.496298789978027,35.8036003112793
2025-11-21,10.523097038269043,35.91141891479492
2025-11-24,10.549898147583008,35.776641845703125
2025-11-25,10.549898147583008,35.85750961303711
2025-11-26,10.80895709991455,36.702056884765625
2025-11-27,10.746424674987793,36.576263427734375
2025-11-28,11.014415740966797,37.411842346191406
2025-12-01,10.954923629760742,37.12209701538086
2025-12-02,11.223426818847656,37.94902420043945
2025-12-03,11.241327285766602,37.94902420043945
2025-12-04,11.554579734802246,38.883827209472656
2025-12-05,11.062325477600098,37.08614730834961
2025-12-08,11.1160249710083,37.26591110229492
2025-12-09,11.062325477600098,37.18501663208008
2025-12-10,11.103989601135254,37.4776725769043
2025-12-11,11.190068244934082,37.449153900146484
2025-12-12,11.276144027709961,37.781742095947266
2025-12-15,11.4769926071167,38.351898193359375
2025-12-16,11.094426155090332,37.3636360168457
2025-12-17,11.02747631072998,37.03105163574219
2025-12-18,11.094426155090332,37.22109603881836
2025-12-19,11.189495086669922,37.56317901611328
2025-12-22,11.17973804473877,37.63921356201172
2025-12-23,11.306560516357422,38.25686264038086
2025-12-26,11.316314697265625,38.269222259521484
2025-12-29,11.306560516357422,38.15176773071289
2025-12-30,11.39435863494873,38.39645767211914
2026-01-02,11.345582008361816,38.3359260559082
2026-01-05,11.618733406066895,38.89406967163086
2026-01-06,11.667510986328125,39.12908172607422
2026-01-07,11.482157707214355,38.50239562988281
2026-01-08,11.774821281433105,39.099708557128906
2026-01-09,11.8138427734375,39.02136993408203
2026-01-12,11.70653247833252,38.66885757446289
2026-01-13,11.667510986328125,38.35551071166992
2026-01-14,11.735797882080078,38.77656173706055
2026-01-15,11.882131576538086,39.109500885009766
2026-01-16,11.735797882080078,38.78635787963867
2026-01-19,11.687021255493164,38.72760772705078
2026-01-20,11.8138427734375,39.089908599853516
2026-01-21,12.40892505645752,40.80351638793945
2026-01-22,12.867430686950684,42.184207916259766
2026-01-23,13.033272743225098,42.66401290893555
2026-01-26,13.160094261169434,43.23196029663086
2026-01-27,13.511290550231934,44.37762451171875
2026-01-28,13.69664192199707,45.37641525268555
2026-01-29,13.540556907653809,45.19037628173828
2026-01-30,13.325936317443848,44.55388641357422
2026-02-02,13.521044731140137,44.943946838378906
2026-02-03,13.667376518249512,45.198638916015625
2026-02-04,13.247892379760742,43.70964813232422
2026-02-05,13.501535415649414,44.59129333496094
2026-02-06,13.833219528198242,45.79619216918945
2026-02-09,14.233192443847656,47.32436752319336
2026-02-10,14.262458801269531,47.432125091552734
2026-02-11,14.672187805175781,48.36273956298828
2026-02-12,14.311236381530762,47.25579071044922
2026-02-13,14.242948532104492,46.795387268066406
2026-02-18,14.233192443847656,47.010894775390625
2026-02-19,14.438058853149414,47.559471130371094
2026-02-20,14.70145320892334,48.22560119628906
2026-02-23,14.233192443847656,46.481910705566406
2026-02-24,14.477078437805176,47.187225341796875
2026-02-25,14.262458801269531,46.814971923828125
2026-02-26,14.29172420501709,46.697418212890625
2026-02-27,13.921018600463867,45.82557678222656
2026-03-02,13.817672729492188,45.00061798095703
2026-03-03,13.2899808883667,43.491451263427734
2026-03-04,13.553827285766602,44.10883331298828
2026-03-05,13.1043119430542,42.63887405395508
2026-03-06,13.016363143920898,42.07048034667969
2026-03-09,13.133628845214844,42.295875549316406
2026-03-10,13.299752235412598,42.92306900024414
2026-03-11,13.309525489807129,43.01126480102539
2026-03-12,13.02613639831543,41.83528518676758
2026-03-13,12.860011100769043,41.55109405517578
2026-03-16,13.074995994567871,42.13908386230469
2026-03-17,13.084768295288086,41.854888916015625
2026-03-18,13.065224647521973,41.43349838256836
2026-03-19,13.114084243774414,41.72749328613281
2026-03-20,12.912996292114258,41.05449676513672
2026-03-23,13.376286506652832,42.26981735229492
2026-03-24,13.307286262512207,42.032684326171875
2026-03-25,13.494573593139648,42.58600997924805
2026-03-26,13.238286018371582,41.43983840942383
2026-03-27,13.070712089538574,40.955684661865234
2026-03-30,13.16928482055664,41.1038932800293
2026-03-31,13.780433654785156,42.96147155761719
2026-04-01,13.977579116821289,43.325416564941406
2026-04-02,13.721291542053223,42.801517486572266
2026-04-06,13.68186092376709,42.98933410644531
2026-04-07,13.750863075256348,42.959678649902344
2026-04-08,14.273296356201172,44.46218490600586
2026-04-09,14.529584884643555,45.22331619262695
2026-04-10,14.598586082458496,45.53963088989258
2026-04-13,14.50001335144043,45.302398681640625
2026-04-14,14.618300437927246,45.99433135986328
2026-04-15,14.785874366760254,46.49846649169922
2026-04-16,14.598586082458496,46.439151763916016
2026-04-17,14.598586082458496,46.261226654052734
2026-04-20,14.529584884643555,45.836177825927734
2026-04-22,14.204296112060547,44.511600494384766
2026-04-23,13.957864761352539,43.671390533447266
2026-04-24,14.017008781433105,43.85919952392578
2026-04-27,13.898720741271973,43.48358154296875
2026-04-28,13.839577674865723,43.592308044433594
2026-04-29,13.46500301361084,42.37647247314453
2026-04-30,13.721291542053223,42.69279098510742
2026-05-04,13.405858993530273,41.929534912109375
2026-05-05,13.46500301361084,41.98886489868164
2026-05-06,13.366430282592773,41.316410064697266
2026-05-07,13.11014175415039,40.33739471435547
2026-05-08,13.307286262512207,40.802181243896484
2026-05-11,13.060855865478516,39.882503509521484
2026-05-12,12.843996047973633,39.4276008605957
2026-05-13,12.66656494140625,39.190269470214844
2026-05-14,12.9819974899292,39.951725006103516
2026-05-15,12.774993896484375,39.25949478149414
2026-05-18,12.656707763671875,39.18037796020508
2026-05-19,12.479277610778809,38.349700927734375
2026-05-20,12.814424514770508,39.22982406616211
2026-05-21,12.804566383361816,39.67483139038086
2026-05-22,12.686279296875,38.99248504638672
2026-05-25,12.922853469848633,39.87260818481445
2026-05-26,12.804566383361816,39.615501403808594
2026-05-27,12.883423805236816,39.87260818481445
2026-05-28,12.784852981567383,39.5561637878418
2026-05-29,12.735566139221191,39.59572219848633
2026-06-01,12.601495742797852,38.940948486328125
2026-06-02,12.73975658416748,39.13882064819336
2026-06-03,12.443483352661133,38.30775833129883
2026-06-05,12.384228706359863,38.41659164428711
2026-06-08,12.265719413757324,38.109886169433594
2026-06-09,12.423731803894043,38.80244064331055
2026-06-10,12.43360710144043,38.940948486328125
2026-06-11,12.769383430480957,40.06880187988281
2026-06-12,12.73975658416748,40.16773986816406
2026-06-15,12.631122589111328,39.969871520996094
2026-06-16,12.700252532958984,40.01934051513672
2026-06-17,12.868141174316406,40.3656120300293
2026-06-18,12.868141174316406,40.05891799926758
2026-06-19,12.76633071899414,39.801239013671875
2026-06-22,12.936016082763672,40.8693962097168
2026-06-23,13.00588607788086,40.97920227050781
2026-06-24,13.025849342346191,40.89934539794922
2026-06-25,13.275386810302734,41.62808609008789
2026-06-26,13.435091018676758,42.16715621948242
2026-06-29,13.494979858398438,42.33686065673828
2026-06-30,13.355238914489746,42.107261657714844
2026-07-01,13.375201225280762,42.38508224487305
2026-07-02,13.475016593933105,42.41504669189453
2026-07-03,13.57483196258545,42.684696197509766
2026-07-06,13.435091018676758,42.50492858886719
2026-07-07,13.465035438537598,42.37509536743164
2026-07-08,13.305331230163574,41.835792541503906
2026-07-09,13.564850807189941,42.53488540649414
2026-07-10,14.143776893615723,44.242671966552734
2026-07-13,13.794424057006836,43.46368408203125
2026-07-14,13.874276161193848,43.573543548583984
2026-07-15,13.904221534729004,43.084171295166016
2026-07-16,13.764480590820312,42.494937896728516
2026-07-17,13.584813117980957,41.905696868896484
2026-07-20,13.604776382446289,42.24525833129883
2026-07-21,13.594794273376465,42.4749641418457
2026-07-22,13.794424057006836,42.844486236572266
2026-07-23,13.704590797424316,42.50492858886719
2026-07-24,13.425108909606934,42.04551696777344
2026-07-27,13.694609642028809,42.6347541809082
2026-07-28,13.734536170959473,42.80453872680664
2026-07-29,13.465035438537598,41.7658805847168
2026-07-30,13.77446174621582,42.684696197509766
2026-07-31,13.794424057006836,42.834495544433594
2026-08-03,13.854313850402832,43.132415771484375
2026-08-04,13.624738693237305,42.06334686279297
2026-08-05,13.704590797424316,42.343109130859375
2026-08-06,13.48499870300293,41.79358673095703
2026-08-07,13.185553550720215,40.71452713012695
2026-08-10,13.095720291137695,40.38481140136719
2026-08-11,12.606626510620117,38.96604919433594
2026-08-12,12.426959991455078,38.39654541015625
2026-08-13,12.416977882385254,38.276649475097656
2026-08-14,12.466885566711426,38.96604919433594
2026-08-17,12.337125778198242,38.34659194946289
2026-08-18,12.317163467407227,38.15675354003906
2026-08-19,12.35708999633789,38.33659744262695
2026-08-20,12.167440414428711,37.47734451293945
2026-08-21,12.47686767578125,38.5663948059082
2026-08-24,12.62658977508545,38.696285247802734
2026-08-25,12.826220512390137,39.40566635131836
2026-08-26,12.876127243041992,39.4156608581543
2026-08-27,12.816238403320312,39.06595993041992
2026-08-28,12.926034927368164,39.1558837890625
2026-08-31,13.075757026672363,39.485599517822266
2026-09-01,13.1899995803833,39.863624572753906
2026-09-02,13.649999618530273,41.39299774169922
2026-09-03,13.739999771118164,41.90278625488281
2026-09-04,13.949999809265137,41.90278625488281
2026-09-08,14.1899995803833,42.41257858276367
2026-09-09,13.90999984741211,41.57292175292969
2026-09-10,14.170000076293945,42.33260726928711
2026-09-11,14.1899995803833,42.71245574951172
2026-09-14,14.050000190734863,42.33260726928711
2026-09-15,14.15999984741211,42.6524772644043
2026-09-16,14.199999809265137,42.60249710083008
2026-09-17,14.170000076293945,42.56251907348633
2026-09-18,14.029999732971191,42.3126220703125
