Date,ITUB4.SA,BBDC4.SA
2011-09-21,5.32999849319458,4.7992939949035645
2011-09-22,5.121443748474121,4.606788635253906
2011-09-23,5.062390327453613,4.455775260925293
2011-09-26,5.173124313354492,4.535433769226074
2011-09-27,5.387207508087158,4.626705169677734
2011-09-28,5.370599269866943,4.626705169677734
2011-09-29,5.4075093269348145,4.676488876342773
2011-09-30,5.361369609832764,4.5984954833984375
2011-10-03,5.293426513671875,4.480666637420654
2011-10-04,5.22880744934082,4.534796237945557
2011-10-05,5.317427635192871,4.541438579559326
2011-10-06,5.418976783752441,4.581289768218994
2011-10-07,5.352508544921875,4.466718673706055
2011-10-10,5.562992572784424,4.649368762969971
2011-10-11,5.668231964111328,4.69752311706543
2011-10-13,5.732848644256592,4.807114124298096
2011-10-14,5.797475814819336,4.797152519226074
2011-10-17,5.7790117263793945,4.782208442687988
2011-10-18,5.797475814819336,4.782208442687988
2011-10-19,5.9082560539245605,4.848625183105469
2011-10-20,5.834397792816162,4.848625183105469
2011-10-21,5.947028636932373,4.9515790939331055
2011-10-24,6.081809997558594,5.072793960571289
2011-10-25,6.081809997558594,5.072793960571289
2011-10-26,6.081809997558594,5.072793960571289
2011-10-27,6.081809997558594,5.072793960571289
2011-10-28,6.111347198486328,5.2222371101379395
2011-10-31,6.043036937713623,5.205633163452148
2011-11-01,5.93442964553833,5.106001853942871
2011-11-03,6.002769470214844,5.14188289642334
2011-11-04,6.024935722351074,5.1285929679870605
2011-11-07,6.021238327026367,5.150191307067871
2011-11-08,6.012004852294922,5.183415412902832
2011-11-09,5.860551357269287,5.100350379943848
2011-11-10,5.860551357269287,5.100350379943848
2011-11-11,5.880866527557373,5.075429439544678
2011-11-14,5.895642280578613,5.150191307067871
2011-11-16,5.93442964553833,5.168468475341797
2011-11-17,5.710940837860107,4.984053134918213
2011-11-18,5.624134063720703,4.892682075500488
2011-11-21,5.5428643226623535,4.801306247711182
2011-11-22,5.52808952331543,4.734854698181152
2011-11-23,5.459753036499023,4.6567702293396
2011-11-24,5.481911659240723,4.668399333953857
2011-11-25,5.450516700744629,4.651785373687744
2011-11-28,5.603818416595459,4.744823455810547
2011-11-29,5.559491157531738,4.708271503448486
2011-11-30,5.89195442199707,4.922588348388672
2011-12-01,6.125130653381348,5.093700885772705
2011-12-02,6.147308826446533,5.103007793426514
2011-12-05,6.245230674743652,5.164510726928711
2011-12-06,6.27294921875,5.196092128753662
2011-12-07,6.26370906829834,5.152873516082764
2011-12-08,6.250773906707764,5.152873516082764
2011-12-09,6.319141864776611,5.191101551055908
2011-12-12,6.319141864776611,5.191101551055908
2011-12-13,6.235992908477783,5.222108840942383
2011-12-14,6.189803123474121,5.157638072967529
2011-12-15,6.097414493560791,5.0269999504089355
2011-12-16,6.134370803833008,5.025304317474365
2011-12-19,6.097414493560791,5.072807788848877
2011-12-20,6.245230674743652,5.208534240722656
2011-12-21,6.245230674743652,5.191568374633789
2011-12-22,6.3560943603515625,5.259433269500732
2011-12-23,6.409676551818848,5.25603723526001
2011-12-26,6.374565601348877,5.240772247314453
2011-12-27,6.3928327560424805,5.25773286819458
2011-12-28,6.247496604919434,5.162727355957031
2011-12-29,6.333209991455078,5.217020034790039
2012-01-02,6.342898845672607,5.210226535797119
2012-01-03,6.5013275146484375,5.323276996612549
2012-01-04,6.508785724639893,5.331762313842773
2012-01-05,6.460326671600342,5.297819137573242
2012-01-06,6.508785724639893,5.36401891708374
2012-01-09,6.549793243408203,5.377598762512207
2012-01-10,6.635533809661865,5.389476776123047
2012-01-11,6.644847393035889,5.392870903015137
2012-01-12,6.659764766693115,5.3945698738098145
2012-01-13,6.616897106170654,5.297819137573242
2012-01-16,6.661627292633057,5.338554859161377
2012-01-17,6.661627292633057,5.338554859161377
2012-01-18,6.848016262054443,5.440404415130615
2012-01-19,6.887161731719971,5.457380294799805
2012-01-20,6.915118217468262,5.4794464111328125
2012-01-23,6.784647464752197,5.465867042541504
2012-01-24,6.661627292633057,5.5015106201171875
2012-01-26,6.7660088539123535,5.552435874938965
2012-01-27,6.730596542358398,5.594874382019043
2012-01-30,6.616897106170654,5.503210067749023
2012-01-31,6.5460686683654785,5.3300676345825195
2012-02-01,6.656449317932129,5.318184852600098
2012-02-02,6.656449317932129,5.331086158752441
2012-02-03,6.682554244995117,5.392222881317139
2012-02-06,6.723567962646484,5.392222881317139
2012-02-07,6.786963939666748,5.405818462371826
2012-02-08,6.936135768890381,5.388829231262207
2012-02-09,6.88951301574707,5.349766731262207
2012-02-10,6.768318176269531,5.249566078186035
2012-02-13,6.768318176269531,5.3191986083984375
2012-02-14,6.895115375518799,5.273343563079834
2012-02-15,6.786963939666748,5.215596675872803
2012-02-16,6.803750514984131,5.247863292694092
2012-02-17,6.835440635681152,5.232583999633789
2012-02-23,6.731029987335205,5.149364948272705
2012-02-24,6.712382793426514,5.1578545570373535
2012-02-27,6.639667987823486,5.105207920074463
2012-02-28,6.82052755355835,5.215596675872803
2012-02-29,6.86154842376709,5.298819065093994
2012-03-01,7.018409252166748,5.368450164794922
2012-03-02,7.112736225128174,5.4493255615234375
2012-03-05,7.008969783782959,5.3711652755737305
2012-03-06,6.7731404304504395,5.233529567718506
2012-03-07,6.914639949798584,5.354174613952637
2012-03-08,7.135378360748291,5.437434196472168
2012-03-09,7.248580455780029,5.534285068511963
2012-03-12,7.133492946624756,5.496906757354736
2012-03-13,7.21651029586792,5.590361595153809
2012-03-14,7.244809627532959,5.581865310668945
2012-03-15,7.25800895690918,5.610752105712891
2012-03-16,7.282538414001465,5.62434720993042
2012-03-19,7.282538414001465,5.571671485900879
2012-03-20,7.154247283935547,5.493504524230957
2012-03-21,7.112736225128174,5.505399227142334
2012-03-22,6.914639949798584,5.505399227142334
2012-03-23,6.848605155944824,5.564873695373535
2012-03-26,6.9693498611450195,5.619246482849121
2012-03-27,6.97501277923584,5.603951930999756
2012-03-28,6.7920026779174805,5.483310699462891
2012-03-29,6.722198009490967,5.445930004119873
2012-03-30,6.5901360511779785,5.4187421798706055
2012-04-02,6.662794589996338,5.434032917022705
2012-04-03,6.5589919090271,5.389416217803955
2012-04-04,6.357024192810059,5.253399848937988
2012-04-05,6.228681564331055,5.2194037437438965
2012-04-09,6.13430643081665,5.192203998565674
2012-04-10,6.009730339050293,5.183697700500488
2012-04-11,6.009730339050293,5.216004371643066
2012-04-12,6.221127033233643,5.3231120109558105
2012-04-13,5.9795331954956055,5.216004371643066
2012-04-16,5.93612003326416,5.188801288604736
2012-04-17,5.945558071136475,5.198999404907227
2012-04-18,5.9096999168396,5.192203998565674
2012-04-19,5.953110218048096,5.173498630523682
2012-04-20,6.083345413208008,5.168398380279541
2012-04-23,6.000296592712402,5.168398380279541
2012-04-24,5.93612003326416,5.209202766418457
2012-04-25,5.586937427520752,5.074890613555908
2012-04-26,5.588825225830078,5.108893394470215
2012-04-27,5.605812072753906,5.117394924163818
2012-04-30,5.6624369621276855,5.207504749298096
2012-05-02,5.5217485427856445,5.207504749298096
2012-05-03,5.514195442199707,5.103316783905029
2012-05-04,5.438657283782959,5.077802658081055
2012-05-07,5.476424694061279,5.05228853225708
2012-05-08,5.485866069793701,5.0233683586120605
2012-05-09,5.404667854309082,4.992749214172363
2012-05-10,5.406555652618408,5.011457443237305
2012-05-11,5.478312969207764,5.013164520263672
2012-05-14,5.363119125366211,4.907689571380615
2012-05-15,5.378224849700928,4.8668670654296875
2012-05-16,5.378224849700928,4.781808376312256
2012-05-17,5.108185768127441,4.572571277618408
2012-05-18,5.1346211433410645,4.601492881774902
2012-05-21,5.1346211433410645,4.926407814025879
2012-05-22,5.393333911895752,4.9247026443481445
2012-05-23,5.3857808113098145,4.86856746673584
2012-05-24,5.310243129730225,4.824339866638184
2012-05-25,5.374448299407959,4.875370025634766
2012-05-28,5.389557361602783,4.839648723602295
2012-05-29,5.338571071624756,4.890681266784668
2012-05-30,5.310243129730225,4.9383134841918945
2012-05-31,5.533077239990234,5.035279273986816
2012-06-01,5.399878978729248,5.011457443237305
2012-06-04,5.318632125854492,4.975301742553711
2012-06-05,5.2373881340026855,4.876579761505127
2012-06-06,5.456557273864746,5.072318077087402
2012-06-08,5.4244384765625,5.084236145019531
2012-06-11,5.47922945022583,5.140410900115967
2012-06-12,5.573696136474609,5.225511074066162
2012-06-13,5.583151340484619,5.2425312995910645
2012-06-14,5.586925029754639,5.276574611663818
2012-06-15,5.70595645904541,5.346360206604004
2012-06-18,5.70595645904541,5.302107334136963
2012-06-19,5.7588605880737305,5.344660758972168
2012-06-20,5.677614688873291,5.302107334136963
2012-06-21,5.454665660858154,5.148921012878418
2012-06-22,5.341306686401367,5.148921012878418
2012-06-25,5.1391425132751465,5.02125883102417
2012-06-26,5.1315813064575195,4.990622043609619
2012-06-27,5.19771146774292,5.068919658660889
2012-06-28,5.148586750030518,5.027205467224121
2012-06-29,5.345085144042969,5.131762504577637
2012-07-02,5.364936351776123,5.1437602043151855
2012-07-03,5.472686290740967,5.274229526519775
2012-07-04,5.504824161529541,5.279372215270996
2012-07-05,5.567201614379883,5.284520149230957
2012-07-06,5.529397487640381,5.265651226043701
2012-07-10,5.281755447387695,5.162739276885986
2012-07-11,5.304441452026367,5.154163837432861
2012-07-12,5.359262466430664,5.061546325683594
2012-07-13,5.510490417480469,5.116433143615723
2012-07-16,5.510490417480469,5.111281394958496
2012-07-17,5.463234901428223,5.109569549560547
2012-07-18,5.593672275543213,5.1987624168396
2012-07-19,5.70142126083374,5.257073879241943
2012-07-20,5.680628299713135,5.236493110656738
2012-07-23,5.519946098327637,4.986077308654785
2012-07-24,5.707094192504883,5.030671119689941
2012-07-25,5.746789455413818,5.052966117858887
2012-07-26,5.905585289001465,5.085554122924805
2012-07-27,6.124867916107178,5.368566989898682
2012-07-30,6.2931108474731445,5.433741092681885
2012-07-31,6.138107776641846,5.420018672943115
2012-08-01,6.095555305480957,5.445742607116699
2012-08-02,5.990133762359619,5.38578987121582
2012-08-03,6.171359062194824,5.541974067687988
2012-08-06,6.310622692108154,5.667269229888916
2012-08-07,6.310622692108154,5.723906517028809
2012-08-08,6.310622692108154,5.801135540008545
2012-08-09,6.449883460998535,5.766813278198242
2012-08-10,6.520469665527344,5.766813278198242
2012-08-13,6.476593494415283,5.861210346221924
2012-08-14,6.476593494415283,5.83031702041626
2012-08-15,6.476593494415283,5.885234355926514
2012-08-16,6.476593494415283,5.909265041351318
2012-08-17,6.476593494415283,5.969336986541748
2012-08-20,6.55289888381958,5.950457572937012
2012-08-21,6.514742851257324,5.933297634124756
2012-08-22,6.539546966552734,5.938443660736084
2012-08-23,6.495672225952148,5.8629255294799805
2012-08-24,6.488041400909424,5.8440446853637695
2012-08-27,6.390743255615234,5.80285120010376
2012-08-28,6.390743255615234,5.866360664367676
2012-08-29,6.2362260818481445,5.778829097747803
2012-08-30,6.199977874755859,5.783970355987549
2012-08-31,6.04736328125,5.638088226318359
2012-09-03,6.117028713226318,5.7633795738220215
2012-09-04,5.9929704666137695,5.701673984527588
2012-09-05,6.012049674987793,5.718841075897217
2012-09-06,6.183825969696045,5.7755126953125
2012-09-10,6.220090866088867,5.780668258666992
2012-09-11,6.286890506744385,5.8167338371276855
2012-09-12,6.452937126159668,5.899166107177734
2012-09-13,6.584628105163574,6.0520124435424805
2012-09-14,6.660971641540527,6.132728576660156
2012-09-17,6.584628105163574,6.156771183013916
2012-09-18,6.428128719329834,6.082925319671631
2012-09-19,6.431937217712402,6.079491138458252
2012-09-20,6.384230136871338,6.06746768951416
2012-09-21,6.42048978805542,6.113834381103516
2012-09-24,6.443397045135498,6.0777716636657715
2012-09-25,6.0559515953063965,5.667321681976318
2012-09-26,6.088393211364746,5.620952129364014
2012-09-27,6.012049674987793,5.693079948425293
2012-09-28,5.834552764892578,5.593475341796875
2012-10-01,5.92907190322876,5.691363334655762
2012-10-02,5.9004364013671875,5.70350456237793
2012-10-03,5.8240509033203125,5.560874938964844
2012-10-04,5.833599090576172,5.584933280944824
2012-10-05,5.8794264793396,5.5591607093811035
2012-10-08,5.892796993255615,5.538536071777344
2012-10-09,5.7476725578308105,5.371852397918701
2012-10-10,5.614006996154785,5.330605983734131
2012-10-11,5.661738395690918,5.425121784210205
2012-10-15,5.692296504974365,5.421685218811035
2012-10-16,5.711389064788818,5.511043071746826
2012-10-17,5.709479808807373,5.53681755065918
2012-10-18,5.6942057609558105,5.574624061584473
2012-10-19,5.6330976486206055,5.5591607093811035
2012-10-22,5.604452610015869,5.490423202514648
2012-10-23,5.426868438720703,5.3976216316223145
2012-10-24,5.648374557495117,5.438868045806885
2012-10-25,5.728576183319092,5.572904586791992
2012-10-26,5.650288105010986,5.4783935546875
2012-10-29,5.652198314666748,5.5024495124816895
2012-10-30,5.7209391593933105,5.541975021362305
2012-10-31,5.667470455169678,5.499013900756836
2012-11-01,5.922520637512207,5.696632385253906
2012-11-05,5.916790008544922,5.7001848220825195
2012-11-06,5.97219705581665,5.7775654792785645
2012-11-07,5.823176383972168,5.640004634857178
2012-11-08,5.693262577056885,5.547151565551758
2012-11-09,5.697084426879883,5.536834716796875
2012-11-12,5.693262577056885,5.500726222991943
2012-11-13,5.798338413238525,5.615931987762451
2012-11-14,5.718095779418945,5.571221351623535
2012-11-16,5.739112854003906,5.634847640991211
2012-11-19,5.916790008544922,5.760370254516602
2012-11-21,5.989385604858398,5.877299785614014
2012-11-22,6.060076713562012,5.940917015075684
2012-11-23,6.130764484405518,6.00969934463501
2012-11-26,6.0180439949035645,5.9529571533203125
2012-11-27,5.9244303703308105,5.861819744110107
2012-11-28,5.951180458068848,5.822271347045898
2012-11-29,6.102107524871826,5.915124893188477
2012-11-30,6.136497974395752,6.10255241394043
2012-12-03,6.304617881774902,6.150701522827148
2012-12-04,6.235841274261475,6.071671962738037
2012-12-05,6.26831579208374,6.168018341064453
2012-12-06,6.247308254241943,6.0407023429870605
2012-12-07,6.2587666511535645,6.0441412925720215
2012-12-10,6.262590408325195,6.123284339904785
2012-12-11,6.302704334259033,6.159415245056152
2012-12-12,6.277872562408447,6.166300296783447
2012-12-13,6.281696319580078,6.211031913757324
2012-12-14,6.228200912475586,6.183502197265625
2012-12-17,6.247308254241943,6.183502197265625
2012-12-18,6.283605575561523,6.188667297363281
2012-12-19,6.505219459533691,6.34179162979126
2012-12-20,6.476566791534424,6.279847621917725
2012-12-21,6.512862205505371,6.25576639175415
2012-12-26,6.505535125732422,6.221310138702393
2012-12-27,6.397562026977539,6.107718467712402
2012-12-28,6.4341959953308105,6.146162509918213
2013-01-02,6.651207447052002,6.289463996887207
2013-01-03,6.849898815155029,6.66494607925415
2013-01-04,6.809381008148193,6.553049564361572
2013-01-07,6.693642616271973,6.519827842712402
2013-01-08,6.720653057098389,6.54256010055542
2013-01-09,6.82867431640625,6.6264777183532715
2013-01-10,6.741873264312744,6.539061546325684
2013-01-11,6.759233474731445,6.516332626342773
2013-01-14,6.847965240478516,6.6264777183532715
2013-01-15,6.757305145263672,6.521575927734375
2013-01-16,6.81710147857666,6.554798603057861
2013-01-17,6.932845115661621,6.6631951332092285
2013-01-18,6.955988883972168,6.687673568725586
2013-01-21,6.9058356285095215,6.659704685211182
2013-01-22,6.9058356285095215,6.659704685211182
2013-01-23,6.8865485191345215,6.615992069244385
2013-01-24,6.89426326751709,6.600253582000732
2013-01-28,6.712934970855713,6.3974385261535645
2013-01-29,6.7032928466796875,6.324012279510498
2013-01-30,6.575977802276611,6.259313583374023
2013-01-31,6.622274875640869,6.399190425872803
2013-02-01,6.59043550491333,6.362471103668213
2013-02-04,6.436038970947266,6.280367374420166
2013-02-05,6.598148345947266,6.261122703552246
2013-02-06,6.461130142211914,6.170496463775635
2013-02-07,6.4206037521362305,6.117905616760254
2013-02-08,6.536399841308594,6.240614414215088
2013-02-13,6.519023418426514,6.186270713806152
2013-02-14,6.488144874572754,6.103881359100342
2013-02-15,6.7892022132873535,6.373844623565674
2013-02-18,6.860610008239746,6.477266788482666
2013-02-19,6.727456092834473,6.338782787322998
2013-02-20,6.609728813171387,6.1950364112854
2013-02-21,6.561483860015869,6.126672744750977
2013-02-22,6.773772716522217,6.252885818481445
2013-02-25,6.787272930145264,6.237109661102295
2013-02-26,6.663764953613281,6.100378036499023
2013-02-27,6.68885612487793,6.135436058044434
2013-02-28,6.7641191482543945,6.191529273986816
2013-03-01,6.795968532562256,6.261651515960693
2013-03-04,6.767012596130371,6.337188720703125
2013-03-05,6.7612199783325195,6.3529744148254395
2013-03-06,6.95103645324707,6.3442063331604
2013-03-07,6.99592924118042,6.409106254577637
2013-03-08,7.20283842086792,6.503815650939941
2013-03-11,7.163803577423096,6.503815650939941
2013-03-12,7.056440830230713,6.452950477600098
2013-03-13,7.046679973602295,6.474000930786133
2013-03-14,6.939321994781494,6.452950477600098
2013-03-15,6.945176601409912,6.496801376342773
2013-03-18,7.075961112976074,6.377531051635742
2013-03-19,6.992023944854736,6.296850204467773
2013-03-20,7.052538871765137,6.3529744148254395
2013-03-21,6.974453449249268,6.2950897216796875
2013-03-22,6.888570785522461,6.284573078155518
2013-03-25,6.831958293914795,6.195117473602295
2013-03-26,6.9041829109191895,6.293689727783203
2013-03-27,6.919800281524658,6.430678844451904
2013-03-28,6.919800281524658,6.430678844451904
2013-04-01,6.911015510559082,6.517500877380371
2013-04-02,6.787985801696777,6.448125839233398
2013-04-03,6.799701690673828,6.525351524353027
2013-04-04,6.606369972229004,6.397932529449463
2013-04-05,6.6044230461120605,6.430750370025635
2013-04-08,6.6005120277404785,6.305265426635742
2013-04-09,6.756742000579834,6.5079755783081055
2013-04-10,6.858285427093506,6.660490036010742
2013-04-11,6.883669376373291,6.652764797210693
2013-04-12,6.756742000579834,6.602571964263916
2013-04-15,6.610278606414795,6.4056572914123535
2013-04-16,6.77626895904541,6.5234174728393555
2013-04-17,6.610278606414795,6.2840256690979
2013-04-18,6.383751392364502,6.164334774017334
2013-04-19,6.52435302734375,6.2357635498046875
2013-04-22,6.491153240203857,6.212597846984863
2013-04-23,6.532164096832275,6.2840256690979
2013-04-24,6.579032897949219,6.2724456787109375
2013-04-25,6.575127124786377,6.224178791046143
2013-04-26,6.575127124786377,6.224178791046143
2013-04-29,6.4052324295043945,6.156610012054443
2013-04-30,6.573178291320801,6.361251354217529
2013-05-02,6.494045257568359,6.349663257598877
2013-05-03,6.58391809463501,6.336274147033691
2013-05-06,6.574151992797852,6.278321266174316
2013-05-07,6.767566204071045,6.452179431915283
2013-05-08,6.837899684906006,6.510134696960449
2013-05-09,6.837899684906006,6.500475883483887
2013-05-10,6.773428440093994,6.473428726196289
2013-05-13,6.644482612609863,6.316952228546143
2013-05-14,6.7441253662109375,6.4038848876953125
2013-05-15,6.857438087463379,6.452179431915283
2013-05-16,6.792972564697266,6.465701103210449
2013-05-17,6.863293647766113,6.585474014282227
2013-05-20,6.312355995178223,6.712972640991211
2013-05-21,7.055340766906738,6.747748851776123
2013-05-22,7.147755146026611,6.772860050201416
2013-05-23,7.087582111358643,6.680129051208496
2013-05-24,7.066089153289795,6.629908084869385
2013-05-27,7.036002159118652,6.6067214012146
2013-05-28,7.059642791748047,6.645361423492432
2013-05-29,6.887720108032227,6.502406120300293
2013-05-31,6.958637714385986,6.631838321685791
2013-06-03,6.905963897705078,6.440589427947998
2013-06-04,6.9403605461120605,6.3575968742370605
2013-06-05,6.699556350708008,6.177829265594482
2013-06-06,6.761909484863281,6.181694984436035
2013-06-07,6.718907356262207,6.032857418060303
2013-06-10,6.706007480621338,6.160436153411865
2013-06-11,6.486701011657715,5.924610137939453
2013-06-12,6.471648216247559,5.905282497406006
2013-06-13,6.454453468322754,5.824094772338867
2013-06-14,6.316845893859863,5.727446556091309
2013-06-17,6.35125207901001,5.7545084953308105
2013-06-18,6.3125457763671875,5.711981296539307
2013-06-19,6.235142707824707,5.58827018737793
2013-06-20,6.306097030639648,5.599871635437012
2013-06-21,6.140543460845947,5.489686965942383
2013-06-24,5.93413782119751,5.383373260498047
2013-06-25,5.957788944244385,5.427833080291748
2013-06-26,5.987888813018799,5.4626264572143555
2013-06-27,6.108292579650879,5.478091239929199
2013-06-28,6.181395053863525,5.598176956176758
2013-07-01,6.130840301513672,5.607914447784424
2013-07-02,5.866247177124023,5.323544502258301
2013-07-03,5.799560070037842,5.280681610107422
2013-07-04,5.8726959228515625,5.272884845733643
2013-07-05,5.76514196395874,5.089713096618652
2013-07-08,5.7845025062561035,5.0936126708984375
2013-07-10,5.80601167678833,5.091666221618652
2013-07-11,5.952294826507568,5.333292007446289
2013-07-12,5.8899054527282715,5.319650173187256
2013-07-15,5.997464179992676,5.461900234222412
2013-07-16,6.031887054443359,5.442412376403809
2013-07-17,6.109328269958496,5.57296895980835
2013-07-18,6.117935657501221,5.498918533325195
2013-07-19,6.120086669921875,5.411231517791748
2013-07-22,6.221191883087158,5.609992027282715
2013-07-23,6.305084705352783,5.689882755279541
2013-07-24,6.229795455932617,5.606091499328613
2013-07-25,6.238400459289551,5.617786407470703
2013-07-26,6.238400459289551,5.617786407470703
2013-07-29,6.236242294311523,5.506712436676025
2013-07-30,6.285724639892578,5.485280513763428
2013-07-31,6.264214515686035,5.397592544555664
2013-08-01,6.471907615661621,5.541790008544922
2013-08-02,6.43532133102417,5.499020099639893
2013-08-05,6.334160327911377,5.385915756225586
2013-08-06,6.187811374664307,5.2767181396484375
2013-08-07,6.176374435424805,5.292319297790527
2013-08-08,6.354580402374268,5.463920593261719
2013-08-09,6.385005950927734,5.520467758178711
2013-08-12,6.552346706390381,5.616023540496826
2013-08-13,6.597987174987793,5.742769718170166
2013-08-14,6.532793998718262,5.684272289276123
2013-08-15,6.478457450866699,5.61016845703125
2013-08-16,6.345888137817383,5.557522296905518
2013-08-19,6.2893877029418945,5.547769069671631
2013-08-20,6.222015857696533,5.473668575286865
2013-08-21,6.176374435424805,5.382018089294434
2013-08-22,6.180720329284668,5.362517833709717
2013-08-23,6.391528606414795,5.4697723388671875
2013-08-26,6.282867908477783,5.403467655181885
2013-08-27,6.106832504272461,5.245518207550049
2013-08-28,6.128566265106201,5.216269016265869
2013-08-29,6.1785454750061035,5.304016590118408
2013-08-30,6.304599761962891,5.413215160369873
2013-09-02,6.370920181274414,5.456120491027832
2013-09-03,6.307859897613525,5.395752429962158
2013-09-04,6.3230767250061035,5.423072338104248
2013-09-05,6.390485763549805,5.485520362854004
2013-09-06,6.520944595336914,5.5909013748168945
2013-09-09,6.703598499298096,5.754817008972168
2013-09-10,6.751434803009033,5.8250732421875
2013-09-11,6.718819618225098,5.8816680908203125
2013-09-12,6.703598499298096,5.768481254577637
2013-09-13,6.80143928527832,5.815315246582031
2013-09-16,6.760129928588867,5.840682506561279
2013-09-17,6.8688459396362305,5.901181221008301
2013-09-18,7.066716194152832,6.0963215827941895
2013-09-19,7.023228645324707,6.121693134307861
2013-09-20,6.810138702392578,5.969478607177734
2013-09-23,6.871025085449219,6.0007004737854
2013-09-24,6.844929218292236,6.0007004737854
2013-09-25,6.851452350616455,6.0299763679504395
2013-09-26,6.849278926849365,6.0280256271362305
2013-09-27,7.001482963562012,6.172434329986572
2013-09-30,6.8362274169921875,5.928499221801758
2013-10-01,6.90693473815918,6.008509635925293
2013-10-02,6.8786540031433105,6.024257183074951
2013-10-03,6.896056652069092,6.004732131958008
2013-10-04,6.90693473815918,5.975440502166748
2013-10-07,6.876477241516113,6.004732131958008
2013-10-08,6.852548599243164,5.996921539306641
2013-10-09,6.926509857177734,6.096513748168945
2013-10-10,7.048336505889893,6.180480480194092
2013-10-11,6.980897903442383,6.160951137542725
2013-10-14,7.0309343338012695,6.295696258544922
2013-10-15,7.059209823608398,6.311315059661865
2013-10-16,7.139699459075928,6.365992069244385
2013-10-17,7.200613975524902,6.399186611175537
2013-10-18,7.378997802734375,6.444101333618164
2013-10-21,7.311556816101074,6.365992069244385
2013-10-22,7.350718021392822,6.457769870758057
2013-10-23,7.25064754486084,6.3269362449646
2013-10-24,7.215841770172119,6.321079254150391
2013-10-25,7.178856372833252,6.280071258544922
2013-10-28,7.26370096206665,6.276167869567871
2013-10-29,7.529098033905029,6.344512462615967
2013-10-30,7.502996444702148,6.3191237449646
2013-10-31,7.522575378417969,6.289839267730713
2013-11-01,7.454017639160156,6.295696258544922
2013-11-04,7.510605812072754,6.448235511779785
2013-11-05,7.3865532875061035,6.3622565269470215
2013-11-06,7.29732084274292,6.291913032531738
2013-11-07,7.18850564956665,6.237203121185303
2013-11-08,6.999166488647461,6.0144453048706055
2013-11-11,7.02963399887085,6.008584499359131
2013-11-12,7.0187506675720215,5.959733486175537
2013-11-13,7.160208225250244,6.039849281311035
2013-11-14,7.312555313110352,6.153181552886963
2013-11-18,7.412668704986572,6.188353061676025
2013-11-19,7.214620590209961,5.985134601593018
2013-11-21,7.140627384185791,5.959733486175537
2013-11-22,7.033984184265137,5.920653343200684
2013-11-25,6.929520130157471,5.867895603179932
2013-11-26,6.964341163635254,5.842493534088135
2013-11-27,7.149327754974365,5.979272365570068
2013-11-28,7.084037780761719,5.998816013336182
2013-11-29,7.168918132781982,6.057432174682617
2013-12-02,7.015416622161865,5.922604084014893
2013-12-03,6.858645915985107,5.7897748947143555
2013-12-04,6.830343246459961,5.713512420654297
2013-12-05,6.771553993225098,5.674407482147217
2013-12-06,6.843404769897461,5.670497894287109
2013-12-09,6.908722877502441,5.697869777679443
2013-12-10,6.865180015563965,5.629435062408447
2013-12-11,6.682278156280518,5.506247520446777
2013-12-12,6.738892555236816,5.553173542022705
2013-12-13,6.765020370483398,5.578591823577881
2013-12-16,6.78679084777832,5.615752220153809
2013-12-17,6.795499801635742,5.607929706573486
2013-12-18,6.836869716644287,5.639209747314453
2013-12-19,6.989287376403809,5.736977577209473
2013-12-20,6.823807716369629,5.647032260894775
2013-12-23,6.896922588348389,5.609883785247803
2013-12-26,6.945135116577148,5.6819868087768555
2013-12-27,6.925413608551025,5.717622756958008
2013-12-30,7.028412342071533,5.759199619293213
2014-01-02,6.911109447479248,5.6859540939331055
2014-01-03,6.897949695587158,5.6641740798950195
2014-01-06,6.908919334411621,5.7116875648498535
2014-01-07,6.856294631958008,5.586958408355713
2014-01-08,6.96373176574707,5.5829973220825195
2014-01-09,6.746669769287109,5.422637462615967
2014-01-10,6.779555797576904,5.468170642852783
2014-01-13,6.7488579750061035,5.42857551574707
2014-01-14,6.849714279174805,5.478071212768555
2014-01-15,6.851906776428223,5.509746074676514
2014-01-16,6.70938777923584,5.4305548667907715
2014-01-17,6.577831745147705,5.377101898193359
2014-01-20,6.525210857391357,5.345426082611084
2014-01-21,6.617301940917969,5.406798839569092
2014-01-22,6.632645130157471,5.4424357414245605
2014-01-23,6.501094341278076,5.319687843322754
2014-01-24,6.4155802726745605,5.214758396148682
2014-01-27,6.544939994812012,5.240497589111328
2014-01-28,6.590987682342529,5.244454860687256
2014-01-29,6.466010570526123,5.123686790466309
2014-01-30,6.472591400146484,5.092011451721191
2014-01-31,6.6348347663879395,5.179120063781738
2014-02-03,6.559156894683838,4.996979236602783
2014-02-04,6.877243995666504,5.117979049682617
2014-02-05,6.8443379402160645,5.096179962158203
2014-02-06,6.986926078796387,5.197237491607666
2014-02-07,6.982540130615234,5.2705488204956055
2014-02-10,6.9715704917907715,5.177422523498535
2014-02-11,6.984736919403076,5.2705488204956055
2014-02-12,6.910150527954102,5.244789123535156
2014-02-13,6.879433631896973,5.2309184074401855
2014-02-14,6.932089328765869,5.290360450744629
2014-02-17,6.8443379402160645,5.254696369171143
2014-02-18,6.802651882171631,5.2309184074401855
2014-02-19,6.939576625823975,5.339894771575928
2014-02-20,6.930643558502197,5.29234504699707
2014-02-21,6.939576625823975,5.403303146362305
2014-02-24,6.977506160736084,5.466707229614258
2014-02-25,6.930643558502197,5.339894771575928
2014-02-26,6.903873443603516,5.324045658111572
2014-02-27,7.013208866119385,5.435004711151123
2014-02-28,6.964120388031006,5.411226749420166
2014-03-05,6.860307693481445,5.343857765197754
2014-03-06,7.050065040588379,5.552201271057129
2014-03-07,6.909423828125,5.480815887451172
2014-03-10,6.820127487182617,5.3499369621276855
2014-03-11,6.893798351287842,5.375717639923096
2014-03-12,6.808963298797607,5.40942907333374
2014-03-13,6.717433929443359,5.294417381286621
2014-03-14,6.538841247558594,5.228982925415039
2014-03-17,6.675018787384033,5.340027332305908
2014-03-18,6.800034999847412,5.403480529785156
2014-03-19,6.831287860870361,5.457021236419678
2014-03-20,6.974162578582764,5.6116862297058105
2014-03-21,7.000955104827881,5.601771354675293
2014-03-24,7.204106330871582,5.770320892333984
2014-03-25,7.24429178237915,5.724714279174805
2014-03-26,7.30680513381958,5.851620674133301
2014-03-27,7.4653096199035645,6.07370662689209
2014-03-28,7.420656204223633,6.087592601776123
2014-03-31,7.563529014587402,6.184752941131592
2014-04-01,7.6271867752075195,6.246225357055664
2014-04-02,7.872860431671143,6.409064292907715
2014-04-03,7.781290531158447,6.375332355499268
2014-04-04,7.669622421264648,6.299931049346924
2014-04-07,7.84383487701416,6.553912162780762
2014-04-08,7.729925632476807,6.4249348640441895
2014-04-09,7.6271867752075195,6.371358871459961
2014-04-10,7.7098259925842285,6.413030624389648
2014-04-11,7.892965316772461,6.58168888092041
2014-04-14,7.792457103729248,6.500335216522217
2014-04-15,7.604851245880127,6.4388251304626465
2014-04-16,7.74332332611084,6.514228343963623
2014-04-17,7.939866065979004,6.63328218460083
2014-04-22,7.995704174041748,6.611454010009766
2014-04-23,7.980064868927002,6.561849594116211
2014-04-24,8.15203857421875,6.667011737823486
2014-04-25,8.230208396911621,6.6531243324279785
2014-04-28,8.21457290649414,6.605503082275391
2014-04-29,8.219043731689453,6.657093524932861
2014-04-30,8.212346076965332,6.591609477996826
2014-05-02,8.367630004882812,6.706696033477783
2014-05-05,8.45700454711914,6.812057971954346
2014-05-06,8.378801345825195,6.861690998077393
2014-05-07,8.436901092529297,6.943096160888672
2014-05-08,8.307299613952637,6.865662574768066
2014-05-09,8.233565330505371,6.808084964752197
2014-05-12,8.392208099365234,6.931182861328125
2014-05-13,8.340818405151367,6.897432327270508
2014-05-14,8.376567840576172,7.01258659362793
2014-05-15,8.314004898071289,6.9232401847839355
2014-05-16,8.39667797088623,6.958978176116943
2014-05-19,8.343053817749023,6.84978723526001
2014-05-20,8.195581436157227,6.726686000823975
2014-05-21,8.02131175994873,6.555936813354492
2014-05-22,8.11961841583252,6.62344217300415
2014-05-23,7.996728897094727,6.518212795257568
2014-05-26,7.972148418426514,6.49240255355835
2014-05-27,7.976619243621826,6.393128395080566
2014-05-28,8.12185001373291,6.458649158477783
2014-05-29,7.998970031738281,6.389154434204102
2014-05-30,7.775528430938721,6.196571350097656
2014-06-02,7.828057765960693,6.20451021194458
2014-06-03,7.875005722045898,6.258289813995361
2014-06-04,7.78558874130249,6.204647064208984
2014-06-05,7.6827616691589355,6.1569600105285645
2014-06-06,8.025660514831543,6.456964492797852
2014-06-09,8.328096389770508,6.631797790527344
2014-06-10,8.305965423583984,6.764908790588379
2014-06-11,8.478083610534668,6.838418483734131
2014-06-13,8.431371688842773,6.8225226402282715
2014-06-16,8.374812126159668,6.816565036773682
2014-06-17,8.264167785644531,6.725174903869629
2014-06-18,8.377274513244629,6.842392921447754
2014-06-20,8.25433349609375,6.824512004852295
2014-06-23,8.19285774230957,6.768877029418945
2014-06-24,8.207613945007324,6.832457542419434
2014-06-25,7.946985244750977,6.559961795806885
2014-06-26,7.919928073883057,6.545969486236572
2014-06-27,7.895341396331787,6.474013328552246
2014-06-30,7.855999946594238,6.406051158905029
2014-07-01,7.891670227050781,6.400063514709473
2014-07-02,7.763749122619629,6.38618803024292
2014-07-03,7.8203325271606445,6.496191501617432
2014-07-04,7.8154096603393555,6.528197765350342
2014-07-07,7.822793483734131,6.464193820953369
2014-07-08,7.805569171905518,6.410191059112549
2014-07-10,8.167186737060547,6.600194931030273
2014-07-11,8.154891014099121,6.642198085784912
2014-07-14,8.346773147583008,6.880203723907471
2014-07-15,8.447624206542969,6.942206859588623
2014-07-16,8.228693008422852,6.714199066162109
2014-07-17,8.240988731384277,6.68419885635376
2014-07-18,8.644429206848145,7.004206657409668
2014-07-21,8.718232154846191,7.086211204528809
2014-07-22,8.701008796691895,7.036208152770996
2014-07-23,8.703469276428223,7.0402092933654785
2014-07-24,8.831389427185059,7.120210647583008
2014-07-25,8.794486999511719,7.060211658477783
2014-07-28,8.735445976257324,6.988211154937744
2014-07-29,8.774809837341309,7.018212795257568
2014-07-30,8.816629409790039,6.982208728790283
2014-07-31,8.629667282104492,6.9222092628479
2014-08-01,8.621054649353027,7.000208377838135
2014-08-04,8.729340553283691,7.1044111251831055
2014-08-05,8.847469329833984,7.024353981018066
2014-08-06,8.810553550720215,7.028357982635498
2014-08-07,8.731802940368652,6.954314231872559
2014-08-08,8.613677024841309,6.804219722747803
2014-08-11,8.771183013916016,6.994341850280762
2014-08-12,8.746567726135254,6.994341850280762
2014-08-13,8.596446990966797,6.928296089172363
2014-08-14,8.751850128173828,7.134427547454834
2014-08-15,8.881028175354004,7.234487533569336
2014-08-18,9.010205268859863,7.284515857696533
2014-08-19,9.318242073059082,7.504654884338379
2014-08-20,9.362961769104004,7.544682025909424
2014-08-21,9.417613983154297,7.644740104675293
2014-08-22,9.310787200927734,7.524668216705322
2014-08-25,9.54182243347168,7.738804817199707
2014-08-26,9.606409072875977,7.780825614929199
2014-08-27,9.897061347961426,7.986954212188721
2014-08-28,9.80267333984375,8.004961967468262
2014-08-29,10.06102180480957,8.233104705810547
2014-09-01,10.06474781036377,8.14706039428711
2014-09-02,10.248652458190918,8.319376945495605
2014-09-03,10.213863372802734,8.337394714355469
2014-09-04,10.005109786987305,8.049073219299316
2014-09-05,10.079659461975098,8.187227249145508
2014-09-08,9.818727493286133,7.958974361419678
2014-09-09,9.667130470275879,7.852847099304199
2014-09-10,9.56275463104248,7.65863561630249
2014-09-11,9.547844886779785,7.622596263885498
2014-09-12,9.204898834228516,7.408358573913574
2014-09-15,9.438496589660645,7.65863561630249
2014-09-16,9.682045936584473,7.852847099304199
2014-09-17,9.724283218383789,7.892899036407471
2014-09-18,9.609973907470703,7.7887797355651855
2014-09-19,9.381343841552734,7.608580589294434
2014-09-22,9.254593849182129,7.546509265899658
2014-09-23,9.20987319946289,7.484442710876465
2014-09-24,9.281935691833496,7.542506694793701
2014-09-25,8.991178512573242,7.36229944229126
2014-09-26,9.368912696838379,7.686668872833252
2014-09-29,8.712841033935547,7.146060466766357
2014-09-30,8.412145614624023,6.975863933563232
2014-10-01,8.19459342956543,6.7215776443481445
2014-10-02,8.468085289001465,6.934082984924316
2014-10-03,8.666984558105469,7.078332424163818
2014-10-06,9.13190746307373,7.613263130187988
2014-10-07,9.146829605102539,7.563176155090332
2014-10-08,9.027484893798828,7.4990692138671875
2014-10-09,9.141845703125,7.645318031311035
2014-10-10,8.763946533203125,7.262658596038818
2014-10-13,9.44765567779541,7.845669746398926
2014-10-14,9.534672737121582,7.953860282897949
2014-10-15,9.107044219970703,7.519102096557617
2014-10-16,8.865880966186523,7.252636432647705
2014-10-17,9.124445915222168,7.533125877380371
2014-10-20,8.900686264038086,7.354814529418945
2014-10-21,8.453165054321289,7.036261558532715
2014-10-22,8.398470878601074,6.99218225479126
2014-10-23,8.018075942993164,6.619535446166992
2014-10-24,8.241835594177246,6.793835639953613
2014-10-27,8.06033992767334,6.719705581665039
2014-10-28,8.428303718566895,7.042270660400391
2014-10-29,8.184653282165527,6.763779640197754
2014-10-30,8.845988273620605,7.222586631774902
2014-10-31,9.13190746307373,7.477031707763672
2014-11-03,9.10329818725586,7.380863666534424
2014-11-04,9.277410507202148,7.47521448135376
2014-11-05,9.175432205200195,7.364957809448242
2014-11-06,8.842143058776855,7.206593990325928
2014-11-07,8.991374015808105,7.236659526824951
2014-11-10,8.966498374938965,7.274748802185059
2014-11-11,8.961528778076172,7.318851470947266
2014-11-12,9.028679847717285,7.338891506195068
2014-11-13,8.737676620483398,7.144450664520264
2014-11-14,8.779958724975586,7.16850471496582
2014-11-17,8.715290069580078,7.00813627243042
2014-11-18,8.968994140625,7.322859764099121
2014-11-19,9.329639434814453,7.637585639953613
2014-11-21,9.943987846374512,8.218920707702637
2014-11-24,9.737544059753418,8.086618423461914
2014-11-25,9.861907958984375,8.202881813049316
2014-11-26,9.779831886291504,8.118692398071289
2014-11-27,9.635562896728516,7.966340065002441
2014-11-28,9.625621795654297,7.944288730621338
2014-12-01,9.178994178771973,7.537354469299316
2014-12-02,9.10185718536377,7.429174900054932
2014-12-03,9.178994178771973,7.511415481567383
2014-12-04,9.04214096069336,7.350954532623291
2014-12-05,9.213824272155762,7.513422012329102
2014-12-08,8.870451927185059,7.1363420486450195
2014-12-09,8.905284881591797,7.3028130531311035
2014-12-10,8.770928382873535,7.090210437774658
2014-12-11,8.870451927185059,7.260694980621338
2014-12-12,8.397688865661621,6.835484981536865
2014-12-15,8.218539237976074,6.642938137054443
2014-12-16,8.178733825683594,6.677035331726074
2014-12-17,8.591773986816406,7.003965854644775
2014-12-18,8.527078628540039,6.961844444274902
2014-12-19,8.658950805664062,7.140353202819824
2014-12-22,8.718670845031738,7.200527191162109
2014-12-23,8.7584810256958,7.3166046142578125
2014-12-26,8.63407039642334,7.161365509033203
2014-12-29,8.658950805664062,7.210385322570801
2014-12-30,8.60919189453125,7.161365509033203
2015-01-02,8.421249389648438,7.006126880645752
2015-01-05,8.463570594787598,7.020569801330566
2015-01-06,8.60047721862793,7.251526355743408
2015-01-07,8.911640167236328,7.539705276489258
2015-01-08,9.05103874206543,7.578537464141846
2015-01-09,8.655245780944824,7.249476432800293
2015-01-12,8.44614315032959,7.120715618133545
2015-01-13,8.436185836791992,7.143194198608398
2015-01-14,8.493433952331543,7.218826770782471
2015-01-15,8.418758392333984,7.145246982574463
2015-01-16,8.548201560974121,7.214733123779297
2015-01-19,8.239535331726074,7.06348991394043
2015-01-20,8.266913414001465,7.041008472442627
2015-01-21,8.510866165161133,7.212688446044922
2015-01-22,8.553178787231445,7.292398929595947
2015-01-23,8.471036911010742,7.229043006896973
2015-01-26,8.570603370666504,7.345538139343262
2015-01-27,8.538243293762207,7.357798099517822
2015-01-28,8.363992691040039,7.204509735107422
2015-01-29,8.306743621826172,7.106410503387451
2015-01-30,8.189750671386719,6.893847465515137
2015-02-02,8.298076629638672,6.965387344360352
2015-02-03,8.529683113098145,7.223204612731934
2015-02-04,8.843478202819824,7.405209064483643
2015-02-05,8.76877212524414,7.286595344543457
2015-02-06,8.748842239379883,7.317269802093506
2015-02-09,8.803633689880371,7.392946243286133
2015-02-10,8.691566467285156,7.238317012786865
2015-02-11,8.544636726379395,7.043185710906982
2015-02-12,8.7692289352417,7.322530269622803
2015-02-13,9.06018352508545,7.517661094665527
2015-02-18,9.113762855529785,7.599822521209717
2015-02-19,9.111214637756348,7.583393573760986
2015-02-20,9.159708023071289,7.601875305175781
2015-02-23,9.249029159545898,7.675822734832764
2015-02-24,9.346013069152832,7.760035991668701
2015-02-25,9.368983268737793,7.803163051605225
2015-02-26,9.414923667907715,7.8195977210998535
2015-02-27,9.315388679504395,7.72306489944458
2015-03-02,9.273265838623047,7.618305206298828
2015-03-03,9.344746589660645,7.634883403778076
2015-03-04,9.263049125671387,7.476632595062256
2015-03-05,9.18134593963623,7.464300155639648
2015-03-06,8.936244010925293,7.373878479003906
2015-03-09,8.703898429870605,7.162199974060059
2015-03-10,8.361763000488281,6.923803329467773
2015-03-11,8.645172119140625,7.131371974945068
2015-03-12,8.680912971496582,7.003954887390137
2015-03-13,8.637511253356934,6.917634963989258
2015-03-16,8.637511253356934,7.020398139953613
2015-03-17,8.885169982910156,7.295782566070557
2015-03-18,9.1532564163208,7.583506107330322
2015-03-19,9.097090721130371,7.456087112426758
2015-03-20,9.173691749572754,7.571176528930664
2015-03-23,9.11496353149414,7.55267858505249
2015-03-24,9.058795928955078,7.480743885040283
2015-03-25,9.05113697052002,7.484854221343994
2015-03-26,8.795808792114258,7.254681587219238
2015-03-27,8.642620086669922,7.053277492523193
2015-03-30,8.933688163757324,7.201249599456787
2015-03-31,9.015386581420898,7.2875657081604
2015-04-01,9.323179244995117,7.52431583404541
2015-04-02,9.412581443786621,7.60302209854126
2015-04-06,9.5275239944458,7.6770548820495605
2015-04-07,9.532628059387207,7.719000339508057
2015-04-08,9.57861328125,7.71653413772583
2015-04-09,9.387042045593262,7.578347206115723
2015-04-10,9.456005096435547,7.607960224151611
2015-04-13,9.381928443908691,7.6277008056640625
2015-04-14,9.381928443908691,7.733813762664795
2015-04-15,9.517303466796875,7.817711353302002
2015-04-16,9.445788383483887,7.8201823234558105
2015-04-17,9.325737953186035,7.588221549987793
2015-04-20,9.16992473602295,7.546266555786133
2015-04-22,9.42535400390625,7.607960224151611
2015-04-23,9.680781364440918,7.802910327911377
2015-04-24,9.994956970214844,8.02006721496582
2015-04-27,9.808493614196777,7.869536399841309
2015-04-28,9.908111572265625,8.02006721496582
2015-04-29,9.772732734680176,7.780697345733643
2015-04-30,9.841699600219727,7.941096305847168
2015-05-04,9.952855110168457,7.9805827140808105
2015-05-05,9.855752944946289,8.012420654296875
2015-05-06,9.607893943786621,7.814887523651123
2015-05-07,9.646224975585938,7.785255432128906
2015-05-08,9.773993492126465,7.814887523651123
2015-05-11,9.727994918823242,7.790193557739258
2015-05-12,9.684553146362305,7.711184978485107
2015-05-13,9.61811351776123,7.634638786315918
2015-05-14,9.712658882141113,7.809947490692139
2015-05-15,9.894081115722656,7.945752143859863
2015-05-18,9.630890846252441,7.743280410766602
2015-05-19,9.495458602905273,7.6741461753845215
2015-05-20,9.326807022094727,7.456859111785889
2015-05-21,9.214374542236328,7.367969512939453
2015-05-22,9.020174026489258,7.160561561584473
2015-05-25,9.05339241027832,7.234635829925537
2015-05-26,8.920523643493652,6.975373268127441
2015-05-27,9.101943016052246,7.2296929359436035
2015-05-28,8.994624137878418,7.145744323730469
2015-05-29,8.772311210632324,6.963028430938721
2015-06-01,8.712240219116211,6.9210524559021
2015-06-02,8.906527519226074,7.157987117767334
2015-06-03,8.681559562683105,6.965265274047852
2015-06-05,8.474495887756348,6.817015171051025
2015-06-08,8.438704490661621,6.809604167938232
2015-06-09,8.38501262664795,6.770070552825928
2015-06-10,8.630431175231934,7.017148971557617
2015-06-11,8.57674789428711,7.007266044616699
2015-06-12,8.487274169921875,6.86890172958374
2015-06-15,8.530734062194824,6.841726779937744
2015-06-16,8.832390785217285,6.994916915893555
2015-06-17,8.676446914672852,6.846665382385254
2015-06-18,8.891185760498047,7.103631019592285
2015-06-19,8.791485786437988,6.960323333740234
2015-06-22,8.81705093383789,7.027035713195801
2015-06-23,8.90396499633789,7.118962287902832
2015-06-24,8.934642791748047,7.163733959197998
2015-06-25,8.781262397766113,7.138857364654541
2015-06-26,8.857952117919922,7.243332386016846
2015-06-29,8.74547290802002,7.049313068389893
2015-06-30,8.748030662536621,7.071699142456055
2015-07-01,8.79790210723877,7.049313068389893
2015-07-02,8.915544509887695,7.193416595458984
2015-07-03,8.826033592224121,7.111274719238281
2015-07-06,8.675141334533691,6.971888065338135
2015-07-07,8.708383560180664,6.909661293029785
2015-07-08,8.608635902404785,6.802635669708252
2015-07-10,8.86951732635498,7.093852519989014
2015-07-13,8.951350212097168,7.218306541442871
2015-07-14,8.957488059997559,7.263105392456055
2015-07-15,8.802759170532227,7.228267669677734
2015-07-16,8.828078269958496,7.193416595458984
2015-07-17,8.774620056152344,7.173503398895264
2015-07-20,8.721168518066406,7.034114837646484
2015-07-21,8.648026466369629,6.944510459899902
2015-07-22,8.512991905212402,6.857396602630615
2015-07-23,8.158517837524414,6.593553066253662
2015-07-24,8.121939659118652,6.653290271759033
2015-07-27,8.105062484741211,6.745380878448486
2015-07-28,8.254165649414062,6.815079212188721
2015-07-29,8.335753440856934,6.872330665588379
2015-07-30,8.231658935546875,6.695601463317871
2015-07-31,8.462353706359863,6.839964866638184
2015-08-03,8.421537399291992,6.548747539520264
2015-08-04,8.218879699707031,6.488703727722168
2015-08-05,8.204809188842773,6.461307048797607
2015-08-06,8.173847198486328,6.488703727722168
2015-08-07,7.934597492218018,6.306872367858887
2015-08-10,8.038745880126953,6.389069557189941
2015-08-11,8.021852493286133,6.496176242828369
2015-08-12,7.791049003601074,6.199765682220459
2015-08-13,7.610340118408203,6.052799224853516
2015-08-14,7.60178804397583,6.020422458648682
2015-08-17,7.521977424621582,5.918292045593262
2015-08-18,7.64739465713501,6.037856101989746
2015-08-19,7.490625858306885,5.856026649475098
2015-08-20,7.507726192474365,5.823643207550049
2015-08-21,7.5248284339904785,5.758879661560059
2015-08-24,7.370909690856934,5.733972549438477
2015-08-25,7.356664180755615,5.631848335266113
2015-08-26,7.801309585571289,5.998003959655762
2015-08-27,8.077791213989258,6.167379856109619
2015-08-28,7.846912384033203,5.970605373382568
2015-08-31,7.567581653594971,5.741444110870361
2015-09-01,7.392192363739014,5.577047348022461
2015-09-02,7.566159725189209,5.6789937019348145
2015-09-03,7.854200839996338,5.821091651916504
2015-09-04,7.534789562225342,5.574289321899414
2015-09-08,7.617487907409668,5.703925132751465
2015-09-09,7.703050136566162,5.771233081817627
2015-09-10,7.549046516418457,5.646588325500488
2015-09-11,7.563304424285889,5.584262371063232
2015-09-14,7.8684563636779785,5.833558082580566
2015-09-15,8.062393188476562,5.945740699768066
2015-09-16,8.196432113647461,6.167616367340088
2015-09-17,8.267731666564941,6.1501665115356445
2015-09-18,7.942613124847412,5.816108703613281
2015-09-21,7.765787124633789,5.636614799499512
2015-09-22,7.839941501617432,5.659050941467285
2015-09-23,7.529082298278809,5.467090129852295
2015-09-24,7.614641189575195,5.531908988952637
2015-09-25,7.429266929626465,5.4047675132751465
2015-09-28,7.423564910888672,5.270144462585449
2015-09-29,7.392192363739014,5.237739086151123
2015-09-30,7.560454368591309,5.3399505615234375
2015-10-01,7.670318126678467,5.4122443199157715
2015-10-02,7.981350421905518,5.616585731506348
2015-10-05,8.149712562561035,5.7812652587890625
2015-10-06,8.223899841308594,5.836160182952881
2015-10-07,8.457891464233398,6.045750141143799
2015-10-08,8.489279747009277,6.0507402420043945
2015-10-09,8.432205200195312,5.985870361328125
2015-10-13,7.981350421905518,5.659002304077148
2015-10-14,7.907157897949219,5.629057884216309
2015-10-15,7.775895118713379,5.6090989112854
2015-10-16,7.658902168273926,5.501806259155273
2015-10-19,7.841529846191406,5.494321346282959
2015-10-20,7.68173360824585,5.364573001861572
2015-10-21,7.624656677246094,5.3720598220825195
2015-10-22,7.784456253051758,5.451903820037842
2015-10-23,7.733092784881592,5.377050876617432
2015-10-26,7.618945598602295,5.337125778198242
2015-10-27,7.576146125793457,5.359584331512451
2015-10-28,7.62751579284668,5.594130039215088
2015-10-29,7.41920280456543,5.2497992515563965
2015-10-30,7.553317070007324,5.239815711975098
2015-11-03,8.04012393951416,5.516780376434326
2015-11-04,8.060111045837402,5.4066338539123535
2015-11-05,8.157186508178711,5.553972244262695
2015-11-06,8.034416198730469,5.47406005859375
2015-11-09,7.82885217666626,5.351690769195557
2015-11-10,7.877382755279541,5.324222564697266
2015-11-11,8.091517448425293,5.4540815353393555
2015-11-12,8.114360809326172,5.451583385467529
2015-11-13,7.888798713684082,5.371671199798584
2015-11-16,8.111507415771484,5.416623592376709
2015-11-17,8.16860580444336,5.618905067443848
2015-11-18,8.1486234664917,5.663854598999023
2015-11-19,8.371326446533203,5.843660831451416
2015-11-23,8.368468284606934,5.7862229347229
2015-11-24,8.379888534545898,5.7462639808654785
2015-11-25,7.968747138977051,5.466569900512695
2015-11-26,8.085805892944336,5.586435794830322
2015-11-27,7.871669769287109,5.381659030914307
2015-11-30,7.934491157531738,5.274280071258545
2015-12-01,7.995903015136719,5.244311332702637
2015-12-02,7.741656303405762,5.241543769836426
2015-12-03,8.23300838470459,5.471505165100098
2015-12-04,8.050183296203613,5.396517753601074
2015-12-07,7.9901909828186035,5.341527938842773
2015-12-08,7.898775100708008,5.224050998687744
2015-12-09,8.32728099822998,5.486501216888428
2015-12-10,8.286717414855957,5.249044895172119
2015-12-11,8.286717414855957,5.2040557861328125
2015-12-14,8.091052055358887,5.111569881439209
2015-12-15,8.142844200134277,5.191552639007568
2015-12-16,8.088175773620605,5.236545085906982
2015-12-17,8.226285934448242,5.349321365356445
2015-12-18,7.748651027679443,5.117533206939697
2015-12-21,7.604787349700928,4.969087600708008
2015-12-22,7.6536993980407715,5.01336145401001
2015-12-23,7.624930381774902,5.052425384521484
2015-12-28,7.596151351928711,5.1019086837768555
2015-12-29,7.601907730102539,5.127955913543701
2015-12-30,7.576009273529053,5.021172523498535
2016-01-04,7.234853267669678,4.948253154754639
2016-01-05,7.295309543609619,4.966220855712891
2016-01-06,7.266526699066162,4.89583683013916
2016-01-07,7.12833309173584,4.796774387359619
2016-01-08,7.131209373474121,4.702920436859131
2016-01-11,7.047715187072754,4.569970607757568
2016-01-12,7.079388618469238,4.543900489807129
2016-01-13,6.969989776611328,4.4787278175354
2016-01-14,7.070749759674072,4.61428689956665
2016-01-15,6.886495590209961,4.496973514556885
2016-01-18,6.805882453918457,4.457870006561279
2016-01-19,6.736790180206299,4.4891557693481445
2016-01-20,6.641788959503174,4.4995808601379395
2016-01-21,6.6561808586120605,4.434407711029053
2016-01-22,6.719515800476074,4.525650501251221
2016-01-26,6.791490077972412,4.473514080047607
2016-01-27,6.817403793334961,4.528256416320801
2016-01-28,6.863461971282959,4.536077499389648
2016-01-29,7.1830363273620605,4.731603145599365
2016-02-01,7.337149143218994,4.854125022888184
2016-02-02,6.809974670410156,4.658130168914795
2016-02-03,6.974180221557617,4.882556438446045
2016-02-04,7.075005531311035,5.1487345695495605
2016-02-05,7.144144058227539,5.096545696258545
2016-02-10,7.178711891174316,5.153953552246094
2016-02-11,6.965537071228027,5.0208635330200195
2016-02-12,7.020270347595215,5.036520481109619
2016-02-15,6.997223854064941,5.036520481109619
2016-02-16,7.167184829711914,5.216586112976074
2016-02-17,7.244964599609375,5.273995399475098
2016-02-18,7.098049640655518,5.167003631591797
2016-02-19,7.1822099685668945,5.187880039215088
2016-02-22,7.472226142883301,5.459275245666504
2016-02-23,7.365684986114502,5.407083034515381
2016-02-24,7.303544044494629,5.396646499633789
2016-02-25,7.309462547302246,5.380987644195557
2016-02-26,7.309462547302246,5.396646499633789
2016-02-29,7.51661491394043,5.568878650665283
2016-03-01,7.870456218719482,5.725457191467285
2016-03-02,8.054043769836426,5.850547790527344
2016-03-03,8.85056209564209,6.372917652130127
2016-03-04,9.282880783081055,7.03110408782959
2016-03-07,9.241425514221191,6.832603454589844
2016-03-08,9.448690414428711,6.866560935974121
2016-03-09,9.134830474853516,6.555747985839844
2016-03-10,9.493112564086914,6.751638889312744
2016-03-11,9.5730562210083,6.99193000793457
2016-03-14,9.528644561767578,6.9475226402282715
2016-03-15,9.10521125793457,6.581864356994629
2016-03-16,8.835766792297363,6.435604572296143
2016-03-17,9.801063537597656,7.274008750915527
2016-03-18,9.827705383300781,7.177369117736816
2016-03-21,9.830668449401855,7.297513961791992
2016-03-22,9.578981399536133,7.221770763397217
2016-03-23,9.273990631103516,6.9867024421691895
2016-03-24,9.17628288269043,6.858721733093262
2016-03-28,9.404277801513672,7.193039894104004
2016-03-29,9.460538864135742,7.318408489227295
2016-03-30,9.513836860656738,7.328855514526367
2016-03-31,9.241425514221191,7.067671298980713
2016-04-01,9.305112838745117,7.208707809448242
2016-04-04,8.979246139526367,6.915706634521484
2016-04-05,8.997015953063965,6.947070598602295
2016-04-06,8.73928451538086,6.764111518859863
2016-04-07,8.834083557128906,6.816389560699463
2016-04-08,9.39102554321289,7.163999557495117
2016-04-11,9.438420295715332,7.284235000610352
2016-04-12,9.865017890930176,7.626616954803467
2016-04-13,9.986480712890625,8.389276504516602
2016-04-14,9.696162223815918,7.501165390014648
2016-04-15,9.758374214172363,7.53513765335083
2016-04-18,9.687275886535645,7.492271423339844
2016-04-19,9.740595817565918,7.509523868560791
2016-04-20,9.559881210327148,7.503775596618652
2016-04-22,9.385101318359375,7.345648288726807
2016-04-25,9.302151679992676,7.176028251647949
2016-04-26,9.625060081481934,7.43477201461792
2016-04-27,9.95389461517334,7.696405410766602
2016-04-28,9.885758399963379,7.538275241851807
2016-04-29,9.737638473510742,7.446276664733887
2016-05-02,9.469406127929688,7.299652576446533
2016-05-03,8.924070358276367,7.146857261657715
2016-05-04,9.143387794494629,7.451836109161377
2016-05-05,9.007051467895508,7.264820575714111
2016-05-06,9.01001262664795,7.299343109130859
2016-05-09,9.06633186340332,7.34537935256958
2016-05-10,9.635380744934082,7.661868095397949
2016-05-11,9.576108932495117,7.736672401428223
2016-05-12,9.670947074890137,7.903549671173096
2016-05-13,9.30639934539795,7.58418607711792
2016-05-16,9.164135932922363,7.451836109161377
2016-05-17,8.968523025512695,7.210150241851807
2016-05-18,9.107821464538574,7.2418036460876465
2016-05-19,9.03076171875,7.09219217300415
2016-05-20,8.915173530578613,7.014509677886963
2016-05-23,8.944816589355469,7.0346503257751465
2016-05-24,8.93592357635498,7.054784297943115
2016-05-25,8.894429206848145,7.026015281677246
2016-05-27,8.80550765991211,6.9253153800964355
2016-05-30,8.80255126953125,6.905176162719727
2016-05-31,8.609905242919922,6.559917449951172
2016-06-01,8.738892555236816,6.680756092071533
2016-06-02,8.869366645812988,6.896416664123535
2016-06-03,8.8604736328125,6.930971145629883
2016-06-06,8.774477005004883,6.890655517578125
2016-06-07,8.9168119430542,6.979922771453857
2016-06-08,9.05322551727295,7.198760986328125
2016-06-09,9.032464027404785,7.21027946472168
2016-06-10,8.569868087768555,6.922328472137451
2016-06-13,8.608423233032227,7.0375075340271
2016-06-14,8.483871459960938,6.899296283721924
2016-06-15,8.442359924316406,6.910815715789795
2016-06-16,8.596555709838867,7.014477729797363
2016-06-17,8.575800895690918,6.971284866333008
2016-06-20,8.718135833740234,7.086465358734131
2016-06-21,8.715168952941895,7.169969081878662
2016-06-22,8.56393814086914,7.155571937561035
2016-06-23,8.896063804626465,7.390443801879883
2016-06-24,8.584696769714355,7.207645416259766
2016-06-27,8.297054290771484,6.92327880859375
2016-06-28,8.587664604187012,7.094479084014893
2016-06-29,8.780414581298828,7.265671730041504
2016-06-30,8.985015869140625,7.306291580200195
2016-07-01,9.170440673828125,7.433965682983398
2016-07-04,9.164514541625977,7.465601921081543
2016-07-05,9.099244117736816,7.462697505950928
2016-07-06,9.134843826293945,7.462697505950928
2016-07-07,9.226815223693848,7.491734504699707
2016-07-08,9.476025581359863,7.697902202606201
2016-07-11,9.56800365447998,7.785017490386963
2016-07-12,9.487895965576172,7.721135139465332
2016-07-13,9.683700561523438,7.892457485198975
2016-07-14,9.959620475769043,8.217679023742676
2016-07-15,9.926990509033203,8.217679023742676
2016-07-18,10.096094131469727,8.389001846313477
2016-07-19,10.036751747131348,8.357062339782715
2016-07-20,10.193998336791992,8.429651260375977
2016-07-21,10.05752182006836,8.36577033996582
2016-07-22,10.119824409484863,8.420944213867188
2016-07-25,10.042688369750977,8.394806861877441
2016-07-26,9.915120124816895,8.328027725219727
2016-07-27,9.953680992126465,8.357062339782715
2016-07-28,9.843914985656738,7.985379219055176
2016-07-29,10.024896621704102,8.235098838806152
2016-08-01,9.922496795654297,8.246719360351562
2016-08-02,10.041211128234863,8.144707679748535
2016-08-03,10.459722518920898,8.33358097076416
2016-08-04,10.519081115722656,8.423654556274414
2016-08-05,10.456751823425293,8.475964546203613
2016-08-08,10.388484954833984,8.391695022583008
2016-08-09,10.409263610839844,8.348109245300293
2016-08-10,10.32319164276123,8.228972434997559
2016-08-11,10.58735179901123,8.47305679321289
2016-08-12,10.667490005493164,8.4846773147583
2016-08-15,10.901308059692383,8.609625816345215
2016-08-16,10.856287002563477,8.478860855102539
2016-08-17,11.000358581542969,8.574753761291504
2016-08-18,10.979344367980957,8.59799861907959
2016-08-19,10.907310485839844,8.548603057861328
2016-08-22,10.697208404541016,8.319049835205078
2016-08-23,10.679197311401367,8.228972434997559
2016-08-24,10.628169059753418,8.170858383178711
2016-08-25,10.595161437988281,8.208637237548828
2016-08-26,10.72421646118164,8.32196044921875
2016-08-29,10.913300514221191,8.47305679321289
2016-08-30,10.98534870147705,8.499205589294434
2016-08-31,10.760233879089355,8.444005012512207
2016-09-01,10.866835594177246,8.359731674194336
2016-09-02,11.02597713470459,8.60366439819336
2016-09-05,11.028976440429688,8.632744789123535
2016-09-06,11.13407039642334,8.722874641418457
2016-09-08,11.00195598602295,8.839188575744629
2016-09-09,10.58458423614502,8.350702285766602
2016-09-12,10.722702980041504,8.379779815673828
2016-09-13,10.509509086608887,8.030861854553223
2016-09-14,10.518519401550293,8.097742080688477
2016-09-15,10.746726989746094,8.318717956542969
2016-09-16,10.50350570678711,8.167524337768555
2016-09-19,10.578572273254395,8.211135864257812
2016-09-20,10.602599143981934,8.301268577575684
2016-09-21,10.70468521118164,8.464094161987305
2016-09-22,10.875838279724121,8.626927375793457
2016-09-23,10.848816871643066,8.644370079040527
2016-09-26,10.764739036560059,8.53679084777832
2016-09-27,10.887850761413574,8.714155197143555
2016-09-28,10.965923309326172,8.766497611999512
2016-09-29,10.686676025390625,8.621110916137695
2016-09-30,10.665654182434082,8.626927375793457
2016-10-03,10.919488906860352,8.848860740661621
2016-10-04,11.015621185302734,8.976359367370605
2016-10-05,11.231904983520508,9.047691345214844
2016-10-06,11.325029373168945,9.047691345214844
2016-10-07,11.43016242980957,9.175506591796875
2016-10-10,11.44517707824707,9.172520637512207
2016-10-11,11.406131744384766,9.139829635620117
2016-10-13,11.53530502319336,9.151727676391602
2016-10-14,11.754596710205078,9.226027488708496
2016-10-17,12.012937545776367,9.410310745239258
2016-10-18,12.179954528808594,9.639182090759277
2016-10-19,11.98170280456543,9.570816993713379
2016-10-20,12.018046379089355,9.710517883300781
2016-10-21,11.998220443725586,9.618374824523926
2016-10-24,11.895782470703125,9.52623176574707
2016-10-25,11.83299732208252,9.48165225982666
2016-10-26,11.905704498291016,9.443004608154297
2016-10-27,12.16013240814209,9.600539207458496
2016-10-28,12.262572288513184,9.636212348937988
2016-10-31,12.688836097717285,9.939380645751953
2016-11-01,12.313645362854004,9.648092269897461
2016-11-03,12.04919147491455,9.418780326843262
2016-11-04,12.14836597442627,9.418780326843262
2016-11-07,12.584709167480469,9.745926856994629
2016-11-08,12.61446475982666,9.739978790283203
2016-11-09,12.211158752441406,9.472312927246094
2016-11-10,11.602926254272461,8.627684593200684
2016-11-11,11.4541654586792,8.642560958862305
2016-11-14,11.384742736816406,8.705008506774902
2016-11-16,11.9467134475708,8.83586597442627
2016-11-17,11.589696884155273,8.559285163879395
2016-11-18,11.6987943649292,8.707995414733887
2016-11-21,11.794654846191406,8.758546829223633
2016-11-22,11.834317207336426,8.818025588989258
2016-11-23,11.725237846374512,8.856680870056152
2016-11-24,11.602926254272461,8.773415565490723
2016-11-25,11.523589134216309,8.815051078796387
2016-11-28,11.768206596374512,8.925091743469238
2016-11-29,11.483915328979492,8.642560958862305
2016-11-30,11.708699226379395,8.847764015197754
2016-12-01,11.177915573120117,8.35407543182373
2016-12-02,11.224222183227539,8.487678527832031
2016-12-05,11.184530258178711,8.443045616149902
2016-12-06,11.33334732055664,8.624578475952148
2016-12-07,11.244062423706055,8.571009635925293
2016-12-08,11.177915573120117,8.481727600097656
2016-12-09,11.21098804473877,8.594820022583008
2016-12-12,10.74799919128418,8.237696647644043
2016-12-13,10.797603607177734,8.270427703857422
2016-12-14,10.774455070495605,8.172224044799805
2016-12-15,10.731461524963379,8.199003219604492
2016-12-16,10.539643287658691,8.154365539550781
2016-12-19,10.255249977111816,7.97580099105835
2016-12-20,10.516491889953613,8.14841365814209
2016-12-21,10.513201713562012,8.079963684082031
2016-12-22,10.599173545837402,8.044450759887695
2016-12-23,10.898372650146484,8.212859153747559
2016-12-26,10.985642433166504,8.363222122192383
2016-12-27,10.978926658630371,8.282024383544922
2016-12-28,11.237370491027832,8.579751968383789
2016-12-29,11.361560821533203,8.721083641052246
2017-01-02,11.25914478302002,8.660938262939453
2017-01-03,11.735966682434082,9.027750015258789
2017-01-04,11.786345481872559,8.970575332641602
2017-01-05,11.947515487670898,9.069879531860352
2017-01-06,11.987813949584961,9.127054214477539
2017-01-09,12.044897079467773,9.139094352722168
2017-01-10,12.004606246948242,9.139094352722168
2017-01-11,12.028115272521973,9.208298683166504
2017-01-12,12.333684921264648,9.42497444152832
2017-01-13,12.081839561462402,9.349740982055664
2017-01-16,12.091910362243652,9.367795944213867
2017-01-17,12.417633056640625,9.635622024536133
2017-01-18,12.320250511169434,9.539327621459961
2017-01-19,12.253092765808105,9.530298233032227
2017-01-20,12.290033340454102,9.485153198242188
2017-01-23,12.703062057495117,9.701827049255371
2017-01-24,12.672831535339355,9.665709495544434
2017-01-26,12.844090461730957,9.882381439208984
2017-01-27,12.776928901672363,9.912473678588867
2017-01-30,12.504942893981934,9.737937927246094
2017-01-31,12.504942893981934,9.840248107910156
2017-02-01,12.637635231018066,9.759001731872559
2017-02-02,12.600672721862793,9.394350051879883
2017-02-03,12.862707138061523,9.623187065124512
2017-02-06,12.76863956451416,9.424454689025879
2017-02-07,13.017223358154297,9.409404754638672
2017-02-08,13.353153228759766,9.584039688110352
2017-02-09,13.413619995117188,9.641252517700195
2017-02-10,13.457296371459961,9.785780906677246
2017-02-13,13.393472671508789,9.812882423400879
2017-02-14,13.437128067016602,9.752655982971191
2017-02-15,14.001490592956543,9.963430404663086
2017-02-16,13.729399681091309,9.930307388305664
2017-02-17,13.722687721252441,9.909228324890137
2017-02-20,13.786503791809082,9.948372840881348
2017-02-21,13.98695182800293,10.22839641571045
2017-02-22,14.02803897857666,10.29464340209961
2017-02-23,13.815741539001465,10.138073921203613
2017-02-24,13.70617389678955,10.062795639038086
2017-03-01,13.683914184570312,9.972461700439453
2017-03-02,13.54348087310791,9.942014694213867
2017-03-03,13.79010009765625,10.177008628845215
2017-03-06,13.735284805297852,10.077588081359863
2017-03-07,13.505803108215332,9.942014694213867
2017-03-08,13.351675033569336,9.773299217224121
2017-03-09,13.392765998840332,9.685933113098145
2017-03-10,13.399619102478027,9.631704330444336
2017-03-13,13.642814636230469,9.752214431762695
2017-03-14,13.509225845336914,9.67087173461914
2017-03-15,13.639384269714355,9.842598915100098
2017-03-16,13.464702606201172,9.797405242919922
2017-03-17,13.07764720916748,9.496132850646973
2017-03-20,13.221501350402832,9.664843559265137
2017-03-21,12.937211990356445,9.378639221191406
2017-03-22,13.043391227722168,9.414788246154785
2017-03-23,12.971464157104492,9.423827171325684
2017-03-24,13.111894607543945,9.559395790100098
2017-03-27,13.207810401916504,9.640743255615234
2017-03-28,13.163270950317383,9.694966316223145
2017-03-29,13.358514785766602,9.896824836730957
2017-03-30,13.200958251953125,9.83355712890625
2017-03-31,12.981738090515137,9.755224227905273
2017-04-03,13.199318885803223,9.803428649902344
2017-04-04,13.267855644226074,9.878475189208984
2017-04-05,13.024565696716309,9.676505088806152
2017-04-06,12.921768188476562,9.574007987976074
2017-04-07,13.021148681640625,9.595107078552246
2017-04-10,12.997151374816895,9.65539836883545
2017-04-11,12.973169326782227,9.679521560668945
2017-04-12,12.956039428710938,9.583053588867188
2017-04-13,12.719597816467285,9.290647506713867
2017-04-17,13.288415908813477,9.706648826599121
2017-04-18,13.240447044372559,9.649374961853027
2017-04-19,13.123941421508789,9.552909851074219
2017-04-20,12.93205451965332,9.38711166381836
2017-04-24,13.182193756103516,9.558938026428223
2017-04-25,13.267855644226074,9.646358489990234
2017-04-26,13.29184627532959,9.809138298034668
2017-04-27,13.367237091064453,10.095519065856934
2017-04-28,13.452895164489746,10.071401596069336
2017-05-02,13.728843688964844,10.342402458190918
2017-05-03,13.502599716186523,10.33541488647461
2017-05-04,13.060396194458008,10.182787895202637
2017-05-05,13.266081809997559,10.196061134338379
2017-05-08,13.296921730041504,10.189422607421875
2017-05-09,13.331207275390625,10.279006958007812
2017-05-10,13.396343231201172,10.43164348602295
2017-05-11,13.626005172729492,10.494682312011719
2017-05-12,13.756265640258789,10.600852012634277
2017-05-15,13.814552307128906,10.61744499206543
2017-05-16,13.797393798828125,10.634037017822266
2017-05-17,13.516315460205078,10.42499828338623
2017-05-18,11.88804817199707,9.058004379272461
2017-05-19,12.19655990600586,9.207315444946289
2017-05-22,11.956607818603516,8.945195198059082
2017-05-23,12.1451416015625,9.004916191101074
2017-05-24,12.244544982910156,9.107772827148438
2017-05-25,12.014881134033203,9.044734954833984
2017-05-26,12.340532302856445,9.253766059875488
2017-05-29,12.340532302856445,9.253766059875488
2017-05-30,12.31653881072998,9.306851387023926
2017-05-31,12.186272621154785,9.130999565124512
2017-06-01,12.04738712310791,9.081226348876953
2017-06-02,12.167418479919434,8.954710006713867
2017-06-05,12.153692245483398,8.94806957244873
2017-06-06,12.349169731140137,9.067602157592773
2017-06-07,12.551509857177734,9.213690757751465
2017-06-08,12.42119312286377,9.07424259185791
2017-06-09,12.225716590881348,8.888301849365234
2017-06-12,12.225716590881348,8.745539665222168
2017-06-13,12.376607894897461,8.675806999206543
2017-06-14,12.486357688903809,9.011154174804688
2017-06-15,12.486357688903809,9.011154174804688
2017-06-16,12.397180557250977,8.967989921569824
2017-06-19,12.4623441696167,8.991231918334961
2017-06-20,12.187994003295898,8.782060623168945
2017-06-21,12.20170783996582,8.732250213623047
2017-06-22,12.211996078491211,8.841821670532227
2017-06-23,12.170844078063965,8.76877498626709
2017-06-26,12.5137939453125,9.163885116577148
2017-06-27,12.40061092376709,9.060955047607422
2017-06-28,12.397180557250977,9.137321472167969
2017-06-29,12.520646095275879,9.180482864379883
2017-06-30,12.602950096130371,9.3464994430542
2017-07-03,12.721312522888184,9.426530838012695
2017-07-04,12.669841766357422,9.439552307128906
2017-07-05,12.7041597366333,9.442895889282227
2017-07-06,12.52575397491455,9.305758476257324
2017-07-07,12.405675888061523,9.315786361694336
2017-07-10,12.505167961120605,9.419486045837402
2017-07-11,12.69386100769043,9.583388328552246
2017-07-12,12.831094741821289,9.83760929107666
2017-07-13,12.865402221679688,9.92457389831543
2017-07-14,12.892841339111328,9.934612274169922
2017-07-17,12.769341468811035,9.867715835571289
2017-07-18,12.783060073852539,9.991476058959961
2017-07-19,12.59780502319336,9.867715835571289
2017-07-20,12.611522674560547,9.83426284790039
2017-07-21,12.61495304107666,9.794122695922852
2017-07-24,12.69386100769043,9.877750396728516
2017-07-25,12.724738121032715,10.038307189941406
2017-07-26,12.666409492492676,9.951336860656738
2017-07-27,12.680139541625977,9.937956809997559
2017-07-28,12.728168487548828,9.951336860656738
2017-07-31,12.803647994995117,10.098522186279297
2017-08-01,13.213787078857422,10.222283363342285
2017-08-02,13.351076126098633,10.362506866455078
2017-08-03,13.320182800292969,10.359160423278809
2017-08-04,13.285865783691406,10.369199752807617
2017-08-07,13.495226860046387,10.489693641662598
2017-08-08,13.659974098205566,10.600140571594238
2017-08-09,13.574165344238281,10.606834411621094
2017-08-10,13.402562141418457,10.506433486938477
2017-08-11,13.471199989318848,10.600140571594238
2017-08-14,13.714885711669922,10.811016082763672
2017-08-15,13.773466110229492,10.837785720825195
2017-08-16,13.801215171813965,10.837785720825195
2017-08-17,13.690263748168945,10.747414588928223
2017-08-18,13.822005271911621,10.968321800231934
2017-08-21,13.721470832824707,10.964975357055664
2017-08-22,14.012679100036621,11.212660789489746
2017-08-23,14.165217399597168,11.313071250915527
2017-08-24,14.283093452453613,11.34988784790039
2017-08-25,14.24149227142334,11.359930992126465
2017-08-28,14.116683959960938,11.185883522033691
2017-08-29,14.244950294494629,11.376668930053711
2017-08-30,14.168678283691406,11.262866020202637
2017-08-31,13.98841381072998,11.239437103271484
2017-09-01,14.281465530395508,11.473734855651855
2017-09-04,14.208638191223145,11.470024108886719
2017-09-05,14.215566635131836,11.305929183959961
2017-09-06,14.597047805786133,11.476722717285156
2017-09-07,14.597047805786133,11.476722717285156
2017-09-08,14.579717636108398,11.386301040649414
2017-09-11,14.825950622558594,11.825013160705566
2017-09-12,14.784329414367676,11.808266639709473
2017-09-13,14.888371467590332,11.858503341674805
2017-09-14,14.853684425354004,11.768082618713379
2017-09-15,15.131134033203125,12.01925277709961
2017-09-18,15.238642692565918,12.123066902160645
2017-09-19,15.183157920837402,12.159899711608887
2017-09-20,15.023619651794434,12.089574813842773
2017-09-21,15.04443073272705,12.092930793762207
2017-09-22,15.09644603729248,12.062786102294922
2017-09-25,14.947325706481934,11.858503341674805
2017-09-26,14.97507095336914,11.845105171203613
2017-09-27,14.985488891601562,11.721190452575684
2017-09-28,14.905713081359863,11.573840141296387
2017-09-29,15.03403091430664,11.73793888092041
2017-10-02,15.060043334960938,11.855148315429688
2017-10-03,15.5769624710083,12.364107131958008
2017-10-04,15.43820571899414,12.28369140625
2017-10-05,15.684515953063965,12.293736457824707
2017-10-06,15.500652313232422,12.166411399841309
2017-10-09,15.316774368286133,12.159708023071289
2017-10-10,15.649826049804688,12.437820434570312
2017-10-11,15.611665725708008,12.364107131958008
2017-10-12,15.611665725708008,12.364107131958008
2017-10-13,15.483304977416992,12.270285606384277
2017-10-16,15.403510093688965,12.236775398254395
2017-10-17,15.379216194152832,12.206624031066895
2017-10-18,15.406972885131836,12.153010368347168
2017-10-19,15.2959623336792,12.102749824523926
2017-10-20,15.264738082885742,12.042431831359863
2017-10-23,15.12249755859375,11.928508758544922
2017-10-24,15.233514785766602,12.089345932006836
2017-10-25,15.337589263916016,12.126201629638672
2017-10-26,15.243916511535645,12.015633583068848
2017-10-27,15.150252342224121,11.992169380187988
2017-10-30,14.955960273742676,11.777737617492676
2017-10-31,14.588227272033691,11.62024211883545
2017-11-01,14.34355354309082,11.258371353149414
2017-11-02,14.34355354309082,11.258371353149414
2017-11-03,14.544851303100586,11.372010231018066
2017-11-06,14.544851303100586,11.372010231018066
2017-11-07,14.2637357711792,10.979752540588379
2017-11-08,14.784316062927246,11.378714561462402
2017-11-09,14.385217666625977,10.966340065002441
2017-11-10,14.406030654907227,10.976396560668945
2017-11-13,14.478910446166992,11.030041694641113
2017-11-14,14.201271057128906,10.795351028442383
2017-11-15,14.201271057128906,10.795351028442383
2017-11-16,14.558724403381348,11.07697868347168
2017-11-17,14.760021209716797,11.271425247192383
2017-11-20,14.760021209716797,11.271425247192383
2017-11-21,15.055007934570312,11.529580116271973
2017-11-22,14.909255981445312,11.398825645446777
2017-11-23,14.864130973815918,11.31501293182373
2017-11-24,14.72531509399414,11.214437484741211
2017-11-27,14.815546989440918,11.197673797607422
2017-11-28,14.839831352233887,11.231192588806152
2017-11-29,14.534442901611328,11.016630172729492
2017-11-30,14.322728157043457,10.9462251663208
2017-12-01,14.314056396484375,10.919403076171875
2017-12-04,14.525827407836914,11.106898307800293
2017-12-05,14.43903923034668,10.992844581604004
2017-12-06,14.591803550720215,11.106898307800293
2017-12-07,14.54318904876709,11.026397705078125
2017-12-08,14.668177604675293,11.056589126586914
2017-12-11,14.706364631652832,11.056589126586914
2017-12-12,14.824407577514648,11.27463436126709
2017-12-13,14.494593620300293,11.083428382873535
2017-12-14,14.265457153320312,10.996204376220703
2017-12-15,14.3157958984375,10.952593803405762
2017-12-18,14.3123140335083,11.039813995361328
2017-12-19,14.232181549072266,10.969376564025879
2017-12-20,14.284445762634277,11.070001602172852
2017-12-21,14.887174606323242,11.395392417907715
2017-12-22,14.817497253417969,11.428940773010254
2017-12-25,14.817497253417969,11.428940773010254
2017-12-26,14.876718521118164,11.452482223510742
2017-12-27,14.79659652709961,11.466239929199219
2017-12-28,14.834916114807129,11.63814640045166
2017-12-29,14.834916114807129,11.63814640045166
2018-01-02,15.293230056762695,11.896004676818848
2018-01-03,15.397788047790527,11.950687408447266
2018-01-04,15.718427658081055,12.146761894226074
2018-01-05,15.763739585876465,12.215566635131836
2018-01-08,15.711456298828125,12.21213150024414
2018-01-09,15.540672302246094,12.098608016967773
2018-01-10,15.488399505615234,11.971328735351562
2018-01-11,15.812517166137695,12.21213150024414
2018-01-12,15.798587799072266,12.21213150024414
2018-01-15,15.896178245544434,12.298125267028809
2018-01-16,16.04254150390625,12.38068962097168
2018-01-17,16.307422637939453,12.690286636352539
2018-01-18,16.269092559814453,12.676528930664062
2018-01-19,16.401517868041992,12.765972137451172
2018-01-22,16.80930519104004,12.941408157348633
2018-01-23,16.7465763092041,12.999896049499512
2018-01-24,17.55514907836914,13.691349029541016
2018-01-25,17.55514907836914,13.691349029541016
2018-01-26,18.436908721923828,14.172944068908691
2018-01-29,18.015195846557617,13.760144233703613
2018-01-30,17.94550323486328,13.897745132446289
2018-01-31,18.213850021362305,14.018149375915527
2018-02-01,18.306241989135742,13.646622657775879
2018-02-02,18.076141357421875,13.222928047180176
2018-02-05,17.4416561126709,13.009547233581543
2018-02-06,18.06917381286621,13.319306373596191
2018-02-07,17.640369415283203,13.119675636291504
2018-02-08,17.553218841552734,12.95792293548584
2018-02-09,17.59852409362793,12.809928894042969
2018-02-14,18.358537673950195,13.277997016906738
2018-02-15,18.362022399902344,13.333066940307617
2018-02-16,18.508764266967773,13.308972358703613
2018-02-19,18.363115310668945,13.243587493896484
2018-02-20,18.814632415771484,13.646259307861328
2018-02-21,19.06223487854004,13.71852970123291
2018-02-22,19.167842864990234,13.801127433776855
2018-02-23,19.29892349243164,13.928472518920898
2018-02-26,19.277080535888672,13.928472518920898
2018-02-27,18.989412307739258,13.777046203613281
2018-02-28,18.344905853271484,13.343384742736816
2018-03-01,18.616270065307617,13.419105529785156
2018-03-02,18.714599609375,13.504825592041016
2018-03-05,18.980501174926758,13.594354629516602
2018-03-06,18.911293029785156,13.618453025817871
2018-03-07,18.88579750061035,13.37742805480957
2018-03-08,18.754667282104492,13.201807022094727
2018-03-09,19.013280868530273,13.484169960021973
2018-03-12,19.228191375732422,13.590910911560059
2018-03-13,19.071552276611328,13.394637107849121
2018-03-14,18.645402908325195,13.322322845458984
2018-03-15,18.732820510864258,13.129500389099121
2018-03-16,18.656320571899414,13.163934707641602
2018-03-19,18.25567054748535,13.029646873474121
2018-03-20,18.31394386291504,13.015873908996582
2018-03-21,18.241092681884766,13.081286430358887
2018-03-22,18.18281364440918,13.16048812866211
2018-03-23,18.270238876342773,13.250020980834961
2018-03-26,18.49606704711914,13.32577896118164
2018-03-27,18.273883819580078,13.163934707641602
2018-03-28,18.44143295288086,13.250020980834961
2018-03-29,18.68910026550293,13.601240158081055
2018-04-02,18.5998477935791,13.476584434509277
2018-04-03,18.424964904785156,13.627782821655273
2018-04-04,18.545188903808594,13.510298728942871
2018-04-05,18.581640243530273,13.551979064941406
2018-04-06,18.672710418701172,13.510298728942871
2018-04-09,18.257362365722656,12.99868392944336
2018-04-10,18.34844207763672,13.108587265014648
2018-04-11,18.65085220336914,13.41555118560791
2018-04-12,18.81479835510254,13.173011779785156
2018-04-13,18.37760353088379,12.884998321533203
2018-04-16,18.10797882080078,12.604552268981934
2018-04-17,18.4067440032959,12.763721466064453
2018-04-18,18.75651741027832,13.191957473754883
2018-04-19,18.581640243530273,13.169219017028809
2018-04-20,18.541545867919922,12.983515739440918
2018-04-23,18.57434844970703,12.979737281799316
2018-04-24,18.483251571655273,13.002470016479492
2018-04-25,18.373945236206055,13.161643028259277
2018-04-26,18.80024528503418,13.161643028259277
2018-04-27,18.763797760009766,13.305654525756836
2018-04-30,18.585268020629883,13.101008415222168
2018-05-02,17.748844146728516,12.763721466064453
2018-05-03,17.398988723754883,12.501680374145508
2018-05-04,17.194881439208984,12.513065338134766
2018-05-07,17.22039222717285,12.39930248260498
2018-05-08,17.275062561035156,12.334843635559082
2018-05-09,17.32972526550293,12.433438301086426
2018-05-10,17.803524017333984,12.683690071105957
2018-05-11,17.519248962402344,12.456184387207031
2018-05-14,17.256839752197266,12.277965545654297
2018-05-15,17.191242218017578,12.205923080444336
2018-05-16,17.490081787109375,12.40310001373291
2018-05-17,16.5753116607666,11.887406349182129
2018-05-18,16.458677291870117,11.940496444702148
2018-05-21,16.23272132873535,11.769869804382324
2018-05-22,16.626333236694336,12.107333183288574
2018-05-23,16.312911987304688,11.788823127746582
2018-05-24,16.52794075012207,11.807775497436523
2018-05-25,16.382150650024414,11.57268238067627
2018-05-28,15.68968391418457,11.083538055419922
2018-05-29,15.635027885437012,11.129036903381348
2018-05-30,15.66418170928955,11.06078815460205
2018-06-01,15.97590160369873,11.330009460449219
2018-06-04,16.32225799560547,11.447227478027344
2018-06-05,15.815494537353516,10.897062301635742
2018-06-06,15.414440155029297,10.714935302734375
2018-06-07,14.966004371643066,10.525226593017578
2018-06-08,15.002470970153809,10.434168815612793
2018-06-11,14.568618774414062,10.236862182617188
2018-06-12,14.539448738098145,10.21030330657959
2018-06-13,14.397259712219238,10.00162410736084
2018-06-14,13.886849403381348,9.595637321472168
2018-06-15,14.021744728088379,9.76638126373291
2018-06-18,13.737380027770996,9.451459884643555
2018-06-19,14.357166290283203,9.940914154052734
2018-06-20,14.623307228088379,10.153390884399414
2018-06-21,14.233208656311035,9.73222827911377
2018-06-22,14.342582702636719,9.9181489944458
2018-06-25,14.371742248535156,9.902975082397461
2018-06-26,14.324357032775879,9.84985065460205
2018-06-27,14.065496444702148,9.690497398376465
2018-06-28,14.455594062805176,10.020587921142578
2018-06-29,14.7071533203125,10.206509590148926
2018-07-02,14.716277122497559,10.073709487915039
2018-07-03,15.062762260437012,10.540334701538086
2018-07-04,15.307110786437988,10.688417434692383
2018-07-05,15.20864486694336,10.665632247924805
2018-07-06,15.347228050231934,10.69600772857666
2018-07-10,15.387349128723145,10.555520057678223
2018-07-11,15.449346542358398,10.513760566711426
2018-07-12,15.741118431091309,10.821307182312012
2018-07-13,16.142311096191406,11.037737846374512
2018-07-16,16.083955764770508,11.087098121643066
2018-07-17,16.386674880981445,11.40604305267334
2018-07-18,16.178791046142578,11.1250638961792
2018-07-19,16.41220474243164,11.265551567077637
2018-07-20,16.87904167175293,11.656635284423828
2018-07-23,16.554439544677734,11.523741722106934
2018-07-24,16.543495178222656,11.694602012634277
2018-07-25,17.06505012512207,11.90723705291748
2018-07-26,16.79514503479004,11.603485107421875
2018-07-27,16.886335372924805,11.732579231262207
2018-07-30,17.130699157714844,11.819911003112793
2018-07-31,16.41220474243164,11.592090606689453
2018-08-01,16.618343353271484,11.743962287902832
2018-08-02,16.67671775817871,11.747365951538086
2018-08-03,17.07439422607422,12.195677757263184
2018-08-06,16.950340270996094,12.112098693847656
2018-08-07,16.848188400268555,11.929729461669922
2018-08-08,16.454158782958984,11.644780158996582
2018-08-09,16.366594314575195,11.523205757141113
2018-08-10,15.771915435791016,10.949514389038086
2018-08-13,15.895956993103027,11.162277221679688
2018-08-14,16.224313735961914,11.352243423461914
2018-08-15,16.1148624420166,11.215471267700195
2018-08-16,16.09296989440918,11.215471267700195
2018-08-17,15.680707931518555,10.873531341552734
2018-08-20,15.79179573059082,10.941917419433594
2018-08-21,15.587589263916016,10.6759672164917
2018-08-22,15.958893775939941,10.938119888305664
2018-08-23,15.3388032913208,10.664569854736328
2018-08-24,15.453908920288086,10.759552001953125
2018-08-27,15.966317176818848,11.048299789428711
2018-08-28,15.854925155639648,10.979913711547852
2018-08-29,16.118553161621094,11.11288070678711
2018-08-30,15.483614921569824,10.637972831726074
2018-08-31,15.695259094238281,10.782349586486816
2018-09-03,15.47797679901123,10.687365531921387
2018-09-04,15.344244956970215,10.447450637817383
2018-09-05,15.433394432067871,10.512080192565918
2018-09-06,15.823405265808105,10.812424659729004
2018-09-10,15.968268394470215,10.854246139526367
2018-09-11,15.418536186218262,10.527291297912598
2018-09-12,15.463105201721191,10.531085968017578
2018-09-13,15.377679824829102,10.489265441894531
2018-09-14,15.648825645446777,10.534891128540039
2018-09-17,16.020263671875,10.83523941040039
2018-09-18,16.005422592163086,10.922675132751465
2018-09-19,16.11685562133789,10.972098350524902
2018-09-20,16.012845993041992,10.949288368225098
2018-09-21,16.28399085998535,11.124174118041992
2018-09-24,15.879128456115723,10.827635765075684
2018-09-25,15.916265487670898,10.83523941040039
2018-09-26,16.09084129333496,10.861842155456543
2018-09-27,16.532861709594727,11.108969688415527
2018-09-28,16.3917179107666,10.899869918823242
2018-10-01,16.207780838012695,10.778212547302246
2018-10-02,16.832021713256836,11.413139343261719
2018-10-03,17.59373664855957,11.907702445983887
2018-10-04,17.612314224243164,11.964770317077637
2018-10-05,17.552865982055664,11.785965919494629
2018-10-08,18.596975326538086,12.584887504577637
2018-10-09,18.5003604888916,12.630536079406738
2018-10-10,17.861268997192383,12.21966552734375
2018-10-11,17.64946746826172,12.147377967834473
2018-10-15,17.853843688964844,12.21205997467041
2018-10-16,18.56725311279297,12.794126510620117
2018-10-17,18.3740177154541,12.809348106384277
2018-10-18,17.82781410217285,12.45553970336914
2018-10-19,17.809247970581055,12.497386932373047
2018-10-22,18.069345474243164,12.64956283569336
2018-10-23,18.13251495361328,12.695218086242676
2018-10-24,17.660627365112305,12.390860557556152
2018-10-25,17.86496925354004,12.748469352722168
2018-10-26,18.19938087463379,12.96912956237793
2018-10-29,17.86496925354004,12.725651741027832
2018-10-30,18.38888931274414,13.220215797424316
2018-10-31,18.299715042114258,13.049020767211914
2018-11-01,18.561750411987305,13.79468059539795
2018-11-05,18.762462615966797,14.091168403625488
2018-11-06,18.881397247314453,13.938918113708496
2018-11-07,18.89998435974121,13.66866683959961
2018-11-08,18.639799118041992,13.383188247680664
2018-11-09,18.873952865600586,13.581122398376465
2018-11-12,18.92599868774414,13.569704055786133
2018-11-13,18.855375289916992,13.326091766357422
2018-11-14,19.018922805786133,13.512602806091309
2018-11-16,19.60616683959961,14.16730785369873
2018-11-19,19.595022201538086,14.106396675109863
2018-11-21,19.340425491333008,13.950332641601562
2018-11-22,19.295822143554688,14.007433891296387
2018-11-23,19.273509979248047,13.97697639465332
2018-11-26,18.95571517944336,13.775238990783691
2018-11-27,19.596879959106445,14.338584899902344
2018-11-28,20.087501525878906,14.631673812866211
2018-11-29,20.265905380249023,14.814376831054688
2018-11-30,20.081932067871094,14.639286041259766
2018-12-03,19.828140258789062,14.388072967529297
2018-12-04,19.80584144592285,14.349587440490723
2018-12-05,19.816993713378906,14.341965675354004
2018-12-06,19.995473861694336,14.498104095458984
2018-12-07,19.83372688293457,14.429556846618652
2018-12-10,19.303857803344727,14.151555061340332
2018-12-11,19.47676658630371,14.315309524536133
2018-12-12,19.610628128051758,14.410517692565918
2018-12-13,19.956439971923828,14.791338920593262
2018-12-14,19.81142234802246,14.623772621154785
2018-12-17,19.28155517578125,14.338160514831543
2018-12-18,19.59432601928711,14.604735374450684
2018-12-19,19.332101821899414,14.395288467407227
2018-12-20,19.326522827148438,14.471442222595215
2018-12-21,19.237245559692383,14.361005783081055
2018-12-26,18.818798065185547,14.213027954101562
2018-12-27,19.13682746887207,14.543109893798828
2018-12-28,19.80632972717285,15.009121894836426
2019-01-02,20.65195655822754,15.68482780456543
2019-01-03,20.992433547973633,15.84369945526123
2019-01-04,20.640785217285156,15.719375610351562
2019-01-07,20.679845809936523,15.905853271484375
2019-01-08,20.942197799682617,16.002992630004883
2019-01-09,21.260345458984375,16.27882957458496
2019-01-10,21.115224838256836,16.22832489013672
2019-01-11,20.98685073852539,16.123432159423828
2019-01-14,21.14312171936035,16.313798904418945
2019-01-15,20.813806533813477,16.2827205657959
2019-01-16,20.752410888671875,16.360429763793945
2019-01-17,20.752410888671875,16.41482162475586
2019-01-18,21.020336151123047,16.581872940063477
2019-01-21,20.847293853759766,16.391502380371094
2019-01-22,20.813806533813477,16.31769371032715
2019-01-23,20.953350067138672,16.59742546081543
2019-01-24,20.925443649291992,16.76448631286621
2019-01-28,21.299415588378906,16.900463104248047
2019-01-29,21.14312171936035,16.682891845703125
2019-01-30,21.2770938873291,16.64404296875
2019-01-31,21.645477294921875,17.584243774414062
2019-02-01,21.670597076416016,17.36668586730957
2019-02-04,22.161964416503906,17.751060485839844
2019-02-05,21.218318939208984,17.75883674621582
2019-02-06,20.32491111755371,16.92317771911621
2019-02-07,20.39750099182129,17.179702758789062
2019-02-08,20.833030700683594,17.362382888793945
2019-02-11,20.598527908325195,17.261322021484375
2019-02-12,21.08989143371582,17.60725975036621
2019-02-13,20.609682083129883,17.33518409729004
2019-02-14,21.156890869140625,17.995935440063477
2019-02-15,20.939130783081055,17.87932777404785
2019-02-18,20.604097366333008,17.471210479736328
2019-02-19,21.078720092773438,17.618911743164062
2019-02-20,20.810701370239258,17.327392578125
2019-02-21,21.190401077270508,17.478986740112305
2019-02-22,21.489398956298828,17.33518409729004
2019-02-25,21.16114044189453,17.1602725982666
2019-02-26,21.23734474182129,17.467327117919922
2019-02-27,21.049774169921875,17.272987365722656
2019-02-28,20.651165008544922,16.8182373046875
2019-03-01,20.431255340576172,16.538379669189453
2019-03-06,20.43712043762207,16.413541793823242
2019-03-07,20.718616485595703,16.530183792114258
2019-03-08,20.96491241455078,16.759614944458008
2019-03-11,21.651042938232422,17.440107345581055
2019-03-12,21.697952270507812,17.49066162109375
2019-03-13,21.93251609802246,17.657869338989258
2019-03-14,21.586524963378906,17.696746826171875
2019-03-15,21.580656051635742,17.770633697509766
2019-03-18,21.6158504486084,17.863956451416016
2019-03-19,21.11151695251465,17.478992462158203
2019-03-20,20.636505126953125,17.00459861755371
2019-03-21,20.27292823791504,16.631296157836914
2019-03-22,19.674758911132812,16.04412078857422
2019-03-25,19.704076766967773,16.079118728637695
2019-03-26,19.909337997436523,16.184112548828125
2019-03-27,19.234933853149414,15.624159812927246
2019-03-28,19.99729347229004,16.417430877685547
2019-03-29,20.190807342529297,16.6973934173584
2019-04-01,20.04121208190918,16.83116340637207
2019-04-02,19.724407196044922,16.61590576171875
2019-04-03,19.548410415649414,16.42915916442871
2019-04-04,19.84174346923828,16.854001998901367
2019-04-05,20.27001953125,16.99406623840332
2019-04-08,20.146814346313477,17.017414093017578
2019-04-09,20.035343170166016,16.952056884765625
2019-04-10,20.00014305114746,16.70928192138672
2019-04-11,19.536666870117188,16.44316291809082
2019-04-12,19.331321716308594,16.29376792907715
2019-04-15,19.319591522216797,16.256420135498047
2019-04-16,19.301998138427734,16.228408813476562
2019-04-17,19.002775192260742,16.00432014465332
2019-04-18,19.260913848876953,16.223735809326172
2019-04-22,19.20811653137207,16.359127044677734
2019-04-23,19.454519271850586,16.755970001220703
2019-04-24,19.483861923217773,16.643917083740234
2019-04-25,19.783077239990234,16.840015411376953
2019-04-26,19.83000946044922,16.788652420043945
2019-04-29,19.671602249145508,16.569232940673828
2019-04-30,19.84760284423828,16.61124610900879
2019-05-02,19.979671478271484,16.620576858520508
2019-05-03,19.785982131958008,16.79759407043457
2019-05-06,19.35164451599121,16.344484329223633
2019-05-07,19.134471893310547,16.241714477539062
2019-05-08,19.35164451599121,16.578046798706055
2019-05-09,19.110986709594727,16.288429260253906
2019-05-10,19.0229549407959,16.143617630004883
2019-05-13,18.72360610961914,15.741900444030762
2019-05-14,18.635562896728516,15.6951904296875
2019-05-15,18.694265365600586,15.527030944824219
2019-05-16,18.453615188598633,15.34485149383545
2019-05-17,18.48882484436035,15.461630821228027
2019-05-20,18.97011947631836,15.882035255432129
2019-05-21,19.70380210876465,16.536001205444336
2019-05-22,19.72140884399414,16.241714477539062
2019-05-23,19.680328369140625,16.162307739257812
2019-05-24,19.386859893798828,16.003488540649414
2019-05-27,19.457284927368164,16.232379913330078
2019-05-28,20.003143310546875,16.68081283569336
2019-05-29,20.37880516052246,17.01245880126953
2019-05-30,20.590097427368164,17.325437545776367
2019-05-31,20.54313850402832,17.283395767211914
2019-06-03,20.59892463684082,17.22734260559082
2019-06-04,20.563690185546875,17.31563949584961
2019-06-05,20.164396286010742,17.049238204956055
2019-06-06,20.375789642333984,17.423133850097656
2019-06-07,20.59304428100586,17.427810668945312
2019-06-10,20.334684371948242,17.22216033935547
2019-06-11,20.434520721435547,17.301620483398438
2019-06-12,20.31706428527832,17.100664138793945
2019-06-13,19.952999114990234,16.91371726989746
2019-06-14,19.958873748779297,16.88566780090332
2019-06-17,19.93538475036621,16.843605041503906
2019-06-18,20.452125549316406,16.988487243652344
2019-06-19,20.77507781982422,17.198795318603516
2019-06-21,21.24483871459961,17.586713790893555
2019-06-24,21.19786262512207,17.72691535949707
2019-06-25,20.93362045288086,17.577354431152344
2019-06-26,21.43273162841797,17.797025680541992
2019-06-27,21.285947799682617,17.712905883789062
2019-06-28,21.291810989379883,17.63811492919922
2019-07-01,21.194889068603516,17.675437927246094
2019-07-02,21.1185245513916,17.731334686279297
2019-07-03,21.482730865478516,18.046207427978516
2019-07-04,21.729461669921875,18.36107063293457
2019-07-05,21.97031593322754,18.520856857299805
2019-07-08,21.911569595336914,18.436264038085938
2019-07-10,21.852832794189453,18.35167694091797
2019-07-11,21.823444366455078,18.19659423828125
2019-07-12,21.41811752319336,17.858232498168945
2019-07-15,21.359365463256836,17.783031463623047
2019-07-16,21.441598892211914,17.787742614746094
2019-07-17,21.382877349853516,17.693748474121094
2019-07-18,21.952686309814453,18.079103469848633
2019-07-19,21.382877349853516,17.670249938964844
2019-07-22,21.74707794189453,17.914621353149414
2019-07-23,21.95856285095215,17.975723266601562
2019-07-24,21.94094467163086,18.314083099365234
2019-07-25,21.265377044677734,17.24729347229004
2019-07-26,21.6472225189209,17.026412963867188
2019-07-29,21.735332489013672,16.988821029663086
2019-07-30,21.012788772583008,16.636356353759766
2019-07-31,20.454708099365234,16.213397979736328
2019-08-01,20.49878692626953,16.072397232055664
2019-08-02,20.528156280517578,16.118927001953125
2019-08-05,20.246078491210938,15.827394485473633
2019-08-06,20.857282638549805,16.06720542907715
2019-08-07,21.627168655395508,16.405759811401367
2019-08-08,21.744699478149414,16.485702514648438
2019-08-09,21.580148696899414,16.212966918945312
2019-08-12,20.686853408813477,15.874423027038574
2019-08-13,21.09236717224121,16.034284591674805
2019-08-14,20.628089904785156,15.719249725341797
2019-08-15,20.569313049316406,15.611106872558594
2019-08-16,20.65161895751953,15.644004821777344
2019-08-19,20.561437606811523,15.418305397033691
2019-08-20,20.332969665527344,15.267840385437012
2019-08-21,20.48929214477539,15.568784713745117
2019-08-22,20.16464614868164,15.366589546203613
2019-08-23,19.93016815185547,15.032729148864746
2019-08-26,19.92415428161621,14.877569198608398
2019-08-27,20.15862274169922,15.065646171569824
2019-08-28,20.3870849609375,14.976308822631836
2019-08-29,20.495304107666016,15.258432388305664
2019-08-30,20.40511703491211,15.493545532226562
2019-09-02,20.149499893188477,15.333671569824219
2019-09-03,19.76454734802246,15.083812713623047
2019-09-04,19.902889251708984,15.272013664245605
2019-09-05,20.468276977539062,15.62487506866455
2019-09-06,21.153972625732422,16.278844833374023
2019-09-09,21.671228408813477,16.485868453979492
2019-09-10,21.250205993652344,16.19416618347168
2019-09-11,21.153972625732422,16.123598098754883
2019-09-12,21.286291122436523,15.949520111083984
2019-09-13,21.574996948242188,15.742501258850098
2019-09-16,21.19005584716797,15.535482406616211
2019-09-17,21.268239974975586,15.949520111083984
2019-09-18,21.202085494995117,15.996570587158203
2019-09-19,20.847213745117188,15.803664207458496
2019-09-20,20.90133285522461,16.08125114440918
2019-09-23,20.835172653198242,16.11418342590332
2019-09-24,20.6186466217041,15.907171249389648
2019-09-25,20.859235763549805,16.01067352294922
2019-09-26,21.460712432861328,16.241214752197266
2019-09-27,21.370502471923828,16.2318058013916
2019-09-30,21.069753646850586,15.958922386169434
2019-10-01,20.591373443603516,15.742501258850098
2019-10-02,20.025747299194336,15.134718894958496
2019-10-03,20.03175926208496,15.177099227905273
2019-10-04,20.128042221069336,15.332442283630371
2019-10-07,19.75496482849121,15.233582496643066
2019-10-08,19.67072296142578,15.219467163085938
2019-10-09,19.983625411987305,15.652555465698242
2019-10-10,20.128042221069336,15.831439971923828
2019-10-11,20.38678741455078,16.010326385498047
2019-10-14,20.729768753051758,16.236291885375977
2019-10-15,20.6816463470459,16.368093490600586
2019-10-16,20.976484298706055,16.758831024169922
2019-10-17,20.85011863708496,16.476367950439453
2019-10-18,20.60341453552246,16.394723892211914
2019-10-21,20.94037437438965,16.511171340942383
2019-10-22,21.59025764465332,16.98181915283203
2019-10-23,21.897144317626953,17.12736701965332
2019-10-24,21.99942970275879,17.107959747314453
2019-10-25,22.14385223388672,17.331157684326172
2019-10-28,22.444719314575195,17.957048416137695
2019-10-29,22.047574996948242,17.7096004486084
2019-10-30,22.185972213745117,17.792085647583008
2019-10-31,21.800867080688477,17.064292907714844
2019-11-01,21.88213348388672,16.918724060058594
2019-11-04,21.954378128051758,16.937639236450195
2019-11-05,22.333614349365234,17.165813446044922
2019-11-06,22.03263282775879,17.073572158813477
2019-11-07,22.16506004333496,17.117265701293945
2019-11-08,21.833969116210938,16.622085571289062
2019-11-11,21.93029022216797,16.583261489868164
2019-11-12,21.55706024169922,16.42791175842285
2019-11-13,21.340343475341797,16.25800132751465
2019-11-14,21.478805541992188,16.190034866333008
2019-11-18,21.382482528686523,16.083242416381836
2019-11-19,21.147708892822266,16.054107666015625
2019-11-21,21.36442756652832,16.146345138549805
2019-11-22,21.50889015197754,16.413347244262695
2019-11-25,21.201889038085938,16.330820083618164
2019-11-26,20.768449783325195,15.981289863586426
2019-11-27,20.888858795166016,16.24828338623047
2019-11-28,20.828655242919922,16.122072219848633
2019-11-29,20.94904899597168,16.199737548828125
2019-12-02,21.247161865234375,16.306541442871094
2019-12-03,21.25319480895996,16.364320755004883
2019-12-04,22.018041610717773,16.786907196044922
2019-12-05,21.987932205200195,16.854917526245117
2019-12-06,21.590436935424805,16.665475845336914
2019-12-09,22.012014389038086,16.80632972717285
2019-12-10,21.692813873291016,16.748048782348633
2019-12-11,21.439884185791016,16.65089988708496
2019-12-12,21.43385887145996,16.87434196472168
2019-12-13,21.890583038330078,16.90349006652832
2019-12-16,21.390186309814453,16.607192993164062
2019-12-17,21.715734481811523,16.91320037841797
2019-12-18,21.993064880371094,17.38435935974121
2019-12-19,22.10158348083496,17.704940795898438
2019-12-20,22.005123138427734,17.602725982666016
2019-12-23,22.210102081298828,17.711240768432617
2019-12-26,22.547718048095703,17.933181762695312
2019-12-27,22.487422943115234,17.864124298095703
2019-12-30,22.366849899291992,17.83946418762207
2020-01-02,22.936811447143555,18.500377655029297
2020-01-03,22.695556640625,18.509719848632812
2020-01-06,22.35781478881836,18.179096221923828
2020-01-07,21.8391170501709,17.86328887939453
2020-01-08,21.48326873779297,17.586942672729492
2020-01-09,21.055057525634766,17.305681228637695
2020-01-10,20.868087768554688,16.989858627319336
2020-01-13,21.14552879333496,17.172443389892578
2020-01-14,21.14552879333496,17.152698516845703
2020-01-15,20.886192321777344,16.8516845703125
2020-01-16,20.928401947021484,17.093488693237305
2020-01-17,21.073158264160156,17.49319076538086
2020-01-20,20.644922256469727,17.152698516845703
2020-01-21,20.204652786254883,16.580284118652344
2020-01-22,20.325271606445312,16.63950538635254
2020-01-23,20.807769775390625,17.07868766784668
2020-01-24,20.650962829589844,16.95037841796875
2020-01-27,20.204652786254883,16.56055450439453
2020-01-28,20.198623657226562,16.580284118652344
2020-01-29,19.884994506835938,16.343421936035156
2020-01-30,20.174495697021484,16.506267547607422
2020-01-31,19.794530868530273,16.229934692382812
2020-02-03,19.85185432434082,16.33356285095215
2020-02-04,20.00873374938965,16.34290885925293
2020-02-05,20.12940788269043,16.658905029296875
2020-02-06,20.081146240234375,16.466346740722656
2020-02-07,20.340600967407227,16.65397071838379
2020-02-10,20.68455696105957,16.831708908081055
2020-02-11,21.16122817993164,16.979841232299805
2020-02-12,21.076751708984375,16.752721786499023
2020-02-13,20.75092315673828,16.431781768798828
2020-02-14,20.400943756103516,16.06147575378418
2020-02-17,20.213891983032227,15.928167343139648
2020-02-18,20.29836654663086,15.865796089172363
2020-02-19,20.58799934387207,16.093364715576172
2020-02-20,20.515594482421875,15.860840797424316
2020-02-21,20.320781707763672,15.737166404724121
2020-02-26,19.307226181030273,14.891180992126465
2020-02-27,19.319664001464844,14.826871871948242
2020-02-28,19.897945404052734,15.103921890258789
2020-03-02,19.832622528076172,15.30675220489502
2020-03-03,19.4718074798584,14.910208702087402
2020-03-04,19.658447265625,15.073575019836426
2020-03-05,18.986560821533203,14.578545570373535
2020-03-06,18.582199096679688,14.162715911865234
2020-03-09,17.294452667236328,13.142962455749512
2020-03-10,17.723703384399414,13.45977783203125
2020-03-11,16.280410766601562,12.37072467803955
2020-03-12,14.68161678314209,10.712377548217773
2020-03-13,16.305315017700195,12.519231796264648
2020-03-16,14.80604362487793,10.73218059539795
2020-03-17,15.676984786987305,11.593528747558594
2020-03-18,14.588302612304688,10.242111206054688
2020-03-19,14.21503734588623,10.271806716918945
2020-03-20,13.717361450195312,9.524313926696777
2020-03-23,12.765542030334473,8.747126579284668
2020-03-24,13.997308731079102,10.063891410827637
2020-03-25,14.68161678314209,10.816340446472168
2020-03-26,15.085981369018555,11.044051170349121
2020-03-27,14.289691925048828,10.326262474060059
2020-03-30,14.998886108398438,10.64802074432373
2020-03-31,14.364344596862793,10.281705856323242
2020-04-01,13.321649551391602,9.831233978271484
2020-04-02,13.383894920349121,9.885213851928711
2020-04-03,12.860993385314941,9.518545150756836
2020-04-06,13.807201385498047,10.420358657836914
2020-04-07,14.317654609680176,10.811796188354492
2020-04-08,15.052215576171875,11.0991849899292
2020-04-09,14.628920555114746,11.094234466552734
2020-04-13,14.940167427062988,11.381619453430176
2020-04-14,15.126910209655762,11.505992889404297
2020-04-15,14.566652297973633,11.173516273498535
2020-04-16,14.19937515258789,10.884637832641602
2020-04-17,14.454605102539062,11.097209930419922
2020-04-20,14.093550682067871,10.737475395202637
2020-04-22,13.925482749938965,10.69931697845459
2020-04-23,13.726277351379395,10.546706199645996
2020-04-24,12.997942924499512,9.723681449890137
2020-04-27,13.427472114562988,10.007107734680176
2020-04-28,14.535531044006348,10.884637832641602
2020-04-29,14.72851276397705,11.249820709228516
2020-04-30,14.174477577209473,10.437694549560547
2020-05-04,13.63565731048584,9.974404335021973
2020-05-05,14.140214920043945,9.98473834991455
2020-05-06,13.85367488861084,9.777408599853516
2020-05-07,13.35534381866455,9.357282638549805
2020-05-08,13.903514862060547,9.777408599853516
2020-05-11,13.940881729125977,9.630088806152344
2020-05-12,13.461240768432617,9.330000877380371
2020-05-13,13.455008506774902,9.248156547546387
2020-05-14,14.046782493591309,9.755583763122559
2020-05-15,13.473698616027832,9.335456848144531
2020-05-18,14.121532440185547,9.826509475708008
2020-05-19,13.511070251464844,9.537333488464355
2020-05-20,13.455008506774902,9.635546684265137
2020-05-21,14.227428436279297,10.170251846313477
2020-05-22,14.302179336547852,10.230266571044922
2020-05-25,14.925095558166504,10.955927848815918
2020-05-26,14.33332633972168,10.481245040893555
2020-05-27,14.781831741333008,10.661298751831055
2020-05-28,14.520197868347168,10.421232223510742
2020-05-29,14.352020263671875,10.339385986328125
2020-06-01,14.74782657623291,10.803160667419434
2020-06-02,15.738906860351562,11.288643836975098
2020-06-03,16.156530380249023,11.791091918945312
2020-06-04,16.624021530151367,11.960390090942383
2020-06-05,16.991785049438477,12.178845405578613
2020-06-08,17.677448272705078,12.817824363708496
2020-06-09,17.32838249206543,12.533834457397461
2020-06-10,16.574161529541016,11.949470520019531
2020-06-12,16.243793487548828,11.812933921813965
2020-06-15,15.863571166992188,11.550788879394531
2020-06-16,16.31859588623047,12.031392097473145
2020-06-17,16.5242919921875,12.222533226013184
2020-06-18,17.172550201416016,12.178845405578613
2020-06-19,17.509143829345703,12.211609840393066
2020-06-22,16.96685218811035,11.785626411437988
2020-06-23,16.742464065551758,11.769244194030762
2020-06-24,16.106666564941406,11.386940956115723
2020-06-25,16.29990005493164,11.660018920898438
2020-06-26,16.025636672973633,11.299565315246582
2020-06-29,16.505582809448242,11.69278621673584
2020-06-30,15.863571166992188,11.30502700805664
2020-07-01,16.278335571289062,11.556251525878906
2020-07-02,16.558984756469727,11.5939359664917
2020-07-03,16.527793884277344,11.670466423034668
2020-07-06,17.294939041137695,12.38107681274414
2020-07-07,16.44672393798828,11.86724853515625
2020-07-08,16.802228927612305,12.271749496459961
2020-07-09,16.808462142944336,11.998437881469727
2020-07-10,16.96438217163086,12.173359870910645
2020-07-13,16.71490478515625,12.00390911102295
2020-07-14,16.995574951171875,12.206154823303223
2020-07-15,17.114072799682617,12.408406257629395
2020-07-16,16.82717514038086,12.1897611618042
2020-07-17,16.97686195373535,12.249883651733398
2020-07-20,17.02675437927246,12.364681243896484
2020-07-21,17.326126098632812,12.6981201171875
2020-07-22,16.883302688598633,12.47946548461914
2020-07-23,16.527793884277344,12.299084663391113
2020-07-24,16.509084701538086,12.3756103515625
2020-07-27,17.33860206604004,12.94410228729248
2020-07-28,17.23880958557129,12.856646537780762
2020-07-29,17.644208908081055,13.261141777038574
2020-07-30,17.34483528137207,12.796513557434082
2020-07-31,16.77103614807129,12.26628303527832
2020-08-03,17.023778915405273,12.135091781616211
2020-08-04,16.031558990478516,11.882855415344238
2020-08-05,16.01908302307129,11.937562942504883
2020-08-06,16.24372673034668,12.019622802734375
2020-08-07,15.900517463684082,11.948502540588379
2020-08-10,16.106441497802734,12.052458763122559
2020-08-11,15.91922664642334,11.953974723815918
2020-08-12,15.738259315490723,11.84455394744873
2020-08-13,15.288949966430664,11.598369598388672
2020-08-14,15.432474136352539,11.61478328704834
2020-08-17,15.064292907714844,11.275581359863281
2020-08-18,15.15991497039795,11.395940780639648
2020-08-19,15.084872245788574,11.35217571258545
2020-08-20,15.084872245788574,11.32481575012207
2020-08-21,15.059860229492188,11.32481575012207
2020-08-24,15.310018539428711,11.581950187683105
2020-08-25,15.197441101074219,11.581950187683105
2020-08-26,14.87847900390625,11.34123420715332
2020-08-27,15.122390747070312,11.510828018188477
2020-08-28,15.278745651245117,11.746078491210938
2020-08-31,14.728386878967285,11.346699714660645
2020-09-01,15.232170104980469,11.576482772827148
2020-09-02,15.200876235961914,11.564949989318848
2020-09-03,15.570093154907227,12.01944351196289
2020-09-04,15.620165824890137,12.030396461486816
2020-09-08,15.269707679748535,11.838740348815918
2020-09-09,15.28848934173584,11.80588436126709
2020-09-10,14.9630708694458,11.417099952697754
2020-09-11,14.787837028503418,11.203545570373535
2020-09-14,15.050677299499512,11.334964752197266
2020-09-15,14.850411415100098,11.214493751525879
2020-09-16,14.806611061096191,11.236396789550781
2020-09-17,14.825389862060547,11.263781547546387
2020-09-18,14.456164360046387,10.995461463928223
2020-09-21,14.330992698669434,10.831189155578613
2020-09-22,14.456164360046387,10.896896362304688
2020-09-23,14.068161010742188,10.639537811279297
2020-09-24,14.412360191345215,10.84213924407959
2020-09-25,14.337257385253906,10.831189155578613
2020-09-28,14.330992698669434,10.79833698272705
2020-09-29,14.018095016479492,10.540970802307129
2020-09-30,14.08067512512207,10.62858772277832
2020-10-01,14.102595329284668,10.67786693572998
2020-10-02,14.146429061889648,10.764984130859375
2020-10-05,14.296731948852539,10.918456077575684
2020-10-06,14.321779251098633,10.880090713500977
2020-10-07,14.215311050415039,10.764984130859375
2020-10-08,15.07324504852295,11.31857681274414
2020-10-09,15.029402732849121,11.367912292480469
2020-10-13,14.885372161865234,11.433691024780273
2020-10-14,14.841536521911621,11.444650650024414
2020-10-15,14.710033416748047,11.367912292480469
2020-10-16,14.472064018249512,11.143180847167969
2020-10-19,14.628630638122559,11.29665756225586
2020-10-20,15.211016654968262,11.784477233886719
2020-10-21,15.348777770996094,11.905068397521973
2020-10-22,16.13782501220703,12.453180313110352
2020-10-23,15.931172370910645,12.398365020751953
2020-10-26,16.043901443481445,12.551838874816895
2020-10-27,15.58674144744873,12.20104694366455
2020-10-28,14.891640663146973,11.510417938232422
2020-10-29,14.966782569885254,11.395318984985352
2020-10-30,14.70376968383789,11.050004005432129
2020-11-03,15.064082145690918,11.428203582763672
2020-11-04,15.66563892364502,11.345327377319336
2020-11-05,16.035350799560547,11.52088737487793
2020-11-06,16.01654624938965,11.493453979492188
2020-11-09,17.313661575317383,12.585200309753418
2020-11-10,18.096940994262695,13.397146224975586
2020-11-11,17.946565628051758,13.342284202575684
2020-11-12,17.507923126220703,12.81561279296875
2020-11-13,17.840038299560547,13.270968437194824
2020-11-16,18.466650009155273,13.857979774475098
2020-11-17,18.479183197021484,13.934789657592773
2020-11-18,18.028017044067383,13.506869316101074
2020-11-19,18.053083419799805,13.517839431762695
2020-11-23,18.109485626220703,13.430062294006348
2020-11-24,18.617042541503906,14.03353500366211
2020-11-25,18.397729873657227,13.852493286132812
2020-11-26,18.00922203063965,13.627561569213867
2020-11-27,18.147079467773438,13.517839431762695
2020-11-30,17.896427154541016,13.33130931854248
2020-12-01,18.651906967163086,14.077433586120605
2020-12-02,18.796117782592773,14.230574607849121
2020-12-03,18.783580780029297,14.043901443481445
2020-12-04,18.971656799316406,14.164689064025879
2020-12-07,19.084501266479492,14.258018493652344
2020-12-08,19.034345626831055,14.08782958984375
2020-12-09,19.14720916748047,14.126259803771973
2020-12-10,19.78042984008789,14.70821762084961
2020-12-11,19.663555145263672,14.592915534973145
2020-12-14,19.39969825744629,14.516059875488281
2020-12-15,19.57559585571289,14.516059875488281
2020-12-16,19.94624900817871,14.845471382141113
2020-12-17,19.921127319335938,14.916844367980957
2020-12-18,19.88971710205078,14.944292068481445
2020-12-21,19.537914276123047,14.581939697265625
2020-12-22,19.632131576538086,14.878414154052734
2020-12-23,20.06561851501465,15.218801498413086
2020-12-28,20.21010398864746,15.36704158782959
2020-12-29,20.166139602661133,15.34170913696289
2020-12-30,19.870868682861328,15.124384880065918
2021-01-04,19.421466827392578,14.728714942932129
2021-01-05,19.295772552490234,14.63889217376709
2021-01-06,19.861440658569336,15.12407112121582
2021-01-07,20.634536743164062,15.525603294372559
2021-01-08,20.628244400024414,15.391751289367676
2021-01-11,20.163135528564453,15.118501663208008
2021-01-12,20.22599220275879,15.107340812683105
2021-01-13,19.89286231994629,14.878690719604492
2021-01-14,20.48368263244629,15.33598804473877
2021-01-15,19.71058464050293,14.912155151367188
2021-01-18,19.610017776489258,14.962347030639648
2021-01-19,19.377479553222656,14.72255802154541
2021-01-20,19.05692481994629,14.415834426879883
2021-01-21,18.799222946166992,14.209489822387695
2021-01-22,18.39697265625,13.947381019592285
2021-01-26,17.786354064941406,13.612776756286621
2021-01-27,17.786354064941406,13.807969093322754
2021-01-28,18.504104614257812,14.237373352050781
2021-01-29,17.8430233001709,13.796810150146484
2021-02-01,18.318618774414062,14.081217765808105
2021-02-02,17.928054809570312,14.024829864501953
2021-02-03,17.839876174926758,14.091789245605469
2021-02-04,17.764280319213867,14.515944480895996
2021-02-05,17.68868064880371,14.43781566619873
2021-02-08,17.36111831665039,14.130867004394531
2021-02-09,17.568998336791992,14.203417778015137
2021-02-10,17.44300651550293,14.047147750854492
2021-02-11,17.44300651550293,14.063889503479004
2021-02-12,17.487110137939453,14.063889503479004
2021-02-17,17.707582473754883,14.052732467651367
2021-02-18,17.58159637451172,13.91407585144043
2021-02-19,17.398914337158203,13.796775817871094
2021-02-22,16.132732391357422,12.89188289642334
2021-02-23,17.165836334228516,13.506318092346191
2021-02-24,16.91386604309082,13.411356925964355
2021-02-25,16.38471221923828,13.120901107788086
2021-02-26,16.1864070892334,12.847195625305176
2021-03-01,15.701495170593262,12.422682762145996
2021-03-02,16.335384368896484,12.757523536682129
2021-03-03,16.37340545654297,12.869331359863281
2021-03-04,16.886859893798828,13.366880416870117
2021-03-05,17.514415740966797,13.99860954284668
2021-03-08,16.956586837768555,13.501055717468262
2021-03-09,17.19111442565918,13.612868309020996
2021-03-10,17.317903518676758,13.842082023620605
2021-03-11,17.343257904052734,14.08246898651123
2021-03-12,17.22916030883789,13.987431526184082
2021-03-15,17.43201446533203,14.18309497833252
2021-03-16,17.07703399658203,13.948290824890137
2021-03-17,17.74260902404785,14.529707908630371
2021-03-18,17.844030380249023,14.798052787780762
2021-03-19,17.882064819335938,14.948989868164062
2021-03-22,17.983497619628906,14.8707275390625
2021-03-23,17.527090072631836,14.708599090576172
2021-03-24,17.22283172607422,14.557660102844238
2021-03-25,17.527090072631836,14.88190746307373
2021-03-26,17.825969696044922,14.982544898986816
2021-03-29,17.819622039794922,15.04403018951416
2021-03-30,18.111745834350586,15.295605659484863
2021-03-31,17.76245880126953,14.965764045715332
2021-04-01,17.219207763671875,14.417898178100586
2021-04-05,17.44159507751465,14.551575660705566
2021-04-06,17.23826789855957,14.3222017288208
2021-04-07,17.085779190063477,14.165552139282227
2021-04-08,16.95233917236328,14.120789527893066
2021-04-09,16.926918029785156,14.098413467407227
2021-04-12,17.346282958984375,14.361355781555176
2021-04-13,17.339927673339844,14.266254425048828
2021-04-14,17.562313079833984,14.434085845947266
2021-04-15,17.562313079833984,14.434085845947266
2021-04-16,17.759286880493164,14.601934432983398
2021-04-19,17.492431640625,14.535922050476074
2021-04-20,17.403470993041992,14.314364433288574
2021-04-22,17.40982437133789,14.215899467468262
2021-04-23,17.492431640625,14.480521202087402
2021-04-26,17.479713439941406,14.492830276489258
2021-04-27,17.212848663330078,14.36359977722168
2021-04-28,17.96194076538086,15.132856369018555
2021-04-29,17.395254135131836,14.628229141235352
2021-04-30,17.52897834777832,14.677454948425293
2021-05-03,17.77423667907715,15.114398956298828
2021-05-04,17.016128540039062,14.65798568725586
2021-05-05,17.50029945373535,14.68262004852295
2021-05-06,17.392000198364258,14.756534576416016
2021-05-07,17.602230072021484,14.818113327026367
2021-05-10,17.863435745239258,15.175336837768555
2021-05-11,17.825204849243164,15.150691986083984
2021-05-12,17.564010620117188,14.842750549316406
2021-05-13,18.07366180419922,15.187647819519043
2021-05-14,18.475013732910156,15.32929801940918
2021-05-17,18.462282180786133,15.397050857543945
2021-05-18,18.42405891418457,15.643402099609375
2021-05-19,18.557838439941406,15.748103141784668
2021-05-20,18.659774780273438,15.895918846130371
2021-05-21,18.74896240234375,15.96982192993164
2021-05-24,18.697994232177734,15.926709175109863
2021-05-25,18.505748748779297,15.846637725830078
2021-05-26,18.761005401611328,16.210012435913086
2021-05-27,18.601469039916992,16.308557510375977
2021-05-28,18.90777587890625,16.34549903869629
2021-05-31,18.850339889526367,16.308557510375977
2021-06-01,19.53667449951172,16.67807388305664
2021-06-02,20.18790626525879,17.330717086791992
2021-06-04,20.609277725219727,17.312227249145508
2021-06-07,21.094501495361328,17.52793312072754
2021-06-08,20.947668075561523,17.404678344726562
2021-06-09,21.234968185424805,17.318391799926758
2021-06-10,21.15835189819336,17.349210739135742
2021-06-11,20.909353256225586,17.281410217285156
2021-06-14,20.839128494262695,17.20746421813965
2021-06-15,20.839128494262695,17.219783782958984
2021-06-16,21.254114151000977,17.30607032775879
2021-06-17,21.005123138427734,17.23210906982422
2021-06-18,20.622047424316406,17.010234832763672
2021-06-21,20.717811584472656,17.053382873535156
2021-06-22,20.449663162231445,16.739057540893555
2021-06-23,20.302814483642578,16.66511344909668
2021-06-24,20.309213638305664,16.788362503051758
2021-06-25,19.664365768432617,16.26449966430664
2021-06-28,19.44091033935547,16.184383392333984
2021-06-29,19.249374389648438,16.085769653320312
2021-06-30,19.025911331176758,15.857725143432617
2021-07-01,18.965232849121094,15.660517692565918
2021-07-02,19.16963768005371,16.036090850830078
2021-07-05,18.907739639282227,15.751468658447266
2021-07-06,18.87580108642578,15.556229591369629
2021-07-07,18.95884132385254,15.669602394104004
2021-07-08,18.70972442626953,15.486949920654297
2021-07-12,18.965232849121094,15.87743091583252
2021-07-13,19.080209732055664,15.864826202392578
2021-07-14,19.105756759643555,15.934115409851074
2021-07-15,18.87580108642578,15.69478702545166
2021-07-16,18.569189071655273,15.69478702545166
2021-07-19,18.46059799194336,15.121665954589844
2021-07-20,18.70333480834961,15.354693412780762
2021-07-21,18.77998924255371,15.360990524291992
2021-07-22,18.588348388671875,15.241325378417969
2021-07-23,18.53725242614746,15.083869934082031
2021-07-26,18.8630313873291,15.209837913513184
2021-07-27,19.04826545715332,15.329507827758789
2021-07-28,19.667882919311523,15.688482284545898
2021-07-29,19.565677642822266,15.537333488464355
2021-07-30,19.354883193969727,15.27281379699707
2021-08-02,19.473114013671875,15.367287635803223
2021-08-03,19.664838790893555,15.45486068725586
2021-08-04,19.115222930908203,14.843461036682129
2021-08-05,19.172740936279297,14.622875213623047
2021-08-06,19.709583282470703,14.944321632385254
2021-08-09,19.939651489257812,14.938013076782227
2021-08-10,19.562591552734375,14.723715782165527
2021-08-11,19.779878616333008,14.780447006225586
2021-08-12,19.409210205078125,14.572444915771484
2021-08-13,19.671232223510742,14.641777992248535
2021-08-16,19.455657958984375,14.522016525268555
2021-08-17,19.385129928588867,14.465293884277344
2021-08-18,19.423608779907227,14.370755195617676
2021-08-19,19.17352294921875,14.33923625946045
2021-08-20,19.102985382080078,14.257304191589355
2021-08-23,19.308181762695312,14.358139991760254
2021-08-24,19.84683609008789,14.736321449279785
2021-08-25,19.87248420715332,14.761531829833984
2021-08-26,19.391544342041016,14.47790241241455
2021-08-27,19.724994659423828,14.666986465454102
2021-08-30,19.58391761779785,14.50942611694336
2021-08-31,19.840429306030273,14.591355323791504
2021-09-01,19.927032470703125,14.566137313842773
2021-09-02,19.208477020263672,14.054515838623047
2021-09-03,19.09941291809082,13.985123634338379
2021-09-06,19.343204498291016,14.13021183013916
2021-09-08,18.42576789855957,13.316461563110352
2021-09-09,18.6695613861084,13.373234748840332
2021-09-10,18.4835147857666,13.209228515625
2021-09-13,18.714475631713867,13.480474472045898
2021-09-14,18.598995208740234,13.39216423034668
2021-09-15,18.297462463378906,13.272308349609375
2021-09-16,18.28462791442871,13.101991653442383
2021-09-17,17.848363876342773,12.628885269165039
2021-09-20,17.444177627563477,12.155767440795898
2021-09-21,17.39926528930664,12.33240032196045
2021-09-22,17.80344581604004,12.515332221984863
2021-09-23,18.41935157775879,13.070446968078613
2021-09-24,18.162731170654297,12.780281066894531
2021-09-27,18.637483596801758,13.165072441101074
2021-09-28,18.214059829711914,12.887516021728516
2021-09-29,18.541255950927734,13.1209135055542
2021-09-30,18.560501098632812,13.139842987060547
2021-10-01,19.045133590698242,13.467863082885742
2021-10-04,15.623809814453125,13.088370323181152
2021-10-05,16.002532958984375,13.309347152709961
2021-10-06,16.053882598876953,13.410368919372559
2021-10-07,15.713683128356934,13.075739860534668
2021-10-08,15.829222679138184,13.164132118225098
2021-10-11,15.553205490112305,12.924209594726562
2021-10-13,15.572466850280762,12.886332511901855
2021-10-14,15.495437622070312,12.766369819641113
2021-10-15,15.893403053283691,13.435623168945312
2021-10-18,16.002532958984375,13.669227600097656
2021-10-19,15.623809814453125,13.246208190917969
2021-10-20,16.041046142578125,13.700806617736816
2021-10-21,15.713683128356934,13.416680335998535
2021-10-22,15.110286712646484,12.911582946777344
2021-10-25,15.405567169189453,13.10731315612793
2021-10-26,15.238676071166992,12.810565948486328
2021-10-27,15.354220390319824,12.981040954589844
2021-10-28,15.322114944458008,12.936837196350098
2021-10-29,14.962656021118164,12.5643310546875
2021-11-01,15.558558464050293,12.99997329711914
2021-11-03,15.706316947937012,12.891875267028809
2021-11-04,14.87763786315918,12.038734436035156
2021-11-05,14.697772979736328,12.632779121398926
2021-11-08,14.620681762695312,12.342072486877441
2021-11-09,14.472933769226074,12.203042030334473
2021-11-10,14.839090347290039,12.8855562210083
2021-11-11,14.806975364685059,12.948750495910645
2021-11-12,14.774858474731445,13.075139999389648
2021-11-16,14.620681762695312,13.056183815002441
2021-11-17,14.678498268127441,13.113056182861328
2021-11-18,14.4343900680542,12.986668586730957
2021-11-19,14.312336921691895,12.974030494689941
2021-11-22,14.347805976867676,12.752846717834473
2021-11-23,14.58834457397461,12.999310493469238
2021-11-24,14.97839641571045,13.33424186706543
2021-11-25,15.114925384521484,13.441666603088379
2021-11-26,14.828873634338379,12.904507637023926
2021-11-29,14.731368064880371,12.809720039367676
2021-11-30,14.549331665039062,12.582213401794434
2021-12-01,14.456721305847168,12.531656265258789
2021-12-02,15.003235816955566,13.169875144958496
2021-12-03,14.951190948486328,13.131922721862793
2021-12-06,15.126851081848145,13.410240173339844
2021-12-07,14.9381742477417,13.252110481262207
2021-12-08,14.7950439453125,13.169875144958496
2021-12-09,14.398160934448242,12.834617614746094
2021-12-10,14.417677879333496,12.784014701843262
2021-12-13,14.03381633758545,12.549966812133789
2021-12-14,14.170441627502441,12.73973274230957
2021-12-15,14.124905586242676,12.73973274230957
2021-12-16,14.268043518066406,12.897872924804688
2021-12-17,13.95573902130127,12.537313461303711
2021-12-20,13.741031646728516,12.27796745300293
2021-12-21,13.76055908203125,12.225112915039062
2021-12-22,13.812605857849121,12.28275203704834
2021-12-23,13.884174346923828,12.321171760559082
2021-12-27,14.027305603027344,12.462060928344727
2021-12-28,13.975255966186523,12.417230606079102
2021-12-29,13.858154296875,12.359597206115723
2021-12-30,13.6304349899292,12.301962852478027
2022-01-03,14.00657844543457,12.609353065490723
2022-01-04,14.403787612915039,12.692005157470703
2022-01-05,14.130302429199219,12.602264404296875
2022-01-06,14.416812896728516,12.781742095947266
2022-01-07,14.735894203186035,12.96764087677002
2022-01-10,14.872640609741211,13.012510299682617
2022-01-11,15.204727172851562,13.031737327575684
2022-01-12,15.139609336853027,12.935585021972656
2022-01-13,15.419607162475586,13.166351318359375
2022-01-14,15.302406311035156,13.377882957458496
2022-01-17,15.302406311035156,13.454806327819824
2022-01-18,15.393560409545898,13.69839096069336
2022-01-19,15.2893705368042,13.525315284729004
2022-01-20,15.165655136108398,13.512496948242188
2022-01-21,15.172163963317871,13.371474266052246
2022-01-24,15.152633666992188,13.653517723083496
2022-01-25,15.699605941772461,14.198375701904297
2022-01-26,15.86890697479248,14.211198806762695
2022-01-27,15.947053909301758,14.281706809997559
2022-01-28,16.142398834228516,14.486835479736328
2022-01-31,16.494043350219727,14.615030288696289
2022-02-01,16.60979652404785,14.666315078735352
2022-02-02,16.34914779663086,14.402603149414062
2022-02-03,16.538108825683594,14.61430549621582
2022-02-04,16.59024429321289,14.710551261901855
2022-02-07,16.499025344848633,14.659219741821289
2022-02-08,16.68147087097168,14.575821876525879
2022-02-09,16.016820907592773,13.324811935424805
2022-02-10,16.32308006286621,13.51727294921875
2022-02-11,17.287473678588867,13.562189102172852
2022-02-14,17.24838638305664,13.581432342529297
2022-02-15,17.41128158569336,13.59426498413086
2022-02-16,17.228836059570312,13.754648208618164
2022-02-17,16.987733840942383,13.59426498413086
2022-02-18,17.05289077758789,13.671246528625488
2022-02-21,16.63585662841797,13.5108642578125
2022-02-22,16.788198471069336,13.459534645080566
2022-02-23,16.553483963012695,13.3953857421875
2022-02-24,16.273136138916016,12.9912109375
2022-02-25,16.605648040771484,13.055367469787598
2022-03-02,16.330093383789062,12.920642852783203
2022-03-03,16.343141555786133,13.170270919799805
2022-03-04,16.095232009887695,12.791407585144043
2022-03-07,15.749442100524902,12.463922500610352
2022-03-08,15.599386215209961,12.6244535446167
2022-03-09,16.37575912475586,13.433548927307129
2022-03-10,16.388813018798828,13.35007381439209
2022-03-11,16.206138610839844,13.292283058166504
2022-03-14,16.434486389160156,13.38859748840332
2022-03-15,16.37575912475586,13.356496810913086
2022-03-16,16.695444107055664,13.549131393432617
2022-03-17,17.06079864501953,13.600502014160156
2022-03-18,17.184772491455078,13.568404197692871
2022-03-21,17.608835220336914,13.88946533203125
2022-03-22,17.850236892700195,14.062846183776855
2022-03-23,17.77194595336914,13.972946166992188
2022-03-24,17.889381408691406,14.178435325622559
2022-03-25,17.92200469970703,14.306859970092773
2022-03-28,17.90895652770996,14.236224174499512
2022-03-29,18.117734909057617,14.493074417114258
2022-03-30,18.156869888305664,14.403177261352539
2022-03-31,17.92852210998535,14.268330574035645
2022-04-01,17.979219436645508,14.114215850830078
2022-04-04,17.816007614135742,14.055702209472656
2022-04-05,17.45694351196289,13.66364860534668
2022-04-06,17.45043182373047,13.59295654296875
2022-04-07,17.437366485595703,13.650800704956055
2022-04-08,17.404727935791016,13.80504322052002
2022-04-11,17.33943748474121,13.7857666015625
2022-04-12,17.03260040283203,13.66364860534668
2022-04-13,17.078304290771484,13.80504322052002
2022-04-14,17.18928337097168,13.772904396057129
2022-04-18,17.287212371826172,14.017134666442871
2022-04-19,16.980379104614258,13.835249900817871
2022-04-20,17.091358184814453,13.7857666015625
2022-04-22,16.758403778076172,13.58781909942627
2022-04-25,16.693134307861328,13.50297737121582
2022-04-26,16.125150680541992,12.923267364501953
2022-04-27,15.994586944580078,13.001031875610352
2022-04-28,15.86401653289795,12.880850791931152
2022-04-29,15.583291053771973,12.711177825927734
2022-05-02,15.51643180847168,12.70411205291748
2022-05-03,15.594827651977539,12.788283348083496
2022-05-04,15.57523250579834,12.97228717803955
2022-05-05,15.215903282165527,12.547667503356934
2022-05-06,15.542560577392578,12.809518814086914
2022-05-09,15.320430755615234,13.000604629516602
2022-05-10,15.242027282714844,13.127984046936035
2022-05-11,15.75162124633789,13.354454040527344
2022-05-12,15.999882698059082,13.439379692077637
2022-05-13,16.189353942871094,13.595078468322754
2022-05-16,16.359214782714844,13.821540832519531
2022-05-17,16.502952575683594,14.10462760925293
2022-05-18,16.26774787902832,13.8427734375
2022-05-19,16.21548080444336,13.736615180969238
2022-05-20,16.41801643371582,13.920623779296875
2022-05-23,16.842674255371094,14.147088050842285
2022-05-24,17.097476959228516,14.44432544708252
2022-05-25,16.790409088134766,14.281554222106934
2022-05-26,16.999469757080078,14.359399795532227
2022-05-27,17.090938568115234,14.564632415771484
2022-05-30,16.934139251708984,14.423096656799316
2022-05-31,17.090938568115234,14.508013725280762
2022-06-01,16.854045867919922,14.246160507202148
2022-06-02,16.92595672607422,14.18874454498291
2022-06-03,16.76905059814453,14.103743553161621
2022-06-06,16.71021842956543,14.117902755737305
2022-06-07,16.71021842956543,13.99748420715332
2022-06-08,16.38986587524414,13.749554634094238
2022-06-09,16.108753204345703,13.742470741271973
2022-06-10,15.75572395324707,13.53703784942627
2022-06-13,15.566130638122559,13.338691711425781
2022-06-14,15.461528778076172,13.2041015625
2022-06-15,15.52690315246582,13.29619026184082
2022-06-17,15.330772399902344,13.090761184692383
2022-06-20,15.997611999511719,13.437865257263184
2022-06-21,15.82763957977295,13.342138290405273
2022-06-22,15.709955215454102,13.284875869750977
2022-06-23,15.350383758544922,12.934142112731934
2022-06-24,15.32424259185791,12.826772689819336
2022-06-27,15.415764808654785,13.005720138549805
2022-06-28,15.245783805847168,12.819618225097656
2022-06-29,15.088882446289062,12.597728729248047
2022-06-30,14.82083797454834,12.311413764953613
2022-07-01,14.950157165527344,12.404464721679688
2022-07-04,14.8062162399292,12.274727821350098
2022-07-05,14.910897254943848,12.303387641906738
2022-07-06,14.7735013961792,12.203071594238281
2022-07-07,14.982872009277344,12.453865051269531
2022-07-08,14.98941707611084,12.461031913757324
2022-07-11,14.747331619262695,12.210238456726074
2022-07-12,14.714620590209961,12.26039981842041
2022-07-13,14.655732154846191,11.980935096740723
2022-07-14,14.492166519165039,11.708642959594727
2022-07-15,14.753874778747559,11.78029727935791
2022-07-18,14.950157165527344,11.93077278137207
2022-07-19,15.45394515991211,12.367880821228027
2022-07-20,15.257659912109375,12.210238456726074
2022-07-21,15.381980895996094,12.375040054321289
2022-07-22,15.21841049194336,12.217399597167969
2022-07-25,15.440862655639648,12.382205963134766
2022-07-26,15.355805397033691,12.296219825744629
2022-07-27,15.408147811889648,12.367880821228027
2022-07-28,15.506287574768066,12.461031913757324
2022-07-29,15.45394515991211,12.489692687988281
2022-08-01,15.367283821105957,12.461031913757324
2022-08-02,15.530984878540039,12.675475120544434
2022-08-03,15.642289161682129,12.876336097717285
2022-08-04,16.02204704284668,13.113059997558594
2022-08-05,16.323240280151367,13.270869255065918
2022-08-08,16.52621841430664,13.313913345336914
2022-08-09,16.958356857299805,13.507598876953125
2022-08-10,17.27264976501465,13.722801208496094
2022-08-11,17.298845291137695,13.837577819824219
2022-08-12,17.50836944580078,14.009735107421875
2022-08-15,17.658960342407227,13.93800163269043
2022-08-16,17.861940383911133,14.138854026794434
2022-08-17,17.90777015686035,14.16037654876709
2022-08-18,17.855392456054688,14.246459007263184
2022-08-19,17.64116096496582,14.067123413085938
2022-08-22,17.4424991607666,13.87343978881836
2022-08-23,17.488855361938477,13.973867416381836
2022-08-24,17.56170082092285,13.894965171813965
2022-08-25,17.78023338317871,13.995386123657227
2022-08-26,17.674270629882812,13.945178985595703
2022-08-29,17.614675521850586,13.995386123657227
2022-08-30,17.53520393371582,13.952350616455078
2022-08-31,17.091527938842773,13.600849151611328
2022-09-01,17.35504150390625,13.71562385559082
2022-09-02,17.593597412109375,13.865654945373535
2022-09-05,17.8785457611084,13.89437198638916
2022-09-06,17.7128849029541,13.808211326599121
2022-09-08,17.58696746826172,13.729225158691406
2022-09-09,17.726133346557617,13.915919303894043
2022-09-12,17.944808959960938,14.052351951599121
2022-09-13,17.759252548217773,13.944640159606934
2022-09-14,17.692995071411133,13.880019187927246
2022-09-15,17.73937225341797,13.829752922058105
2022-09-16,17.67974281311035,13.671778678894043
2022-09-19,18.34239959716797,14.023628234863281
2022-09-20,18.952043533325195,14.476004600524902
2022-09-21,18.753252029418945,14.389835357666016
2022-09-22,19.130962371826172,14.720142364501953
2022-09-23,18.753252029418945,14.432921409606934
2022-09-26,18.349031448364258,14.174419403076172
2022-09-27,18.243003845214844,14.088252067565918
2022-09-28,18.236377716064453,14.09543514251709
2022-09-29,18.50806999206543,14.203145980834961
2022-09-30,18.594213485717773,14.246223449707031
2022-10-03,19.726518630981445,15.229968070983887
2022-10-04,19.759674072265625,15.222016334533691
2022-10-05,19.759674072265625,15.387311935424805
2022-10-06,19.401607513427734,15.071085929870605
2022-10-07,19.441396713256836,14.711738586425781
2022-10-10,19.235837936401367,14.488945007324219
2022-10-11,19.103225708007812,14.45301342010498
2022-10-13,18.99049949645996,14.244582176208496
2022-10-14,18.997133255004883,14.151158332824707
2022-10-17,19.149633407592773,14.251768112182617
2022-10-18,19.620420455932617,14.359573364257812
2022-10-19,19.627052307128906,14.424259185791016
2022-10-20,19.932071685791016,14.589554786682129
2022-10-21,20.59514617919922,14.898605346679688
2022-10-24,19.660215377807617,14.266143798828125
2022-10-25,19.501068115234375,14.179903984069824
2022-10-26,19.083337783813477,13.561822891235352
2022-10-27,19.43476104736328,13.81336784362793
2022-10-28,19.58727264404297,13.892424583435059
2022-10-31,20.157520294189453,14.273331642150879
2022-11-01,20.209030151367188,14.352389335632324
2022-11-03,20.06307029724121,14.107040405273438
2022-11-04,20.136045455932617,13.95596981048584
2022-11-07,19.678264617919922,13.495565414428711
2022-11-08,19.618549346923828,13.366076469421387
2022-11-09,18.676429748535156,11.042482376098633
2022-11-10,18.32480239868164,10.718758583068848
2022-11-11,17.734323501586914,10.898604393005371
2022-11-14,17.681243896484375,10.90579891204834
2022-11-16,17.429126739501953,10.941767692565918
2022-11-17,17.535280227661133,11.179163932800293
2022-11-18,17.674606323242188,11.22951602935791
2022-11-21,17.727689743041992,11.150388717651367
2022-11-22,17.435758590698242,11.107224464416504
2022-11-23,17.25662612915039,11.028095245361328
2022-11-24,17.87364387512207,11.25110149383545
2022-11-25,17.243356704711914,11.042482376098633
2022-11-28,16.93153190612793,11.028095245361328
2022-11-29,17.077495574951172,11.157578468322754
2022-11-30,17.2499942779541,11.20793628692627
2022-12-01,17.24843406677246,11.078454971313477
2022-12-02,17.48080062866211,11.070484161376953
2022-12-05,16.969589233398438,10.659936904907227
2022-12-06,17.361299514770508,10.912026405334473
2022-12-07,17.23515510559082,10.789584159851074
2022-12-08,16.630996704101562,10.479867935180664
2022-12-09,16.47269058227539,10.29980182647705
2022-12-12,16.316967010498047,10.184562683105469
2022-12-13,15.700852394104004,9.882043838500977
2022-12-14,15.768556594848633,10.090921401977539
2022-12-15,15.856568336486816,9.968478202819824
2022-12-16,16.032602310180664,9.954076766967773
2022-12-19,16.513309478759766,10.22777271270752
2022-12-20,16.68934440612793,10.595109939575195
2022-12-21,16.757047653198242,10.68154239654541
2022-12-22,16.790904998779297,10.71755313873291
2022-12-23,17.054956436157227,10.904826164245605
2022-12-26,16.716421127319336,10.645525932312012
2022-12-27,16.62164306640625,10.595109939575195
2022-12-28,16.96017074584961,10.919227600097656
2022-12-29,16.926313400268555,10.912026405334473
2023-01-02,16.59273338317871,10.623918533325195
2023-01-03,16.2471923828125,10.096686363220215
2023-01-04,16.29462242126465,10.125532150268555
2023-01-05,16.802766799926758,10.565463066101074
2023-01-06,17.09410285949707,10.861150741577148
2023-01-09,17.2160587310791,10.9979887008667
2023-01-10,17.54804229736328,11.328078269958496
2023-01-11,17.852937698364258,11.553139686584473
2023-01-12,17.602249145507812,11.283062934875488
2023-01-13,17.514175415039062,11.24555492401123
2023-01-16,17.324466705322266,10.90046215057373
2023-01-17,17.683557510375977,10.975480079650879
2023-01-18,18.001995086669922,11.140528678894043
2023-01-19,18.001995086669922,11.163029670715332
2023-01-20,17.683557510375977,11.005492210388184
2023-01-23,17.14153289794922,10.540364265441895
2023-01-24,17.297359466552734,10.652894973754883
2023-01-25,17.35834503173828,10.577873229980469
2023-01-26,17.2567081451416,10.60788345336914
2023-01-27,16.890850067138672,10.292797088623047
2023-01-30,16.897619247436523,10.345309257507324
2023-01-31,17.161855697631836,10.517862319946289
2023-02-01,16.9365177154541,10.3153076171875
2023-02-02,17.092464447021484,10.472270011901855
2023-02-03,17.031435012817383,10.239383697509766
2023-02-06,17.038223266601562,10.201823234558105
2023-02-07,16.64498519897461,10.1417236328125
2023-02-08,18.02132797241211,10.637543678283691
2023-02-09,17.573841094970703,10.367095947265625
2023-02-10,17.49248695373535,9.518196105957031
2023-02-13,18.109466552734375,9.85625171661377
2023-02-14,17.885725021362305,9.946399688720703
2023-02-15,18.150148391723633,10.337044715881348
2023-02-16,18.28574562072754,10.532367706298828
2023-02-17,18.224721908569336,10.472270011901855
2023-02-22,17.885725021362305,10.367095947265625
2023-02-23,17.953521728515625,10.322020530700684
2023-02-24,17.40434455871582,9.991477012634277
2023-02-27,17.180604934692383,9.893810272216797
2023-02-28,17.241622924804688,9.826202392578125
2023-03-01,16.961856842041016,9.751073837280273
2023-03-02,16.405500411987305,9.622385025024414
2023-03-03,16.42586898803711,9.675048828125
2023-03-06,16.799020767211914,9.998552322387695
2023-03-07,16.84651756286621,10.231779098510742
2023-03-08,17.05684471130371,10.547762870788574
2023-03-09,16.73117446899414,10.51014232635498
2023-03-10,16.33087158203125,10.20920467376709
2023-03-13,16.134119033813477,10.096358299255371
2023-03-14,16.079837799072266,10.03617000579834
2023-03-15,16.03912925720215,10.179108619689941
2023-03-16,16.30373191833496,10.46500301361084
2023-03-17,15.835589408874512,10.028646469116211
2023-03-20,15.876296043395996,9.855611801147461
2023-03-21,16.20197105407715,9.88570499420166
2023-03-22,16.106977462768555,9.795424461364746
2023-03-23,15.706676483154297,9.456870079040527
2023-03-24,15.934507369995117,9.562198638916016
2023-03-27,16.20901107788086,9.735234260559082
2023-03-28,16.284488677978516,9.720190048217773
2023-03-29,16.44232940673828,9.772851943969727
2023-03-30,16.895240783691406,10.066264152526855
2023-03-31,16.97759246826172,9.908273696899414
2023-04-03,16.502140045166016,9.660000801086426
2023-04-04,16.831768035888672,9.877705574035645
2023-04-05,16.81802749633789,9.960585594177246
2023-04-06,16.76308822631836,9.817427635192871
2023-04-10,16.941640853881836,9.930444717407227
2023-04-11,17.491029739379883,10.450322151184082
2023-04-12,17.60777473449707,10.397586822509766
2023-04-13,17.60777473449707,10.405119895935059
2023-04-14,17.86186408996582,10.390049934387207
2023-04-17,17.827524185180664,10.344841957092285
2023-04-18,17.813791275024414,10.277029991149902
2023-04-19,17.5322322845459,10.08867359161377
2023-04-20,17.580305099487305,10.179082870483398
2023-04-24,17.42235565185547,10.09620475769043
2023-04-25,17.580305099487305,10.32223892211914
2023-04-26,17.401756286621094,10.171547889709473
2023-04-27,17.71078109741211,10.36744499206543
2023-04-28,17.800052642822266,10.43525505065918
2023-05-02,17.111244201660156,10.284564971923828
2023-05-03,17.083749771118164,10.374309539794922
2023-05-04,17.2211971282959,10.615744590759277
2023-05-05,17.860288619995117,11.143892288208008
2023-05-08,18.107685089111328,11.558862686157227
2023-05-09,18.217628479003906,11.44568920135498
2023-05-10,18.485639572143555,11.4683256149292
2023-05-11,18.664318084716797,11.619224548339844
2023-05-12,18.49251365661621,11.672038078308105
2023-05-15,18.56123161315918,11.853118896484375
2023-05-16,18.499393463134766,11.860664367675781
2023-05-17,18.6849365234375,11.807848930358887
2023-05-18,18.6162052154541,11.845571517944336
2023-05-19,18.46503257751465,12.132282257080078
2023-05-22,18.11455535888672,12.011560440063477
2023-05-23,18.258869171142578,12.109647750854492
2023-05-24,18.155784606933594,11.739941596984863
2023-05-25,18.72616195678711,12.162461280822754
2023-05-26,18.581850051879883,12.162461280822754
2023-05-29,18.499393463134766,12.177552223205566
2023-05-30,18.238248825073242,11.845571517944336
2023-05-31,18.093936920166016,11.702219009399414
2023-06-01,18.360509872436523,11.90593147277832
2023-06-02,18.628692626953125,11.92024040222168
2023-06-05,18.669950485229492,12.335712432861328
2023-06-06,18.800613403320312,12.532116889953613
2023-06-07,18.85562515258789,12.524559020996094
2023-06-09,19.11693000793457,12.736079216003418
2023-06-12,18.91063117980957,12.630318641662598
2023-06-13,19.123809814453125,12.645431518554688
2023-06-14,19.385122299194336,12.728522300720215
2023-06-15,19.639554977416992,12.766289710998535
2023-06-16,19.701446533203125,12.804064750671387
2023-06-19,19.96963119506836,13.03067684173584
2023-06-20,19.960124969482422,13.060898780822754
2023-06-21,20.154455184936523,13.03067684173584
2023-06-22,19.960124969482422,12.690751075744629
2023-06-23,19.897659301757812,12.532116889953613
2023-06-26,19.869897842407227,12.471687316894531
2023-06-27,19.647811889648438,12.514924049377441
2023-06-28,19.536766052246094,12.30850887298584
2023-06-29,19.772743225097656,12.362025260925293
2023-06-30,19.724153518676758,12.576083183288574
2023-07-03,20.111421585083008,12.736629486083984
2023-07-04,19.986413955688477,12.659281730651855
2023-07-05,20.160030364990234,12.682241439819336
2023-07-06,19.861412048339844,12.37609577178955
2023-07-07,20.23642349243164,12.460289001464844
2023-07-10,20.10447120666504,12.467937469482422
2023-07-11,19.75029754638672,12.47558879852295
2023-07-12,19.632244110107422,12.360784530639648
2023-07-13,19.847524642944336,12.666933059692383
2023-07-14,19.639183044433594,12.575094223022461
2023-07-17,20.021142959594727,12.705204010009766
2023-07-18,19.632244110107422,12.682241439819336
2023-07-19,19.423908233642578,12.636322975158691
2023-07-20,19.78502655029297,12.643978118896484
2023-07-21,20.139190673828125,13.057275772094727
2023-07-24,19.819744110107422,12.705204010009766
2023-07-25,19.861412048339844,12.659281730651855
2023-07-26,19.972524642944336,12.789395332336426
2023-07-27,19.528076171875,12.498553276062012
2023-07-28,19.819744110107422,12.636322975158691
2023-07-31,19.889190673828125,12.75112533569336
2023-08-01,19.950101852416992,12.720512390136719
2023-08-02,19.88755989074707,12.773338317871094
2023-08-03,19.734682083129883,12.681387901306152
2023-08-04,19.37334632873535,11.838518142700195
2023-08-07,19.220470428466797,11.754231452941895
2023-08-08,19.17877769470215,11.807867050170898
2023-08-09,19.109291076660156,11.746562004089355
2023-08-10,19.17182731628418,11.846177101135254
2023-08-11,19.206573486328125,11.777219772338867
2023-08-14,18.928617477416992,11.71591567993164
2023-08-15,18.824386596679688,11.746562004089355
2023-08-16,18.81048583984375,11.685266494750977
2023-08-17,18.5881290435791,11.562668800354004
2023-08-18,18.734054565429688,11.63929557800293
2023-08-21,18.657615661621094,11.555005073547363
2023-08-22,18.949466705322266,11.631631851196289
2023-08-23,19.18572998046875,11.79254150390625
2023-08-24,18.96336555480957,11.509031295776367
2023-08-25,18.664569854736328,11.363446235656738
2023-08-28,19.296907424926758,11.731244087219238
2023-08-29,19.60265350341797,11.86916732788086
2023-08-30,19.22742462158203,11.616303443908691
2023-08-31,19.060649871826172,11.455392837524414
2023-09-01,19.22588348388672,11.486042022705078
2023-09-04,19.052053451538086,11.431528091430664
2023-09-05,18.766969680786133,11.186017036437988
2023-09-06,18.586191177368164,11.032572746276855
2023-09-08,18.6140079498291,11.032572746276855
2023-09-11,19.086830139160156,11.23971939086914
2023-09-12,19.198081970214844,11.377821922302246
2023-09-13,19.29543113708496,11.42385196685791
2023-09-14,19.218936920166016,11.469886779785156
2023-09-15,19.177217483520508,11.446868896484375
2023-09-18,19.1285457611084,11.446868896484375
2023-09-19,19.071874618530273,11.316444396972656
2023-09-20,19.394899368286133,11.362478256225586
2023-09-21,18.952505111694336,10.940507888793945
2023-09-22,18.903352737426758,10.856114387512207
2023-09-25,18.959524154663086,10.82542896270752
2023-09-26,18.678647994995117,10.710345268249512
2023-09-27,18.643535614013672,10.679656028747559
2023-09-28,19.135074615478516,10.93283748626709
2023-09-29,19.10698890686035,10.971200942993164
2023-10-02,18.92966651916504,10.817753791809082
2023-10-03,18.690759658813477,10.686338424682617
2023-10-04,19.119384765625,11.047415733337402
2023-10-05,19.42153549194336,11.093511581420898
2023-10-06,19.604225158691406,11.116558074951172
2023-10-09,19.435592651367188,11.01668643951416
2023-10-10,19.414514541625977,11.139604568481445
2023-10-11,19.660444259643555,11.300938606262207
2023-10-13,19.456668853759766,11.131924629211426
2023-10-16,19.484771728515625,11.247162818908691
2023-10-17,19.196685791015625,11.131924629211426
2023-10-18,18.796165466308594,11.032049179077148
2023-10-19,19.013992309570312,11.085830688476562
2023-10-20,18.943721771240234,10.878397941589355
2023-10-23,18.96480369567871,10.89376449584961
2023-10-24,18.96480369567871,10.89376449584961
2023-10-25,18.99993896484375,10.863036155700684
2023-10-26,19.470722198486328,11.139604568481445
2023-10-27,19.182632446289062,11.024365425109863
2023-10-30,19.028047561645508,10.901447296142578
2023-10-31,18.845352172851562,10.747797012329102
2023-11-01,19.110891342163086,10.847672462463379
2023-11-03,19.638229370117188,11.362276077270508
2023-11-06,19.821043014526367,11.354580879211426
2023-11-07,20.37651252746582,11.65460205078125
2023-11-08,20.467914581298828,11.716143608093262
2023-11-09,20.5593204498291,11.73922348022461
2023-11-10,20.805418014526367,11.569986343383789
2023-11-13,20.664793014526367,11.339200019836426
2023-11-14,20.974164962768555,11.577672004699707
2023-11-16,21.311662673950195,11.977702140808105
2023-11-17,21.41009521484375,11.870001792907715
2023-11-20,21.62103843688965,11.900769233703613
2023-11-21,21.585880279541016,11.8546142578125
2023-11-22,21.7194766998291,12.100783348083496
2023-11-23,21.691347122192383,12.42387866973877
2023-11-24,21.57181739807129,12.4315767288208
2023-11-27,21.515567779541016,12.35464859008789
2023-11-28,21.726512908935547,12.470038414001465
2023-11-29,21.87416648864746,12.40849494934082
2023-11-30,22.211660385131836,12.516194343566895
2023-12-01,22.160757064819336,12.554658889770508
2023-12-04,22.18890380859375,12.46142292022705
2023-12-05,22.371822357177734,12.576949119567871
2023-12-06,22.17483139038086,12.446023941040039
2023-12-07,22.421058654785156,12.476826667785645
2023-12-08,22.704689025878906,12.677074432373047
2023-12-11,22.548688888549805,12.576949119567871
2023-12-12,22.435237884521484,12.515334129333496
2023-12-13,23.115951538085938,13.062156677246094
2023-12-14,23.307401657104492,13.285506248474121
2023-12-15,23.208133697509766,13.4164400100708
2023-12-18,23.32158660888672,13.516562461853027
2023-12-19,23.33576774597168,13.516562461853027
2023-12-20,23.094675064086914,13.293210983276367
2023-12-21,23.250675201416016,13.300918579101562
2023-12-22,23.619394302368164,13.499641418457031
2023-12-26,23.860488891601562,13.539748191833496
2023-12-27,24.02357292175293,13.619956970214844
2023-12-28,24.087387084960938,13.70819091796875
2024-01-02,23.780662536621094,13.435476303100586
2024-01-03,23.518163681030273,13.450689315795898
2024-01-04,23.36208724975586,13.2659912109375
2024-01-05,23.908357620239258,13.555075645446777
2024-01-08,23.652952194213867,13.450689315795898
2024-01-09,23.638771057128906,13.089319229125977
2024-01-10,23.61748504638672,12.864474296569824
2024-01-11,23.660043716430664,12.800232887268066
2024-01-12,23.688426971435547,12.695841789245605
2024-01-15,23.730998992919922,12.744023323059082
2024-01-16,23.397558212280273,12.631596565246582
2024-01-17,23.411745071411133,12.65568733215332
2024-01-18,23.312427520751953,12.583418846130371
2024-01-19,23.36917495727539,12.55932331085205
2024-01-22,22.986080169677734,12.414780616760254
2024-01-23,23.09248924255371,12.350536346435547
2024-01-24,22.986080169677734,12.302355766296387
2024-01-25,22.936412811279297,12.334476470947266
2024-01-26,23.276952743530273,12.462964057922363
2024-01-29,23.156347274780273,12.350536346435547
2024-01-30,23.007360458374023,12.262207984924316
2024-01-31,23.25566864013672,12.326449394226074
2024-02-01,23.20430564880371,12.302355766296387
2024-02-02,23.239797592163086,12.317585945129395
2024-02-05,23.679893493652344,12.566834449768066
2024-02-06,24.694948196411133,13.3467378616333
2024-02-07,24.51749038696289,11.224123001098633
2024-02-08,24.034814834594727,10.902511596679688
2024-02-09,24.340036392211914,10.822110176086426
2024-02-14,24.340036392211914,10.749748229980469
2024-02-15,24.54589080810547,10.797990798950195
2024-02-16,24.51749038696289,10.838189125061035
2024-02-19,24.7872314453125,10.974873542785645
2024-02-20,25.32670021057129,11.232161521911621
2024-02-21,25.184730529785156,11.191959381103516
2024-02-22,25.041879653930664,11.256280899047852
2024-02-23,25.115182876586914,11.111557006835938
2024-02-26,25.188491821289062,11.095477104187012
2024-02-27,25.496379852294922,11.27236270904541
2024-02-28,25.511045455932617,11.224123001098633
2024-02-29,24.880596160888672,11.055278778076172
2024-03-01,24.9888916015625,11.095477104187012
2024-03-04,24.798194885253906,10.989958763122559
2024-03-05,24.776185989379883,11.046319007873535
2024-03-06,25.047569274902344,11.126829147338867
2024-03-07,24.78352165222168,11.078524589538574
2024-03-08,25.01089859008789,11.142931938171387
2024-03-11,25.135581970214844,11.207342147827148
2024-03-12,25.23826789855957,11.34421443939209
2024-03-13,25.487646102905273,11.464986801147461
2024-03-14,25.47297477722168,11.537445068359375
2024-03-15,25.3336238861084,11.360319137573242
2024-03-18,25.43630027770996,11.432778358459473
2024-03-19,25.47297477722168,11.368368148803711
2024-03-20,25.524320602416992,11.513290405273438
2024-03-21,25.260271072387695,11.384472846984863
2024-03-22,24.90704917907715,11.239550590515137
2024-03-25,24.90704917907715,11.223442077636719
2024-03-26,25.401947021484375,11.384472846984863
2024-03-27,25.542282104492188,11.561599731445312
2024-03-28,25.58660316467285,11.481085777282715
2024-04-01,24.712820053100586,11.376418113708496
2024-04-02,24.742385864257812,11.440061569213867
2024-04-03,24.557636260986328,11.665801048278809
2024-04-04,24.23245620727539,11.738358497619629
2024-04-05,24.188129425048828,11.7061128616333
2024-04-08,24.550233840942383,11.78673267364502
2024-04-09,24.80889320373535,11.859292030334473
2024-04-10,24.284191131591797,11.609365463256836
2024-04-11,24.239850997924805,11.60130500793457
2024-04-12,23.98858642578125,11.456184387207031
2024-04-15,23.582122802734375,11.286882400512695
2024-04-16,23.404754638671875,11.206263542175293
2024-04-17,23.419538497924805,11.149829864501953
2024-04-18,23.449106216430664,11.101455688476562
2024-04-19,23.316076278686523,10.996649742126465
2024-04-22,23.301294326782227,10.948278427124023
2024-04-23,23.648635864257812,11.020835876464844
2024-04-24,23.5451717376709,11.020835876464844
2024-04-25,23.412147521972656,11.012773513793945
2024-04-26,23.803829193115234,11.190138816833496
2024-04-29,23.619075775146484,11.335257530212402
2024-04-30,23.1756649017334,11.286882400512695
2024-05-02,23.514057159423828,11.157890319824219
2024-05-03,23.80984115600586,11.124746322631836
2024-05-06,23.95772933959961,11.116673469543457
2024-05-07,24.453149795532227,11.116673469543457
2024-05-08,24.608423233032227,11.140888214111328
2024-05-09,23.86899185180664,10.858335494995117
2024-05-10,24.142589569091797,10.793746948242188
2024-05-13,24.438358306884766,10.842185974121094
2024-05-14,24.704557418823242,10.834112167358398
2024-05-15,24.638004302978516,10.72916316986084
2024-05-16,24.564062118530273,10.785676002502441
2024-05-17,24.57145881652832,10.842185974121094
2024-05-20,24.497516632080078,10.761456489562988
2024-05-21,24.371814727783203,10.81796932220459
2024-05-22,23.994701385498047,10.575774192810059
2024-05-23,23.7802677154541,10.398165702819824
2024-05-24,23.55103874206543,10.47082233428955
2024-05-27,23.469696044921875,10.438531875610352
2024-05-28,23.343994140625,10.430458068847656
2024-05-29,23.18132209777832,10.325506210327148
2024-05-31,22.944698333740234,10.228632926940918
2024-06-03,23.268503189086914,10.293216705322266
2024-06-04,23.349878311157227,10.389383316040039
2024-06-05,23.305490493774414,10.332781791687012
2024-06-06,23.60143280029297,10.551082611083984
2024-06-07,23.268503189086914,10.470231056213379
2024-06-10,23.083534240722656,10.39746379852295
2024-06-11,23.342477798461914,10.45406436920166
2024-06-12,23.305490493774414,10.260018348693848
2024-06-13,23.061338424682617,10.268101692199707
2024-06-14,23.039142608642578,10.373209953308105
2024-06-17,23.60143280029297,10.48639965057373
2024-06-18,23.58663558959961,10.32327651977539
2024-06-19,23.771604537963867,10.373309135437012
2024-06-20,23.60883140563965,10.34829330444336
2024-06-21,23.773635864257812,10.339953422546387
2024-06-24,24.116668701171875,10.373309135437012
2024-06-25,24.191246032714844,10.289923667907715
2024-06-26,24.14649772644043,10.314937591552734
2024-06-27,24.191246032714844,10.356632232666016
2024-06-28,24.168872833251953,10.32327651977539
2024-07-01,24.055198669433594,10.231553077697754
2024-07-02,24.368576049804688,10.21396541595459
2024-07-03,24.517799377441406,10.247371673583984
2024-07-04,24.55510139465332,10.289127349853516
2024-07-05,24.570026397705078,10.406049728393555
2024-07-08,24.525257110595703,10.406049728393555
2024-07-09,24.696868896484375,10.406049728393555
2024-07-10,24.958009719848633,10.581435203552246
2024-07-11,25.10723304748535,10.581435203552246
2024-07-12,24.965473175048828,10.556379318237305
2024-07-15,25.062469482421875,10.531322479248047
2024-07-16,25.21169662475586,10.564728736877441
2024-07-17,25.487764358520508,10.690003395080566
2024-07-18,25.36838722229004,10.489567756652832
2024-07-19,25.5623779296875,10.431103706359863
2024-07-22,25.54745864868164,10.548027038574219
2024-07-23,25.510149002075195,10.472864151000977
2024-07-24,25.472841262817383,10.481213569641113
2024-07-25,25.36092758178711,10.314184188842773
2024-07-26,25.54745864868164,10.397700309753418
2024-07-29,25.733985900878906,10.43945598602295
2024-07-30,25.636993408203125,10.355940818786621
2024-07-31,25.278846740722656,10.380996704101562
2024-08-01,24.911300659179688,10.514620780944824
2024-08-02,24.597763061523438,10.580647468566895
2024-08-05,24.597763061523438,11.383607864379883
2024-08-06,25.14272117614746,11.759994506835938
2024-08-07,25.20990753173828,11.785089492797852
2024-08-08,25.120323181152344,11.918914794921875
2024-08-09,25.799657821655273,12.211658477783203
2024-08-12,25.83698272705078,12.295299530029297
2024-08-13,26.568567276000977,12.445853233337402
2024-08-14,27.225505828857422,12.554591178894043
2024-08-15,27.658491134643555,12.680048942565918
2024-08-16,27.427066802978516,12.52112865447998
2024-08-19,27.591299057006836,13.081531524658203
2024-08-20,27.792858123779297,13.131714820861816
2024-08-21,27.680885314941406,13.073164939880371
2024-08-22,27.427066802978516,12.981160163879395
2024-08-23,27.21803855895996,13.098255157470703
2024-08-26,27.27776336669922,13.056438446044922
2024-08-27,27.307626724243164,12.897518157958984
2024-08-28,27.897375106811523,13.106620788574219
2024-08-29,27.591299057006836,13.073164939880371
2024-08-30,27.397205352783203,13.081531524658203
2024-09-02,27.178857803344727,13.048074722290039
2024-09-03,27.619510650634766,13.189550399780273
2024-09-04,27.813695907592773,13.290042877197266
2024-09-05,27.992956161499023,13.407282829284668
2024-09-06,27.59710693359375,13.147677421569824
2024-09-09,27.86598777770996,13.189550399780273
2024-09-10,27.86598777770996,13.23142147064209
2024-09-11,27.918270111083984,13.08068561553955
2024-09-12,27.612043380737305,13.022062301635742
2024-09-13,27.641921997070312,13.022062301635742
2024-09-16,27.63445281982422,12.9215726852417
2024-09-17,27.567232131958008,12.837830543518066
2024-09-18,27.410388946533203,12.762457847595215
2024-09-19,27.335702896118164,12.586599349975586
2024-09-20,27.036949157714844,12.352119445800781
2024-09-23,26.878923416137695,12.033891677856445
2024-09-24,26.87139892578125,12.017145156860352
2024-09-25,27.210023880004883,12.09251594543457
2024-09-26,27.556163787841797,12.402365684509277
2024-09-27,27.661518096923828,12.511231422424316
2024-09-30,27.172395706176758,12.310247421264648
2024-10-01,26.7264404296875,12.469134330749512
2024-10-02,26.89206886291504,12.918689727783203
2024-10-03,26.229551315307617,12.78270149230957
2024-10-04,26.282251358032227,12.799701690673828
2024-10-07,26.45541000366211,12.918689727783203
2024-10-08,26.61351776123047,12.935688972473145
2024-10-09,26.124155044555664,12.680713653564453
2024-10-10,26.267196655273438,12.748705863952637
2024-10-11,26.071456909179688,12.578723907470703
2024-10-14,26.23708724975586,12.765704154968262
2024-10-15,26.538227081298828,12.876194953918457
2024-10-16,26.380128860473633,12.833698272705078
2024-10-17,26.43282127380371,12.918689727783203
2024-10-18,26.560806274414062,13.02067756652832
2024-10-21,26.425294876098633,12.986681938171387
2024-10-22,26.470470428466797,12.901691436767578
2024-10-23,26.63610076904297,12.85069751739502
2024-10-24,26.87700843811035,12.876194953918457
2024-10-25,26.57586669921875,12.689213752746582
2024-10-28,26.899595260620117,12.918689727783203
2024-10-29,26.61351776123047,12.731708526611328
2024-10-30,26.538227081298828,12.77420425415039
2024-10-31,26.36507225036621,12.213257789611816
2024-11-01,26.220178604125977,11.992281913757324
2024-11-04,26.574199676513672,12.008402824401855
2024-11-05,27.372634887695312,11.855215072631836
2024-11-06,27.24458885192871,11.753087997436523
2024-11-07,26.845373153686523,11.625426292419434
2024-11-08,26.42355728149414,11.497770309448242
2024-11-11,26.45368766784668,11.455217361450195
2024-11-12,26.13732147216797,11.395642280578613
2024-11-13,26.00174903869629,11.47223949432373
2024-11-14,25.926422119140625,11.514792442321777
2024-11-18,25.83603286743164,11.676491737365723
2024-11-19,26.069534301757812,11.761598587036133
2024-11-21,25.61759376525879,11.719047546386719
2024-11-22,25.692916870117188,11.744575500488281
2024-11-25,25.685388565063477,11.57436752319336
2024-11-26,26.174989700317383,11.650959968566895
2024-11-27,25.53473472595215,11.336067199707031
2024-11-28,24.615785598754883,10.859480857849121
2024-11-29,24.555530548095703,10.748841285705566
2024-12-02,24.207082748413086,10.519054412841797
2024-12-03,24.4783935546875,10.484060287475586
2024-12-04,24.629119873046875,10.603389739990234
2024-12-05,25.156675338745117,10.748291969299316
2024-12-06,24.644197463989258,10.501105308532715
2024-12-09,24.764781951904297,10.432918548583984
2024-12-10,25.099973678588867,10.637484550476074
2024-12-11,25.34343719482422,10.825003623962402
2024-12-12,24.71194839477539,10.449963569641113
2024-12-13,24.39239501953125,10.313589096069336
2024-12-16,24.126102447509766,10.143113136291504
2024-12-17,24.25543975830078,10.219827651977539
2024-12-18,23.56308364868164,9.793646812438965
2024-12-19,23.692432403564453,9.802167892456055
2024-12-20,23.96632957458496,10.023784637451172
2024-12-23,23.502214431762695,9.84478759765625
2024-12-26,23.65437889099121,9.921499252319336
2024-12-27,23.41852378845215,9.84478759765625
2024-12-30,23.380483627319336,9.853310585021973
2025-01-02,23.27211570739746,9.970035552978516
2025-01-03,22.701162338256836,9.811429023742676
2025-01-06,23.721269607543945,10.004152297973633
2025-01-07,23.980100631713867,10.144314765930176
2025-01-08,23.59184455871582,9.986629486083984
2025-01-09,23.652755737304688,9.916550636291504
2025-01-10,23.325403213500977,9.793905258178711
2025-01-13,23.492891311645508,9.828948974609375
2025-01-14,23.50811004638672,10.01291275024414
2025-01-15,24.528215408325195,10.363321304321289
2025-01-16,24.452091217041016,10.275718688964844
2025-01-17,24.627182006835938,10.153075218200684
2025-01-20,24.863176345825195,10.188115119934082
2025-01-21,24.916471481323242,10.196877479553223
2025-01-22,24.82511329650879,10.056713104248047
2025-01-23,24.77182388305664,9.977871894836426
2025-01-24,24.71092414855957,9.899033546447754
2025-01-27,25.30471420288086,10.144314765930176
2025-01-28,25.350387573242188,10.188115119934082
2025-01-29,25.28948974609375,10.082995414733887
2025-01-30,25.9061222076416,10.634888648986816
2025-01-31,25.738637924194336,10.591086387634277
2025-02-03,25.500730514526367,10.573564529418945
2025-02-04,25.592132568359375,10.555088996887207
2025-02-05,25.980587005615234,10.800761222839355
2025-02-06,26.02628517150879,10.949919700622559
2025-02-07,25.83586883544922,10.519994735717773
2025-02-10,26.117687225341797,10.528765678405762
2025-02-11,26.391881942749023,10.774435997009277
2025-02-12,25.66068458557129,10.283098220825195
2025-02-13,25.79778289794922,10.423480033874512
2025-02-14,26.483280181884766,10.695472717285156
2025-02-17,26.53660774230957,10.713021278381348
2025-02-18,26.492216110229492,10.70424747467041
2025-02-19,26.24484634399414,10.511218070983887
2025-02-20,26.173032760620117,10.48489761352539
2025-02-21,26.09323501586914,10.388382911682129
2025-02-24,25.949602127075195,10.204130172729492
2025-02-25,26.212932586669922,10.326966285705566
2025-02-26,26.149091720581055,10.125164031982422
2025-02-27,26.12515640258789,10.06374740600586
2025-02-28,25.486787796020508,9.861947059631348
2025-03-05,25.86814308166504,10.06374740600586
2025-03-06,25.916048049926758,10.151045799255371
2025-03-07,26.027820587158203,10.274085998535156
2025-03-10,26.259355545043945,10.124680519104004
2025-03-11,26.027820587158203,10.06315803527832
2025-03-12,26.107662200927734,10.06315803527832
2025-03-13,26.530811309814453,10.238930702209473
2025-03-14,27.393085479736328,10.66079330444336
2025-03-17,28.215438842773438,10.81899356842041
2025-03-18,28.367130279541016,10.81020450592041
2025-03-19,28.43739128112793,10.906881332397461
2025-03-20,28.173925399780273,10.854148864746094
2025-03-21,28.235401153564453,11.003557205200195
2025-03-24,28.261741638183594,11.117813110351562
2025-03-25,28.490083694458008,11.30237102508545
2025-03-26,28.182701110839844,11.486937522888184
2025-03-27,28.217832565307617,11.442997932434082
2025-03-28,27.831405639648438,11.284796714782715
2025-03-31,27.58549690246582,11.13538932800293
2025-04-01,27.59222412109375,11.150988578796387
2025-04-02,27.60101318359375,11.17693042755127
2025-04-03,28.09310531616211,11.392041206359863
2025-04-04,27.363750457763672,11.266558647155762
2025-04-07,27.41647720336914,11.078333854675293
2025-04-08,27.425264358520508,10.773591041564941
2025-04-09,27.926145553588867,11.17693042755127
2025-04-10,27.811906814575195,11.159004211425781
2025-04-11,27.952499389648438,11.311375617980957
2025-04-14,28.409446716308594,11.409969329833984
2025-04-15,28.769723892211914,11.418931007385254
2025-04-16,28.725786209106445,11.401006698608398
2025-04-17,28.778514862060547,11.454781532287598
2025-04-22,29.34090805053711,11.409969329833984
2025-04-23,29.95601463317871,11.786416053771973
2025-04-24,30.53597640991211,11.974640846252441
2025-04-25,30.421741485595703,11.992568016052246
2025-04-28,30.746883392333984,11.965680122375488
2025-04-29,30.9929141998291,12.100125312805176
2025-04-30,31.26532745361328,12.306273460388184
2025-05-02,31.18413734436035,12.046342849731445
2025-05-05,30.6302490234375,11.937686920166016
2025-05-06,30.47201156616211,11.883831977844238
2025-05-07,30.806089401245117,11.70431900024414
2025-05-08,31.052261352539062,13.53536319732666
2025-05-09,32.73147201538086,13.57126522064209
2025-05-12,32.07210159301758,13.373797416687012
2025-05-13,32.46772003173828,13.661020278930664
2025-05-14,32.687522888183594,13.643071174621582
2025-05-15,33.12709426879883,13.777708053588867
2025-05-16,33.320518493652344,13.822583198547363
2025-05-19,33.71614456176758,13.948243141174316
2025-05-20,33.672183990478516,14.082879066467285
2025-05-21,32.9952278137207,13.831560134887695
2025-05-22,32.76664352416992,13.867460250854492
2025-05-23,33.162269592285156,14.038002014160156
2025-05-26,33.232608795166016,14.109807968139648
2025-05-27,33.49635314941406,14.3970308303833
2025-05-28,33.223812103271484,14.49576187133789
2025-05-29,32.96005630493164,14.432934761047363
2025-05-30,32.90730667114258,14.540642738342285
2025-06-02,32.67655944824219,14.576545715332031
2025-06-03,32.57099533081055,14.827208518981934
2025-06-04,32.49183654785156,14.782276153564453
2025-06-05,32.09602355957031,14.35093879699707
2025-06-06,32.175193786621094,14.341952323913574
2025-06-09,32.0080680847168,14.234118461608887
2025-06-10,31.958446502685547,14.225133895874023
2025-06-11,32.25139236450195,14.665456771850586
2025-06-12,32.49995422363281,14.809234619140625
2025-06-13,32.10934829711914,14.638498306274414
2025-06-16,32.69525909423828,14.95301342010498
2025-06-17,32.890560150146484,15.177667617797852
2025-06-18,32.69525909423828,15.060846328735352
2025-06-20,32.52660369873047,14.93504524230957
2025-06-23,32.45558166503906,14.818221092224121
2025-06-24,33.068111419677734,14.863151550292969
2025-06-25,32.47333526611328,14.737345695495605
2025-06-26,32.233638763427734,14.872139930725098
2025-06-27,32.19813919067383,14.890111923217773
2025-06-30,32.801795959472656,15.12375259399414
2025-07-01,32.95069122314453,15.257895469665527
2025-07-02,32.68424606323242,14.98219108581543
2025-07-03,33.492462158203125,15.339345932006836
2025-07-04,33.510223388671875,15.266082763671875
2025-07-07,33.06614303588867,15.119563102722168
2025-07-08,32.9862174987793,15.156193733215332
2025-07-09,32.30233383178711,14.98219108581543
2025-07-10,31.307592391967773,14.780722618103027
2025-07-11,31.050025939941406,14.698299407958984
2025-07-14,30.99673843383789,14.75324821472168
2025-07-15,31.103317260742188,14.74409008026123
2025-07-16,31.254304885864258,14.70745849609375
2025-07-17,31.725025177001953,14.679983139038086
2025-07-18,31.147727966308594,14.350303649902344
2025-07-21,31.51187515258789,14.359461784362793
2025-07-22,31.085556030273438,14.313673973083496
2025-07-23,31.431936264038086,14.542617797851562
2025-07-24,31.13884735107422,14.359461784362793
2025-07-25,31.272064208984375,14.249567985534668
2025-07-28,30.614835739135742,14.139673233032227
2025-07-29,30.792465209960938,14.112200736999512
2025-07-30,31.147727966308594,14.341145515441895
2025-07-31,31.227659225463867,14.22209358215332
2025-08-01,31.038957595825195,14.249567985534668
2025-08-04,31.367755889892578,14.358627319335938
2025-08-05,31.71430015563965,14.386129379272461
2025-08-06,32.11418151855469,14.36779499053955
2025-08-07,32.68288803100586,14.477826118469238
2025-08-08,32.905033111572266,14.633695602416992
2025-08-11,33.10941696166992,14.578680992126465
2025-08-12,33.79365158081055,14.917933464050293
2025-08-13,33.47374725341797,14.789567947387695
2025-08-14,33.42930221557617,14.679540634155273
2025-08-15,33.31379318237305,14.697877883911133
2025-08-18,33.553714752197266,14.99128532409668
2025-08-19,32.57877731323242,14.477826118469238
2025-08-20,32.59672164916992,14.523667335510254
2025-08-21,32.63261032104492,14.477826118469238
2025-08-22,33.54779815673828,14.954606056213379
2025-08-25,33.377315521240234,14.99128532409668
2025-08-26,33.15300750732422,14.954606056213379
2025-08-27,33.70930480957031,15.064637184143066
2025-08-28,34.409141540527344,15.394720077514648
2025-08-29,34.534751892089844,15.431395530700684
2025-09-01,34.8109245300293,15.330540657043457
2025-09-02,34.21847152709961,15.155159950256348
2025-09-03,33.922245025634766,15.145978927612305
2025-09-04,34.056884765625,15.44890022277832
2025-09-05,34.433902740478516,15.825252532958984
2025-09-08,34.272335052490234,15.742640495300293
2025-09-09,33.976104736328125,15.595769882202148
2025-09-10,34.003028869628906,15.485618591308594
2025-09-11,34.06587600708008,15.632492065429688
2025-09-12,33.55421447753906,15.44890022277832
2025-09-15,34.11075210571289,15.632492065429688
2025-09-16,34.0209846496582,15.595769882202148
2025-09-17,34.50572204589844,16.137351989746094
2025-09-18,34.550594329833984,15.972123146057129
2025-09-19,35.00841522216797,16.256685256958008
2025-09-22,34.50572204589844,16.28422737121582
2025-09-23,35.053287506103516,16.385196685791016
2025-09-24,34.81989669799805,16.256685256958008
2025-09-25,34.541622161865234,16.1281681060791
2025-09-26,34.712181091308594,16.210786819458008
2025-09-29,34.90966033935547,16.37601661682129
2025-09-30,35.07124328613281,16.512907028198242
2025-10-01,34.440486907958984,16.232866287231445
2025-10-02,34.063297271728516,15.97022533416748
2025-10-03,34.31476593017578,15.979576110839844
2025-10-06,33.919612884521484,15.886123657226562
2025-10-07,33.38078308105469,15.624469757080078
2025-10-08,33.443641662597656,15.876778602600098
2025-10-09,33.38976287841797,15.960885047912598
2025-10-10,33.35383605957031,15.745952606201172
2025-10-13,33.488555908203125,15.811369895935059
2025-10-14,33.632240295410156,16.035642623901367
2025-10-15,33.632240295410156,16.2225399017334
2025-10-16,33.55141067504883,16.40943145751953
2025-10-17,33.66816329956055,16.521574020385742
2025-10-20,34.26985549926758,16.829944610595703
2025-10-21,33.946556091308594,16.60567283630371
2025-10-22,34.22495651245117,16.624366760253906
2025-10-23,34.19801712036133,16.801912307739258
2025-10-24,34.153114318847656,16.895362854003906
2025-10-27,34.440486907958984,17.035531997680664
2025-10-28,34.5572395324707,17.044876098632812
2025-10-29,35.32956314086914,17.596220016479492
2025-10-30,35.28466033935547,16.914051055908203
2025-10-31,35.41938400268555,16.97011947631836
2025-11-03,36.01024627685547,17.157014846801758
2025-11-04,35.90243148803711,17.2121524810791
2025-11-05,36.05516052246094,17.576974868774414
2025-11-06,36.05516052246094,17.502140045166016
2025-11-07,36.091102600097656,17.520851135253906
2025-11-10,36.333683013916016,17.84825325012207
2025-11-11,37.034488677978516,18.231782913208008
2025-11-12,36.18993377685547,18.185012817382812
2025-11-13,36.333683013916016,18.222431182861328
2025-11-14,36.477447509765625,18.21307373046875
2025-11-17,36.20790100097656,18.0727596282959
2025-11-18,36.02821350097656,17.857608795166016
2025-11-19,35.8036003112793,17.679872512817383
2025-11-21,35.91141891479492,17.576974868774414
2025-11-24,35.776641845703125,17.586326599121094
2025-11-25,35.85750961303711,17.726646423339844
2025-11-26,36.702056884765625,18.25985336303711
2025-11-27,36.576263427734375,18.222431182861328
2025-11-28,37.411842346191406,18.381452560424805
2025-12-01,37.12209701538086,18.100818634033203
2025-12-02,37.94902420043945,18.296466827392578
2025-12-03,37.94902420043945,17.79083251953125
2025-12-04,38.883827209472656,18.04364776611328
2025-12-05,37.08614730834961,16.966835021972656
2025-12-08,37.26591110229492,17.08856201171875
2025-12-09,37.18501663208008,16.86383628845215
2025-12-10,37.4776725769043,17.16347312927246
2025-12-11,37.449153900146484,17.360109329223633
2025-12-12,37.781742095947266,17.472469329833984
2025-12-15,38.351898193359375,17.715923309326172
2025-12-16,37.3636360168457,17.22901725769043
2025-12-17,37.03105163574219,17.08856201171875
2025-12-18,37.22109603881836,17.16347312927246
2025-12-19,37.56317901611328,17.322654724121094
2025-12-22,37.63921356201172,17.079198837280273
2025-12-23,38.25686264038086,17.238378524780273
2025-12-26,38.269222259521484,17.22901725769043
2025-12-29,38.15176773071289,17.31328773498535
2025-12-30,38.39645767211914,17.39518928527832
2026-01-02,38.3359260559082,17.423879623413086
2026-01-05,38.89406967163086,18.159988403320312
2026-01-06,39.12908172607422,18.26529312133789
2026-01-07,38.50239562988281,18.03554344177246
2026-01-08,39.099708557128906,17.729204177856445
2026-01-09,39.02136993408203,17.74835205078125
2026-01-12,38.66885757446289,17.614328384399414
2026-01-13,38.35551071166992,17.413293838500977
2026-01-14,38.77656173706055,17.729204177856445
2026-01-15,39.109500885009766,18.092975616455078
2026-01-16,38.78635787963867,18.102554321289062
2026-01-19,38.72760772705078,18.092975616455078
2026-01-20,39.089908599853516,18.3514461517334
2026-01-21,40.80351638793945,18.916259765625
2026-01-22,42.184207916259766,19.433198928833008
2026-01-23,42.66401290893555,19.902280807495117
2026-01-26,43.23196029663086,19.988431930541992
2026-01-27,44.37762451171875,20.514949798583984
2026-01-28,45.37641525268555,20.792566299438477
2026-01-29,45.19037628173828,20.524524688720703
2026-01-30,44.55388641357422,20.40007209777832
2026-02-02,44.943946838378906,20.658544540405273
2026-02-03,45.198638916015625,20.772502899169922
2026-02-04,43.70964813232422,20.101808547973633
2026-02-05,44.59129333496094,20.26468849182129
2026-02-06,45.79619216918945,19.747295379638672
2026-02-09,47.32436752319336,20.034740447998047
2026-02-10,47.432125091552734,20.0443172454834
2026-02-11,48.36273956298828,20.63836669921875
2026-02-12,47.25579071044922,20.341344833374023
2026-02-13,46.795387268066406,20.092222213745117
2026-02-18,47.010894775390625,20.034740447998047
2026-02-19,47.559471130371094,20.437158584594727
2026-02-20,48.22560119628906,20.849157333374023
2026-02-23,46.481910705566406,20.341344833374023
2026-02-24,47.187225341796875,20.504228591918945
2026-02-25,46.814971923828125,20.283849716186523
2026-02-26,46.697418212890625,20.101808547973633
2026-02-27,45.82557678222656,20.26468849182129
2026-03-02,45.00061798095703,20.341344833374023
2026-03-03,43.491451263427734,19.371740341186523
2026-03-04,44.10883331298828,19.64984893798828
2026-03-05,42.63887405395508,19.016910552978516
2026-03-06,42.07048034667969,18.74839210510254
2026-03-09,42.295875549316406,18.74839210510254
2026-03-10,42.92306900024414,19.208711624145508
2026-03-11,43.01126480102539,19.12240219116211
2026-03-12,41.83528518676758,18.594953536987305
2026-03-13,41.55109405517578,18.211355209350586
2026-03-16,42.13908386230469,18.220943450927734
2026-03-17,41.854888916015625,18.077091217041016
2026-03-18,41.43349838256836,17.866113662719727
2026-03-19,41.72749328613281,17.87570571899414
2026-03-20,41.05449676513672,17.57841682434082
2026-03-23,42.26981735229492,18.220943450927734
2026-03-24,42.032684326171875,18.163406372070312
2026-03-25,42.58600997924805,18.48946189880371
2026-03-26,41.43983840942383,18.048322677612305
2026-03-27,40.955684661865234,17.760623931884766
2026-03-30,41.1038932800293,17.712671279907227
2026-03-31,42.96147155761719,18.383974075317383
2026-04-01,43.325416564941406,18.633312225341797
2026-04-02,42.801517486572266,18.353918075561523
2026-04-06,42.98933410644531,18.55550193786621
2026-04-07,42.959678649902344,18.727888107299805
2026-04-08,44.46218490600586,19.66379737854004
2026-04-09,45.22331619262695,19.78078842163086
2026-04-10,45.53963088989258,19.927021026611328
2026-04-13,45.302398681640625,20.073257446289062
2026-04-14,45.99433135986328,20.25848960876465
2026-04-15,46.49846649169922,20.277986526489258
2026-04-16,46.439151763916016,20.32673454284668
2026-04-17,46.261226654052734,20.726442337036133
2026-04-20,45.836177825927734,20.502214431762695
2026-04-22,44.511600494384766,19.89777374267578
2026-04-23,43.671390533447266,19.46881675720215
2026-04-24,43.85919952392578,19.42007064819336
2026-04-27,43.48358154296875,19.234838485717773
2026-04-28,43.592308044433594,19.078855514526367
2026-04-29,42.37647247314453,18.630403518676758
2026-04-30,42.69279098510742,18.835128784179688
2026-05-04,41.929534912109375,18.4354190826416
2026-05-05,41.98886489868164,18.727153778076172
2026-05-06,41.316410064697266,18.805221557617188
2026-05-07,40.33739471435547,18.073312759399414
2026-05-08,40.802181243896484,18.141624450683594
2026-05-11,39.882503509521484,17.653684616088867
2026-05-12,39.4276008605957,17.526817321777344
2026-05-13,39.190269470214844,17.22429656982422
2026-05-14,39.951725006103516,17.409713745117188
2026-05-15,39.25949478149414,17.263330459594727
2026-05-18,39.18037796020508,17.234052658081055
2026-05-19,38.349700927734375,16.970565795898438
2026-05-20,39.22982406616211,17.429231643676758
2026-05-21,39.67483139038086,17.4682674407959
2026-05-22,38.99248504638672,17.19502067565918
2026-05-25,39.87260818481445,17.634164810180664
2026-05-26,39.615501403808594,17.409713745117188
2026-05-27,39.87260818481445,17.565853118896484
2026-05-28,39.5561637878418,17.4682674407959
2026-05-29,39.59572219848633,17.273090362548828
2026-06-01,38.940948486328125,17.077913284301758
2026-06-02,39.13882064819336,17.340654373168945
2026-06-03,38.30775833129883,16.969417572021484
2026-06-05,38.41659164428711,17.067108154296875
2026-06-08,38.109886169433594,16.8033390045166
2026-06-09,38.80244064331055,17.028034210205078
2026-06-10,38.940948486328125,16.861955642700195
2026-06-11,40.06880187988281,17.27227020263672
2026-06-12,40.16773986816406,17.389497756958008
2026-06-15,39.969871520996094,17.24295997619629
2026-06-16,40.01934051513672,17.252727508544922
2026-06-17,40.3656120300293,17.145263671875
2026-06-18,40.05891799926758,17.067108154296875
2026-06-19,39.801239013671875,17.067108154296875
2026-06-22,40.8693962097168,17.27227020263672
2026-06-23,40.97920227050781,17.428579330444336
2026-06-24,40.89934539794922,17.24295997619629
2026-06-25,41.62808609008789,17.213653564453125
2026-06-26,42.16715621948242,17.50673484802246
2026-06-29,42.33686065673828,17.750967025756836
2026-06-30,42.107261657714844,17.682580947875977
2026-07-01,42.38508224487305,17.70212173461914
2026-07-02,42.41504669189453,17.759761810302734
2026-07-03,42.684696197509766,17.857561111450195
2026-07-06,42.50492858886719,17.86383628845215
2026-07-07,42.37509536743164,17.764148712158203
2026-07-08,41.835792541503906,17.63455581665039
2026-07-09,42.53488540649414,17.943586349487305
2026-07-10,44.242671966552734,18.800891876220703
2026-07-13,43.46368408203125,18.711172103881836
2026-07-14,43.573543548583984,18.571609497070312
2026-07-15,43.084171295166016,18.541704177856445
2026-07-16,42.494937896728516,18.3523006439209
2026-07-17,41.905696868896484,18.232677459716797
2026-07-20,42.24525833129883,18.3523006439209
2026-07-21,42.4749641418457,18.49186134338379
2026-07-22,42.844486236572266,18.910545349121094
2026-07-23,42.50492858886719,18.66132926940918
2026-07-24,42.04551696777344,18.422082901000977
2026-07-27,42.6347541809082,18.619226455688477
2026-07-28,42.80453872680664,18.678936004638672
2026-07-29,41.7658805847168,18.260971069335938
2026-07-30,42.684696197509766,18.300777435302734
2026-07-31,42.834495544433594,18.34058380126953
2026-08-03,43.132415771484375,18.46000099182129
2026-08-04,42.06334686279297,18.15016746520996
2026-08-05,42.343109130859375,18.011850357055664
2026-08-06,41.79358673095703,17.6625919342041
2026-08-07,40.71452713012695,17.27341651916504
2026-08-10,40.38481140136719,17.14369010925293
2026-08-11,38.96604919433594,16.7545166015625
2026-08-12,38.39654541015625,16.704622268676758
2026-08-13,38.276649475097656,16.62479019165039
2026-08-14,38.96604919433594,16.50504493713379
2026-08-17,38.34659194946289,16.185720443725586
2026-08-18,38.15675354003906,16.085933685302734
2026-08-19,38.33659744262695,15.986143112182617
2026-08-20,37.47734451293945,15.716712951660156
2026-08-21,38.5663948059082,16.205677032470703
2026-08-24,38.696285247802734,16.235614776611328
2026-08-25,39.40566635131836,16.744537353515625
2026-08-26,39.4156608581543,16.954092025756836
2026-08-27,39.06595993041992,16.89422035217285
2026-08-28,39.1558837890625,17.043903350830078
2026-08-31,39.485599517822266,17.153671264648438
2026-09-01,39.863624572753906,17.36322593688965
2026-09-02,41.39299774169922,17.731822967529297
2026-09-03,41.90278625488281,17.77178382873535
2026-09-04,41.90278625488281,17.881669998168945
2026-09-08,42.41257858276367,18.20134162902832
2026-09-09,41.57292175292969,17.77178382873535
2026-09-10,42.33260726928711,18.461076736450195
2026-09-11,42.71245574951172,18.57096290588379
2026-09-14,42.33260726928711,18.311229705810547
2026-09-15,42.6524772644043,18.181364059448242
2026-09-16,42.60249710083008,18.19135284423828
2026-09-17,42.56251907348633,18.13141441345215
2026-09-18,42.3126220703125,17.97157859802246
