Date,ITUB4.SA,BBAS3.SA
2011-09-21,5.32999849319458,4.583544731140137
2011-09-22,5.121443748474121,4.4594879150390625
2011-09-23,5.062390327453613,4.413322925567627
2011-09-26,5.173124313354492,4.463180065155029
2011-09-27,5.387207508087158,4.557355880737305
2011-09-28,5.370599269866943,4.542585849761963
2011-09-29,5.4075093269348145,4.596135139465332
2011-09-30,5.361369609832764,4.586901664733887
2011-10-03,5.293426513671875,4.41886568069458
2011-10-04,5.22880744934082,4.350539684295654
2011-10-05,5.317427635192871,4.357925891876221
2011-10-06,5.418976783752441,4.3763909339904785
2011-10-07,5.352508544921875,4.247132778167725
2011-10-10,5.562992572784424,4.463180065155029
2011-10-11,5.668231964111328,4.31176233291626
2011-10-13,5.732848644256592,4.348692893981934
2011-10-14,5.797475814819336,4.374545097351074
2011-10-17,5.7790117263793945,4.33022928237915
2011-10-18,5.797475814819336,4.431791305541992
2011-10-19,5.9082560539245605,4.448409080505371
2011-10-20,5.834397792816162,4.394856929779053
2011-10-21,5.947028636932373,4.485339641571045
2011-10-24,6.081809997558594,4.594287872314453
2011-10-25,6.081809997558594,4.594287872314453
2011-10-26,6.081809997558594,4.594287872314453
2011-10-27,6.081809997558594,4.594287872314453
2011-10-28,6.111347198486328,4.819570064544678
2011-10-31,6.043036937713623,4.782641410827637
2011-11-01,5.93442964553833,4.764173984527588
2011-11-03,6.002769470214844,4.660767555236816
2011-11-04,6.024935722351074,4.671844005584717
2011-11-07,6.021238327026367,4.705085277557373
2011-11-08,6.012004852294922,4.692159175872803
2011-11-09,5.860551357269287,4.5647454261779785
2011-11-10,5.860551357269287,4.5647454261779785
2011-11-11,5.880866527557373,4.51857852935791
2011-11-14,5.895642280578613,4.671844005584717
2011-11-16,5.93442964553833,4.681077480316162
2011-11-17,5.710940837860107,4.577671527862549
2011-11-18,5.624134063720703,4.502664089202881
2011-11-21,5.5428643226623535,4.489675521850586
2011-11-22,5.52808952331543,4.417290210723877
2011-11-23,5.459753036499023,4.305929660797119
2011-11-24,5.481911659240723,4.320777893066406
2011-11-25,5.450516700744629,4.298506736755371
2011-11-28,5.603818416595459,4.380168437957764
2011-11-29,5.559491157531738,4.307785511016846
2011-11-30,5.89195442199707,4.4915313720703125
2011-12-01,6.125130653381348,4.680840492248535
2011-12-02,6.147308826446533,4.617737293243408
2011-12-05,6.245230674743652,4.485959529876709
2011-12-06,6.27294921875,4.530505657196045
2011-12-07,6.26370906829834,4.415433883666992
2011-12-08,6.250773906707764,4.395018100738525
2011-12-09,6.319141864776611,4.4915313720703125
2011-12-12,6.319141864776611,4.4915313720703125
2011-12-13,6.235992908477783,4.380168437957764
2011-12-14,6.189803123474121,4.324489593505859
2011-12-15,6.097414493560791,4.278087139129639
2011-12-16,6.134370803833008,4.213127613067627
2011-12-19,6.097414493560791,4.172296524047852
2011-12-20,6.245230674743652,4.252106189727783
2011-12-21,6.245230674743652,4.346762657165527
2011-12-22,6.3560943603515625,4.474581241607666
2011-12-23,6.409676551818848,4.495249271392822
2011-12-26,6.374565601348877,4.487730503082275
2011-12-27,6.3928327560424805,4.517786979675293
2011-12-28,6.247496604919434,4.4088335037231445
2011-12-29,6.333209991455078,4.452040195465088
2012-01-02,6.342898845672607,4.56287145614624
2012-01-03,6.5013275146484375,4.542207717895508
2012-01-04,6.508785724639893,4.519665241241455
2012-01-05,6.460326671600342,4.472702980041504
2012-01-06,6.508785724639893,4.359993934631348
2012-01-09,6.549793243408203,4.395687103271484
2012-01-10,6.635533809661865,4.487730503082275
2012-01-11,6.644847393035889,4.555356979370117
2012-01-12,6.659764766693115,4.5948052406311035
2012-01-13,6.616897106170654,4.639890670776367
2012-01-16,6.661627292633057,4.639890670776367
2012-01-17,6.661627292633057,4.639890670776367
2012-01-18,6.848016262054443,4.837129592895508
2012-01-19,6.887161731719971,4.846524715423584
2012-01-20,6.915118217468262,4.902878761291504
2012-01-23,6.784647464752197,4.902878761291504
2012-01-24,6.661627292633057,4.884096622467041
2012-01-26,6.7660088539123535,4.99304723739624
2012-01-27,6.730596542358398,5.0813374519348145
2012-01-30,6.616897106170654,5.141448020935059
2012-01-31,6.5460686683654785,5.10763692855835
2012-02-01,6.656449317932129,5.162112236022949
2012-02-02,6.656449317932129,5.1470842361450195
2012-02-03,6.682554244995117,5.128301620483398
2012-02-06,6.723567962646484,5.100122928619385
2012-02-07,6.786963939666748,5.1189093589782715
2012-02-08,6.936135768890381,5.1470842361450195
2012-02-09,6.88951301574707,5.032495021820068
2012-02-10,6.768318176269531,4.8991217613220215
2012-02-13,6.768318176269531,4.9573540687561035
2012-02-14,6.895115375518799,5.160233974456787
2012-02-15,6.786963939666748,5.259795665740967
2012-02-16,6.803750514984131,5.402562618255615
2012-02-17,6.835440635681152,5.289453506469727
2012-02-23,6.731029987335205,5.242223262786865
2012-02-24,6.712382793426514,5.166661739349365
2012-02-27,6.639667987823486,5.102430820465088
2012-02-28,6.82052755355835,5.20822286605835
2012-02-29,6.86154842376709,5.223334789276123
2012-03-01,7.018409252166748,5.302675247192383
2012-03-02,7.112736225128174,5.402797222137451
2012-03-05,7.008969783782959,5.412240982055664
2012-03-06,6.7731404304504395,5.317788124084473
2012-03-07,6.914639949798584,5.39335298538208
2012-03-08,7.135378360748291,5.408463001251221
2012-03-09,7.248580455780029,5.427355766296387
2012-03-12,7.133492946624756,5.450023174285889
2012-03-13,7.21651029586792,5.593593597412109
2012-03-14,7.244809627532959,5.478359222412109
2012-03-15,7.25800895690918,5.402797222137451
2012-03-16,7.282538414001465,5.455689907073975
2012-03-19,7.282538414001465,5.429243564605713
2012-03-20,7.154247283935547,5.414132118225098
2012-03-21,7.112736225128174,5.317788124084473
2012-03-22,6.914639949798584,5.145884037017822
2012-03-23,6.848605155944824,5.104495525360107
2012-03-26,6.9693498611450195,5.23244047164917
2012-03-27,6.97501277923584,5.217162609100342
2012-03-28,6.7920026779174805,5.142684459686279
2012-03-29,6.722198009490967,5.033838748931885
2012-03-30,6.5901360511779785,4.9555439949035645
2012-04-02,6.662794589996338,4.936445713043213
2012-04-03,6.5589919090271,4.911622047424316
2012-04-04,6.357024192810059,4.6213531494140625
2012-04-05,6.228681564331055,4.6079888343811035
2012-04-09,6.13430643081665,4.598438739776611
2012-04-10,6.009730339050293,4.627084255218506
2012-04-11,6.009730339050293,4.695830345153809
2012-04-12,6.221127033233643,4.808500289916992
2012-04-13,5.9795331954956055,4.67864465713501
2012-04-16,5.93612003326416,4.565976142883301
2012-04-17,5.945558071136475,4.4647626876831055
2012-04-18,5.9096999168396,4.5373311042785645
2012-04-19,5.953110218048096,4.5506978034973145
2012-04-20,6.083345413208008,4.602253437042236
2012-04-23,6.000296592712402,4.5411505699157715
2012-04-24,5.93612003326416,4.506773948669434
2012-04-25,5.586937427520752,4.399835586547852
2012-04-26,5.588825225830078,4.439937591552734
2012-04-27,5.605812072753906,4.495317459106445
2012-04-30,5.6624369621276855,4.502955436706543
2012-05-02,5.5217485427856445,4.380735397338867
2012-05-03,5.514195442199707,4.315807819366455
2012-05-04,5.438657283782959,4.327268123626709
2012-05-07,5.476424694061279,4.367371559143066
2012-05-08,5.485866069793701,4.376918792724609
2012-05-09,5.404667854309082,4.268068313598633
2012-05-10,5.406555652618408,4.264247894287109
2012-05-11,5.478312969207764,4.262967586517334
2012-05-14,5.363119125366211,4.0791215896606445
2012-05-15,5.378224849700928,3.929743766784668
2012-05-16,5.378224849700928,3.9067625999450684
2012-05-17,5.108185768127441,3.71525502204895
2012-05-18,5.1346211433410645,3.858883857727051
2012-05-21,5.1346211433410645,4.092526435852051
2012-05-22,5.393333911895752,4.100186347961426
2012-05-23,5.3857808113098145,3.927830934524536
2012-05-24,5.310243129730225,3.9488954544067383
2012-05-25,5.374448299407959,3.9833667278289795
2012-05-28,5.389557361602783,3.9469804763793945
2012-05-29,5.338571071624756,3.897189140319824
2012-05-30,5.310243129730225,3.8148386478424072
2012-05-31,5.533077239990234,3.830159902572632
2012-06-01,5.399878978729248,3.8205838203430176
2012-06-04,5.318632125854492,3.6922740936279297
2012-06-05,5.2373881340026855,3.6003496646881104
2012-06-06,5.456557273864746,3.6769535541534424
2012-06-08,5.4244384765625,3.680785655975342
2012-06-11,5.47922945022583,3.71525502204895
2012-06-12,5.573696136474609,3.71525502204895
2012-06-13,5.583151340484619,3.705679416656494
2012-06-14,5.586925029754639,3.6386520862579346
2012-06-15,5.70595645904541,3.6750383377075195
2012-06-18,5.70595645904541,3.8186686038970947
2012-06-19,5.7588605880737305,3.97570538520813
2012-06-20,5.677614688873291,3.960385322570801
2012-06-21,5.454665660858154,3.923997640609741
2012-06-22,5.341306686401367,3.863412380218506
2012-06-25,5.1391425132751465,3.7118325233459473
2012-06-26,5.1315813064575195,3.624377965927124
2012-06-27,5.19771146774292,3.6535274982452393
2012-06-28,5.148586750030518,3.6457560062408447
2012-06-29,5.345085144042969,3.7953941822052
2012-07-02,5.364936351776123,3.818713665008545
2012-07-03,5.472686290740967,3.877016067504883
2012-07-04,5.504824161529541,3.877016067504883
2012-07-05,5.567201614379883,3.8672993183135986
2012-07-06,5.529397487640381,3.777905225753784
2012-07-10,5.281755447387695,3.669074535369873
2012-07-11,5.304441452026367,3.606889009475708
2012-07-12,5.359262466430664,3.6185495853424072
2012-07-13,5.510490417480469,3.6535274982452393
2012-07-16,5.510490417480469,3.564134359359741
2012-07-17,5.463234901428223,3.536926746368408
2012-07-18,5.593672275543213,3.783733367919922
2012-07-19,5.70142126083374,3.8672993183135986
2012-07-20,5.680628299713135,3.871185302734375
2012-07-23,5.519946098327637,3.7992820739746094
2012-07-24,5.707094192504883,3.8284335136413574
2012-07-25,5.746789455413818,3.740981101989746
2012-07-26,5.905585289001465,4.001391410827637
2012-07-27,6.124867916107178,4.203499794006348
2012-07-30,6.2931108474731445,4.275405406951904
2012-07-31,6.138107776641846,4.236539363861084
2012-08-01,6.095555305480957,4.314274311065674
2012-08-02,5.990133762359619,4.292899131774902
2012-08-03,6.171359062194824,4.493063926696777
2012-08-06,6.310622692108154,4.631042003631592
2012-08-07,6.310622692108154,4.576626777648926
2012-08-08,6.310622692108154,4.640757083892822
2012-08-09,6.449883460998535,4.545535087585449
2012-08-10,6.520469665527344,4.699058532714844
2012-08-13,6.476593494415283,4.553308010101318
2012-08-14,6.476593494415283,4.366743564605713
2012-08-15,6.476593494415283,4.4988932609558105
2012-08-16,6.476593494415283,4.576626777648926
2012-08-17,6.476593494415283,4.588287353515625
2012-08-20,6.55289888381958,4.541647434234619
2012-08-21,6.514742851257324,4.528045177459717
2012-08-22,6.539546966552734,4.581590175628662
2012-08-23,6.495672225952148,4.515162467956543
2012-08-24,6.488041400909424,4.4975762367248535
2012-08-27,6.390743255615234,4.599173545837402
2012-08-28,6.390743255615234,4.70076847076416
2012-08-29,6.2362260818481445,4.622617244720459
2012-08-30,6.199977874755859,4.569868087768555
2012-08-31,6.04736328125,4.528838634490967
2012-09-03,6.117028713226318,4.591359615325928
2012-09-04,5.9929704666137695,4.569868087768555
2012-09-05,6.012049674987793,4.730075359344482
2012-09-06,6.183825969696045,4.849257946014404
2012-09-10,6.220090866088867,4.849257946014404
2012-09-11,6.286890506744385,4.933269023895264
2012-09-12,6.452937126159668,5.041130065917969
2012-09-13,6.584628105163574,5.145864009857178
2012-09-14,6.660971641540527,5.236770153045654
2012-09-17,6.584628105163574,5.20515251159668
2012-09-18,6.428128719329834,5.126106262207031
2012-09-19,6.431937217712402,5.226888179779053
2012-09-20,6.384230136871338,5.276291370391846
2012-09-21,6.42048978805542,5.264431953430176
2012-09-24,6.443397045135498,5.220959663391113
2012-09-25,6.0559515953063965,5.058917045593262
2012-09-26,6.088393211364746,5.09053373336792
2012-09-27,6.012049674987793,5.098437309265137
2012-09-28,5.834552764892578,4.900825023651123
2012-10-01,5.92907190322876,4.940349102020264
2012-10-02,5.9004364013671875,4.960107803344727
2012-10-03,5.8240509033203125,4.90675163269043
2012-10-04,5.833599090576172,4.845491886138916
2012-10-05,5.8794264793396,4.643925666809082
2012-10-08,5.892796993255615,4.505598545074463
2012-10-09,5.7476725578308105,4.499667167663574
2012-10-10,5.614006996154785,4.434455394744873
2012-10-11,5.661738395690918,4.5668559074401855
2012-10-15,5.692296504974365,4.56488037109375
2012-10-16,5.711389064788818,4.505598545074463
2012-10-17,5.709479808807373,4.553025722503662
2012-10-18,5.6942057609558105,4.525358200073242
2012-10-19,5.6330976486206055,4.485836982727051
2012-10-22,5.604452610015869,4.485836982727051
2012-10-23,5.426868438720703,4.347506046295166
2012-10-24,5.648374557495117,4.30402946472168
2012-10-25,5.728576183319092,4.387028217315674
2012-10-26,5.650288105010986,4.30402946472168
2012-10-29,5.652198314666748,4.325767993927002
2012-10-30,5.7209391593933105,4.329718112945557
2012-10-31,5.667470455169678,4.282293319702148
2012-11-01,5.922520637512207,4.562905311584473
2012-11-05,5.916790008544922,4.434455394744873
2012-11-06,5.97219705581665,4.545121192932129
2012-11-07,5.823176383972168,4.436430931091309
2012-11-08,5.693262577056885,4.238818645477295
2012-11-09,5.697084426879883,4.140010833740234
2012-11-12,5.693262577056885,4.104442119598389
2012-11-13,5.798338413238525,4.187441349029541
2012-11-14,5.718095779418945,4.1815104484558105
2012-11-16,5.739112854003906,4.132105827331543
2012-11-19,5.916790008544922,4.159303188323975
2012-11-21,5.989385604858398,4.171223163604736
2012-11-22,6.060076713562012,4.153347492218018
2012-11-23,6.130764484405518,4.270535469055176
2012-11-26,6.0180439949035645,4.3460164070129395
2012-11-27,5.9244303703308105,4.349989891052246
2012-11-28,5.951180458068848,4.349989891052246
2012-11-29,6.102107524871826,4.42745304107666
2012-11-30,6.136497974395752,4.351975917816162
2012-12-03,6.304617881774902,4.381769180297852
2012-12-04,6.235841274261475,4.379785060882568
2012-12-05,6.26831579208374,4.4592366218566895
2012-12-06,6.247308254241943,4.4413604736328125
2012-12-07,6.2587666511535645,4.53670072555542
2012-12-10,6.262590408325195,4.568482875823975
2012-12-11,6.302704334259033,4.568482875823975
2012-12-12,6.277872562408447,4.6082072257995605
2012-12-13,6.281696319580078,4.5392303466796875
2012-12-14,6.228200912475586,4.5030131340026855
2012-12-17,6.247308254241943,4.482892036437988
2012-12-18,6.283605575561523,4.62373685836792
2012-12-19,6.505219459533691,4.869211196899414
2012-12-20,6.476566791534424,5.030174255371094
2012-12-21,6.512862205505371,5.07041597366333
2012-12-26,6.505535125732422,5.030174255371094
2012-12-27,6.397562026977539,5.042247295379639
2012-12-28,6.4341959953308105,5.150899410247803
2013-01-02,6.651207447052002,5.1911396980285645
2013-01-03,6.849898815155029,5.293754577636719
2013-01-04,6.809381008148193,5.229371070861816
2013-01-07,6.693642616271973,5.261560440063477
2013-01-08,6.720653057098389,5.321926116943359
2013-01-09,6.82867431640625,5.372226238250732
2013-01-10,6.741873264312744,5.291745662689209
2013-01-11,6.759233474731445,5.227357387542725
2013-01-14,6.847965240478516,5.412469863891602
2013-01-15,6.757305145263672,5.372226238250732
2013-01-16,6.81710147857666,5.404420375823975
2013-01-17,6.932845115661621,5.3943610191345215
2013-01-18,6.955988883972168,5.271623611450195
2013-01-21,6.9058356285095215,5.217299461364746
2013-01-22,6.9058356285095215,5.217299461364746
2013-01-23,6.8865485191345215,5.130779266357422
2013-01-24,6.89426326751709,5.110659599304199
2013-01-28,6.712934970855713,4.971823215484619
2013-01-29,6.7032928466796875,5.03419828414917
2013-01-30,6.575977802276611,4.989935398101807
2013-01-31,6.622274875640869,4.909449577331543
2013-02-01,6.59043550491333,4.889331340789795
2013-02-04,6.436038970947266,4.798788070678711
2013-02-05,6.598148345947266,4.841041088104248
2013-02-06,6.461130142211914,4.814883708953857
2013-02-07,6.4206037521362305,4.758547782897949
2013-02-08,6.536399841308594,4.792752265930176
2013-02-13,6.519023418426514,4.800801753997803
2013-02-14,6.488144874572754,4.788727283477783
2013-02-15,6.7892022132873535,4.909449577331543
2013-02-18,6.860610008239746,4.845064640045166
2013-02-19,6.727456092834473,4.935607433319092
2013-02-20,6.609728813171387,4.889331340789795
2013-02-21,6.561483860015869,5.0885233879089355
2013-02-22,6.773772716522217,5.175043106079102
2013-02-25,6.787272930145264,5.112669944763184
2013-02-26,6.663764953613281,5.108645439147949
2013-02-27,6.68885612487793,5.261560440063477
2013-02-28,6.7641191482543945,5.299793720245361
2013-03-01,6.795968532562256,5.342043876647949
2013-03-04,6.767012596130371,5.3890509605407715
2013-03-05,6.7612199783325195,5.360602855682373
2013-03-06,6.95103645324707,5.4175004959106445
2013-03-07,6.99592924118042,5.441887855529785
2013-03-08,7.20283842086792,5.541455268859863
2013-03-11,7.163803577423096,5.466269493103027
2013-03-12,7.056440830230713,5.45701789855957
2013-03-13,7.046679973602295,5.401611804962158
2013-03-14,6.939321994781494,5.4221320152282715
2013-03-15,6.945176601409912,5.4077653884887695
2013-03-18,7.075961112976074,5.323622703552246
2013-03-19,6.992023944854736,5.411869525909424
2013-03-20,7.052538871765137,5.504225730895996
2013-03-21,6.974453449249268,5.500118255615234
2013-03-22,6.888570785522461,5.459075450897217
2013-03-25,6.831958293914795,5.426239490509033
2013-03-26,6.9041829109191895,5.469335556030273
2013-03-27,6.919800281524658,5.5206403732299805
2013-03-28,6.919800281524658,5.5206403732299805
2013-04-01,6.911015510559082,5.656094074249268
2013-04-02,6.787985801696777,5.658143997192383
2013-04-03,6.799701690673828,5.551425457000732
2013-04-04,6.606369972229004,5.426239490509033
2013-04-05,6.6044230461120605,5.45496940612793
2013-04-08,6.6005120277404785,5.545265197753906
2013-04-09,6.756742000579834,5.66225004196167
2013-04-10,6.858285427093506,5.783334732055664
2013-04-11,6.883669376373291,5.81206750869751
2013-04-12,6.756742000579834,5.818220138549805
2013-04-15,6.610278606414795,5.715605735778809
2013-04-16,6.77626895904541,5.777176380157471
2013-04-17,6.610278606414795,5.664299964904785
2013-04-18,6.383751392364502,5.506275653839111
2013-04-19,6.52435302734375,5.459075450897217
2013-04-22,6.491153240203857,5.461127281188965
2013-04-23,6.532164096832275,5.49601411819458
2013-04-24,6.579032897949219,5.376983165740967
2013-04-25,6.575127124786377,5.262053966522217
2013-04-26,6.575127124786377,5.262053966522217
2013-04-29,6.4052324295043945,5.1245527267456055
2013-04-30,6.573178291320801,5.182015419006348
2013-05-02,6.494045257568359,5.122499465942383
2013-05-03,6.58391809463501,5.087609767913818
2013-05-06,6.574151992797852,5.001414775848389
2013-05-07,6.767566204071045,5.214849948883057
2013-05-08,6.837899684906006,5.225112438201904
2013-05-09,6.837899684906006,5.188173294067383
2013-05-10,6.773428440093994,5.21690559387207
2013-05-13,6.644482612609863,5.157387733459473
2013-05-14,6.7441253662109375,5.18406867980957
2013-05-15,6.857438087463379,5.065035343170166
2013-05-16,6.792972564697266,5.165597438812256
2013-05-17,6.863293647766113,5.344146728515625
2013-05-20,6.312355995178223,5.452915668487549
2013-05-21,7.055340766906738,5.387244701385498
2013-05-22,7.147755146026611,5.496054649353027
2013-05-23,7.087582111358643,5.489874839782715
2013-05-24,7.066089153289795,5.498115539550781
2013-05-27,7.036002159118652,5.524896621704102
2013-05-28,7.059642791748047,5.518714427947998
2013-05-29,6.887720108032227,5.329195976257324
2013-05-31,6.958637714385986,5.2323737144470215
2013-06-03,6.905963897705078,5.2591552734375
2013-06-04,6.9403605461120605,5.158217430114746
2013-06-05,6.699556350708008,5.03667688369751
2013-06-06,6.761909484863281,5.018135070800781
2013-06-07,6.718907356262207,4.882175445556641
2013-06-10,6.706007480621338,4.931617259979248
2013-06-11,6.486701011657715,4.810080051422119
2013-06-12,6.471648216247559,4.658274173736572
2013-06-13,6.454453468322754,4.756274223327637
2013-06-14,6.316845893859863,4.779211521148682
2013-06-17,6.35125207901001,4.79172420501709
2013-06-18,6.3125457763671875,4.71248722076416
2013-06-19,6.235142707824707,4.564438343048096
2013-06-20,6.306097030639648,4.410137176513672
2013-06-21,6.140543460845947,4.403882026672363
2013-06-24,5.93413782119751,4.3934550285339355
2013-06-25,5.957788944244385,4.430988311767578
2013-06-26,5.987888813018799,4.4414167404174805
2013-06-27,6.108292579650879,4.487287521362305
2013-06-28,6.181395053863525,4.599888801574707
2013-07-01,6.130840301513672,4.618656635284424
2013-07-02,5.866247177124023,4.358008861541748
2013-07-03,5.799560070037842,4.232898235321045
2013-07-04,5.8726959228515625,4.297539234161377
2013-07-05,5.76514196395874,4.262091159820557
2013-07-08,5.7845025062561035,4.255835056304932
2013-07-10,5.80601167678833,4.282941818237305
2013-07-11,5.952294826507568,4.414309978485107
2013-07-12,5.8899054527282715,4.3788604736328125
2013-07-15,5.997464179992676,4.501885414123535
2013-07-16,6.031887054443359,4.629080772399902
2013-07-17,6.109328269958496,4.670783996582031
2013-07-18,6.117935657501221,4.710400104522705
2013-07-19,6.120086669921875,4.654102802276611
2013-07-22,6.221191883087158,4.745850086212158
2013-07-23,6.305084705352783,4.804235935211182
2013-07-24,6.229795455932617,4.766703128814697
2013-07-25,6.238400459289551,4.710400104522705
2013-07-26,6.238400459289551,4.710400104522705
2013-07-29,6.236242294311523,4.731253147125244
2013-07-30,6.285724639892578,4.783383369445801
2013-07-31,6.264214515686035,4.7270827293396
2013-08-01,6.471907615661621,4.82717227935791
2013-08-02,6.43532133102417,4.756274223327637
2013-08-05,6.334160327911377,4.63116455078125
2013-08-06,6.187811374664307,4.466437816619873
2013-08-07,6.176374435424805,4.445584774017334
2013-08-08,6.354580402374268,4.610315799713135
2013-08-09,6.385005950927734,4.71248722076416
2013-08-12,6.552346706390381,4.7854695320129395
2013-08-13,6.597987174987793,4.866789817810059
2013-08-14,6.532793998718262,4.893898010253906
2013-08-15,6.478457450866699,4.837597846984863
2013-08-16,6.345888137817383,4.82717227935791
2013-08-19,6.2893877029418945,4.695806503295898
2013-08-20,6.222015857696533,4.649930953979492
2013-08-21,6.176374435424805,4.583206653594971
2013-08-22,6.180720329284668,4.576950550079346
2013-08-23,6.391528606414795,4.808482646942139
2013-08-26,6.282867908477783,4.713350772857666
2013-08-27,6.106832504272461,4.713350772857666
2013-08-28,6.128566265106201,4.7782111167907715
2013-08-29,6.1785454750061035,4.890644073486328
2013-08-30,6.304599761962891,4.983614444732666
2013-09-02,6.370920181274414,5.026855945587158
2013-09-03,6.307859897613525,4.979290008544922
2013-09-04,6.3230767250061035,5.018205165863037
2013-09-05,6.390485763549805,5.096039772033691
2013-09-06,6.520944595336914,5.145770072937012
2013-09-09,6.703598499298096,5.240899085998535
2013-09-10,6.751434803009033,5.329545974731445
2013-09-11,6.718819618225098,5.230092525482178
2013-09-12,6.703598499298096,5.209008693695068
2013-09-13,6.80143928527832,5.257200717926025
2013-09-16,6.760129928588867,5.287869453430176
2013-09-17,6.8688459396362305,5.373297691345215
2013-09-18,7.066716194152832,5.552919387817383
2013-09-19,7.023228645324707,5.6076812744140625
2013-09-20,6.810138702392578,5.590157985687256
2013-09-23,6.871025085449219,5.723782062530518
2013-09-24,6.844929218292236,5.682161808013916
2013-09-25,6.851452350616455,5.6405415534973145
2013-09-26,6.849278926849365,5.629589080810547
2013-09-27,7.001482963562012,5.778543472290039
2013-09-30,6.8362274169921875,5.662446975708008
2013-10-01,6.90693473815918,5.7150187492370605
2013-10-02,6.8786540031433105,5.725968360900879
2013-10-03,6.896056652069092,5.7281599044799805
2013-10-04,6.90693473815918,5.750065326690674
2013-10-07,6.876477241516113,5.765401363372803
2013-10-08,6.852548599243164,5.701876163482666
2013-10-09,6.926509857177734,5.800446510314941
2013-10-10,7.048336505889893,5.870542049407959
2013-10-11,6.980897903442383,5.844257354736328
2013-10-14,7.0309343338012695,5.927494049072266
2013-10-15,7.059209823608398,5.925305366516113
2013-10-16,7.139699459075928,6.056736469268799
2013-10-17,7.200613975524902,6.0852131843566895
2013-10-18,7.378997802734375,6.210070610046387
2013-10-21,7.311556816101074,6.155311107635498
2013-10-22,7.350718021392822,6.166258811950684
2013-10-23,7.25064754486084,6.13339900970459
2013-10-24,7.215841770172119,6.207879066467285
2013-10-25,7.178856372833252,6.280169486999512
2013-10-28,7.26370096206665,6.256071090698242
2013-10-29,7.529098033905029,6.275787830352783
2013-10-30,7.502996444702148,6.409406661987305
2013-10-31,7.522575378417969,6.516740322113037
2013-11-01,7.454017639160156,6.505788803100586
2013-11-04,7.510605812072754,6.547407150268555
2013-11-05,7.3865532875061035,6.453216552734375
2013-11-06,7.29732084274292,6.293307304382324
2013-11-07,7.18850564956665,6.262641906738281
2013-11-08,6.999166488647461,6.098354816436768
2013-11-11,7.02963399887085,6.153117656707764
2013-11-12,7.0187506675720215,5.826735496520996
2013-11-13,7.160208225250244,5.789494037628174
2013-11-14,7.312555313110352,5.888067722320557
2013-11-18,7.412668704986572,5.9165449142456055
2013-11-19,7.214620590209961,5.717206001281738
2013-11-21,7.140627384185791,5.58577823638916
2013-11-22,7.033984184265137,5.413726329803467
2013-11-25,6.929520130157471,5.270971775054932
2013-11-26,6.964341163635254,5.435691833496094
2013-11-27,7.149327754974365,5.578446865081787
2013-11-28,7.084037780761719,5.593818664550781
2013-11-29,7.168918132781982,5.648725509643555
2013-12-02,7.015416622161865,5.470829963684082
2013-12-03,6.858645915985107,5.356626510620117
2013-12-04,6.830343246459961,5.242423057556152
2013-12-05,6.771553993225098,5.446671962738037
2013-12-06,6.843404769897461,5.453260898590088
2013-12-09,6.908722877502441,5.503775596618652
2013-12-10,6.865180015563965,5.402748107910156
2013-12-11,6.682278156280518,5.2555999755859375
2013-12-12,6.738892555236816,5.297715663909912
2013-12-13,6.765020370483398,5.339990615844727
2013-12-16,6.78679084777832,5.348891258239746
2013-12-17,6.795499801635742,5.353339672088623
2013-12-18,6.836869716644287,5.384491443634033
2013-12-19,6.989287376403809,5.428988933563232
2013-12-20,6.823807716369629,5.451240062713623
2013-12-23,6.896922588348389,5.4556884765625
2013-12-26,6.945135116577148,5.4401140213012695
2013-12-27,6.925413608551025,5.402289390563965
2013-12-30,7.028412342071533,5.428988933563232
2014-01-02,6.911109447479248,5.339990615844727
2014-01-03,6.897949695587158,5.3956146240234375
2014-01-06,6.908919334411621,5.315513610839844
2014-01-07,6.856294631958008,5.22429084777832
2014-01-08,6.96373176574707,5.119713306427002
2014-01-09,6.746669769287109,4.928364276885986
2014-01-10,6.779555797576904,5.106366157531738
2014-01-13,6.7488579750061035,5.0507402420043945
2014-01-14,6.849714279174805,5.210943222045898
2014-01-15,6.851906776428223,5.15531587600708
2014-01-16,6.70938777923584,5.117491245269775
2014-01-17,6.577831745147705,4.9839911460876465
2014-01-20,6.525210857391357,4.961740493774414
2014-01-21,6.617301940917969,4.9839911460876465
2014-01-22,6.632645130157471,4.997341156005859
2014-01-23,6.501094341278076,4.785965442657471
2014-01-24,6.4155802726745605,4.710317134857178
2014-01-27,6.544939994812012,4.76816463470459
2014-01-28,6.590987682342529,4.714765548706055
2014-01-29,6.466010570526123,4.505615234375
2014-01-30,6.472591400146484,4.472241401672363
2014-01-31,6.6348347663879395,4.64801549911499
2014-02-03,6.559156894683838,4.476691246032715
2014-02-04,6.877243995666504,4.623541831970215
2014-02-05,6.8443379402160645,4.5923919677734375
2014-02-06,6.986926078796387,4.805993556976318
2014-02-07,6.982540130615234,4.7815165519714355
2014-02-10,6.9715704917907715,4.9105658531188965
2014-02-11,6.984736919403076,4.8616180419921875
2014-02-12,6.910150527954102,4.872740268707275
2014-02-13,6.879433631896973,4.601292610168457
2014-02-14,6.932089328765869,4.583861827850342
2014-02-17,6.8443379402160645,4.586099147796631
2014-02-18,6.802651882171631,4.45173978805542
2014-02-19,6.939576625823975,4.400235652923584
2014-02-20,6.930643558502197,4.579381942749023
2014-02-21,6.939576625823975,4.530116081237793
2014-02-24,6.977506160736084,4.41591215133667
2014-02-25,6.930643558502197,4.431588172912598
2014-02-26,6.903873443603516,4.366648197174072
2014-02-27,7.013208866119385,4.543551445007324
2014-02-28,6.964120388031006,4.635365009307861
2014-03-05,6.860307693481445,4.635365009307861
2014-03-06,7.050065040588379,4.5345940589904785
2014-03-07,6.909423828125,4.45173978805542
2014-03-10,6.820127487182617,4.411434173583984
2014-03-11,6.893798351287842,4.51220178604126
2014-03-12,6.808963298797607,4.37904167175293
2014-03-13,6.717433929443359,4.351744174957275
2014-03-14,6.538841247558594,4.285774230957031
2014-03-17,6.675018787384033,4.253927230834961
2014-03-18,6.800034999847412,4.310798168182373
2014-03-19,6.831287860870361,4.508707046508789
2014-03-20,6.974162578582764,4.754388332366943
2014-03-21,7.000955104827881,4.702066421508789
2014-03-24,7.204106330871582,4.729366302490234
2014-03-25,7.24429178237915,4.74074125289917
2014-03-26,7.30680513381958,4.802160739898682
2014-03-27,7.4653096199035645,5.120638847351074
2014-03-28,7.420656204223633,5.054666996002197
2014-03-31,7.563529014587402,5.186606407165527
2014-04-01,7.6271867752075195,5.1820573806762695
2014-04-02,7.872860431671143,5.398163318634033
2014-04-03,7.781290531158447,5.313994884490967
2014-04-04,7.669622421264648,5.361767768859863
2014-04-07,7.84383487701416,5.664317607879639
2014-04-08,7.729925632476807,5.5028076171875
2014-04-09,7.6271867752075195,5.325372219085693
2014-04-10,7.7098259925842285,5.334470748901367
2014-04-11,7.892965316772461,5.420912742614746
2014-04-14,7.792457103729248,5.339018821716309
2014-04-15,7.604851245880127,5.2707719802856445
2014-04-16,7.74332332611084,5.2571234703063965
2014-04-17,7.939866065979004,5.484608173370361
2014-04-22,7.995704174041748,5.518730163574219
2014-04-23,7.980064868927002,5.4254608154296875
2014-04-24,8.15203857421875,5.386791706085205
2014-04-25,8.230208396911621,5.304896354675293
2014-04-28,8.21457290649414,5.334470748901367
2014-04-29,8.219043731689453,5.436836242675781
2014-04-30,8.212346076965332,5.320822238922119
2014-05-02,8.367630004882812,5.4254608154296875
2014-05-05,8.45700454711914,5.532379627227783
2014-05-06,8.378801345825195,5.618823528289795
2014-05-07,8.436901092529297,5.689345359802246
2014-05-08,8.307299613952637,5.445937156677246
2014-05-09,8.233565330505371,5.364041805267334
2014-05-12,8.392208099365234,5.407266139984131
2014-05-13,8.340818405151367,5.439108848571777
2014-05-14,8.376567840576172,5.461860656738281
2014-05-15,8.314004898071289,5.457312107086182
2014-05-16,8.39667797088623,5.470958709716797
2014-05-19,8.343053817749023,5.414087772369385
2014-05-20,8.195581436157227,5.416649341583252
2014-05-21,8.02131175994873,5.0240397453308105
2014-05-22,8.11961841583252,5.202083587646484
2014-05-23,7.996728897094727,5.113061904907227
2014-05-26,7.972148418426514,5.122190952301025
2014-05-27,7.976619243621826,5.154150485992432
2014-05-28,8.12185001373291,5.327627182006836
2014-05-29,7.998970031738281,5.2956719398498535
2014-05-30,7.775528430938721,5.224908351898193
2014-06-02,7.828057765960693,5.215778350830078
2014-06-03,7.875005722045898,5.284256458282471
2014-06-04,7.78558874130249,5.27056360244751
2014-06-05,7.6827616691589355,5.288819789886475
2014-06-06,8.025660514831543,5.569585800170898
2014-06-09,8.328096389770508,5.731651306152344
2014-06-10,8.305965423583984,5.902843952178955
2014-06-11,8.478083610534668,5.962193965911865
2014-06-13,8.431371688842773,6.091854572296143
2014-06-16,8.374812126159668,6.142696857452393
2014-06-17,8.264167785644531,6.04101037979126
2014-06-18,8.377274513244629,5.978614807128906
2014-06-20,8.25433349609375,5.92083740234375
2014-06-23,8.19285774230957,5.872303485870361
2014-06-24,8.207613945007324,5.96012544631958
2014-06-25,7.946985244750977,5.883860111236572
2014-06-26,7.919928073883057,5.8491973876953125
2014-06-27,7.895341396331787,5.81915283203125
2014-06-30,7.855999946594238,5.742886066436768
2014-07-01,7.891670227050781,5.763689041137695
2014-07-02,7.763749122619629,5.666623592376709
2014-07-03,7.8203325271606445,5.696666717529297
2014-07-04,7.8154096603393555,5.6874237060546875
2014-07-07,7.822793483734131,5.742886066436768
2014-07-08,7.805569171905518,5.837642669677734
2014-07-10,8.167186737060547,6.0687408447265625
2014-07-11,8.154891014099121,6.036389350891113
2014-07-14,8.346773147583008,6.232824802398682
2014-07-15,8.447624206542969,6.274421215057373
2014-07-16,8.228693008422852,6.320643901824951
2014-07-17,8.240988731384277,6.355309009552002
2014-07-18,8.644429206848145,6.524016380310059
2014-07-21,8.718232154846191,6.674233913421631
2014-07-22,8.701008796691895,6.720449447631836
2014-07-23,8.703469276428223,6.773603439331055
2014-07-24,8.831389427185059,6.842934608459473
2014-07-25,8.794486999511719,6.768983840942383
2014-07-28,8.735445976257324,6.727383136749268
2014-07-29,8.774809837341309,6.623387336730957
2014-07-30,8.816629409790039,6.5794806480407715
2014-07-31,8.629667282104492,6.406151294708252
2014-08-01,8.621054649353027,6.297536849975586
2014-08-04,8.729340553283691,6.376108646392822
2014-08-05,8.847469329833984,6.436194896697998
2014-08-06,8.810553550720215,6.514770030975342
2014-08-07,8.731802940368652,6.461612701416016
2014-08-08,8.613677024841309,6.274421215057373
2014-08-11,8.771183013916016,6.406151294708252
2014-08-12,8.746567726135254,6.3737969398498535
2014-08-13,8.596446990966797,6.389975070953369
2014-08-14,8.751850128173828,6.623387336730957
2014-08-15,8.881028175354004,6.748185157775879
2014-08-18,9.010205268859863,6.7551140785217285
2014-08-19,9.318242073059082,6.891465663909912
2014-08-20,9.362961769104004,7.013992786407471
2014-08-21,9.417613983154297,7.037164211273193
2014-08-22,9.310787200927734,7.004724979400635
2014-08-25,9.54182243347168,7.23875617980957
2014-08-26,9.606409072875977,7.282782077789307
2014-08-27,9.897061347961426,7.6234025955200195
2014-08-28,9.80267333984375,7.706817150115967
2014-08-29,10.06102180480957,8.156343460083008
2014-09-01,10.06474781036377,8.209636688232422
2014-09-02,10.248652458190918,8.680018424987793
2014-09-03,10.213863372802734,8.550260543823242
2014-09-04,10.005109786987305,8.056707382202148
2014-09-05,10.079659461975098,7.924631118774414
2014-09-08,9.818727493286133,7.52839994430542
2014-09-09,9.667130470275879,7.495960712432861
2014-09-10,9.56275463104248,7.377782344818115
2014-09-11,9.547844886779785,7.431078910827637
2014-09-12,9.204898834228516,7.249952793121338
2014-09-15,9.438496589660645,7.446656703948975
2014-09-16,9.682045936584473,7.774494647979736
2014-09-17,9.724283218383789,7.774494647979736
2014-09-18,9.609973907470703,7.652725696563721
2014-09-19,9.381343841552734,7.509880065917969
2014-09-22,9.254593849182129,7.1539387702941895
2014-09-23,9.20987319946289,7.057928562164307
2014-09-24,9.281935691833496,7.025145530700684
2014-09-25,8.991178512573242,6.842493534088135
2014-09-26,9.368912696838379,6.985337257385254
2014-09-29,8.712841033935547,6.3881988525390625
2014-09-30,8.412145614624023,5.924538612365723
2014-10-01,8.19459342956543,6.018210411071777
2014-10-02,8.468085289001465,5.9596662521362305
2014-10-03,8.666984558105469,6.0908002853393555
2014-10-06,9.13190746307373,6.816734313964844
2014-10-07,9.146829605102539,7.081349849700928
2014-10-08,9.027484893798828,7.125838756561279
2014-10-09,9.141845703125,7.399819374084473
2014-10-10,8.763946533203125,7.0485639572143555
2014-10-13,9.44765567779541,7.8400654792785645
2014-10-14,9.534672737121582,7.793228626251221
2014-10-15,9.107044219970703,7.493489742279053
2014-10-16,8.865880966186523,7.2967848777771
2014-10-17,9.124445915222168,7.49114990234375
2014-10-20,8.900686264038086,7.006412982940674
2014-10-21,8.453165054321289,6.580219268798828
2014-10-22,8.398470878601074,6.428010940551758
2014-10-23,8.018075942993164,5.842579364776611
2014-10-24,8.241835594177246,6.029917240142822
2014-10-27,8.06033992767334,5.71846866607666
2014-10-28,8.428303718566895,6.123587131500244
2014-10-29,8.184653282165527,5.962007999420166
2014-10-30,8.845988273620605,6.381174087524414
2014-10-31,9.13190746307373,6.4935784339904785
2014-11-03,9.10329818725586,6.409275531768799
2014-11-04,9.277410507202148,6.7324347496032715
2014-11-05,9.175432205200195,6.19852352142334
2014-11-06,8.842143058776855,5.936248779296875
2014-11-07,8.991374015808105,6.086118698120117
2014-11-10,8.966498374938965,5.8542890548706055
2014-11-11,8.961528778076172,5.769985198974609
2014-11-12,9.028679847717285,5.924538612365723
2014-11-13,8.737676620483398,5.833212852478027
2014-11-14,8.779958724975586,5.732517242431641
2014-11-17,8.715290069580078,5.886418342590332
2014-11-18,8.968994140625,6.102349281311035
2014-11-19,9.329639434814453,6.463798999786377
2014-11-21,9.943987846374512,7.001272678375244
2014-11-24,9.737544059753418,6.75717830657959
2014-11-25,9.861907958984375,6.8557538986206055
2014-11-26,9.779831886291504,6.768910884857178
2014-11-27,9.635562896728516,6.8393235206604
2014-11-28,9.625621795654297,6.970758438110352
2014-12-01,9.178994178771973,6.461447238922119
2014-12-02,9.10185718536377,6.327664852142334
2014-12-03,9.178994178771973,6.337054252624512
2014-12-04,9.04214096069336,6.252558708190918
2014-12-05,9.213824272155762,6.3910369873046875
2014-12-08,8.870451927185059,6.057754039764404
2014-12-09,8.905284881591797,5.905194282531738
2014-12-10,8.770928382873535,5.616507053375244
2014-12-11,8.870451927185059,5.85590934753418
2014-12-12,8.397688865661621,5.527528285980225
2014-12-15,8.218539237976074,5.261028289794922
2014-12-16,8.178733825683594,5.113500118255615
2014-12-17,8.591773986816406,5.515632152557373
2014-12-18,8.527078628540039,5.544183731079102
2014-12-19,8.658950805664062,5.794029235839844
2014-12-22,8.718670845031738,5.846376419067383
2014-12-23,8.7584810256958,5.824963092803955
2014-12-26,8.63407039642334,5.841618537902832
2014-12-29,8.658950805664062,5.782130718231201
2014-12-30,8.60919189453125,5.656020641326904
2015-01-02,8.421249389648438,5.389517784118652
2015-01-05,8.463570594787598,5.277683258056641
2015-01-06,8.60047721862793,5.351446628570557
2015-01-07,8.911640167236328,5.587015628814697
2015-01-08,9.05103874206543,5.606051445007324
2015-01-09,8.655245780944824,5.363348007202148
2015-01-12,8.44614315032959,5.270544052124023
2015-01-13,8.436185836791992,5.2396111488342285
2015-01-14,8.493433952331543,5.277683258056641
2015-01-15,8.418758392333984,5.244369983673096
2015-01-16,8.548201560974121,5.306236743927002
2015-01-19,8.239535331726074,5.282443046569824
2015-01-20,8.266913414001465,5.258648872375488
2015-01-21,8.510866165161133,5.391900539398193
2015-01-22,8.553178787231445,5.437107563018799
2015-01-23,8.471036911010742,5.4228315353393555
2015-01-26,8.570603370666504,5.360965728759766
2015-01-27,8.538243293762207,5.472799301147461
2015-01-28,8.363992691040039,5.237232208251953
2015-01-29,8.306743621826172,5.127776622772217
2015-01-30,8.189750671386719,4.9160051345825195
2015-02-02,8.298076629638672,4.806546688079834
2015-02-03,8.529683113098145,4.9612135887146
2015-02-04,8.843478202819824,5.306236743927002
2015-02-05,8.76877212524414,5.4228315353393555
2015-02-06,8.748842239379883,5.211057186126709
2015-02-09,8.803633689880371,5.344310760498047
2015-02-10,8.691566467285156,5.165849208831787
2015-02-11,8.544636726379395,5.22295618057251
2015-02-12,8.7692289352417,5.4989752769470215
2015-02-13,9.06018352508545,5.853517055511475
2015-02-18,9.113762855529785,5.698851108551025
2015-02-19,9.111214637756348,5.794029235839844
2015-02-20,9.159708023071289,5.725053787231445
2015-02-23,9.249029159545898,5.703557014465332
2015-02-24,9.346013069152832,5.648622512817383
2015-02-25,9.368983268737793,5.529201507568359
2015-02-26,9.414923667907715,5.495764255523682
2015-02-27,9.315388679504395,5.665341854095459
2015-03-02,9.273265838623047,5.6533989906311035
2015-03-03,9.344746589660645,5.643845558166504
2015-03-04,9.263049125671387,5.359621047973633
2015-03-05,9.18134593963623,5.383510589599609
2015-03-06,8.936244010925293,5.254533290863037
2015-03-09,8.703898429870605,5.049128532409668
2015-03-10,8.361763000488281,5.080178737640381
2015-03-11,8.645172119140625,5.1613850593566895
2015-03-12,8.680912971496582,5.230648040771484
2015-03-13,8.637511253356934,5.104063510894775
2015-03-16,8.637511253356934,5.104063510894775
2015-03-17,8.885169982910156,5.362013816833496
2015-03-18,9.1532564163208,5.7417707443237305
2015-03-19,9.097090721130371,5.486209392547607
2015-03-20,9.173691749572754,5.717886447906494
2015-03-23,9.11496353149414,5.7226643562316895
2015-03-24,9.058795928955078,5.70980167388916
2015-03-25,9.05113697052002,5.578765869140625
2015-03-26,8.795808792114258,5.360369682312012
2015-03-27,8.642620086669922,5.377358913421631
2015-03-30,8.933688163757324,5.537512302398682
2015-03-31,9.015386581420898,5.559351921081543
2015-04-01,9.323179244995117,5.768039226531982
2015-04-02,9.412581443786621,5.969447135925293
2015-04-06,9.5275239944458,6.182991027832031
2015-04-07,9.532628059387207,5.988860607147217
2015-04-08,9.57861328125,5.908781051635742
2015-04-09,9.387042045593262,5.692813396453857
2015-04-10,9.456005096435547,5.89664888381958
2015-04-13,9.381928443908691,5.884515762329102
2015-04-14,9.381928443908691,5.84083366394043
2015-04-15,9.517303466796875,6.073792457580566
2015-04-16,9.445788383483887,6.258212566375732
2015-04-17,9.325737953186035,5.9573163986206055
2015-04-20,9.16992473602295,5.928196907043457
2015-04-22,9.42535400390625,6.168430328369141
2015-04-23,9.680781364440918,6.379541397094727
2015-04-24,9.994956970214844,6.597934722900391
2015-04-27,9.808493614196777,6.4062371253967285
2015-04-28,9.908111572265625,6.430501461029053
2015-04-29,9.772732734680176,6.309173583984375
2015-04-30,9.841699600219727,6.459625244140625
2015-05-04,9.952855110168457,6.4159393310546875
2015-05-05,9.855752944946289,6.593086242675781
2015-05-06,9.607893943786621,6.578526020050049
2015-05-07,9.646224975585938,6.7605204582214355
2015-05-08,9.773993492126465,6.794492244720459
2015-05-11,9.727994918823242,6.809051990509033
2015-05-12,9.684553146362305,6.675589561462402
2015-05-13,9.61811351776123,6.551832675933838
2015-05-14,9.712658882141113,6.299466133117676
2015-05-15,9.894081115722656,6.362555503845215
2015-05-18,9.630890846252441,6.318878173828125
2015-05-19,9.495458602905273,6.132030963897705
2015-05-20,9.326807022094727,6.073792457580566
2015-05-21,9.214374542236328,5.976728916168213
2015-05-22,9.020174026489258,5.771842956542969
2015-05-25,9.05339241027832,5.9819536209106445
2015-05-26,8.920523643493652,5.821277618408203
2015-05-27,9.101943016052246,5.917682647705078
2015-05-28,8.994624137878418,5.7842020988464355
2015-05-29,8.772311210632324,5.621059417724609
2015-06-01,8.712240219116211,5.655664920806885
2015-06-02,8.906527519226074,5.796559810638428
2015-06-03,8.681559562683105,5.586451530456543
2015-06-05,8.474495887756348,5.519711017608643
2015-06-08,8.438704490661621,5.494990825653076
2015-06-09,8.38501262664795,5.566676139831543
2015-06-10,8.630431175231934,5.737234592437744
2015-06-11,8.57674789428711,5.702629089355469
2015-06-12,8.487274169921875,5.632510185241699
2015-06-15,8.530734062194824,5.622498512268066
2015-06-16,8.832390785217285,5.810245513916016
2015-06-17,8.676446914672852,5.645025730133057
2015-06-18,8.891185760498047,5.827767848968506
2015-06-19,8.791485786437988,5.787714958190918
2015-06-22,8.81705093383789,5.897863864898682
2015-06-23,8.90396499633789,5.862818241119385
2015-06-24,8.934642791748047,5.977972507476807
2015-06-25,8.781262397766113,5.902871608734131
2015-06-26,8.857952117919922,6.133176326751709
2015-06-29,8.74547290802002,5.957945823669434
2015-06-30,8.748030662536621,6.0781073570251465
2015-07-01,8.79790210723877,6.000500679016113
2015-07-02,8.915544509887695,5.982975959777832
2015-07-03,8.826033592224121,5.925401210784912
2015-07-06,8.675141334533691,5.970461845397949
2015-07-07,8.708383560180664,5.862818241119385
2015-07-08,8.608635902404785,5.797731876373291
2015-07-10,8.86951732635498,5.947931289672852
2015-07-13,8.951350212097168,5.982975959777832
2015-07-14,8.957488059997559,5.990488529205322
2015-07-15,8.802759170532227,5.990488529205322
2015-07-16,8.828078269958496,5.795228481292725
2015-07-17,8.774620056152344,5.657543182373047
2015-07-20,8.721168518066406,5.5148539543151855
2015-07-21,8.648026466369629,5.50734281539917
2015-07-22,8.512991905212402,5.2419915199279785
2015-07-23,8.158517837524414,5.15938138961792
2015-07-24,8.121939659118652,5.109312057495117
2015-07-27,8.105062484741211,5.264518737792969
2015-07-28,8.254165649414062,5.2570109367370605
2015-07-29,8.335753440856934,5.4898200035095215
2015-07-30,8.231658935546875,5.394692420959473
2015-07-31,8.462353706359863,5.519860744476318
2015-08-03,8.421537399291992,5.567424297332764
2015-08-04,8.218879699707031,5.369659900665283
2015-08-05,8.204809188842773,5.432241439819336
2015-08-06,8.173847198486328,5.28204345703125
2015-08-07,7.934597492218018,5.126835346221924
2015-08-10,8.038745880126953,5.262014389038086
2015-08-11,8.021852493286133,5.327104091644287
2015-08-12,7.791049003601074,5.091790199279785
2015-08-13,7.610340118408203,4.868990898132324
2015-08-14,7.60178804397583,4.8314433097839355
2015-08-17,7.521977424621582,4.751336574554443
2015-08-18,7.64739465713501,4.911548614501953
2015-08-19,7.490625858306885,4.608644962310791
2015-08-20,7.507726192474365,4.65620756149292
2015-08-21,7.5248284339904785,4.646193981170654
2015-08-24,7.370909690856934,4.522853374481201
2015-08-25,7.356664180755615,4.464837551116943
2015-08-26,7.801309585571289,4.684295177459717
2015-08-27,8.077791213989258,4.850778579711914
2015-08-28,7.846912384033203,4.73726749420166
2015-08-31,7.567581653594971,4.497628688812256
2015-09-01,7.392192363739014,4.381595134735107
2015-09-02,7.566159725189209,4.389162063598633
2015-09-03,7.854200839996338,4.497628688812256
2015-09-04,7.534789562225342,4.2983527183532715
2015-09-08,7.617487907409668,4.313486099243164
2015-09-09,7.703050136566162,4.326099872589111
2015-09-10,7.549046516418457,4.250423431396484
2015-09-11,7.563304424285889,4.136910438537598
2015-09-14,7.8684563636779785,4.379496097564697
2015-09-15,8.062393188476562,4.538470268249512
2015-09-16,8.196432113647461,4.58206033706665
2015-09-17,8.267731666564941,4.571803569793701
2015-09-18,7.942613124847412,4.3153910636901855
2015-09-21,7.765787124633789,4.176931858062744
2015-09-22,7.839941501617432,4.174367904663086
2015-09-23,7.529082298278809,4.025649547576904
2015-09-24,7.614641189575195,4.033341407775879
2015-09-25,7.429266929626465,3.9102632999420166
2015-09-28,7.423564910888672,3.715391159057617
2015-09-29,7.392192363739014,3.6743667125701904
2015-09-30,7.560454368591309,3.8974437713623047
2015-10-01,7.670318126678467,3.823085069656372
2015-10-02,7.981350421905518,4.08206033706665
2015-10-05,8.149712562561035,4.14359712600708
2015-10-06,8.223899841308594,4.23846960067749
2015-10-07,8.457891464233398,4.597444534301758
2015-10-08,8.489279747009277,4.530778884887695
2015-10-09,8.432205200195312,4.746161460876465
2015-10-13,7.981350421905518,4.35128927230835
2015-10-14,7.907157897949219,4.31026554107666
2015-10-15,7.775895118713379,4.2487263679504395
2015-10-16,7.658902168273926,4.174367904663086
2015-10-19,7.841529846191406,4.358983039855957
2015-10-20,7.68173360824585,4.217958927154541
2015-10-21,7.624656677246094,4.2692413330078125
2015-10-22,7.784456253051758,4.333342552185059
2015-10-23,7.733092784881592,4.274367332458496
2015-10-26,7.618945598602295,4.189751625061035
2015-10-27,7.576146125793457,4.246162414550781
2015-10-28,7.62751579284668,4.174367904663086
2015-10-29,7.41920280456543,3.9743688106536865
2015-10-30,7.553317070007324,4.094880104064941
2015-11-03,8.04012393951416,4.456418514251709
2015-11-04,8.060111045837402,4.474367141723633
2015-11-05,8.157186508178711,4.692317485809326
2015-11-06,8.034416198730469,4.4615478515625
2015-11-09,7.82885217666626,4.400007724761963
2015-11-10,7.877382755279541,4.392317295074463
2015-11-11,8.091517448425293,4.425651550292969
2015-11-12,8.114360809326172,4.412830352783203
2015-11-13,7.888798713684082,4.3769307136535645
2015-11-16,8.111507415771484,4.435905933380127
2015-11-17,8.16860580444336,4.5153937339782715
2015-11-18,8.1486234664917,4.548727512359619
2015-11-19,8.371326446533203,4.802571773529053
2015-11-23,8.368468284606934,4.761547565460205
2015-11-24,8.379888534545898,4.813514709472656
2015-11-25,7.968747138977051,4.502962589263916
2015-11-26,8.085805892944336,4.619421005249023
2015-11-27,7.871669769287109,4.474498748779297
2015-11-30,7.934491157531738,4.215708255767822
2015-12-01,7.995903015136719,4.215708255767822
2015-12-02,7.741656303405762,4.249350547790527
2015-12-03,8.23300838470459,4.606482028961182
2015-12-04,8.050183296203613,4.482262134552002
2015-12-07,7.9901909828186035,4.464148044586182
2015-12-08,7.898775100708008,4.4201531410217285
2015-12-09,8.32728099822998,4.865272521972656
2015-12-10,8.286717414855957,4.658239364624023
2015-12-11,8.286717414855957,4.567661762237549
2015-12-14,8.091052055358887,4.3743133544921875
2015-12-15,8.142844200134277,4.405857563018799
2015-12-16,8.088175773620605,4.33751106262207
2015-12-17,8.226285934448242,4.308593273162842
2015-12-18,7.748651027679443,4.192924976348877
2015-12-21,7.604787349700928,3.919532060623169
2015-12-22,7.6536993980407715,3.9431912899017334
2015-12-23,7.624930381774902,3.903759241104126
2015-12-28,7.596151351928711,3.937933921813965
2015-12-29,7.601907730102539,3.8906164169311523
2015-12-30,7.576009273529053,3.874843120574951
2016-01-04,7.234853267669678,3.7434005737304688
2016-01-05,7.295309543609619,3.7565460205078125
2016-01-06,7.266526699066162,3.7565460205078125
2016-01-07,7.12833309173584,3.6671664714813232
2016-01-08,7.131209373474121,3.6671664714813232
2016-01-11,7.047715187072754,3.5620148181915283
2016-01-12,7.079388618469238,3.438462018966675
2016-01-13,6.969989776611328,3.375370979309082
2016-01-14,7.070749759674072,3.5646440982818604
2016-01-15,6.886495590209961,3.4279468059539795
2016-01-18,6.805882453918457,3.4069173336029053
2016-01-19,6.736790180206299,3.375370979309082
2016-01-20,6.641788959503174,3.343825578689575
2016-01-21,6.6561808586120605,3.341196060180664
2016-01-22,6.719515800476074,3.417431592941284
2016-01-26,6.791490077972412,3.388516664505005
2016-01-27,6.817403793334961,3.3385682106018066
2016-01-28,6.863461971282959,3.412174940109253
2016-01-29,7.1830363273620605,3.6408777236938477
2016-02-01,7.337149143218994,3.722372531890869
2016-02-02,6.809974670410156,3.443720579147339
2016-02-03,6.974180221557617,3.488410472869873
2016-02-04,7.075005531311035,3.6277363300323486
2016-02-05,7.144144058227539,3.598818063735962
2016-02-10,7.178711891174316,3.598818063735962
2016-02-11,6.965537071228027,3.433203935623169
2016-02-12,7.020270347595215,3.417431592941284
2016-02-15,6.997223854064941,3.4542343616485596
2016-02-16,7.167184829711914,3.5225830078125
2016-02-17,7.244964599609375,3.512068748474121
2016-02-18,7.098049640655518,3.3832569122314453
2016-02-19,7.1822099685668945,3.420060873031616
2016-02-22,7.472226142883301,3.577787399291992
2016-02-23,7.365684986114502,3.554129123687744
2016-02-24,7.303544044494629,3.4358320236206055
2016-02-25,7.309462547302246,3.448977470397949
2016-02-26,7.309462547302246,3.47000789642334
2016-02-29,7.51661491394043,3.5593857765197754
2016-03-01,7.870456218719482,3.7644309997558594
2016-03-02,8.054043769836426,3.8827269077301025
2016-03-03,8.85056209564209,4.393365859985352
2016-03-04,9.282880783081055,4.827147483825684
2016-03-07,9.241425514221191,4.829793930053711
2016-03-08,9.448690414428711,5.356151580810547
2016-03-09,9.134830474853516,5.3693766593933105
2016-03-10,9.493112564086914,5.686777591705322
2016-03-11,9.5730562210083,6.043853282928467
2016-03-14,9.528644561767578,5.897295951843262
2016-03-15,9.10521125793457,4.648767471313477
2016-03-16,8.835766792297363,4.80549955368042
2016-03-17,9.801063537597656,5.496170997619629
2016-03-18,9.827705383300781,5.408510208129883
2016-03-21,9.830668449401855,5.498829364776611
2016-03-22,9.578981399536133,5.419132709503174
2016-03-23,9.273990631103516,5.217247009277344
2016-03-24,9.17628288269043,5.0445780754089355
2016-03-28,9.404277801513672,5.339442253112793
2016-03-29,9.460538864135742,5.498829364776611
2016-03-30,9.513836860656738,5.384602069854736
2016-03-31,9.241425514221191,5.251780986785889
2016-04-01,9.305112838745117,5.251780986785889
2016-04-04,8.979246139526367,4.954257965087891
2016-04-05,8.997015953063965,4.87456750869751
2016-04-06,8.73928451538086,4.829406261444092
2016-04-07,8.834083557128906,4.978165626525879
2016-04-08,9.39102554321289,5.551957607269287
2016-04-11,9.438420295715332,5.721969127655029
2016-04-12,9.865017890930176,5.870730400085449
2016-04-13,9.986480712890625,5.931830406188965
2016-04-14,9.696162223815918,5.825571060180664
2016-04-15,9.758374214172363,6.030116081237793
2016-04-18,9.687275886535645,5.865416526794434
2016-04-19,9.740595817565918,5.83885383605957
2016-04-20,9.559881210327148,5.799004554748535
2016-04-22,9.385101318359375,5.650245189666748
2016-04-25,9.302151679992676,5.525392532348633
2016-04-26,9.625060081481934,5.777755260467529
2016-04-27,9.95389461517334,5.923859119415283
2016-04-28,9.885758399963379,5.777755260467529
2016-04-29,9.737638473510742,5.873387336730957
2016-05-02,9.469406127929688,5.724627494812012
2016-05-03,8.924070358276367,5.429759979248047
2016-05-04,9.143387794494629,5.546645641326904
2016-05-05,9.007051467895508,5.451012134552002
2016-05-06,9.01001262664795,5.496170997619629
2016-05-09,9.06633186340332,5.379289627075195
2016-05-10,9.635380744934082,5.698062896728516
2016-05-11,9.576108932495117,5.440385341644287
2016-05-12,9.670947074890137,5.286311626434326
2016-05-13,9.30639934539795,5.142866134643555
2016-05-16,9.164135932922363,5.063173770904541
2016-05-17,8.968523025512695,4.818780899047852
2016-05-18,9.107821464538574,4.824093341827393
2016-05-19,9.03076171875,4.709867477416992
2016-05-20,8.915173530578613,4.59829568862915
2016-05-23,8.944816589355469,4.515946388244629
2016-05-24,8.93592357635498,4.278634071350098
2016-05-25,8.894429206848145,4.404479026794434
2016-05-27,8.80550765991211,4.318796634674072
2016-05-30,8.80255126953125,4.393767833709717
2016-05-31,8.609905242919922,4.4098358154296875
2016-06-01,8.738892555236816,4.436607360839844
2016-06-02,8.869366645812988,4.524965286254883
2016-06-03,8.8604736328125,4.632064342498779
2016-06-06,8.774477005004883,4.583869457244873
2016-06-07,8.9168119430542,4.53032112121582
2016-06-08,9.05322551727295,4.672227382659912
2016-06-09,9.032464027404785,4.658838748931885
2016-06-10,8.569868087768555,4.431253433227539
2016-06-13,8.608423233032227,4.468736171722412
2016-06-14,8.483871459960938,4.349341869354248
2016-06-15,8.442359924316406,4.346643447875977
2016-06-16,8.596555709838867,4.370942115783691
2016-06-17,8.575800895690918,4.319643974304199
2016-06-20,8.718135833740234,4.478931903839111
2016-06-21,8.715168952941895,4.279147624969482
2016-06-22,8.56393814086914,4.26564884185791
2016-06-23,8.896063804626465,4.3790388107299805
2016-06-24,8.584696769714355,4.289948463439941
2016-06-27,8.297054290771484,4.2224531173706055
2016-06-28,8.587664604187012,4.327742099761963
2016-06-29,8.780414581298828,4.451933860778809
2016-06-30,8.985015869140625,4.638216018676758
2016-07-01,9.170440673828125,4.603119850158691
2016-07-04,9.164514541625977,4.62471866607666
2016-07-05,9.099244117736816,4.589622497558594
2016-07-06,9.134843826293945,4.578822135925293
2016-07-07,9.226815223693848,4.5221266746521
2016-07-08,9.476025581359863,4.651716232299805
2016-07-11,9.56800365447998,4.864999294281006
2016-07-12,9.487895965576172,4.80290412902832
2016-07-13,9.683700561523438,4.873097896575928
2016-07-14,9.959620475769043,5.1322784423828125
2016-07-15,9.926990509033203,5.199772834777832
2016-07-18,10.096094131469727,5.38875675201416
2016-07-19,10.036751747131348,5.650635719299316
2016-07-20,10.193998336791992,5.764023780822754
2016-07-21,10.05752182006836,5.656035423278809
2016-07-22,10.119824409484863,5.564239501953125
2016-07-25,10.042688369750977,5.75052547454834
2016-07-26,9.915120124816895,5.788323402404785
2016-07-27,9.953680992126465,5.7991228103637695
2016-07-28,9.843914985656738,5.580440521240234
2016-07-29,10.024896621704102,5.683032035827637
2016-08-01,9.922496795654297,5.585839748382568
2016-08-02,10.041211128234863,5.453548908233643
2016-08-03,10.459722518920898,5.539943695068359
2016-08-04,10.519081115722656,5.688431739807129
2016-08-05,10.456751823425293,5.728928565979004
2016-08-08,10.388484954833984,5.715427875518799
2016-08-09,10.409263610839844,5.77752161026001
2016-08-10,10.32319164276123,5.634436130523682
2016-08-11,10.58735179901123,5.953009605407715
2016-08-12,10.667490005493164,6.120396137237549
2016-08-15,10.901308059692383,6.258084774017334
2016-08-16,10.856287002563477,6.112295627593994
2016-08-17,11.000358581542969,6.144694805145264
2016-08-18,10.979344367980957,6.136595726013184
2016-08-19,10.907310485839844,6.26348352432251
2016-08-22,10.697208404541016,6.0232038497924805
2016-08-23,10.679197311401367,6.134584426879883
2016-08-24,10.628169059753418,6.0720953941345215
2016-08-25,10.595161437988281,6.096548557281494
2016-08-26,10.72421646118164,6.221521854400635
2016-08-29,10.913300514221191,6.471471309661865
2016-08-30,10.98534870147705,6.447018146514893
2016-08-31,10.760233879089355,6.305744171142578
2016-09-01,10.866835594177246,6.210655212402344
2016-09-02,11.02597713470459,6.4443039894104
2016-09-05,11.028976440429688,6.381814479827881
2016-09-06,11.13407039642334,6.525809288024902
2016-09-08,11.00195598602295,6.555689811706543
2016-09-09,10.58458423614502,6.2052226066589355
2016-09-12,10.722702980041504,6.235107898712158
2016-09-13,10.509509086608887,6.012907981872559
2016-09-14,10.518519401550293,5.991053581237793
2016-09-15,10.746726989746094,6.094865798950195
2016-09-16,10.50350570678711,5.991053581237793
2016-09-19,10.578572273254395,6.012907981872559
2016-09-20,10.602599143981934,6.176822662353516
2016-09-21,10.70468521118164,6.376250743865967
2016-09-22,10.875838279724121,6.406305313110352
2016-09-23,10.848816871643066,6.269708156585693
2016-09-26,10.764739036560059,6.198675632476807
2016-09-27,10.887850761413574,6.250582695007324
2016-09-28,10.965923309326172,6.368053913116455
2016-09-29,10.686676025390625,6.182286262512207
2016-09-30,10.665654182434082,6.228728771209717
2016-10-03,10.919488906860352,6.376250743865967
2016-10-04,11.015621185302734,6.392643451690674
2016-10-05,11.231904983520508,6.53743314743042
2016-10-06,11.325029373168945,6.7423272132873535
2016-10-07,11.43016242980957,6.906238555908203
2016-10-10,11.44517707824707,6.952678680419922
2016-10-11,11.406131744384766,6.794229507446289
2016-10-13,11.53530502319336,6.911702632904053
2016-10-14,11.754596710205078,7.092007637023926
2016-10-17,12.012937545776367,7.507256984710693
2016-10-18,12.179954528808594,7.662972450256348
2016-10-19,11.98170280456543,7.520913600921631
2016-10-20,12.018046379089355,7.676636219024658
2016-10-21,11.998220443725586,7.772252082824707
2016-10-24,11.895782470703125,7.70941686630249
2016-10-25,11.83299732208252,7.526378154754639
2016-10-26,11.905704498291016,7.469011306762695
2016-10-27,12.16013240814209,7.851475715637207
2016-10-28,12.262572288513184,7.728538990020752
2016-10-31,12.688836097717285,8.001729965209961
2016-11-01,12.313645362854004,7.632925987243652
2016-11-03,12.04919147491455,7.269580841064453
2016-11-04,12.14836597442627,7.343343734741211
2016-11-07,12.584709167480469,7.739466190338135
2016-11-08,12.61446475982666,7.725811004638672
2016-11-09,12.211158752441406,7.452620029449463
2016-11-10,11.602926254272461,6.974538803100586
2016-11-11,11.4541654586792,6.4909892082214355
2016-11-14,11.384742736816406,6.671297550201416
2016-11-16,11.9467134475708,7.102936267852783
2016-11-17,11.589696884155273,6.971804618835449
2016-11-18,11.6987943649292,7.176694869995117
2016-11-21,11.794654846191406,7.739466190338135
2016-11-22,11.834317207336426,7.838162422180176
2016-11-23,11.725237846374512,7.802513122558594
2016-11-24,11.602926254272461,7.594079494476318
2016-11-25,11.523589134216309,7.577624320983887
2016-11-28,11.768206596374512,7.9259257316589355
2016-11-29,11.483915328979492,7.637960433959961
2016-11-30,11.708699226379395,7.816223621368408
2016-12-01,11.177915573120117,7.300627708435059
2016-12-02,11.224222183227539,7.4514665603637695
2016-12-05,11.184530258178711,7.308855056762695
2016-12-06,11.33334732055664,7.317083358764648
2016-12-07,11.244062423706055,7.404841423034668
2016-12-08,11.177915573120117,7.349992752075195
2016-12-09,11.21098804473877,7.415812969207764
2016-12-12,10.74799919128418,7.062028408050537
2016-12-13,10.797603607177734,7.127201080322266
2016-12-14,10.774455070495605,6.953904151916504
2016-12-15,10.731461524963379,7.220724582672119
2016-12-16,10.539643287658691,7.267489910125732
2016-12-19,10.255249977111816,7.105194091796875
2016-12-20,10.516491889953613,7.220724582672119
2016-12-21,10.513201713562012,7.220724582672119
2016-12-22,10.599173545837402,7.151958465576172
2016-12-23,10.898372650146484,7.355513095855713
2016-12-26,10.985642433166504,7.47104549407959
2016-12-27,10.978926658630371,7.523308753967285
2016-12-28,11.237370491027832,7.616836071014404
2016-12-29,11.361560821533203,7.726865291595459
2017-01-02,11.25914478302002,7.575573921203613
2017-01-03,11.735966682434082,7.922170162200928
2017-01-04,11.786345481872559,7.880908966064453
2017-01-05,11.947515487670898,7.861650466918945
2017-01-06,11.987813949584961,7.946923732757568
2017-01-09,12.044897079467773,7.647091865539551
2017-01-10,12.004606246948242,7.751620769500732
2017-01-11,12.028115272521973,7.834143161773682
2017-01-12,12.333684921264648,8.032200813293457
2017-01-13,12.081839561462402,7.823141098022461
2017-01-16,12.091910362243652,7.828641414642334
2017-01-17,12.417633056640625,7.955175399780273
2017-01-18,12.320250511169434,7.889158248901367
2017-01-19,12.253092765808105,7.897411346435547
2017-01-20,12.290033340454102,8.073457717895508
2017-01-23,12.703062057495117,8.439309120178223
2017-01-24,12.672831535339355,8.279767036437988
2017-01-26,12.844090461730957,8.802409172058105
2017-01-27,12.776928901672363,8.634613037109375
2017-01-30,12.504942893981934,8.395299911499023
2017-01-31,12.504942893981934,8.557591438293457
2017-02-01,12.637635231018066,8.598852157592773
2017-02-02,12.600672721862793,8.519081115722656
2017-02-03,12.862707138061523,8.497075080871582
2017-02-06,12.76863956451416,8.285269737243652
2017-02-07,13.017223358154297,8.362286567687988
2017-02-08,13.353153228759766,8.450311660766602
2017-02-09,13.413619995117188,8.422805786132812
2017-02-10,13.457296371459961,8.5768461227417
2017-02-13,13.393472671508789,8.631863594055176
2017-02-14,13.437128067016602,8.659368515014648
2017-02-15,14.001490592956543,8.763896942138672
2017-02-16,13.729399681091309,9.04723072052002
2017-02-17,13.722687721252441,9.052729606628418
2017-02-20,13.786503791809082,9.198514938354492
2017-02-21,13.98695182800293,9.352561950683594
2017-02-22,14.02803897857666,9.377315521240234
2017-02-23,13.815741539001465,9.173761367797852
2017-02-24,13.70617389678955,9.10499382019043
2017-03-01,13.683914184570312,9.242528915405273
2017-03-02,13.54348087310791,9.1560640335083
2017-03-03,13.79010009765625,9.602028846740723
2017-03-06,13.735284805297852,9.679108619689941
2017-03-07,13.505803108215332,9.560736656188965
2017-03-08,13.351675033569336,9.335000991821289
2017-03-09,13.392765998840332,9.23865032196045
2017-03-10,13.399619102478027,9.27443790435791
2017-03-13,13.642814636230469,9.373538970947266
2017-03-14,13.509225845336914,9.354813575744629
2017-03-15,13.639384269714355,9.432052612304688
2017-03-16,13.464702606201172,9.305157661437988
2017-03-17,13.07764720916748,9.051353454589844
2017-03-20,13.221501350402832,9.034802436828613
2017-03-21,12.937211990356445,8.819621086120605
2017-03-22,13.043391227722168,9.11756420135498
2017-03-23,12.971464157104492,9.11756420135498
2017-03-24,13.111894607543945,9.158946990966797
2017-03-27,13.207810401916504,9.189291954040527
2017-03-28,13.163270950317383,9.131357192993164
2017-03-29,13.358514785766602,9.46240520477295
2017-03-30,13.200958251953125,9.398956298828125
2017-03-31,12.981738090515137,9.316192626953125
2017-04-03,13.199318885803223,9.343779563903809
2017-04-04,13.267855644226074,9.379643440246582
2017-04-05,13.024565696716309,9.219635009765625
2017-04-06,12.921768188476562,9.004457473754883
2017-04-07,13.021148681640625,8.965835571289062
2017-04-10,12.997151374816895,9.045838356018066
2017-04-11,12.973169326782227,9.054116249084473
2017-04-12,12.956039428710938,8.905143737792969
2017-04-13,12.719597816467285,8.441679000854492
2017-04-17,13.288415908813477,8.833416938781738
2017-04-18,13.240447044372559,8.918938636779785
2017-04-19,13.123941421508789,8.593408584594727
2017-04-20,12.93205451965332,8.66237735748291
2017-04-24,13.182193756103516,8.910660743713379
2017-04-25,13.267855644226074,8.965835571289062
2017-04-26,13.29184627532959,8.858246803283691
2017-04-27,13.367237091064453,8.98238468170166
2017-04-28,13.452895164489746,9.062387466430664
2017-05-02,13.728843688964844,9.349294662475586
2017-05-03,13.502599716186523,9.318947792053223
2017-05-04,13.060396194458008,8.927209854125977
2017-05-05,13.266081809997559,9.134114265441895
2017-05-08,13.296921730041504,8.905143737792969
2017-05-09,13.331207275390625,8.938249588012695
2017-05-10,13.396343231201172,9.200324058532715
2017-05-11,13.626005172729492,9.487232208251953
2017-05-12,13.756265640258789,9.763102531433105
2017-05-15,13.814552307128906,9.586546897888184
2017-05-16,13.797393798828125,9.586546897888184
2017-05-17,13.516315460205078,9.327226638793945
2017-05-18,11.88804817199707,7.470609188079834
2017-05-19,12.19655990600586,7.7188920974731445
2017-05-22,11.956607818603516,7.360259056091309
2017-05-23,12.1451416015625,7.533297538757324
2017-05-24,12.244544982910156,7.666630744934082
2017-05-25,12.014881134033203,7.697188377380371
2017-05-26,12.340532302856445,8.01662826538086
2017-05-29,12.340532302856445,8.01662826538086
2017-05-30,12.31653881072998,8.055519104003906
2017-05-31,12.186272621154785,7.872181415557861
2017-06-01,12.04738712310791,7.788853168487549
2017-06-02,12.167418479919434,7.7999653816223145
2017-06-05,12.153692245483398,7.666630744934082
2017-06-06,12.349169731140137,7.9471869468688965
2017-06-07,12.551509857177734,7.980519771575928
2017-06-08,12.42119312286377,7.861074924468994
2017-06-09,12.225716590881348,7.733295440673828
2017-06-12,12.225716590881348,7.549962997436523
2017-06-13,12.376607894897461,7.633140563964844
2017-06-14,12.486357688903809,7.6303582191467285
2017-06-15,12.486357688903809,7.6303582191467285
2017-06-16,12.397180557250977,7.658216953277588
2017-06-19,12.4623441696167,7.557923793792725
2017-06-20,12.187994003295898,7.243128299713135
2017-06-21,12.20170783996582,7.204124927520752
2017-06-22,12.211996078491211,7.243128299713135
2017-06-23,12.170844078063965,7.0982666015625
2017-06-26,12.5137939453125,7.5133514404296875
2017-06-27,12.40061092376709,7.270986080169678
2017-06-28,12.397180557250977,7.351772785186768
2017-06-29,12.520646095275879,7.399134159088135
2017-06-30,12.602950096130371,7.465993881225586
2017-07-03,12.721312522888184,7.569066047668457
2017-07-04,12.669841766357422,7.608069896697998
2017-07-05,12.7041597366333,7.569066047668457
2017-07-06,12.52575397491455,7.518925189971924
2017-07-07,12.405675888061523,7.418635845184326
2017-07-10,12.505167961120605,7.496638298034668
2017-07-11,12.69386100769043,7.811436653137207
2017-07-12,12.831094741821289,8.034296035766602
2017-07-13,12.865402221679688,8.106729507446289
2017-07-14,12.892841339111328,8.193094253540039
2017-07-17,12.769341468811035,8.151304244995117
2017-07-18,12.783060073852539,8.156876564025879
2017-07-19,12.59780502319336,8.184733390808105
2017-07-20,12.611522674560547,8.257166862487793
2017-07-21,12.61495304107666,8.193094253540039
2017-07-24,12.69386100769043,8.10115909576416
2017-07-25,12.724738121032715,8.234879493713379
2017-07-26,12.666409492492676,8.034296035766602
2017-07-27,12.680139541625977,7.964653015136719
2017-07-28,12.728168487548828,7.956294536590576
2017-07-31,12.803647994995117,7.99530029296875
2017-08-01,13.213787078857422,8.162446975708008
2017-08-02,13.351076126098633,8.491172790527344
2017-08-03,13.320182800292969,8.546889305114746
2017-08-04,13.285865783691406,8.599822998046875
2017-08-07,13.495226860046387,8.733540534973145
2017-08-08,13.659974098205566,8.733540534973145
2017-08-09,13.574165344238281,8.571962356567383
2017-08-10,13.402562141418457,8.613749504089355
2017-08-11,13.471199989318848,8.608179092407227
2017-08-14,13.714885711669922,8.661108016967773
2017-08-15,13.773466110229492,8.619321823120117
2017-08-16,13.801215171813965,8.549674987792969
2017-08-17,13.690263748168945,8.399243354797363
2017-08-18,13.822005271911621,8.474456787109375
2017-08-21,13.721470832824707,8.585895538330078
2017-08-22,14.012679100036621,8.971305847167969
2017-08-23,14.165217399597168,8.976910591125488
2017-08-24,14.283093452453613,9.007760047912598
2017-08-25,14.24149227142334,8.974105834960938
2017-08-28,14.116683959960938,8.889974594116211
2017-08-29,14.244950294494629,8.831083297729492
2017-08-30,14.168678283691406,8.74134349822998
2017-08-31,13.98841381072998,8.60953426361084
2017-09-01,14.281465530395508,8.943260192871094
2017-09-04,14.208638191223145,8.92923641204834
2017-09-05,14.215566635131836,8.974105834960938
2017-09-06,14.597047805786133,9.18724250793457
2017-09-07,14.597047805786133,9.18724250793457
2017-09-08,14.579717636108398,9.159197807312012
2017-09-11,14.825950622558594,9.487316131591797
2017-09-12,14.784329414367676,9.382275581359863
2017-09-13,14.888371467590332,9.441304206848145
2017-09-14,14.853684425354004,9.449734687805176
2017-09-15,15.131134033203125,9.587459564208984
2017-09-18,15.238642692565918,9.719564437866211
2017-09-19,15.183157920837402,9.708321571350098
2017-09-20,15.023619651794434,9.770157814025879
2017-09-21,15.04443073272705,9.983772277832031
2017-09-22,15.09644603729248,9.9219388961792
2017-09-25,14.947325706481934,9.781401634216309
2017-09-26,14.97507095336914,9.837615013122559
2017-09-27,14.985488891601562,9.787018775939941
2017-09-28,14.905713081359863,9.705510139465332
2017-09-29,15.03403091430664,9.80950927734375
2017-10-02,15.060043334960938,9.823559761047363
2017-10-03,15.5769624710083,10.222683906555176
2017-10-04,15.43820571899414,10.174908638000488
2017-10-05,15.684515953063965,10.340738296508789
2017-10-06,15.500652313232422,10.39976692199707
2017-10-09,15.316774368286133,10.284520149230957
2017-10-10,15.649826049804688,10.503765106201172
2017-10-11,15.611665725708008,10.512195587158203
2017-10-12,15.611665725708008,10.512195587158203
2017-10-13,15.483304977416992,10.517817497253418
2017-10-16,15.403510093688965,10.540303230285645
2017-10-17,15.379216194152832,10.557167053222656
2017-10-18,15.406972885131836,10.520627975463867
2017-10-19,15.2959623336792,10.450362205505371
2017-10-20,15.264738082885742,10.543113708496094
2017-10-23,15.12249755859375,10.174908638000488
2017-10-24,15.233514785766602,10.267659187316895
2017-10-25,15.337589263916016,10.360413551330566
2017-10-26,15.243916511535645,10.304198265075684
2017-10-27,15.150252342224121,10.259227752685547
2017-10-30,14.955960273742676,9.89664077758789
2017-10-31,14.588227272033691,9.680214881896973
2017-11-01,14.34355354309082,9.55654239654541
2017-11-02,14.34355354309082,9.55654239654541
2017-11-03,14.544851303100586,9.385083198547363
2017-11-06,14.544851303100586,9.309195518493652
2017-11-07,14.2637357711792,8.84261417388916
2017-11-08,14.784316062927246,9.30638313293457
2017-11-09,14.385217666625977,9.067469596862793
2017-11-10,14.406030654907227,8.797638893127441
2017-11-13,14.478910446166992,8.811691284179688
2017-11-14,14.201271057128906,8.600883483886719
2017-11-15,14.201271057128906,8.600883483886719
2017-11-16,14.558724403381348,9.008444786071777
2017-11-17,14.760021209716797,9.160224914550781
2017-11-20,14.760021209716797,9.160224914550781
2017-11-21,15.055007934570312,9.317627906799316
2017-11-22,14.909255981445312,9.264779090881348
2017-11-23,14.864130973815918,9.27609634399414
2017-11-24,14.72531509399414,9.225163459777832
2017-11-27,14.815546989440918,9.100648880004883
2017-11-28,14.839831352233887,9.236478805541992
2017-11-29,14.534442901611328,8.817669868469238
2017-11-30,14.322728157043457,8.46960163116455
2017-12-01,14.314056396484375,8.710137367248535
2017-12-04,14.525827407836914,8.922372817993164
2017-12-05,14.43903923034668,8.79220199584961
2017-12-06,14.591803550720215,9.058202743530273
2017-12-07,14.54318904876709,8.707305908203125
2017-12-08,14.668177604675293,8.758244514465332
2017-12-11,14.706364631652832,8.687495231628418
2017-12-12,14.824407577514648,8.881182670593262
2017-12-13,14.494593620300293,8.66836929321289
2017-12-14,14.265457153320312,8.634323120117188
2017-12-15,14.3157958984375,8.682558059692383
2017-12-18,14.3123140335083,8.798895835876465
2017-12-19,14.232181549072266,8.747821807861328
2017-12-20,14.284445762634277,8.753495216369629
2017-12-21,14.887174606323242,8.849967002868652
2017-12-22,14.817497253417969,8.881182670593262
2017-12-25,14.817497253417969,8.881182670593262
2017-12-26,14.876718521118164,8.977652549743652
2017-12-27,14.79659652709961,9.088313102722168
2017-12-28,14.834916114807129,9.028727531433105
2017-12-29,14.834916114807129,9.028727531433105
2018-01-02,15.293230056762695,9.343683242797852
2018-01-03,15.397788047790527,9.462852478027344
2018-01-04,15.718427658081055,9.5536527633667
2018-01-05,15.763739585876465,9.5536527633667
2018-01-08,15.711456298828125,9.576353073120117
2018-01-09,15.540672302246094,9.485551834106445
2018-01-10,15.488399505615234,9.445831298828125
2018-01-11,15.812517166137695,9.66147518157959
2018-01-12,15.798587799072266,9.684179306030273
2018-01-15,15.896178245544434,9.732412338256836
2018-01-16,16.04254150390625,9.817535400390625
2018-01-17,16.307422637939453,10.050204277038574
2018-01-18,16.269092559814453,9.982105255126953
2018-01-19,16.401517868041992,9.91684341430664
2018-01-22,16.80930519104004,9.950892448425293
2018-01-23,16.7465763092041,9.993456840515137
2018-01-24,17.55514907836914,10.779427528381348
2018-01-25,17.55514907836914,10.779427528381348
2018-01-26,18.436908721923828,11.114243507385254
2018-01-29,18.015195846557617,11.051819801330566
2018-01-30,17.94550323486328,11.009254455566406
2018-01-31,18.213850021362305,11.258951187133789
2018-02-01,18.306241989135742,11.290168762207031
2018-02-02,18.076141357421875,11.136944770812988
2018-02-05,17.4416561126709,10.804965019226074
2018-02-06,18.06917381286621,11.27881908416748
2018-02-07,17.640369415283203,11.290168762207031
2018-02-08,17.553218841552734,10.935484886169434
2018-02-09,17.59852409362793,10.731194496154785
2018-02-14,18.358537673950195,11.22490406036377
2018-02-15,18.362022399902344,11.321377754211426
2018-02-16,18.508764266967773,11.434871673583984
2018-02-19,18.363115310668945,11.244767189025879
2018-02-20,18.814632415771484,11.576746940612793
2018-02-21,19.06223487854004,11.667543411254883
2018-02-22,19.167842864990234,12.030734062194824
2018-02-23,19.29892349243164,12.030734062194824
2018-02-26,19.277080535888672,12.206655502319336
2018-02-27,18.989412307739258,12.08748722076416
2018-02-28,18.344905853271484,11.860489845275879
2018-03-01,18.616270065307617,11.945612907409668
2018-03-02,18.714599609375,12.044269561767578
2018-03-05,18.980501174926758,12.144163131713867
2018-03-06,18.911293029785156,12.412446975708008
2018-03-07,18.88579750061035,12.32682991027832
2018-03-08,18.754667282104492,12.392474174499512
2018-03-09,19.013280868530273,12.475238800048828
2018-03-12,19.228191375732422,12.409598350524902
2018-03-13,19.071552276611328,12.252811431884766
2018-03-14,18.645402908325195,12.14700984954834
2018-03-15,18.732820510864258,12.1212797164917
2018-03-16,18.656320571899414,12.124135971069336
2018-03-19,18.25567054748535,11.838193893432617
2018-03-20,18.31394386291504,11.883944511413574
2018-03-21,18.241092681884766,12.081245422363281
2018-03-22,18.18281364440918,11.863924980163574
2018-03-23,18.270238876342773,11.780997276306152
2018-03-26,18.49606704711914,11.861066818237305
2018-03-27,18.273883819580078,11.566540718078613
2018-03-28,18.44143295288086,11.529363632202148
2018-03-29,18.68910026550293,11.732393264770508
2018-04-02,18.5998477935791,11.509354591369629
2018-04-03,18.424964904785156,11.357799530029297
2018-04-04,18.545188903808594,11.452162742614746
2018-04-05,18.581640243530273,11.786721229553223
2018-04-06,18.672710418701172,11.632308006286621
2018-04-09,18.257362365722656,11.20910930633545
2018-04-10,18.34844207763672,11.074714660644531
2018-04-11,18.65085220336914,11.166218757629395
2018-04-12,18.81479835510254,11.137617111206055
2018-04-13,18.37760353088379,10.763031005859375
2018-04-16,18.10797882080078,10.379860877990723
2018-04-17,18.4067440032959,10.62863540649414
2018-04-18,18.75651741027832,10.871691703796387
2018-04-19,18.581640243530273,10.877409934997559
2018-04-20,18.541545867919922,10.757312774658203
2018-04-23,18.57434844970703,10.562870979309082
2018-04-24,18.483251571655273,10.459928512573242
2018-04-25,18.373945236206055,10.597182273864746
2018-04-26,18.80024528503418,10.680106163024902
2018-04-27,18.763797760009766,10.680106163024902
2018-04-30,18.585268020629883,10.494244575500488
2018-05-02,17.748844146728516,10.299797058105469
2018-05-03,17.398988723754883,10.008133888244629
2018-05-04,17.194881439208984,9.988114356994629
2018-05-07,17.22039222717285,9.976676940917969
2018-05-08,17.275062561035156,10.248329162597656
2018-05-09,17.32972526550293,10.680106163024902
2018-05-10,17.803524017333984,10.288357734680176
2018-05-11,17.519248962402344,10.239751815795898
2018-05-14,17.256839752197266,9.985257148742676
2018-05-15,17.191242218017578,9.713603973388672
2018-05-16,17.490081787109375,9.85658073425293
2018-05-17,16.5753116607666,9.399065971374512
2018-05-18,16.458677291870117,9.34759521484375
2018-05-21,16.23272132873535,9.12455940246582
2018-05-22,16.626333236694336,9.32720947265625
2018-05-23,16.312911987304688,9.125699043273926
2018-05-24,16.52794075012207,8.846454620361328
2018-05-25,16.382150650024414,8.662213325500488
2018-05-28,15.68968391418457,8.026004791259766
2018-05-29,15.635027885437012,8.207369804382324
2018-05-30,15.66418170928955,8.742820739746094
2018-06-01,15.97590160369873,8.826302528381348
2018-06-04,16.32225799560547,8.952972412109375
2018-06-05,15.815494537353516,8.382972717285156
2018-06-06,15.414440155029297,7.968429088592529
2018-06-07,14.966004371643066,7.648886680603027
2018-06-08,15.002470970153809,7.758281707763672
2018-06-11,14.568618774414062,7.502069473266602
2018-06-12,14.539448738098145,7.792882442474365
2018-06-13,14.397259712219238,7.651404857635498
2018-06-14,13.886849403381348,7.304925441741943
2018-06-15,14.021744728088379,7.218303680419922
2018-06-18,13.737380027770996,7.079714298248291
2018-06-19,14.357166290283203,7.576332092285156
2018-06-20,14.623307228088379,7.7957682609558105
2018-06-21,14.233208656311035,7.509923934936523
2018-06-22,14.342582702636719,7.535910129547119
2018-06-25,14.371742248535156,7.755347728729248
2018-06-26,14.324357032775879,7.847741603851318
2018-06-27,14.065496444702148,7.686049938201904
2018-06-28,14.455594062805176,8.127811431884766
2018-06-29,14.7071533203125,8.272175788879395
2018-07-02,14.716277122497559,8.485840797424316
2018-07-03,15.062762260437012,8.560908317565918
2018-07-04,15.307110786437988,8.806334495544434
2018-07-05,15.20864486694336,8.601333618164062
2018-07-06,15.347228050231934,8.506050109863281
2018-07-10,15.387349128723145,8.43386459350586
2018-07-11,15.449346542358398,8.601333618164062
2018-07-12,15.741118431091309,8.765909194946289
2018-07-13,16.142311096191406,8.988234519958496
2018-07-16,16.083955764770508,8.890067100524902
2018-07-17,16.386674880981445,9.187460899353027
2018-07-18,16.178791046142578,9.129714012145996
2018-07-19,16.41220474243164,9.048863410949707
2018-07-20,16.87904167175293,9.528164863586426
2018-07-23,16.554439544677734,9.464644432067871
2018-07-24,16.543495178222656,9.539712905883789
2018-07-25,17.06505012512207,9.692741394042969
2018-07-26,16.79514503479004,9.378023147583008
2018-07-27,16.886335372924805,9.493515014648438
2018-07-30,17.130699157714844,9.496403694152832
2018-07-31,16.41220474243164,9.383796691894531
2018-08-01,16.618343353271484,9.51949691772461
2018-08-02,16.67671775817871,9.594571113586426
2018-08-03,17.07439422607422,9.883302688598633
2018-08-06,16.950340270996094,9.90351676940918
2018-08-07,16.848188400268555,9.692741394042969
2018-08-08,16.454158782958984,9.421330451965332
2018-08-09,16.366594314575195,9.701400756835938
2018-08-10,15.771915435791016,9.167247772216797
2018-08-13,15.895956993103027,9.210556030273438
2018-08-14,16.224313735961914,9.528164863586426
2018-08-15,16.1148624420166,9.32605266571045
2018-08-16,16.09296989440918,9.354924201965332
2018-08-17,15.680707931518555,9.02577018737793
2018-08-20,15.79179573059082,8.786120414733887
2018-08-21,15.587589263916016,8.43675422668457
2018-08-22,15.958893775939941,8.742648124694824
2018-08-23,15.3388032913208,8.521169662475586
2018-08-24,15.453908920288086,8.637737274169922
2018-08-27,15.966317176818848,8.902931213378906
2018-08-28,15.854925155639648,8.859217643737793
2018-08-29,16.118553161621094,9.039898872375488
2018-08-30,15.483614921569824,8.722249984741211
2018-08-31,15.695259094238281,8.771790504455566
2018-09-03,15.47797679901123,8.564882278442383
2018-09-04,15.344244956970215,8.346314430236816
2018-09-05,15.433394432067871,8.360886573791504
2018-09-06,15.823405265808105,8.54739761352539
2018-09-10,15.968268394470215,8.430826187133789
2018-09-11,15.418536186218262,8.049066543579102
2018-09-12,15.463105201721191,8.085749626159668
2018-09-13,15.377679824829102,7.977590084075928
2018-09-14,15.648825645446777,8.041900634765625
2018-09-17,16.020263671875,8.316686630249023
2018-09-18,16.005422592163086,8.687941551208496
2018-09-19,16.11685562133789,8.60024642944336
2018-09-20,16.012845993041992,8.623632431030273
2018-09-21,16.28399085998535,8.939343452453613
2018-09-24,15.879128456115723,8.690865516662598
2018-09-25,15.916265487670898,8.638245582580566
2018-09-26,16.09084129333496,8.609013557434082
2018-09-27,16.532861709594727,8.854567527770996
2018-09-28,16.3917179107666,8.609013557434082
2018-10-01,16.207780838012695,8.246529579162598
2018-10-02,16.832021713256836,9.187821388244629
2018-10-03,17.59373664855957,10.020952224731445
2018-10-04,17.612314224243164,10.26650333404541
2018-10-05,17.552865982055664,10.447747230529785
2018-10-08,18.596975326538086,11.459197044372559
2018-10-09,18.5003604888916,11.400734901428223
2018-10-10,17.861268997192383,10.9183931350708
2018-10-11,17.64946746826172,10.874547958374023
2018-10-15,17.853843688964844,11.026556015014648
2018-10-16,18.56725311279297,11.508892059326172
2018-10-17,18.3740177154541,11.608280181884766
2018-10-18,17.82781410217285,11.473814964294434
2018-10-19,17.809247970581055,11.570286750793457
2018-10-22,18.069345474243164,11.649208068847656
2018-10-23,18.13251495361328,11.690134048461914
2018-10-24,17.660627365112305,11.429964065551758
2018-10-25,17.86496925354004,11.722294807434082
2018-10-26,18.19938087463379,12.400483131408691
2018-10-29,17.86496925354004,12.23970890045166
2018-10-30,18.38888931274414,12.599271774291992
2018-10-31,18.299715042114258,12.49695873260498
2018-11-01,18.561750411987305,12.68112564086914
2018-11-05,18.762462615966797,12.689895629882812
2018-11-06,18.881397247314453,12.41511058807373
2018-11-07,18.89998435974121,12.116936683654785
2018-11-08,18.639799118041992,11.868454933166504
2018-11-09,18.873952865600586,12.131548881530762
2018-11-12,18.92599868774414,12.330328941345215
2018-11-13,18.855375289916992,12.19001579284668
2018-11-14,19.018922805786133,12.210477828979492
2018-11-16,19.60616683959961,12.596345901489258
2018-11-19,19.595022201538086,12.891596794128418
2018-11-21,19.340425491333008,12.8623628616333
2018-11-22,19.295822143554688,13.244901657104492
2018-11-23,19.273509979248047,13.349191665649414
2018-11-26,18.95571517944336,13.113789558410645
2018-11-27,19.596879959106445,13.423677444458008
2018-11-28,20.087501525878906,13.635244369506836
2018-11-29,20.265905380249023,13.480295181274414
2018-11-30,20.081932067871094,13.29853630065918
2018-12-03,19.828140258789062,13.140606880187988
2018-12-04,19.80584144592285,13.00949764251709
2018-12-05,19.816993713378906,13.140606880187988
2018-12-06,19.995473861694336,13.221061706542969
2018-12-07,19.83372688293457,13.119750022888184
2018-12-10,19.303857803344727,12.735365867614746
2018-12-11,19.47676658630371,12.809863090515137
2018-12-12,19.610628128051758,12.844425201416016
2018-12-13,19.956439971923828,13.173158645629883
2018-12-14,19.81142234802246,13.1791353225708
2018-12-17,19.28155517578125,13.05959701538086
2018-12-18,19.59432601928711,13.089479446411133
2018-12-19,19.332101821899414,13.089479446411133
2018-12-20,19.326522827148438,13.173158645629883
2018-12-21,19.237245559692383,13.1761474609375
2018-12-26,18.818798065185547,13.262815475463867
2018-12-27,19.13682746887207,13.483956336975098
2018-12-28,19.80632972717285,13.893375396728516
2019-01-02,20.65195655822754,14.523944854736328
2019-01-03,20.992433547973633,14.583714485168457
2019-01-04,20.640785217285156,14.583714485168457
2019-01-07,20.679845809936523,14.488081932067871
2019-01-08,20.942197799682617,14.323716163635254
2019-01-09,21.260345458984375,14.284866333007812
2019-01-10,21.115224838256836,14.494056701660156
2019-01-11,20.98685073852539,14.553828239440918
2019-01-14,21.14312171936035,14.891522407531738
2019-01-15,20.813806533813477,14.718195915222168
2019-01-16,20.752410888671875,14.577736854553223
2019-01-17,20.752410888671875,14.631526947021484
2019-01-18,21.020336151123047,14.508999824523926
2019-01-21,20.847293853759766,14.431297302246094
2019-01-22,20.813806533813477,14.404410362243652
2019-01-23,20.953350067138672,14.703252792358398
2019-01-24,20.925443649291992,14.628539085388184
2019-01-28,21.299415588378906,14.440266609191895
2019-01-29,21.14312171936035,14.921404838562012
2019-01-30,21.2770938873291,15.115657806396484
2019-01-31,21.645477294921875,15.498184204101562
2019-02-01,21.670597076416016,15.572894096374512
2019-02-04,22.161964416503906,15.868748664855957
2019-02-05,21.218318939208984,16.33197021484375
2019-02-06,20.32491111755371,15.336808204650879
2019-02-07,20.39750099182129,15.43841552734375
2019-02-08,20.833030700683594,15.459331512451172
2019-02-11,20.598527908325195,15.002096176147461
2019-02-12,21.08989143371582,15.925536155700684
2019-02-13,20.609682083129883,15.563932418823242
2019-02-14,21.156890869140625,16.358863830566406
2019-02-15,20.939130783081055,16.379783630371094
2019-02-18,20.604097366333008,16.218408584594727
2019-02-19,21.078720092773438,16.28713607788086
2019-02-20,20.810701370239258,15.82691764831543
2019-02-21,21.190401077270508,15.898637771606445
2019-02-22,21.489398956298828,16.044275283813477
2019-02-25,21.16114044189453,15.78134536743164
2019-02-26,21.23734474182129,15.865964889526367
2019-02-27,21.049774169921875,15.68464469909668
2019-02-28,20.651165008544922,15.291767120361328
2019-03-01,20.431255340576172,15.506336212158203
2019-03-06,20.43712043762207,15.300840377807617
2019-03-07,20.718616485595703,15.240399360656738
2019-03-08,20.96491241455078,15.775301933288574
2019-03-11,21.651042938232422,16.25883674621582
2019-03-12,21.697952270507812,16.16673469543457
2019-03-13,21.93251609802246,16.415266036987305
2019-03-14,21.586524963378906,16.290998458862305
2019-03-15,21.580656051635742,16.430423736572266
2019-03-18,21.6158504486084,16.306156158447266
2019-03-19,21.11151695251465,15.95761489868164
2019-03-20,20.636505126953125,15.599964141845703
2019-03-21,20.27292823791504,15.272624015808105
2019-03-22,19.674758911132812,14.442168235778809
2019-03-25,19.704076766967773,14.545214653015137
2019-03-26,19.909337997436523,14.887706756591797
2019-03-27,19.234933853149414,14.063299179077148
2019-03-28,19.99729347229004,14.554304122924805
2019-03-29,20.190807342529297,14.766465187072754
2019-04-01,20.04121208190918,14.91195011138916
2019-04-02,19.724407196044922,14.781628608703613
2019-04-03,19.548410415649414,14.62401294708252
2019-04-04,19.84174346923828,14.799810409545898
2019-04-05,20.27001953125,14.88467788696289
2019-04-08,20.146814346313477,14.908919334411621
2019-04-09,20.035343170166016,14.684637069702148
2019-04-10,20.00014305114746,14.793741226196289
2019-04-11,19.536666870117188,14.65432071685791
2019-04-12,19.331321716308594,14.16332721710205
2019-04-15,19.319591522216797,14.202720642089844
2019-04-16,19.301998138427734,14.496716499328613
2019-04-17,19.002775192260742,14.305773735046387
2019-04-18,19.260913848876953,14.805870056152344
2019-04-22,19.20811653137207,14.65129280090332
2019-04-23,19.454519271850586,14.945293426513672
2019-04-24,19.483861923217773,14.642202377319336
2019-04-25,19.783077239990234,14.88164234161377
2019-04-26,19.83000946044922,14.957409858703613
2019-04-29,19.671602249145508,14.963478088378906
2019-04-30,19.84760284423828,15.057429313659668
2019-05-02,19.979671478271484,15.090776443481445
2019-05-03,19.785982131958008,15.178671836853027
2019-05-06,19.35164451599121,14.963478088378906
2019-05-07,19.134471893310547,14.999846458435059
2019-05-08,19.35164451599121,15.33323860168457
2019-05-09,19.110986709594727,15.46660041809082
2019-05-10,19.0229549407959,15.20291805267334
2019-05-13,18.72360610961914,14.660385131835938
2019-05-14,18.635562896728516,14.517935752868652
2019-05-15,18.694265365600586,14.278494834899902
2019-05-16,18.453615188598633,13.832952499389648
2019-05-17,18.48882484436035,13.59351634979248
2019-05-20,18.97011947631836,14.114830017089844
2019-05-21,19.70380210876465,14.921039581298828
2019-05-22,19.72140884399414,14.922518730163574
2019-05-23,19.680328369140625,14.946974754333496
2019-05-24,19.386859893798828,15.167055130004883
2019-05-27,19.457284927368164,15.463544845581055
2019-05-28,20.003143310546875,15.665284156799316
2019-05-29,20.37880516052246,15.650006294250488
2019-05-30,20.590097427368164,15.879246711730957
2019-05-31,20.54313850402832,15.848677635192871
2019-06-03,20.59892463684082,15.922043800354004
2019-06-04,20.563690185546875,16.181856155395508
2019-06-05,20.164396286010742,15.735587120056152
2019-06-06,20.375789642333984,16.136011123657227
2019-06-07,20.59304428100586,16.004575729370117
2019-06-10,20.334684371948242,15.854792594909668
2019-06-11,20.434520721435547,16.16963005065918
2019-06-12,20.31706428527832,16.025827407836914
2019-06-13,19.952999114990234,15.77130126953125
2019-06-14,19.958873748779297,15.492241859436035
2019-06-17,19.93538475036621,15.476911544799805
2019-06-18,20.452125549316406,15.838769912719727
2019-06-19,20.77507781982422,16.099422454833984
2019-06-21,21.24483871459961,16.22515296936035
2019-06-24,21.19786262512207,16.265016555786133
2019-06-25,20.93362045288086,16.114757537841797
2019-06-26,21.43273162841797,16.46434783935547
2019-06-27,21.285947799682617,16.498075485229492
2019-06-28,21.291810989379883,16.541006088256836
2019-07-01,21.194889068603516,16.52260971069336
2019-07-02,21.1185245513916,16.311019897460938
2019-07-03,21.482730865478516,16.651397705078125
2019-07-04,21.729461669921875,16.921260833740234
2019-07-05,21.97031593322754,16.866065979003906
2019-07-08,21.911569595336914,16.850727081298828
2019-07-10,21.852832794189453,16.639137268066406
2019-07-11,21.823444366455078,16.314083099365234
2019-07-12,21.41811752319336,15.946098327636719
2019-07-15,21.359365463256836,15.851030349731445
2019-07-16,21.441598892211914,15.875571250915527
2019-07-17,21.382877349853516,15.878634452819824
2019-07-18,21.952686309814453,16.14849281311035
2019-07-19,21.382877349853516,15.946098327636719
2019-07-22,21.74707794189453,15.94915771484375
2019-07-23,21.95856285095215,15.762104034423828
2019-07-24,21.94094467163086,16.04729461669922
2019-07-25,21.265377044677734,15.369585990905762
2019-07-26,21.6472225189209,15.33279037475586
2019-07-29,21.735332489013672,15.470778465270996
2019-07-30,21.012788772583008,15.314384460449219
2019-07-31,20.454708099365234,15.093595504760742
2019-08-01,20.49878692626953,14.94946575164795
2019-08-02,20.528156280517578,14.952532768249512
2019-08-05,20.246078491210938,14.673476219177246
2019-08-06,20.857282638549805,14.872803688049316
2019-08-07,21.627168655395508,14.85746955871582
2019-08-08,21.744699478149414,14.964797019958496
2019-08-09,21.580148696899414,14.918801307678223
2019-08-12,20.686853408813477,14.41281795501709
2019-08-13,21.09236717224121,14.581477165222168
2019-08-14,20.628089904785156,14.072428703308105
2019-08-15,20.569313049316406,14.060163497924805
2019-08-16,20.65161895751953,14.023364067077637
2019-08-19,20.561437606811523,13.7473726272583
2019-08-20,20.332969665527344,13.73511028289795
2019-08-21,20.48929214477539,14.52015209197998
2019-08-22,20.16464614868164,14.441564559936523
2019-08-23,19.93016815185547,13.915288925170898
2019-08-26,19.92415428161621,13.850282669067383
2019-08-27,20.15862274169922,13.738835334777832
2019-08-28,20.3870849609375,13.624290466308594
2019-08-29,20.495304107666016,13.955536842346191
2019-08-30,20.40511703491211,14.314643859863281
2019-09-02,20.149499893188477,14.131993293762207
2019-09-03,19.76454734802246,13.868856430053711
2019-09-04,19.902889251708984,14.197003364562988
2019-09-05,20.468276977539062,14.692317008972168
2019-09-06,21.153972625732422,15.28979778289795
2019-09-09,21.671228408813477,15.478635787963867
2019-09-10,21.250205993652344,15.218585968017578
2019-09-11,21.153972625732422,14.85639476776123
2019-09-12,21.286291122436523,14.931971549987793
2019-09-13,21.574996948242188,14.664434432983398
2019-09-16,21.19005584716797,14.512011528015137
2019-09-17,21.268239974975586,14.714216232299805
2019-09-18,21.202085494995117,14.938194274902344
2019-09-19,20.847213745117188,14.549342155456543
2019-09-20,20.90133285522461,14.779542922973633
2019-09-23,20.835172653198242,14.707991600036621
2019-09-24,20.6186466217041,14.26003360748291
2019-09-25,20.859235763549805,14.166707038879395
2019-09-26,21.460712432861328,14.219593048095703
2019-09-27,21.370502471923828,14.104490280151367
2019-09-30,21.069753646850586,14.15116024017334
2019-10-01,20.591373443603516,13.983168601989746
2019-10-02,20.025747299194336,13.507207870483398
2019-10-03,20.03175926208496,14.088936805725098
2019-10-04,20.128042221069336,14.185372352600098
2019-10-07,19.75496482849121,13.625420570373535
2019-10-08,19.67072296142578,13.379669189453125
2019-10-09,19.983625411987305,13.749858856201172
2019-10-10,20.128042221069336,13.8120756149292
2019-10-11,20.38678741455078,14.07027530670166
2019-10-14,20.729768753051758,13.998725891113281
2019-10-15,20.6816463470459,13.805850982666016
2019-10-16,20.976484298706055,13.998725891113281
2019-10-17,20.85011863708496,13.97072696685791
2019-10-18,20.60341453552246,14.328471183776855
2019-10-21,20.94037437438965,14.434239387512207
2019-10-22,21.59025764465332,14.745317459106445
2019-10-23,21.897144317626953,14.807538986206055
2019-10-24,21.99942970275879,14.714216232299805
2019-10-25,22.14385223388672,14.847979545593262
2019-10-28,22.444719314575195,15.177725791931152
2019-10-29,22.047574996948242,15.137286186218262
2019-10-30,22.185972213745117,15.37370491027832
2019-10-31,21.800867080688477,14.978628158569336
2019-11-01,21.88213348388672,14.919524192810059
2019-11-04,21.954378128051758,14.835532188415527
2019-11-05,22.333614349365234,14.928862571716309
2019-11-06,22.03263282775879,14.829315185546875
2019-11-07,22.16506004333496,14.829315185546875
2019-11-08,21.833969116210938,14.620888710021973
2019-11-11,21.93029022216797,14.69554615020752
2019-11-12,21.55706024169922,14.533785820007324
2019-11-13,21.340343475341797,14.294249534606934
2019-11-14,21.478805541992188,14.468451499938965
2019-11-18,21.382482528686523,14.474682807922363
2019-11-19,21.147708892822266,14.244479179382324
2019-11-21,21.36442756652832,14.428014755249023
2019-11-22,21.50889015197754,14.658493041992188
2019-11-25,21.201889038085938,14.611458778381348
2019-11-26,20.768449783325195,14.423323631286621
2019-11-27,20.888858795166016,14.843483924865723
2019-11-28,20.828655242919922,14.925008773803711
2019-11-29,20.94904899597168,14.990853309631348
2019-12-02,21.247161865234375,14.871707916259766
2019-12-03,21.25319480895996,15.172710418701172
2019-12-04,22.018041610717773,15.392199516296387
2019-12-05,21.987932205200195,15.260506629943848
2019-12-06,21.590436935424805,15.197794914245605
2019-12-09,22.012014389038086,15.244827270507812
2019-12-10,21.692813873291016,15.025348663330078
2019-12-11,21.439884185791016,15.003393173217773
2019-12-12,21.43385887145996,15.39243221282959
2019-12-13,21.890583038330078,15.272842407226562
2019-12-16,21.390186309814453,15.065134048461914
2019-12-17,21.715734481811523,15.405014991760254
2019-12-18,21.993064880371094,15.936878204345703
2019-12-19,22.10158348083496,16.100521087646484
2019-12-20,22.005123138427734,16.069053649902344
2019-12-23,22.210102081298828,16.5537109375
2019-12-26,22.547718048095703,16.742534637451172
2019-12-27,22.487422943115234,16.670154571533203
2019-12-30,22.366849899291992,16.622943878173828
2020-01-02,22.936811447143555,16.931358337402344
2020-01-03,22.695556640625,16.903034210205078
2020-01-06,22.35781478881836,16.679594039916992
2020-01-07,21.8391170501709,16.5537109375
2020-01-08,21.48326873779297,16.402647018432617
2020-01-09,21.055057525634766,16.069053649902344
2020-01-10,20.868087768554688,15.691400527954102
2020-01-13,21.14552879333496,15.867645263671875
2020-01-14,21.14552879333496,15.782665252685547
2020-01-15,20.886192321777344,15.493134498596191
2020-01-16,20.928401947021484,15.56237506866455
2020-01-17,21.073158264160156,15.77323055267334
2020-01-20,20.644922256469727,15.67251968383789
2020-01-21,20.204652786254883,15.219342231750488
2020-01-22,20.325271606445312,15.338932037353516
2020-01-23,20.807769775390625,16.20123291015625
2020-01-24,20.650962829589844,15.987234115600586
2020-01-27,20.204652786254883,15.829875946044922
2020-01-28,20.198623657226562,15.958911895751953
2020-01-29,19.884994506835938,15.565520286560059
2020-01-30,20.174495697021484,15.67251968383789
2020-01-31,19.794530868530273,15.27598762512207
2020-02-03,19.85185432434082,15.351521492004395
2020-02-04,20.00873374938965,15.184721946716309
2020-02-05,20.12940788269043,15.861346244812012
2020-02-06,20.081146240234375,15.593843460083008
2020-02-07,20.340600967407227,15.609577178955078
2020-02-10,20.68455696105957,15.455371856689453
2020-02-11,21.16122817993164,16.150880813598633
2020-02-12,21.076751708984375,16.24529266357422
2020-02-13,20.75092315673828,15.99352741241455
2020-02-14,20.400943756103516,15.688260078430176
2020-02-17,20.213891983032227,15.452225685119629
2020-02-18,20.29836654663086,15.600139617919922
2020-02-19,20.58799934387207,15.63790225982666
2020-02-20,20.515594482421875,15.477408409118652
2020-02-21,20.320781707763672,15.489989280700684
2020-02-26,19.307226181030273,14.362369537353516
2020-02-27,19.319664001464844,14.540191650390625
2020-02-28,19.897945404052734,14.87995719909668
2020-03-02,19.832622528076172,14.972044944763184
2020-03-03,19.4718074798584,14.533838272094727
2020-03-04,19.658447265625,14.549710273742676
2020-03-05,18.986560821533203,13.689179420471191
2020-03-06,18.582199096679688,13.431975364685059
2020-03-09,17.294452667236328,11.949053764343262
2020-03-10,17.723703384399414,12.577787399291992
2020-03-11,16.280410766601562,11.49179458618164
2020-03-12,14.68161678314209,9.97314167022705
2020-03-13,16.305315017700195,11.645440101623535
2020-03-16,14.80604362487793,9.701873779296875
2020-03-17,15.676984786987305,10.171010971069336
2020-03-18,14.588302612304688,8.492327690124512
2020-03-19,14.21503734588623,8.160425186157227
2020-03-20,13.717361450195312,7.850857257843018
2020-03-23,12.765542030334473,7.062580585479736
2020-03-24,13.997308731079102,8.272123336791992
2020-03-25,14.68161678314209,9.264650344848633
2020-03-26,15.085981369018555,9.730594635009766
2020-03-27,14.289691925048828,9.012530326843262
2020-03-30,14.998886108398438,9.251882553100586
2020-03-31,14.364344596862793,8.900830268859863
2020-04-01,13.321649551391602,8.524243354797363
2020-04-02,13.383894920349121,8.62317943572998
2020-04-03,12.860993385314941,8.138082504272461
2020-04-06,13.807201385498047,8.891254425048828
2020-04-07,14.317654609680176,9.30932903289795
2020-04-08,15.052215576171875,9.48804759979248
2020-04-09,14.628920555114746,9.462519645690918
2020-04-13,14.940167427062988,9.650811195373535
2020-04-14,15.126910209655762,9.6412353515625
2020-04-15,14.566652297973633,9.462519645690918
2020-04-16,14.19937515258789,9.191245079040527
2020-04-17,14.454605102539062,9.440178871154785
2020-04-20,14.093550682067871,9.251882553100586
2020-04-22,13.925482749938965,9.210394859313965
2020-04-23,13.726277351379395,8.95189380645752
2020-04-24,12.997942924499512,7.7551140785217285
2020-04-27,13.427472114562988,8.19871997833252
2020-04-28,14.535531044006348,9.29975414276123
2020-04-29,14.72851276397705,9.433795928955078
2020-04-30,14.174477577209473,9.095505714416504
2020-05-04,13.63565731048584,8.859339714050293
2020-05-05,14.140214920043945,8.872108459472656
2020-05-06,13.85367488861084,8.613603591918945
2020-05-07,13.35534381866455,8.380631446838379
2020-05-08,13.903514862060547,8.64870834350586
2020-05-11,13.940881729125977,8.702961921691895
2020-05-12,13.461240768432617,8.396587371826172
2020-05-13,13.455008506774902,8.15403938293457
2020-05-14,14.046782493591309,8.505094528198242
2020-05-15,13.473698616027832,8.345524787902832
2020-05-18,14.121532440185547,8.744450569152832
2020-05-19,13.511070251464844,8.50828742980957
2020-05-20,13.455008506774902,8.722110748291016
2020-05-21,14.227428436279297,9.33804988861084
2020-05-22,14.302179336547852,9.098699569702148
2020-05-25,14.925095558166504,10.05292797088623
2020-05-26,14.33332633972168,9.826338768005371
2020-05-27,14.781831741333008,9.861442565917969
2020-05-28,14.520197868347168,9.826338768005371
2020-05-29,14.352020263671875,9.842294692993164
2020-06-01,14.74782657623291,10.148670196533203
2020-06-02,15.738906860351562,10.474194526672363
2020-06-03,16.156530380249023,11.090134620666504
2020-06-04,16.624021530151367,11.150772094726562
2020-06-05,16.991785049438477,11.233747482299805
2020-06-08,17.677448272705078,11.613524436950684
2020-06-09,17.32838249206543,11.422042846679688
2020-06-10,16.574161529541016,10.917797088623047
2020-06-12,16.243793487548828,10.643336296081543
2020-06-15,15.863571166992188,10.553979873657227
2020-06-16,16.31859588623047,10.691205978393555
2020-06-17,16.5242919921875,11.010346412658691
2020-06-18,17.172550201416016,10.978433609008789
2020-06-19,17.509143829345703,10.831628799438477
2020-06-22,16.96685218811035,10.608233451843262
2020-06-23,16.742464065551758,10.700780868530273
2020-06-24,16.106666564941406,10.282708168029785
2020-06-25,16.29990005493164,10.534831047058105
2020-06-26,16.025636672973633,10.155050277709961
2020-06-29,16.505582809448242,10.67205810546875
2020-06-30,15.863571166992188,10.260368347167969
2020-07-01,16.278335571289062,10.553979873657227
2020-07-02,16.558984756469727,10.582700729370117
2020-07-03,16.527793884277344,10.691205978393555
2020-07-06,17.294939041137695,11.064603805541992
2020-07-07,16.44672393798828,10.620996475219727
2020-07-08,16.802228927612305,10.879500389099121
2020-07-09,16.808462142944336,10.838011741638184
2020-07-10,16.96438217163086,10.895458221435547
2020-07-13,16.71490478515625,10.786949157714844
2020-07-14,16.995574951171875,10.96247673034668
2020-07-15,17.114072799682617,11.070985794067383
2020-07-16,16.82717514038086,10.978433609008789
2020-07-17,16.97686195373535,11.316723823547363
2020-07-20,17.02675437927246,11.272045135498047
2020-07-21,17.326126098632812,11.326297760009766
2020-07-22,16.883302688598633,11.233747482299805
2020-07-23,16.527793884277344,10.96247673034668
2020-07-24,16.509084701538086,10.834822654724121
2020-07-27,17.33860206604004,11.141197204589844
2020-07-28,17.23880958557129,11.179492950439453
2020-07-29,17.644208908081055,11.473100662231445
2020-07-30,17.34483528137207,11.106090545654297
2020-07-31,16.77103614807129,10.716740608215332
2020-08-03,17.023778915405273,10.96247673034668
2020-08-04,16.031558990478516,10.627381324768066
2020-08-05,16.01908302307129,10.636958122253418
2020-08-06,16.24372673034668,10.96247673034668
2020-08-07,15.900517463684082,10.885884284973145
2020-08-10,16.106441497802734,10.988008499145508
2020-08-11,15.91922664642334,10.828438758850098
2020-08-12,15.738259315490723,10.770992279052734
2020-08-13,15.288949966430664,10.553979873657227
2020-08-14,15.432474136352539,10.589082717895508
2020-08-17,15.064292907714844,10.317814826965332
2020-08-18,15.15991497039795,10.458234786987305
2020-08-19,15.084872245788574,10.410364151000977
2020-08-20,15.084872245788574,10.419938087463379
2020-08-21,15.059860229492188,10.515680313110352
2020-08-24,15.310018539428711,10.820396423339844
2020-08-25,15.197441101074219,10.755698204040527
2020-08-26,14.87847900390625,10.496914863586426
2020-08-27,15.122390747070312,10.593961715698242
2020-08-28,15.278745651245117,10.800987243652344
2020-08-31,14.728386878967285,10.56161117553711
2020-09-01,15.232170104980469,10.742757797241211
2020-09-02,15.200876235961914,10.755698204040527
2020-09-03,15.570093154907227,10.923907279968262
2020-09-04,15.620165824890137,10.982135772705078
2020-09-08,15.269707679748535,10.75893497467041
2020-09-09,15.28848934173584,10.745997428894043
2020-09-10,14.9630708694458,10.52279281616211
2020-09-11,14.787837028503418,10.351348876953125
2020-09-14,15.050677299499512,10.501555442810059
2020-09-15,14.850411415100098,10.381484985351562
2020-09-16,14.806611061096191,10.41393756866455
2020-09-17,14.825389862060547,10.4334077835083
2020-09-18,14.456164360046387,10.17054557800293
2020-09-21,14.330992698669434,10.021265029907227
2020-09-22,14.456164360046387,10.001791954040527
2020-09-23,14.068161010742188,9.794097900390625
2020-09-24,14.412360191345215,9.871986389160156
2020-09-25,14.337257385253906,9.833040237426758
2020-09-28,14.330992698669434,9.901191711425781
2020-09-29,14.018095016479492,9.657797813415527
2020-09-30,14.08067512512207,9.612366676330566
2020-10-01,14.102595329284668,9.667534828186035
2020-10-02,14.146429061889648,9.641571044921875
2020-10-05,14.296731948852539,9.810324668884277
2020-10-06,14.321779251098633,9.74542236328125
2020-10-07,14.215311050415039,9.67402458190918
2020-10-08,15.07324504852295,10.141339302062988
2020-10-09,15.029402732849121,10.073189735412598
2020-10-13,14.885372161865234,10.076435089111328
2020-10-14,14.841536521911621,10.011530876159668
2020-10-15,14.710033416748047,10.079675674438477
2020-10-16,14.472064018249512,9.823305130004883
2020-10-19,14.628630638122559,9.930399894714355
2020-10-20,15.211016654968262,10.38797664642334
2020-10-21,15.348777770996094,10.465860366821289
2020-10-22,16.13782501220703,10.920191764831543
2020-10-23,15.931172370910645,10.881248474121094
2020-10-26,16.043901443481445,10.871512413024902
2020-10-27,15.58674144744873,10.637859344482422
2020-10-28,14.891640663146973,10.10564136505127
2020-10-29,14.966782569885254,10.047224998474121
2020-10-30,14.70376968383789,9.670780181884766
2020-11-03,15.064082145690918,9.768139839172363
2020-11-04,15.66563892364502,9.839532852172852
2020-11-05,16.035350799560547,9.959606170654297
2020-11-06,16.01654624938965,9.894701957702637
2020-11-09,17.313661575317383,10.611897468566895
2020-11-10,18.096940994262695,11.153848648071289
2020-11-11,17.946565628051758,11.085700988769531
2020-11-12,17.507923126220703,10.621633529663086
2020-11-13,17.840038299560547,10.72547721862793
2020-11-16,18.466650009155273,11.001324653625488
2020-11-17,18.479183197021484,11.16281795501709
2020-11-18,18.028017044067383,11.188928604125977
2020-11-19,18.053083419799805,11.299904823303223
2020-11-23,18.109485626220703,11.267263412475586
2020-11-24,18.617042541503906,11.567548751831055
2020-11-25,18.397729873657227,11.53490924835205
2020-11-26,18.00922203063965,11.35212516784668
2020-11-27,18.147079467773438,11.296640396118164
2020-11-30,17.896427154541016,11.051840782165527
2020-12-01,18.651906967163086,11.35539436340332
2020-12-02,18.796117782592773,11.404351234436035
2020-12-03,18.783580780029297,11.502270698547363
2020-12-04,18.971656799316406,11.743805885314941
2020-12-07,19.084501266479492,11.799291610717773
2020-12-08,19.034345626831055,11.900476455688477
2020-12-09,19.14720916748047,11.737275123596191
2020-12-10,19.78042984008789,12.347640037536621
2020-12-11,19.663555145263672,12.563061714172363
2020-12-14,19.39969825744629,12.60463809967041
2020-12-15,19.57559585571289,12.76506233215332
2020-12-16,19.94624900817871,12.882922172546387
2020-12-17,19.921127319335938,12.896016120910645
2020-12-18,19.88971710205078,12.801071166992188
2020-12-21,19.537914276123047,12.372187614440918
2020-12-22,19.632131576538086,12.535884857177734
2020-12-23,20.06561851501465,12.742144584655762
2020-12-28,20.21010398864746,12.882922172546387
2020-12-29,20.166139602661133,12.807625770568848
2020-12-30,19.870868682861328,12.702855110168457
2021-01-04,19.421466827392578,12.306710243225098
2021-01-05,19.295772552490234,12.179028511047363
2021-01-06,19.861440658569336,12.457311630249023
2021-01-07,20.634536743164062,12.951675415039062
2021-01-08,20.628244400024414,13.026978492736816
2021-01-11,20.163135528564453,12.814170837402344
2021-01-12,20.22599220275879,12.932032585144043
2021-01-13,19.89286231994629,12.293617248535156
2021-01-14,20.48368263244629,12.264148712158203
2021-01-15,19.71058464050293,11.884376525878906
2021-01-18,19.610017776489258,11.763237953186035
2021-01-19,19.377479553222656,11.563530921936035
2021-01-20,19.05692481994629,11.304888725280762
2021-01-21,18.799222946166992,11.190302848815918
2021-01-22,18.39697265625,11.029877662658691
2021-01-26,17.786354064941406,10.735224723815918
2021-01-27,17.786354064941406,11.04952335357666
2021-01-28,18.504104614257812,11.308161735534668
2021-01-29,17.8430233001709,11.08553409576416
2021-02-01,18.318618774414062,11.226310729980469
2021-02-02,17.928054809570312,11.151017189025879
2021-02-03,17.839876174926758,11.239408493041992
2021-02-04,17.764280319213867,11.193574905395508
2021-02-05,17.68868064880371,11.11827278137207
2021-02-08,17.36111831665039,11.088805198669434
2021-02-09,17.568998336791992,11.223037719726562
2021-02-10,17.44300651550293,11.069165229797363
2021-02-11,17.44300651550293,11.111723899841309
2021-02-12,17.487110137939453,11.04952335357666
2021-02-17,17.707582473754883,10.921838760375977
2021-02-18,17.58159637451172,10.88909912109375
2021-02-19,17.398914337158203,10.682844161987305
2021-02-22,16.132732391357422,9.438745498657227
2021-02-23,17.165836334228516,10.115506172180176
2021-02-24,16.91386604309082,10.075616836547852
2021-02-25,16.38471221923828,9.793058395385742
2021-02-26,16.1864070892334,9.324348449707031
2021-03-01,15.701495170593262,9.261188507080078
2021-03-02,16.335384368896484,9.616876602172852
2021-03-03,16.37340545654297,9.636822700500488
2021-03-04,16.886859893798828,9.985861778259277
2021-03-05,17.514415740966797,10.172017097473145
2021-03-08,16.956586837768555,9.70663070678711
2021-03-09,17.19111442565918,9.636822700500488
2021-03-10,17.317903518676758,9.939323425292969
2021-03-11,17.343257904052734,9.98918628692627
2021-03-12,17.22916030883789,10.021160125732422
2021-03-15,17.43201446533203,9.951010704040527
2021-03-16,17.07703399658203,9.97773551940918
2021-03-17,17.74260902404785,10.254985809326172
2021-03-18,17.844030380249023,10.168137550354004
2021-03-19,17.882064819335938,10.254985809326172
2021-03-22,17.983497619628906,10.285051345825195
2021-03-23,17.527090072631836,9.914268493652344
2021-03-24,17.22283172607422,9.73388385772705
2021-03-25,17.527090072631836,9.874180793762207
2021-03-26,17.825969696044922,9.907585144042969
2021-03-29,17.819622039794922,9.954349517822266
2021-03-30,18.111745834350586,10.26166820526123
2021-03-31,17.76245880126953,10.171477317810059
2021-04-01,17.219207763671875,10.00445556640625
2021-04-05,17.44159507751465,9.99109935760498
2021-04-06,17.23826789855957,9.870842933654785
2021-04-07,17.085779190063477,9.80737590789795
2021-04-08,16.95233917236328,9.72386646270752
2021-04-09,16.926918029785156,9.750588417053223
2021-04-12,17.346282958984375,9.870842933654785
2021-04-13,17.339927673339844,9.870842933654785
2021-04-14,17.562313079833984,9.887542724609375
2021-04-15,17.562313079833984,9.90090274810791
2021-04-16,17.759286880493164,9.944329261779785
2021-04-19,17.492431640625,9.894224166870117
2021-04-20,17.403470993041992,10.05456256866455
2021-04-22,17.40982437133789,9.964370727539062
2021-04-23,17.492431640625,10.044541358947754
2021-04-26,17.479713439941406,10.05456256866455
2021-04-27,17.212848663330078,9.944329261779785
2021-04-28,17.96194076538086,10.121370315551758
2021-04-29,17.395254135131836,9.90090274810791
2021-04-30,17.52897834777832,9.90090274810791
2021-05-03,17.77423667907715,9.93764877319336
2021-05-04,17.016128540039062,9.81071662902832
2021-05-05,17.50029945373535,9.773968696594238
2021-05-06,17.392000198364258,9.757268905639648
2021-05-07,17.602230072021484,10.001117706298828
2021-05-10,17.863435745239258,10.131393432617188
2021-05-11,17.825204849243164,10.204878807067871
2021-05-12,17.564010620117188,10.138073921203613
2021-05-13,18.07366180419922,10.408645629882812
2021-05-14,18.475013732910156,10.408645629882812
2021-05-17,18.462282180786133,10.592364311218262
2021-05-18,18.42405891418457,10.73934268951416
2021-05-19,18.557838439941406,10.923065185546875
2021-05-20,18.659774780273438,10.956466674804688
2021-05-21,18.74896240234375,11.050002098083496
2021-05-24,18.697994232177734,11.122542381286621
2021-05-25,18.505748748779297,10.973697662353516
2021-05-26,18.761005401611328,11.156370162963867
2021-05-27,18.601469039916992,11.30859375
2021-05-28,18.90777587890625,11.345804214477539
2021-05-31,18.850339889526367,11.328890800476074
2021-06-01,19.53667449951172,11.494641304016113
2021-06-02,20.18790626525879,11.907341003417969
2021-06-04,20.609277725219727,12.093392372131348
2021-06-07,21.094501495361328,12.353869438171387
2021-06-08,20.947668075561523,12.279448509216309
2021-06-09,21.234968185424805,12.04265308380127
2021-06-10,21.15835189819336,12.00882625579834
2021-06-11,20.909353256225586,11.974997520446777
2021-06-14,20.839128494262695,12.107054710388184
2021-06-15,20.839128494262695,12.066267013549805
2021-06-16,21.254114151000977,12.151237487792969
2021-06-17,21.005123138427734,11.862332344055176
2021-06-18,20.622047424316406,11.845335006713867
2021-06-21,20.717811584472656,11.753567695617676
2021-06-22,20.449663162231445,11.505440711975098
2021-06-23,20.302814483642578,11.505440711975098
2021-06-24,20.309213638305664,11.529233932495117
2021-06-25,19.664365768432617,11.182541847229004
2021-06-28,19.44091033935547,11.09756851196289
2021-06-29,19.249374389648438,11.022791862487793
2021-06-30,19.025911331176758,10.920820236206055
2021-07-01,18.965232849121094,10.805258750915527
2021-07-02,19.16963768005371,10.924219131469727
2021-07-05,18.907739639282227,10.856241226196289
2021-07-06,18.87580108642578,10.693090438842773
2021-07-07,18.95884132385254,10.835844993591309
2021-07-08,18.70972442626953,10.805258750915527
2021-07-12,18.965232849121094,11.080571174621582
2021-07-13,19.080209732055664,11.03298568725586
2021-07-14,19.105756759643555,11.10776424407959
2021-07-15,18.87580108642578,10.937813758850098
2021-07-16,18.569189071655273,10.805258750915527
2021-07-19,18.46059799194336,10.723682403564453
2021-07-20,18.70333480834961,10.914026260375977
2021-07-21,18.77998924255371,11.022791862487793
2021-07-22,18.588348388671875,10.859642028808594
2021-07-23,18.53725242614746,10.801860809326172
2021-07-26,18.8630313873291,10.968409538269043
2021-07-27,19.04826545715332,11.019390106201172
2021-07-28,19.667882919311523,11.182541847229004
2021-07-29,19.565677642822266,11.0057954788208
2021-07-30,19.354883193969727,10.750872611999512
2021-08-02,19.473114013671875,10.897028923034668
2021-08-03,19.664838790893555,10.835844993591309
2021-08-04,19.115222930908203,10.676095962524414
2021-08-05,19.172740936279297,10.485754013061523
2021-08-06,19.709583282470703,10.805258750915527
2021-08-09,19.939651489257812,10.706689834594727
2021-08-10,19.562591552734375,10.434772491455078
2021-08-11,19.779878616333008,10.332802772521973
2021-08-12,19.409210205078125,10.108471870422363
2021-08-13,19.671232223510742,10.026896476745605
2021-08-16,19.455657958984375,10.009904861450195
2021-08-17,19.385129928588867,9.96911334991455
2021-08-18,19.423608779907227,10.01669979095459
2021-08-19,19.17352294921875,10.084676742553711
2021-08-20,19.102985382080078,10.098273277282715
2021-08-23,19.308181762695312,10.190049171447754
2021-08-24,19.84683609008789,10.523033142089844
2021-08-25,19.87248420715332,10.488642692565918
2021-08-26,19.391544342041016,10.340768814086914
2021-08-27,19.724994659423828,10.498958587646484
2021-08-30,19.58391761779785,10.399231910705566
2021-08-31,19.840429306030273,10.464570045471191
2021-09-01,19.927032470703125,10.474884033203125
2021-09-02,19.208477020263672,10.041587829589844
2021-09-03,19.09941291809082,10.017513275146484
2021-09-06,19.343204498291016,10.19633960723877
2021-09-08,18.42576789855957,9.766472816467285
2021-09-09,18.6695613861084,9.938419342041016
2021-09-10,18.4835147857666,9.969368934631348
2021-09-13,18.714475631713867,10.189457893371582
2021-09-14,18.598995208740234,10.114969253540039
2021-09-15,18.297462463378906,10.035375595092773
2021-09-16,18.28462791442871,10.198019027709961
2021-09-17,17.848363876342773,10.014613151550293
2021-09-20,17.444177627563477,9.68932819366455
2021-09-21,17.39926528930664,9.935025215148926
2021-09-22,17.80344581604004,10.166876792907715
2021-09-23,18.41935157775879,10.191100120544434
2021-09-24,18.162731170654297,10.111507415771484
2021-09-27,18.637483596801758,10.33643913269043
2021-09-28,18.214059829711914,10.125349998474121
2021-09-29,18.541255950927734,10.180717468261719
2021-09-30,18.560501098632812,10.000772476196289
2021-10-01,19.045133590698242,10.225704193115234
2021-10-04,15.623809814453125,10.104588508605957
2021-10-05,16.002532958984375,10.585592269897461
2021-10-06,16.053882598876953,10.602895736694336
2021-10-07,15.713683128356934,10.492158889770508
2021-10-08,15.829222679138184,10.713630676269531
2021-10-11,15.553205490112305,10.63058090209961
2021-10-13,15.572466850280762,10.644421577453613
2021-10-14,15.495437622070312,10.592513084411621
2021-10-15,15.893403053283691,10.928182601928711
2021-10-18,16.002532958984375,11.146188735961914
2021-10-19,15.623809814453125,10.59943675994873
2021-10-20,16.041046142578125,10.796680450439453
2021-10-21,15.713683128356934,10.319136619567871
2021-10-22,15.110286712646484,10.004230499267578
2021-10-25,15.405567169189453,10.211860656738281
2021-10-26,15.238676071166992,10.104588508605957
2021-10-27,15.354220390319824,10.094204902648926
2021-10-28,15.322114944458008,10.004230499267578
2021-10-29,14.962656021118164,9.862353324890137
2021-11-01,15.558558464050293,10.087284088134766
2021-11-03,15.706316947937012,10.153033256530762
2021-11-04,14.87763786315918,9.91425895690918
2021-11-05,14.697772979736328,10.135730743408203
2021-11-08,14.620681762695312,10.2014799118042
2021-11-09,14.472933769226074,10.187640190124512
2021-11-10,14.839090347290039,10.654802322387695
2021-11-11,14.806975364685059,10.45063591003418
2021-11-12,14.774858474731445,10.433332443237305
2021-11-16,14.620681762695312,10.287992477416992
2021-11-17,14.678498268127441,10.14265251159668
2021-11-18,14.4343900680542,10.066521644592285
2021-11-19,14.312336921691895,10.052680969238281
2021-11-22,14.347805976867676,9.997313499450684
2021-11-23,14.58834457397461,10.415305137634277
2021-11-24,14.97839641571045,10.608243942260742
2021-11-25,15.114925384521484,11.159004211425781
2021-11-26,14.828873634338379,10.790664672851562
2021-11-29,14.731368064880371,10.808205604553223
2021-11-30,14.549331665039062,11.169527053833008
2021-12-01,14.456721305847168,10.980093955993652
2021-12-02,15.003235816955566,11.281784057617188
2021-12-03,14.951190948486328,11.295817375183105
2021-12-06,15.126851081848145,11.601014137268066
2021-12-07,14.9381742477417,11.436137199401855
2021-12-08,14.7950439453125,11.48875904083252
2021-12-09,14.398160934448242,11.232672691345215
2021-12-10,14.417677879333496,11.401055335998535
2021-12-13,14.03381633758545,11.306342124938965
2021-12-14,14.170441627502441,11.308100700378418
2021-12-15,14.124905586242676,11.114109992980957
2021-12-16,14.268043518066406,11.078836441040039
2021-12-17,13.95573902130127,10.697904586791992
2021-12-20,13.741031646728516,10.37692928314209
2021-12-21,13.76055908203125,10.405143737792969
2021-12-22,13.812605857849121,10.345184326171875
2021-12-23,13.884174346923828,10.30638599395752
2021-12-27,14.027305603027344,10.327548027038574
2021-12-28,13.975255966186523,10.267586708068848
2021-12-29,13.858154296875,10.214678764343262
2021-12-30,13.6304349899292,10.175880432128906
2022-01-03,14.00657844543457,10.165299415588379
2022-01-04,14.403787612915039,10.175880432128906
2022-01-05,14.130302429199219,10.006576538085938
2022-01-06,14.416812896728516,10.087701797485352
2022-01-07,14.735894203186035,10.098282814025879
2022-01-10,14.872640609741211,10.151190757751465
2022-01-11,15.204727172851562,10.193517684936523
2022-01-12,15.139609336853027,10.292276382446289
2022-01-13,15.419607162475586,10.458052635192871
2022-01-14,15.302406311035156,10.726117134094238
2022-01-17,15.302406311035156,10.747282028198242
2022-01-18,15.393560409545898,10.842514991760254
2022-01-19,15.2893705368042,10.937749862670898
2022-01-20,15.165655136108398,11.004764556884766
2022-01-21,15.172163963317871,11.004764556884766
2022-01-24,15.152633666992188,11.057671546936035
2022-01-25,15.699605941772461,11.343372344970703
2022-01-26,15.86890697479248,11.234030723571777
2022-01-27,15.947053909301758,11.389225959777832
2022-01-28,16.142398834228516,11.459770202636719
2022-01-31,16.494043350219727,11.519730567932129
2022-02-01,16.60979652404785,11.502098083496094
2022-02-02,16.34914779663086,11.311627388000488
2022-02-03,16.538108825683594,11.389225959777832
2022-02-04,16.59024429321289,11.368064880371094
2022-02-07,16.499025344848633,11.237560272216797
2022-02-08,16.68147087097168,11.35748291015625
2022-02-09,16.016820907592773,11.258718490600586
2022-02-10,16.32308006286621,11.382170677185059
2022-02-11,17.287473678588867,11.780742645263672
2022-02-14,17.24838638305664,11.830122947692871
2022-02-15,17.41128158569336,12.39094066619873
2022-02-16,17.228836059570312,12.4614839553833
2022-02-17,16.987733840942383,12.4614839553833
2022-02-18,17.05289077758789,12.715439796447754
2022-02-21,16.63585662841797,12.443846702575684
2022-02-22,16.788198471069336,12.560249328613281
2022-02-23,16.553483963012695,12.623733520507812
2022-02-24,16.273136138916016,12.221640586853027
2022-02-25,16.605648040771484,12.419157981872559
2022-03-02,16.330093383789062,12.556715965270996
2022-03-03,16.343141555786133,12.558111190795898
2022-03-04,16.095232009887695,12.24388599395752
2022-03-07,15.749442100524902,11.720182418823242
2022-03-08,15.599386215209961,11.810477256774902
2022-03-09,16.37575912475586,12.47865104675293
2022-03-10,16.388813018798828,12.316123962402344
2022-03-11,16.206138610839844,12.070523262023926
2022-03-14,16.434486389160156,12.146368980407715
2022-03-15,16.37575912475586,12.008487701416016
2022-03-16,16.695444107055664,12.16840648651123
2022-03-17,17.06079864501953,12.281074523925781
2022-03-18,17.184772491455078,12.255635261535645
2022-03-21,17.608835220336914,12.506415367126465
2022-03-22,17.850236892700195,12.757201194763184
2022-03-23,17.77194595336914,12.691779136657715
2022-03-24,17.889381408691406,12.83716106414795
2022-03-25,17.92200469970703,12.829891204833984
2022-03-28,17.90895652770996,12.706320762634277
2022-03-29,18.117734909057617,12.760832786560059
2022-03-30,18.156869888305664,12.68450927734375
2022-03-31,17.92852210998535,12.611824035644531
2022-04-01,17.979219436645508,12.6045503616333
2022-04-04,17.816007614135742,12.488245010375977
2022-04-05,17.45694351196289,12.157501220703125
2022-04-06,17.45043182373047,12.219291687011719
2022-04-07,17.437366485595703,12.44463062286377
2022-04-08,17.404727935791016,12.666336059570312
2022-04-11,17.33943748474121,12.746293067932129
2022-04-12,17.03260040283203,12.720856666564941
2022-04-13,17.078304290771484,12.782644271850586
2022-04-14,17.18928337097168,12.793546676635742
2022-04-18,17.287212371826172,13.266036987304688
2022-04-19,16.980379104614258,12.797178268432617
2022-04-20,17.091358184814453,12.779006004333496
2022-04-22,16.758403778076172,12.513684272766113
2022-04-25,16.693134307861328,12.611824035644531
2022-04-26,16.125150680541992,12.328325271606445
2022-04-27,15.994586944580078,12.382843971252441
2022-04-28,15.86401653289795,12.36103630065918
2022-04-29,15.583291053771973,12.073909759521484
2022-05-02,15.51643180847168,11.986678123474121
2022-05-03,15.594827651977539,12.233826637268066
2022-05-04,15.57523250579834,12.59001350402832
2022-05-05,15.215903282165527,12.262904167175293
2022-05-06,15.542560577392578,12.30288314819336
2022-05-09,15.320430755615234,12.335591316223145
2022-05-10,15.242027282714844,12.193846702575684
2022-05-11,15.75162124633789,12.462799072265625
2022-05-12,15.999882698059082,12.779006004333496
2022-05-13,16.189353942871094,12.760832786560059
2022-05-16,16.359214782714844,12.760832786560059
2022-05-17,16.502952575683594,13.24059009552002
2022-05-18,16.26774787902832,13.051595687866211
2022-05-19,16.21548080444336,12.975271224975586
2022-05-20,16.41801643371582,13.447760581970215
2022-05-23,16.842674255371094,14.014748573303223
2022-05-24,17.097476959228516,13.98259449005127
2022-05-25,16.790409088134766,13.897513389587402
2022-05-26,16.999469757080078,13.856822967529297
2022-05-27,17.090938568115234,13.705159187316895
2022-05-30,16.934139251708984,13.342645645141602
2022-05-31,17.090938568115234,13.546097755432129
2022-06-01,16.854045867919922,13.571990013122559
2022-06-02,16.92595672607422,13.583090782165527
2022-06-03,16.76905059814453,13.394433975219727
2022-06-06,16.71021842956543,13.227974891662598
2022-06-07,16.71021842956543,13.135496139526367
2022-06-08,16.38986587524414,13.01712703704834
2022-06-09,16.108753204345703,12.998629570007324
2022-06-10,15.75572395324707,12.78038215637207
2022-06-13,15.566130638122559,12.488154411315918
2022-06-14,15.461528778076172,12.491989135742188
2022-06-15,15.52690315246582,12.68950366973877
2022-06-17,15.330772399902344,12.719320297241211
2022-06-20,15.997611999511719,12.81621265411377
2022-06-21,15.82763957977295,12.290745735168457
2022-06-22,15.709955215454102,12.246024131774902
2022-06-23,15.350383758544922,12.167764663696289
2022-06-24,15.32424259185791,12.096956253051758
2022-06-27,15.415764808654785,12.346647262573242
2022-06-28,15.245783805847168,12.391366004943848
2022-06-29,15.088882446289062,12.328014373779297
2022-06-30,14.82083797454834,12.439815521240234
2022-07-01,14.950157165527344,12.354100227355957
2022-07-04,14.8062162399292,12.31310749053955
2022-07-05,14.910897254943848,12.246024131774902
2022-07-06,14.7735013961792,12.167764663696289
2022-07-07,14.982872009277344,12.346647262573242
2022-07-08,14.98941707611084,12.465903282165527
2022-07-11,14.747331619262695,12.260934829711914
2022-07-12,14.714620590209961,12.301924705505371
2022-07-13,14.655732154846191,12.167764663696289
2022-07-14,14.492166519165039,12.15285873413086
2022-07-15,14.753874778747559,12.402547836303711
2022-07-18,14.950157165527344,12.577701568603516
2022-07-19,15.45394515991211,12.916834831237793
2022-07-20,15.257659912109375,12.920561790466309
2022-07-21,15.381980895996094,13.010004043579102
2022-07-22,15.21841049194336,12.920561790466309
2022-07-25,15.440862655639648,13.118080139160156
2022-07-26,15.355805397033691,13.162800788879395
2022-07-27,15.408147811889648,13.248514175415039
2022-07-28,15.506287574768066,13.494478225708008
2022-07-29,15.45394515991211,13.405036926269531
2022-08-01,15.367283821105957,13.29696273803711
2022-08-02,15.530984878540039,13.475844383239746
2022-08-03,15.642289161682129,13.569011688232422
2022-08-04,16.02204704284668,13.826156616210938
2022-08-05,16.323240280151367,14.08329963684082
2022-08-08,16.52621841430664,14.52678108215332
2022-08-09,16.958356857299805,14.76901626586914
2022-08-10,17.27264976501465,14.89572525024414
2022-08-11,17.298845291137695,15.55535888671875
2022-08-12,17.50836944580078,16.434864044189453
2022-08-15,17.658960342407227,16.02120018005371
2022-08-16,17.861940383911133,16.099464416503906
2022-08-17,17.90777015686035,15.954118728637695
2022-08-18,17.855392456054688,15.585172653198242
2022-08-19,17.64116096496582,15.298215866088867
2022-08-22,17.4424991607666,15.45473861694336
2022-08-23,17.488855361938477,15.773059844970703
2022-08-24,17.56170082092285,15.51093864440918
2022-08-25,17.78023338317871,15.87943172454834
2022-08-26,17.674270629882812,15.799653053283691
2022-08-29,17.614675521850586,16.126361846923828
2022-08-30,17.53520393371582,16.080774307250977
2022-08-31,17.091527938842773,15.837637901306152
2022-09-01,17.35504150390625,16.080774307250977
2022-09-02,17.593597412109375,16.156755447387695
2022-09-05,17.8785457611084,15.81485366821289
2022-09-06,17.7128849029541,15.055066108703613
2022-09-08,17.58696746826172,14.99048900604248
2022-09-09,17.726133346557617,15.404571533203125
2022-09-12,17.944808959960938,15.643898010253906
2022-09-13,17.759252548217773,15.381450653076172
2022-09-14,17.692995071411133,15.396749496459961
2022-09-15,17.73937225341797,15.239951133728027
2022-09-16,17.67974281311035,15.067852973937988
2022-09-19,18.34239959716797,15.366150856018066
2022-09-20,18.952043533325195,15.599435806274414
2022-09-21,18.753252029418945,15.488531112670898
2022-09-22,19.130962371826172,15.771533012390137
2022-09-23,18.753252029418945,15.576494216918945
2022-09-26,18.349031448364258,14.926351547241211
2022-09-27,18.243003845214844,14.738962173461914
2022-09-28,18.236377716064453,14.74278450012207
2022-09-29,18.50806999206543,14.662477493286133
2022-09-30,18.594213485717773,14.73131275177002
2022-10-03,19.726518630981445,15.855666160583496
2022-10-04,19.759674072265625,15.002838134765625
2022-10-05,19.759674072265625,15.24377155303955
2022-10-06,19.401607513427734,15.51529598236084
2022-10-07,19.441396713256836,15.54971694946289
2022-10-10,19.235837936401367,15.32408618927002
2022-10-11,19.103225708007812,14.956948280334473
2022-10-13,18.99049949645996,15.060206413269043
2022-10-14,18.997133255004883,14.976070404052734
2022-10-17,19.149633407592773,15.102274894714355
2022-10-18,19.620420455932617,15.278191566467285
2022-10-19,19.627052307128906,15.928326606750488
2022-10-20,19.932071685791016,16.674072265625
2022-10-21,20.59514617919922,17.087099075317383
2022-10-24,19.660215377807617,15.373798370361328
2022-10-25,19.501068115234375,15.109919548034668
2022-10-26,19.083337783813477,14.574517250061035
2022-10-27,19.43476104736328,14.758081436157227
2022-10-28,19.58727264404297,14.84604263305664
2022-10-31,20.157520294189453,14.157661437988281
2022-11-01,20.209030151367188,14.4942045211792
2022-11-03,20.06307029724121,14.796321868896484
2022-11-04,20.136045455932617,15.014310836791992
2022-11-07,19.678264617919922,14.49038028717041
2022-11-08,19.618549346923828,14.559219360351562
2022-11-09,18.676429748535156,14.172958374023438
2022-11-10,18.32480239868164,13.893783569335938
2022-11-11,17.734323501586914,13.584013938903809
2022-11-14,17.681243896484375,13.92055606842041
2022-11-16,17.429126739501953,13.480757713317871
2022-11-17,17.535280227661133,13.193931579589844
2022-11-18,17.674606323242188,13.148040771484375
2022-11-21,17.727689743041992,13.461634635925293
2022-11-22,17.435758590698242,13.3225736618042
2022-11-23,17.25662612915039,13.486949920654297
2022-11-24,17.87364387512207,13.706125259399414
2022-11-25,17.243356704711914,13.389106750488281
2022-11-28,16.93153190612793,13.63176441192627
2022-11-29,17.077495574951172,13.796140670776367
2022-11-30,17.2499942779541,13.80788516998291
2022-12-01,17.24843406677246,13.792228698730469
2022-12-02,17.48080062866211,14.101418495178223
2022-12-05,16.969589233398438,13.776571273803711
2022-12-06,17.361299514770508,13.91746997833252
2022-12-07,17.23515510559082,13.88615608215332
2022-12-08,16.630996704101562,13.710039138793945
2022-12-09,16.47269058227539,13.690469741821289
2022-12-12,16.316967010498047,13.22472858428955
2022-12-13,15.700852394104004,12.598189353942871
2022-12-14,15.768556594848633,12.285806655883789
2022-12-15,15.856568336486816,12.633776664733887
2022-12-16,16.032602310180664,12.890802383422852
2022-12-19,16.513309478759766,13.029202461242676
2022-12-20,16.68934440612793,13.365312576293945
2022-12-21,16.757047653198242,13.491847038269043
2022-12-22,16.790904998779297,13.614431381225586
2022-12-23,17.054956436157227,13.950538635253906
2022-12-26,16.716421127319336,13.930765151977539
2022-12-27,16.62164306640625,13.468121528625488
2022-12-28,16.96017074584961,13.70932674407959
2022-12-29,16.926313400268555,13.73305606842041
2023-01-02,16.59273338317871,13.15178108215332
2023-01-03,16.2471923828125,12.90661907196045
2023-01-04,16.29462242126465,13.072700500488281
2023-01-05,16.802766799926758,13.669787406921387
2023-01-06,17.09410285949707,13.859593391418457
2023-01-09,17.2160587310791,13.725142478942871
2023-01-10,17.54804229736328,13.958446502685547
2023-01-11,17.852937698364258,14.156156539916992
2023-01-12,17.602249145507812,14.065208435058594
2023-01-13,17.514175415039062,14.096845626831055
2023-01-16,17.324466705322266,14.081025123596191
2023-01-17,17.683557510375977,14.907461166381836
2023-01-18,18.001995086669922,15.120991706848145
2023-01-19,18.001995086669922,15.465008735656738
2023-01-20,17.683557510375977,15.844616889953613
2023-01-23,17.14153289794922,15.72598934173584
2023-01-24,17.297359466552734,15.646902084350586
2023-01-25,17.35834503173828,16.07396125793457
2023-01-26,17.2567081451416,16.066049575805664
2023-01-27,16.890850067138672,15.888113975524902
2023-01-30,16.897619247436523,16.137229919433594
2023-01-31,17.161855697631836,16.093730926513672
2023-02-01,16.9365177154541,15.899975776672363
2023-02-02,17.092464447021484,15.599454879760742
2023-02-03,17.031435012817383,15.500597953796387
2023-02-06,17.038223266601562,15.587589263916016
2023-02-07,16.64498519897461,15.374063491821289
2023-02-08,18.02132797241211,15.7378511428833
2023-02-09,17.573841094970703,15.654813766479492
2023-02-10,17.49248695373535,15.96324348449707
2023-02-13,18.109466552734375,16.05419158935547
2023-02-14,17.885725021362305,16.429840087890625
2023-02-15,18.150148391723633,16.58010482788086
2023-02-16,18.28574562072754,16.765953063964844
2023-02-17,18.224721908569336,16.932031631469727
2023-02-22,17.885725021362305,16.512882232666016
2023-02-23,17.953521728515625,16.647321701049805
2023-02-24,17.40434455871582,16.327425003051758
2023-02-27,17.180604934692383,16.1055850982666
2023-02-28,17.241622924804688,16.25482177734375
2023-03-01,16.961856842041016,15.730470657348633
2023-03-02,16.405500411987305,15.097221374511719
2023-03-03,16.42586898803711,15.266623497009277
2023-03-06,16.799020767211914,15.613503456115723
2023-03-07,16.84651756286621,15.972484588623047
2023-03-08,17.05684471130371,16.133821487426758
2023-03-09,16.73117446899414,15.782910346984863
2023-03-10,16.33087158203125,15.484435081481934
2023-03-13,16.134119033813477,15.387633323669434
2023-03-14,16.079837799072266,15.270397186279297
2023-03-15,16.03912925720215,15.286684036254883
2023-03-16,16.30373191833496,15.4495267868042
2023-03-17,15.835589408874512,15.184906959533691
2023-03-20,15.876296043395996,15.099416732788086
2023-03-21,16.20197105407715,15.278538703918457
2023-03-22,16.106977462768555,15.315181732177734
2023-03-23,15.706676483154297,15.148268699645996
2023-03-24,15.934507369995117,15.302969932556152
2023-03-27,16.20901107788086,15.311110496520996
2023-03-28,16.284488677978516,15.41695499420166
2023-03-29,16.44232940673828,15.59607982635498
2023-03-30,16.895240783691406,15.881054878234863
2023-03-31,16.97759246826172,15.921760559082031
2023-04-03,16.502140045166016,15.734495162963867
2023-04-04,16.831768035888672,15.995038032531738
2023-04-05,16.81802749633789,15.938050270080566
2023-04-06,16.76308822631836,15.885124206542969
2023-04-10,16.941640853881836,15.893264770507812
2023-04-11,17.491029739379883,16.25965690612793
2023-04-12,17.60777473449707,17.39140510559082
2023-04-13,17.60777473449707,17.38326072692871
2023-04-14,17.86186408996582,17.68044662475586
2023-04-17,17.827524185180664,17.721153259277344
2023-04-18,17.813791275024414,17.753719329833984
2023-04-19,17.5322322845459,17.54610252380371
2023-04-20,17.580305099487305,17.713008880615234
2023-04-24,17.42235565185547,17.676368713378906
2023-04-25,17.580305099487305,17.513530731201172
2023-04-26,17.401756286621094,17.371044158935547
2023-04-27,17.71078109741211,17.39140510559082
2023-04-28,17.800052642822266,17.448394775390625
2023-05-02,17.111244201660156,17.033151626586914
2023-05-03,17.083749771118164,16.980228424072266
2023-05-04,17.2211971282959,17.171566009521484
2023-05-05,17.860288619995117,17.607160568237305
2023-05-08,18.107685089111328,17.537965774536133
2023-05-09,18.217628479003906,17.485031127929688
2023-05-10,18.485639572143555,17.713008880615234
2023-05-11,18.664318084716797,18.075332641601562
2023-05-12,18.49251365661621,18.00613021850586
2023-05-15,18.56123161315918,18.091615676879883
2023-05-16,18.499393463134766,17.570528030395508
2023-05-17,18.6849365234375,17.599021911621094
2023-05-18,18.6162052154541,17.586809158325195
2023-05-19,18.46503257751465,17.928773880004883
2023-05-22,18.11455535888672,17.692659378051758
2023-05-23,18.258869171142578,18.107900619506836
2023-05-24,18.155784606933594,18.160825729370117
2023-05-25,18.72616195678711,18.18117904663086
2023-05-26,18.581850051879883,18.075332641601562
2023-05-29,18.499393463134766,18.042760848999023
2023-05-30,18.238248825073242,18.197465896606445
2023-05-31,18.093936920166016,18.164894104003906
2023-06-01,18.360509872436523,18.213747024536133
2023-06-02,18.628692626953125,18.53583335876465
2023-06-05,18.669950485229492,18.65184211730957
2023-06-06,18.800613403320312,18.867279052734375
2023-06-07,18.85562515258789,18.85898780822754
2023-06-09,19.11693000793457,19.77873992919922
2023-06-12,18.91063117980957,20.495481491088867
2023-06-13,19.123809814453125,20.282161712646484
2023-06-14,19.385122299194336,20.38227653503418
2023-06-15,19.639554977416992,20.799436569213867
2023-06-16,19.701446533203125,20.64508819580078
2023-06-19,19.96963119506836,21.028871536254883
2023-06-20,19.960124969482422,21.024702072143555
2023-06-21,20.154455184936523,21.687978744506836
2023-06-22,19.960124969482422,21.274991989135742
2023-06-23,19.897659301757812,21.283334732055664
2023-06-26,19.869897842407227,21.333393096923828
2023-06-27,19.647811889648438,20.941268920898438
2023-06-28,19.536766052246094,20.686803817749023
2023-06-29,19.772743225097656,20.878698348999023
2023-06-30,19.724153518676758,20.607545852661133
2023-07-03,20.111421585083008,21.02052879333496
2023-07-04,19.986413955688477,20.88703727722168
2023-07-05,20.160030364990234,20.74937629699707
2023-07-06,19.861412048339844,20.444849014282227
2023-07-07,20.23642349243164,20.84115219116211
2023-07-10,20.10447120666504,20.457366943359375
2023-07-11,19.75029754638672,20.16535758972168
2023-07-12,19.632244110107422,19.839977264404297
2023-07-13,19.847524642944336,20.027694702148438
2023-07-14,19.639183044433594,19.89420509338379
2023-07-17,20.021142959594727,20.06941032409668
2023-07-18,19.632244110107422,20.13615608215332
2023-07-19,19.423908233642578,19.78574562072754
2023-07-20,19.78502655029297,20.002668380737305
2023-07-21,20.139190673828125,20.240446090698242
2023-07-24,19.819744110107422,19.844144821166992
2023-07-25,19.861412048339844,19.739856719970703
2023-07-26,19.972524642944336,19.906723022460938
2023-07-27,19.528076171875,19.497905731201172
2023-07-28,19.819744110107422,19.723169326782227
2023-07-31,19.889190673828125,20.102781295776367
2023-08-01,19.950101852416992,19.756546020507812
2023-08-02,19.88755989074707,19.844144821166992
2023-08-03,19.734682083129883,19.877521514892578
2023-08-04,19.37334632873535,19.773231506347656
2023-08-07,19.220470428466797,19.739856719970703
2023-08-08,19.17877769470215,19.602197647094727
2023-08-09,19.109291076660156,19.493736267089844
2023-08-10,19.17182731628418,19.59385108947754
2023-08-11,19.206573486328125,19.806598663330078
2023-08-14,18.928617477416992,19.610544204711914
2023-08-15,18.824386596679688,19.506248474121094
2023-08-16,18.81048583984375,19.673110961914062
2023-08-17,18.5881290435791,19.856660842895508
2023-08-18,18.734054565429688,19.93592071533203
2023-08-21,18.657615661621094,19.865001678466797
2023-08-22,18.949466705322266,20.359771728515625
2023-08-23,19.18572998046875,20.44890022277832
2023-08-24,18.96336555480957,20.18151092529297
2023-08-25,18.664569854736328,19.918365478515625
2023-08-28,19.296907424926758,20.491342544555664
2023-08-29,19.60265350341797,20.605939865112305
2023-08-30,19.22742462158203,20.308837890625
2023-08-31,19.060649871826172,19.99051856994629
2023-09-01,19.22588348388672,20.12632942199707
2023-09-04,19.052053451538086,20.062671661376953
2023-09-05,18.766969680786133,19.99051856994629
2023-09-06,18.586191177368164,19.854700088500977
2023-09-08,18.6140079498291,19.79528045654297
2023-09-11,19.086830139160156,20.10936164855957
2023-09-12,19.198081970214844,20.218013763427734
2023-09-13,19.29543113708496,20.20091438293457
2023-09-14,19.218936920166016,20.25648307800293
2023-09-15,19.177217483520508,20.324874877929688
2023-09-18,19.1285457611084,20.2393856048584
2023-09-19,19.071874618530273,20.209463119506836
2023-09-20,19.394899368286133,20.388988494873047
2023-09-21,18.952505111694336,19.923080444335938
2023-09-22,18.903352737426758,19.957273483276367
2023-09-25,18.959524154663086,19.84186363220215
2023-09-26,18.678647994995117,19.559755325317383
2023-09-27,18.643535614013672,19.730731964111328
2023-09-28,19.135074615478516,20.363340377807617
2023-09-29,19.10698890686035,20.166725158691406
2023-10-02,18.92966651916504,20.111154556274414
2023-10-03,18.690759658813477,19.854692459106445
2023-10-04,19.119384765625,20.00429344177246
2023-10-05,19.42153549194336,20.06413459777832
2023-10-06,19.604225158691406,20.880552291870117
2023-10-09,19.435592651367188,20.7694149017334
2023-10-10,19.414514541625977,20.735218048095703
2023-10-11,19.660444259643555,20.931842803955078
2023-10-13,19.456668853759766,20.867725372314453
2023-10-16,19.484771728515625,21.2908935546875
2023-10-17,19.196685791015625,21.098543167114258
2023-10-18,18.796165466308594,20.995960235595703
2023-10-19,19.013992309570312,21.15838623046875
2023-10-20,18.943721771240234,21.089996337890625
2023-10-23,18.96480369567871,21.060075759887695
2023-10-24,18.96480369567871,20.96176528930664
2023-10-25,18.99993896484375,20.96603775024414
2023-10-26,19.470722198486328,21.402029037475586
2023-10-27,19.182632446289062,20.859174728393555
2023-10-30,19.028047561645508,20.713848114013672
2023-10-31,18.845352172851562,20.666828155517578
2023-11-01,19.110891342163086,20.68819808959961
2023-11-03,19.638229370117188,21.414852142333984
2023-11-06,19.821043014526367,21.564456939697266
2023-11-07,20.37651252746582,21.80809783935547
2023-11-08,20.467914581298828,22.085935592651367
2023-11-09,20.5593204498291,21.162660598754883
2023-11-10,20.805418014526367,21.474695205688477
2023-11-13,20.664793014526367,21.393478393554688
2023-11-14,20.974164962768555,21.496065139770508
2023-11-16,21.311662673950195,21.49179458618164
2023-11-17,21.41009521484375,21.654220581054688
2023-11-20,21.62103843688965,21.769628524780273
2023-11-21,21.585880279541016,21.923507690429688
2023-11-22,21.7194766998291,21.73543357849121
2023-11-23,21.691347122192383,21.80809783935547
2023-11-24,21.57181739807129,21.78244972229004
2023-11-27,21.515567779541016,22.184249877929688
2023-11-28,21.726512908935547,22.504831314086914
2023-11-29,21.87416648864746,22.539024353027344
2023-11-30,22.211660385131836,23.19728660583496
2023-12-01,22.160757064819336,23.24430274963379
2023-12-04,22.18890380859375,23.154542922973633
2023-12-05,22.371822357177734,23.154542922973633
2023-12-06,22.17483139038086,22.658706665039062
2023-12-07,22.421058654785156,23.02630615234375
2023-12-08,22.704689025878906,23.27422523498535
2023-12-11,22.548688888549805,23.26995277404785
2023-12-12,22.435237884521484,22.58270835876465
2023-12-13,23.115951538085938,22.7891788482666
2023-12-14,23.307401657104492,22.939733505249023
2023-12-15,23.208133697509766,23.49031639099121
2023-12-18,23.32158660888672,23.507526397705078
2023-12-19,23.33576774597168,23.593551635742188
2023-12-20,23.094675064086914,23.318260192871094
2023-12-21,23.250675201416016,23.352670669555664
2023-12-22,23.619394302368164,23.417194366455078
2023-12-26,23.860488891601562,23.632265090942383
2023-12-27,24.02357292175293,23.597856521606445
2023-12-28,24.087387084960938,23.82583236694336
2024-01-02,23.780662536621094,23.554840087890625
2024-01-03,23.518163681030273,23.57634925842285
2024-01-04,23.36208724975586,23.326858520507812
2024-01-05,23.908357620239258,23.60645866394043
2024-01-08,23.652952194213867,23.808626174926758
2024-01-09,23.638771057128906,23.45160484313965
2024-01-10,23.61748504638672,23.412887573242188
2024-01-11,23.660043716430664,23.572046279907227
2024-01-12,23.688426971435547,23.709693908691406
2024-01-15,23.730998992919922,24.17424964904785
2024-01-16,23.397558212280273,24.036603927612305
2024-01-17,23.411745071411133,24.083921432495117
2024-01-18,23.312427520751953,23.804325103759766
2024-01-19,23.36917495727539,24.053810119628906
2024-01-22,22.986080169677734,23.8946533203125
2024-01-23,23.09248924255371,24.32050132751465
2024-01-24,22.986080169677734,24.367815017700195
2024-01-25,22.936412811279297,24.337709426879883
2024-01-26,23.276952743530273,24.505464553833008
2024-01-29,23.156347274780273,24.31189727783203
2024-01-30,23.007360458374023,24.187156677246094
2024-01-31,23.25566864013672,24.281787872314453
2024-02-01,23.20430564880371,24.836673736572266
2024-02-02,23.239797592163086,24.828073501586914
2024-02-05,23.679893493652344,25.094764709472656
2024-02-06,24.694948196411133,25.636751174926758
2024-02-07,24.51749038696289,25.567928314208984
2024-02-08,24.034814834594727,25.180795669555664
2024-02-09,24.340036392211914,24.763551712036133
2024-02-14,24.340036392211914,25.09906768798828
2024-02-15,24.54589080810547,25.103370666503906
2024-02-16,24.51749038696289,24.892595291137695
2024-02-19,24.7872314453125,25.344249725341797
2024-02-20,25.32670021057129,25.507705688476562
2024-02-21,25.184730529785156,25.567928314208984
2024-02-22,25.041879653930664,24.991533279418945
2024-02-23,25.115182876586914,24.681819915771484
2024-02-26,25.188491821289062,24.918405532836914
2024-02-27,25.496379852294922,25.21950912475586
2024-02-28,25.511045455932617,25.2711238861084
2024-02-29,24.880596160888672,24.888294219970703
2024-03-01,24.9888916015625,24.91410255432129
2024-03-04,24.798194885253906,24.810869216918945
2024-03-05,24.776185989379883,24.982927322387695
2024-03-06,25.047569274902344,25.352853775024414
2024-03-07,24.78352165222168,25.11197280883789
2024-03-08,25.01089859008789,24.86678695678711
2024-03-11,25.135581970214844,24.61730194091797
2024-03-12,25.23826789855957,24.95525550842285
2024-03-13,25.487646102905273,24.6779727935791
2024-03-14,25.47297477722168,24.56966209411621
2024-03-15,25.3336238861084,24.82094955444336
2024-03-18,25.43630027770996,24.275049209594727
2024-03-19,25.47297477722168,24.188400268554688
2024-03-20,25.524320602416992,24.448352813720703
2024-03-21,25.260271072387695,24.1060791015625
2024-03-22,24.90704917907715,24.00643539428711
2024-03-25,24.90704917907715,24.10175132751465
2024-03-26,25.401947021484375,24.23172378540039
2024-03-27,25.542282104492188,24.249053955078125
2024-03-28,25.58660316467285,24.53066635131836
2024-04-01,24.712820053100586,24.29671287536621
2024-04-02,24.742385864257812,24.33570098876953
2024-04-03,24.557636260986328,24.431015014648438
2024-04-04,24.23245620727539,24.59565544128418
2024-04-05,24.188129425048828,24.69963264465332
2024-04-08,24.550233840942383,25.085229873657227
2024-04-09,24.80889320373535,25.297521591186523
2024-04-10,24.284191131591797,24.95525550842285
2024-04-11,24.239850997924805,25.015907287597656
2024-04-12,23.98858642578125,24.69097137451172
2024-04-15,23.582122802734375,24.46134376525879
2024-04-16,23.404754638671875,24.184066772460938
2024-04-17,23.419538497924805,24.236055374145508
2024-04-18,23.449106216430664,24.201396942138672
2024-04-19,23.316076278686523,24.010766983032227
2024-04-22,23.301294326782227,23.733484268188477
2024-04-23,23.648635864257812,23.915449142456055
2024-04-24,23.5451717376709,23.82880210876465
2024-04-25,23.412147521972656,23.724821090698242
2024-04-26,23.803829193115234,23.724821090698242
2024-04-29,23.619075775146484,23.87212562561035
2024-04-30,23.1756649017334,23.759479522705078
2024-05-02,23.514057159423828,24.010766983032227
2024-05-03,23.80984115600586,24.45268440246582
2024-05-06,23.95772933959961,24.591323852539062
2024-05-07,24.453149795532227,24.51333999633789
2024-05-08,24.608423233032227,24.591323852539062
2024-05-09,23.86899185180664,23.516860961914062
2024-05-10,24.142589569091797,23.932785034179688
2024-05-13,24.438358306884766,24.11474609375
2024-05-14,24.704557418823242,24.27071762084961
2024-05-15,24.638004302978516,23.958778381347656
2024-05-16,24.564062118530273,23.98477554321289
2024-05-17,24.57145881652832,23.993432998657227
2024-05-20,24.497516632080078,24.192729949951172
2024-05-21,24.371814727783203,24.17540168762207
2024-05-22,23.994701385498047,23.82880210876465
2024-05-23,23.7802677154541,23.34356117248535
2024-05-24,23.55103874206543,23.464868545532227
2024-05-27,23.469696044921875,23.75081443786621
2024-05-28,23.343994140625,23.67283058166504
2024-05-29,23.18132209777832,23.67283058166504
2024-05-31,22.944698333740234,23.49953269958496
2024-06-03,23.268503189086914,23.52552604675293
2024-06-04,23.349878311157227,23.5948486328125
2024-06-05,23.305490493774414,23.64683723449707
2024-06-06,23.60143280029297,23.958778381347656
2024-06-07,23.268503189086914,23.5515193939209
2024-06-10,23.083534240722656,23.577516555786133
2024-06-11,23.342477798461914,23.837465286254883
2024-06-12,23.305490493774414,23.38626480102539
2024-06-13,23.061338424682617,23.544870376586914
2024-06-14,23.039142608642578,23.486478805541992
2024-06-17,23.60143280029297,23.486478805541992
2024-06-18,23.58663558959961,23.15793228149414
2024-06-19,23.771604537963867,23.326644897460938
2024-06-20,23.60883140563965,23.433198928833008
2024-06-21,23.773635864257812,23.628551483154297
2024-06-24,24.116668701171875,23.80614471435547
2024-06-25,24.191246032714844,23.877180099487305
2024-06-26,24.14649772644043,23.71734619140625
2024-06-27,24.191246032714844,23.708465576171875
2024-06-28,24.168872833251953,23.71734619140625
2024-07-01,24.055198669433594,23.40656280517578
2024-07-02,24.368576049804688,23.486478805541992
2024-07-03,24.517799377441406,23.71734619140625
2024-07-04,24.55510139465332,23.84166145324707
2024-07-05,24.570026397705078,23.735105514526367
2024-07-08,24.525257110595703,23.344406127929688
2024-07-09,24.696868896484375,23.264490127563477
2024-07-10,24.958009719848633,23.628551483154297
2024-07-11,25.10723304748535,23.51311492919922
2024-07-12,24.965473175048828,23.82390022277832
2024-07-15,25.062469482421875,23.930458068847656
2024-07-16,25.21169662475586,24.0103702545166
2024-07-17,25.487764358520508,24.2501220703125
2024-07-18,25.36838722229004,24.14356803894043
2024-07-19,25.5623779296875,24.07253074645996
2024-07-22,25.54745864868164,24.09916877746582
2024-07-23,25.510149002075195,23.957096099853516
2024-07-24,25.472841262817383,23.85942268371582
2024-07-25,25.36092758178711,23.877180099487305
2024-07-26,25.54745864868164,24.081411361694336
2024-07-29,25.733985900878906,24.116926193237305
2024-07-30,25.636993408203125,23.930458068847656
2024-07-31,25.278846740722656,23.575273513793945
2024-08-01,24.911300659179688,23.415443420410156
2024-08-02,24.597763061523438,23.22896957397461
2024-08-05,24.597763061523438,23.264490127563477
2024-08-06,25.14272117614746,23.66407012939453
2024-08-07,25.20990753173828,23.353282928466797
2024-08-08,25.120323181152344,23.25560760498047
2024-08-09,25.799657821655273,23.575273513793945
2024-08-12,25.83698272705078,24.081411361694336
2024-08-13,26.568567276000977,24.392196655273438
2024-08-14,27.225505828857422,24.8006534576416
2024-08-15,27.658491134643555,24.996007919311523
2024-08-16,27.427066802978516,25.191360473632812
2024-08-19,27.591299057006836,25.86620330810547
2024-08-20,27.792858123779297,25.98164176940918
2024-08-21,27.680885314941406,25.86620330810547
2024-08-22,27.427066802978516,25.283672332763672
2024-08-23,27.21803855895996,25.47323226928711
2024-08-26,27.27776336669922,25.572526931762695
2024-08-27,27.307626724243164,25.283672332763672
2024-08-28,27.897375106811523,25.437124252319336
2024-08-29,27.591299057006836,25.54545021057129
2024-08-30,27.397205352783203,25.382965087890625
2024-09-02,27.178857803344727,25.653766632080078
2024-09-03,27.619510650634766,25.888460159301758
2024-09-04,27.813695907592773,26.168289184570312
2024-09-05,27.992956161499023,26.402976989746094
2024-09-06,27.59710693359375,25.96969985961914
2024-09-09,27.86598777770996,26.294658660888672
2024-09-10,27.86598777770996,25.906517028808594
2024-09-11,27.918270111083984,25.915538787841797
2024-09-12,27.612043380737305,25.64896583557129
2024-09-13,27.641921997070312,25.821596145629883
2024-09-16,27.63445281982422,25.9578800201416
2024-09-17,27.567232131958008,25.794336318969727
2024-09-18,27.410388946533203,25.667137145996094
2024-09-19,27.335702896118164,25.358224868774414
2024-09-20,27.036949157714844,24.985708236694336
2024-09-23,26.878923416137695,24.894851684570312
2024-09-24,26.87139892578125,24.876680374145508
2024-09-25,27.210023880004883,24.803993225097656
2024-09-26,27.556163787841797,24.967540740966797
2024-09-27,27.661518096923828,24.758567810058594
2024-09-30,27.172395706176758,24.69496726989746
2024-10-01,26.7264404296875,24.604108810424805
2024-10-02,26.89206886291504,24.667709350585938
2024-10-03,26.229551315307617,24.440563201904297
2024-10-04,26.282251358032227,24.404224395751953
2024-10-07,26.45541000366211,24.522336959838867
2024-10-08,26.61351776123047,24.51325035095215
2024-10-09,26.124155044555664,24.01354217529297
2024-10-10,26.267196655273438,23.804569244384766
2024-10-11,26.071456909179688,23.922677993774414
2024-10-14,26.23708724975586,24.09531021118164
2024-10-15,26.538227081298828,24.049882888793945
2024-10-16,26.380128860473633,24.31336784362793
2024-10-17,26.43282127380371,24.27702522277832
2024-10-18,26.560806274414062,24.24976921081543
2024-10-21,26.425294876098633,24.186168670654297
2024-10-22,26.470470428466797,23.895423889160156
2024-10-23,26.63610076904297,23.922677993774414
2024-10-24,26.87700843811035,23.949935913085938
2024-10-25,26.57586669921875,23.95902442932129
2024-10-28,26.899595260620117,23.91359519958496
2024-10-29,26.61351776123047,23.777307510375977
2024-10-30,26.538227081298828,23.95902442932129
2024-10-31,26.36507225036621,23.922677993774414
2024-11-01,26.220178604125977,23.70462417602539
2024-11-04,26.574199676513672,23.840909957885742
2024-11-05,27.372634887695312,23.849994659423828
2024-11-06,27.24458885192871,23.895423889160156
2024-11-07,26.845373153686523,23.79547882080078
2024-11-08,26.42355728149414,23.61376953125
2024-11-11,26.45368766784668,23.63193702697754
2024-11-12,26.13732147216797,23.577423095703125
2024-11-13,26.00174903869629,23.577423095703125
2024-11-14,25.926422119140625,23.050453186035156
2024-11-18,25.83603286743164,23.359365463256836
2024-11-19,26.069534301757812,23.4865665435791
2024-11-21,25.61759376525879,22.950510025024414
2024-11-22,25.692916870117188,23.25942039489746
2024-11-25,25.685388565063477,23.395709991455078
2024-11-26,26.174989700317383,23.769147872924805
2024-11-27,25.53473472595215,23.352468490600586
2024-11-28,24.615785598754883,22.667266845703125
2024-11-29,24.555530548095703,22.9357967376709
2024-12-02,24.207082748413086,22.75060272216797
2024-12-03,24.4783935546875,23.028390884399414
2024-12-04,24.629119873046875,23.306175231933594
2024-12-05,25.156675338745117,23.593217849731445
2024-12-06,24.644197463989258,22.89875602722168
2024-12-09,24.764781951904297,22.843198776245117
2024-12-10,25.099973678588867,22.991350173950195
2024-12-11,25.34343719482422,23.482107162475586
2024-12-12,24.71194839477539,23.17112922668457
2024-12-13,24.39239501953125,22.85409927368164
2024-12-16,24.126102447509766,22.527742385864258
2024-12-17,24.25543975830078,22.77018165588379
2024-12-18,23.56308364868164,22.136119842529297
2024-12-19,23.692432403564453,22.27598762512207
2024-12-20,23.96632957458496,22.453147888183594
2024-12-23,23.502214431762695,22.3039608001709
2024-12-26,23.65437889099121,22.56504249572754
2024-12-27,23.41852378845215,22.481121063232422
2024-12-30,23.380483627319336,22.53706932067871
2025-01-02,23.27211570739746,22.3039608001709
2025-01-03,22.701162338256836,22.136119842529297
2025-01-06,23.721269607543945,22.34125518798828
2025-01-07,23.980100631713867,22.611663818359375
2025-01-08,23.59184455871582,22.527742385864258
2025-01-09,23.652755737304688,22.630313873291016
2025-01-10,23.325403213500977,22.574365615844727
2025-01-13,23.492891311645508,22.574365615844727
2025-01-14,23.50811004638672,22.984642028808594
2025-01-15,24.528215408325195,23.562753677368164
2025-01-16,24.452091217041016,23.66532325744629
2025-01-17,24.627182006835938,23.637348175048828
2025-01-20,24.863176345825195,23.711942672729492
2025-01-21,24.916471481323242,23.92640495300293
2025-01-22,24.82511329650879,24.36465072631836
2025-01-23,24.77182388305664,24.9147891998291
2025-01-24,24.71092414855957,24.82154655456543
2025-01-27,25.30471420288086,25.837905883789062
2025-01-28,25.350387573242188,25.67006492614746
2025-01-29,25.28948974609375,25.586149215698242
2025-01-30,25.9061222076416,25.772632598876953
2025-01-31,25.738637924194336,25.809932708740234
2025-02-03,25.500730514526367,25.744659423828125
2025-02-04,25.592132568359375,25.893850326538086
2025-02-05,25.980587005615234,25.949796676635742
2025-02-06,26.02628517150879,26.248178482055664
2025-02-07,25.83586883544922,25.903175354003906
2025-02-10,26.117687225341797,25.940475463867188
2025-02-11,26.391881942749023,26.164260864257812
2025-02-12,25.66068458557129,25.73533821105957
2025-02-13,25.79778289794922,25.59547233581543
2025-02-14,26.483280181884766,26.807641983032227
2025-02-17,26.53660774230957,27.18994140625
2025-02-18,26.492216110229492,27.460351943969727
2025-02-19,26.24484634399414,26.91021156311035
2025-02-20,26.173032760620117,26.108312606811523
2025-02-21,26.09323501586914,26.089664459228516
2025-02-24,25.949602127075195,25.931148529052734
2025-02-25,26.212932586669922,26.322771072387695
2025-02-26,26.149091720581055,26.173583984375
2025-02-27,26.12515640258789,26.071014404296875
2025-02-28,25.486787796020508,25.46493148803711
2025-03-05,25.86814308166504,25.893850326538086
2025-03-06,25.916048049926758,25.856552124023438
2025-03-07,26.027820587158203,26.164260864257812
2025-03-10,26.259355545043945,26.080337524414062
2025-03-11,26.027820587158203,25.847227096557617
2025-03-12,26.107662200927734,25.818998336791992
2025-03-13,26.530811309814453,26.23897361755371
2025-03-14,27.393085479736328,26.611225128173828
2025-03-17,28.215438842773438,27.164831161499023
2025-03-18,28.367130279541016,27.20301055908203
2025-03-19,28.43739128112793,27.0980167388916
2025-03-20,28.173925399780273,26.96438980102539
2025-03-21,28.235401153564453,27.078927993774414
2025-03-24,28.261741638183594,27.06938362121582
2025-03-25,28.490083694458008,27.17437744140625
2025-03-26,28.182701110839844,27.4989013671875
2025-03-27,28.217832565307617,27.384363174438477
2025-03-28,27.831405639648438,27.336641311645508
2025-03-31,27.58549690246582,26.90711784362793
2025-04-01,27.59222412109375,27.040746688842773
2025-04-02,27.60101318359375,27.05983543395996
2025-04-03,28.09310531616211,27.212554931640625
2025-04-04,27.363750457763672,26.706676483154297
2025-04-07,27.41647720336914,26.420330047607422
2025-04-08,27.425264358520508,26.372602462768555
2025-04-09,27.926145553588867,26.48714256286621
2025-04-10,27.811906814575195,26.305788040161133
2025-04-11,27.952499389648438,26.534866333007812
2025-04-14,28.409446716308594,26.792579650878906
2025-04-15,28.769723892211914,26.50623321533203
2025-04-16,28.725786209106445,26.391695022583008
2025-04-17,28.778514862060547,26.181703567504883
2025-04-22,29.34090805053711,26.515775680541992
2025-04-23,29.95601463317871,26.763946533203125
2025-04-24,30.53597640991211,26.439416885375977
2025-04-25,30.421741485595703,26.735309600830078
2025-04-28,30.746883392333984,27.05983543395996
2025-04-29,30.9929141998291,27.20301055908203
2025-04-30,31.26532745361328,27.61344337463379
2025-05-02,31.18413734436035,27.58480453491211
2025-05-05,30.6302490234375,27.794795989990234
2025-05-06,30.47201156616211,27.58480453491211
2025-05-07,30.806089401245117,27.976146697998047
2025-05-08,31.052261352539062,28.071598052978516
2025-05-09,32.73147201538086,28.18613624572754
2025-05-12,32.07210159301758,27.7470703125
2025-05-13,32.46772003173828,28.31022071838379
2025-05-14,32.687522888183594,28.405670166015625
2025-05-15,33.12709426879883,28.062053680419922
2025-05-16,33.320518493652344,24.501798629760742
2025-05-19,33.71614456176758,23.900470733642578
2025-05-20,33.672183990478516,24.339536666870117
2025-05-21,32.9952278137207,24.110456466674805
2025-05-22,32.76664352416992,23.91001319885254
2025-05-23,33.162269592285156,23.308683395385742
2025-05-26,33.232608795166016,23.54730987548828
2025-05-27,33.49635314941406,23.451860427856445
2025-05-28,33.223812103271484,22.98415756225586
2025-05-29,32.96005630493164,22.62145233154297
2025-05-30,32.90730667114258,22.35419464111328
2025-06-02,32.67655944824219,22.220565795898438
2025-06-03,32.57099533081055,22.341806411743164
2025-06-04,32.49183654785156,21.72930335998535
2025-06-05,32.09602355957031,21.62235450744629
2025-06-06,32.175193786621094,21.107074737548828
2025-06-09,32.0080680847168,21.12652015686035
2025-06-10,31.958446502685547,20.94179916381836
2025-06-11,32.25139236450195,20.805683135986328
2025-06-12,32.49995422363281,20.82512855529785
2025-06-13,32.10934829711914,20.990407943725586
2025-06-16,32.69525909423828,21.369577407836914
2025-06-17,32.890560150146484,21.291799545288086
2025-06-18,32.69525909423828,21.204296112060547
2025-06-20,32.52660369873047,20.757076263427734
2025-06-23,32.45558166503906,20.504297256469727
2025-06-24,33.068111419677734,20.844573974609375
2025-06-25,32.47333526611328,20.669572830200195
2025-06-26,32.233638763427734,21.000131607055664
2025-06-27,32.19813919067383,21.12652015686035
2025-06-30,32.801795959472656,21.47652244567871
2025-07-01,32.95069122314453,21.3015193939209
2025-07-02,32.68424606323242,21.379297256469727
2025-07-03,33.492462158203125,21.680688858032227
2025-07-04,33.510223388671875,21.807079315185547
2025-07-07,33.06614303588867,21.44735336303711
2025-07-08,32.9862174987793,21.389020919799805
2025-07-09,32.30233383178711,20.85429573059082
2025-07-10,31.307592391967773,20.620962142944336
2025-07-11,31.050025939941406,20.55290412902832
2025-07-14,30.99673843383789,20.105682373046875
2025-07-15,31.103317260742188,20.31957244873047
2025-07-16,31.254304885864258,20.300125122070312
2025-07-17,31.725025177001953,20.164016723632812
2025-07-18,31.147727966308594,19.697343826293945
2025-07-21,31.51187515258789,19.308454513549805
2025-07-22,31.085556030273438,19.337617874145508
2025-07-23,31.431936264038086,19.648733139038086
2025-07-24,31.13884735107422,19.51262092590332
2025-07-25,31.272064208984375,19.677900314331055
2025-07-28,30.614835739135742,19.38623046875
2025-07-29,30.792465209960938,19.395954132080078
2025-07-30,31.147727966308594,19.34734344482422
2025-07-31,31.227659225463867,19.15289878845215
2025-08-01,31.038957595825195,17.840389251708984
2025-08-04,31.367755889892578,18.200111389160156
2025-08-05,31.71430015563965,18.10289192199707
2025-08-06,32.11418151855469,18.1806697845459
2025-08-07,32.68288803100586,18.38483428955078
2025-08-08,32.905033111572266,18.404281616210938
2025-08-11,33.10941696166992,18.56955909729004
2025-08-12,33.79365158081055,18.705671310424805
2025-08-13,33.47374725341797,18.74456024169922
2025-08-14,33.42930221557617,19.298730850219727
2025-08-15,33.31379318237305,20.076513290405273
2025-08-18,33.553714752197266,20.48484992980957
2025-08-19,32.57877731323242,19.250120162963867
2025-08-20,32.59672164916992,19.308454513549805
2025-08-21,32.63261032104492,19.143177032470703
2025-08-22,33.54779815673828,19.930679321289062
2025-08-25,33.377315521240234,19.493175506591797
2025-08-26,33.15300750732422,19.814010620117188
2025-08-27,33.70930480957031,20.05706787109375
2025-08-28,34.409141540527344,20.465404510498047
2025-08-29,34.534751892089844,20.79595947265625
2025-09-01,34.8109245300293,20.504297256469727
2025-09-02,34.21847152709961,19.852901458740234
2025-09-03,33.922245025634766,19.7167911529541
2025-09-04,34.056884765625,19.852901458740234
2025-09-05,34.433902740478516,20.56262969970703
2025-09-08,34.272335052490234,20.368181228637695
2025-09-09,33.976104736328125,20.805683135986328
2025-09-10,34.003028869628906,21.437633514404297
2025-09-11,34.06587600708008,21.6029109954834
2025-09-12,33.55421447753906,21.690412521362305
2025-09-15,34.11075210571289,21.262632369995117
2025-09-16,34.0209846496582,21.3306884765625
2025-09-17,34.50572204589844,21.262632369995117
2025-09-18,34.550594329833984,21.48624610900879
2025-09-19,35.00841522216797,21.019575119018555
2025-09-22,34.50572204589844,20.912630081176758
2025-09-23,35.053287506103516,21.515411376953125
2025-09-24,34.81989669799805,21.495969772338867
2025-09-25,34.541622161865234,21.184856414794922
2025-09-26,34.712181091308594,21.495969772338867
2025-09-29,34.90966033935547,21.50568962097168
2025-09-30,35.07124328613281,21.47652244567871
2025-10-01,34.440486907958984,21.320966720581055
2025-10-02,34.063297271728516,21.15568733215332
2025-10-03,34.31476593017578,20.980690002441406
2025-10-06,33.919612884521484,20.81540870666504
2025-10-07,33.38078308105469,20.620962142944336
2025-10-08,33.443641662597656,20.533462524414062
2025-10-09,33.38976287841797,20.601516723632812
2025-10-10,33.35383605957031,20.03762435913086
2025-10-13,33.488555908203125,20.300125122070312
2025-10-14,33.632240295410156,20.125125885009766
2025-10-15,33.632240295410156,19.755678176879883
2025-10-16,33.55141067504883,19.804288864135742
2025-10-17,33.66816329956055,20.31957244873047
2025-10-20,34.26985549926758,20.193180084228516
2025-10-21,33.946556091308594,19.969568252563477
2025-10-22,34.22495651245117,20.115402221679688
2025-10-23,34.19801712036133,20.076513290405273
2025-10-24,34.153114318847656,19.95012092590332
2025-10-27,34.440486907958984,20.270959854125977
2025-10-28,34.5572395324707,20.37790298461914
2025-10-29,35.32956314086914,20.63068199157715
2025-10-30,35.28466033935547,21.029294967651367
2025-10-31,35.41938400268555,21.291799545288086
2025-11-03,36.01024627685547,21.466800689697266
2025-11-04,35.90243148803711,21.651525497436523
2025-11-05,36.05516052246094,21.98208236694336
2025-11-06,36.05516052246094,22.22513771057129
2025-11-07,36.091102600097656,22.254304885864258
2025-11-10,36.333683013916016,22.147361755371094
2025-11-11,37.034488677978516,22.818199157714844
2025-11-12,36.18993377685547,22.166805267333984
2025-11-13,36.333683013916016,21.87513542175293
2025-11-14,36.477447509765625,21.816801071166992
2025-11-17,36.20790100097656,21.87513542175293
2025-11-18,36.02821350097656,21.27235221862793
2025-11-19,35.8036003112793,20.980690002441406
2025-11-21,35.91141891479492,21.389020919799805
2025-11-24,35.776641845703125,21.23346710205078
2025-11-25,35.85750961303711,21.359851837158203
2025-11-26,36.702056884765625,21.6029109954834
2025-11-27,36.576263427734375,21.544578552246094
2025-11-28,37.411842346191406,21.84596824645996
2025-12-01,37.12209701538086,21.64179801940918
2025-12-02,37.94902420043945,22.00457191467285
2025-12-03,37.94902420043945,21.87343978881836
2025-12-04,38.883827209472656,22.254613876342773
2025-12-05,37.08614730834961,20.68105697631836
2025-12-08,37.26591110229492,21.11109733581543
2025-12-09,37.18501663208008,21.003585815429688
2025-12-10,37.4776725769043,21.11109733581543
2025-12-11,37.449153900146484,21.08177375793457
2025-12-12,37.781742095947266,21.208833694458008
2025-12-15,38.351898193359375,21.511816024780273
2025-12-16,37.3636360168457,21.218605041503906
2025-12-17,37.03105163574219,21.062227249145508
2025-12-18,37.22109603881836,21.1013240814209
2025-12-19,37.56317901611328,20.9547176361084
2025-12-22,37.63921356201172,20.817886352539062
2025-12-23,38.25686264038086,21.257701873779297
2025-12-26,38.269222259521484,21.355438232421875
2025-12-29,38.15176773071289,21.22838020324707
2025-12-30,38.39645767211914,21.42385482788086
2026-01-02,38.3359260559082,21.189285278320312
2026-01-05,38.89406967163086,21.38475799560547
2026-01-06,39.12908172607422,21.619327545166016
2026-01-07,38.50239562988281,21.208833694458008
2026-01-08,39.099708557128906,21.326114654541016
2026-01-09,39.02136993408203,21.36521339416504
2026-01-12,38.66885757446289,21.374984741210938
2026-01-13,38.35551071166992,20.720149993896484
2026-01-14,38.77656173706055,21.01335906982422
2026-01-15,39.109500885009766,20.974266052246094
2026-01-16,38.78635787963867,20.886302947998047
2026-01-19,38.72760772705078,20.82765769958496
2026-01-20,39.089908599853516,21.05245590209961
2026-01-21,40.80351638793945,21.892990112304688
2026-01-22,42.184207916259766,22.91922378540039
2026-01-23,42.66401290893555,23.730436325073242
2026-01-26,43.23196029663086,23.84771728515625
2026-01-27,44.37762451171875,24.13115882873535
2026-01-28,45.37641525268555,24.825084686279297
2026-01-29,45.19037628173828,24.922822952270508
2026-01-30,44.55388641357422,24.649158477783203
2026-02-02,44.943946838378906,24.72735023498535
2026-02-03,45.198638916015625,25.1085205078125
2026-02-04,43.70964813232422,24.531875610351562
2026-02-05,44.59129333496094,23.886816024780273
2026-02-06,45.79619216918945,23.77930450439453
2026-02-09,47.32436752319336,24.25821304321289
2026-02-10,47.432125091552734,24.238666534423828
2026-02-11,48.36273956298828,24.346174240112305
2026-02-12,47.25579071044922,25.440826416015625
2026-02-13,46.795387268066406,24.854406356811523
2026-02-18,47.010894775390625,25.235580444335938
2026-02-19,47.559471130371094,25.86109161376953
2026-02-20,48.22560119628906,26.37909698486328
2026-02-23,46.481910705566406,26.22271728515625
2026-02-24,47.187225341796875,26.72581672668457
2026-02-25,46.814971923828125,27.179128646850586
2026-02-26,46.697418212890625,26.88349151611328
2026-02-27,45.82557678222656,26.558286666870117
2026-03-02,45.00061798095703,26.558286666870117
2026-03-03,43.491451263427734,25.461706161499023
2026-03-04,44.10883331298828,25.62967300415039
2026-03-05,42.63887405395508,24.700918197631836
2026-03-06,42.07048034667969,24.453908920288086
2026-03-09,42.295875549316406,24.404508590698242
2026-03-10,42.92306900024414,24.839242935180664
2026-03-11,43.01126480102539,25.036849975585938
2026-03-12,41.83528518676758,23.940128326416016
2026-03-13,41.55109405517578,23.46587371826172
2026-03-16,42.13908386230469,23.614078521728516
2026-03-17,41.854888916015625,23.386829376220703
2026-03-18,41.43349838256836,23.129940032958984
2026-03-19,41.72749328613281,23.228744506835938
2026-03-20,41.05449676513672,22.991615295410156
2026-03-23,42.26981735229492,23.673358917236328
2026-03-24,42.032684326171875,23.367069244384766
2026-03-25,42.58600997924805,23.574556350708008
2026-03-26,41.43983840942383,22.78412628173828
2026-03-27,40.955684661865234,22.388912200927734
2026-03-30,41.1038932800293,22.132022857666016
2026-03-31,42.96147155761719,22.724843978881836
2026-04-01,43.325416564941406,23.347307205200195
2026-04-02,42.801517486572266,23.110179901123047
2026-04-06,42.98933410644531,23.149700164794922
2026-04-07,42.959678649902344,23.159582138061523
2026-04-08,44.46218490600586,24.197019577026367
2026-04-09,45.22331619262695,24.424266815185547
2026-04-10,45.53963088989258,24.434146881103516
2026-04-13,45.302398681640625,24.453908920288086
2026-04-14,45.99433135986328,25.076372146606445
2026-04-15,46.49846649169922,24.108095169067383
2026-04-16,46.439151763916016,23.989532470703125
2026-04-17,46.261226654052734,24.108095169067383
2026-04-20,45.836177825927734,23.989532470703125
2026-04-22,44.511600494384766,23.120059967041016
2026-04-23,43.671390533447266,22.724843978881836
2026-04-24,43.85919952392578,22.428436279296875
2026-04-27,43.48358154296875,22.240707397460938
2026-04-28,43.592308044433594,22.270349502563477
2026-04-29,42.37647247314453,21.45027732849121
2026-04-30,42.69279098510742,21.94429588317871
2026-05-04,41.929534912109375,21.647884368896484
2026-05-05,41.98886489868164,21.657766342163086
2026-05-06,41.316410064697266,21.80596923828125
2026-05-07,40.33739471435547,21.430517196655273
2026-05-08,40.802181243896484,21.539199829101562
2026-05-11,39.882503509521484,21.282312393188477
2026-05-12,39.4276008605957,21.064943313598633
2026-05-13,39.190269470214844,20.511642456054688
2026-05-14,39.951725006103516,20.511642456054688
2026-05-15,39.25949478149414,20.452360153198242
2026-05-18,39.18037796020508,20.175710678100586
2026-05-19,38.349700927734375,19.98798370361328
2026-05-20,39.22982406616211,20.452360153198242
2026-05-21,39.67483139038086,20.570924758911133
2026-05-22,38.99248504638672,20.689489364624023
2026-05-25,39.87260818481445,21.390995025634766
2026-05-26,39.615501403808594,20.85745620727539
2026-05-27,39.87260818481445,20.817934036254883
2026-05-28,39.5561637878418,20.36343765258789
2026-05-29,39.59572219848633,20.057146072387695
2026-06-01,38.940948486328125,19.83977699279785
2026-06-02,39.13882064819336,19.79128074645996
2026-06-03,38.30775833129883,19.433069229125977
2026-06-05,38.41659164428711,19.07485580444336
2026-06-08,38.109886169433594,19.005203247070312
2026-06-09,38.80244064331055,19.015153884887695
2026-06-10,38.940948486328125,18.905698776245117
2026-06-11,40.06880187988281,19.313663482666016
2026-06-12,40.16773986816406,19.363414764404297
2026-06-15,39.969871520996094,19.29376220703125
2026-06-16,40.01934051513672,19.303712844848633
2026-06-17,40.3656120300293,19.313663482666016
2026-06-18,40.05891799926758,19.433069229125977
2026-06-19,39.801239013671875,19.3236141204834
2026-06-22,40.8693962097168,19.482820510864258
2026-06-23,40.97920227050781,19.761430740356445
2026-06-24,40.89934539794922,19.6320743560791
2026-06-25,41.62808609008789,19.95048713684082
2026-06-26,42.16715621948242,20.23904800415039
2026-06-29,42.33686065673828,20.15944480895996
2026-06-30,42.107261657714844,19.811182022094727
2026-07-01,42.38508224487305,19.6320743560791
2026-07-02,42.41504669189453,19.90073585510254
2026-07-03,42.684696197509766,19.880834579467773
2026-07-06,42.50492858886719,19.671876907348633
2026-07-07,42.37509536743164,19.6320743560791
2026-07-08,41.835792541503906,19.433069229125977
2026-07-09,42.53488540649414,19.90073585510254
2026-07-10,44.242671966552734,20.47785758972168
2026-07-13,43.46368408203125,20.139543533325195
2026-07-14,43.573543548583984,20.487808227539062
2026-07-15,43.084171295166016,20.44800567626953
2026-07-16,42.494937896728516,20.656963348388672
2026-07-17,41.905696868896484,20.388303756713867
2026-07-20,42.24525833129883,20.06989288330078
2026-07-21,42.4749641418457,20.7763671875
2026-07-22,42.844486236572266,20.985326766967773
2026-07-23,42.50492858886719,20.826120376586914
2026-07-24,42.04551696777344,20.248998641967773
2026-07-27,42.6347541809082,20.39825439453125
2026-07-28,42.80453872680664,20.72661590576172
2026-07-29,41.7658805847168,20.676864624023438
2026-07-30,42.684696197509766,21.084829330444336
2026-07-31,42.834495544433594,21.244035720825195
2026-08-03,43.132415771484375,21.164432525634766
2026-08-04,42.06334686279297,20.885822296142578
2026-08-05,42.343109130859375,20.945524215698242
2026-08-06,41.79358673095703,20.179346084594727
2026-08-07,40.71452713012695,19.960437774658203
2026-08-10,40.38481140136719,19.930587768554688
2026-08-11,38.96604919433594,19.184309005737305
2026-08-12,38.39654541015625,18.905698776245117
2026-08-13,38.276649475097656,18.119619369506836
2026-08-14,38.96604919433594,18.288774490356445
2026-08-17,38.34659194946289,17.860910415649414
2026-08-18,38.15675354003906,17.711654663085938
2026-08-19,38.33659744262695,17.990264892578125
2026-08-20,37.47734451293945,17.950464248657227
2026-08-21,38.5663948059082,18.33852767944336
2026-08-24,38.696285247802734,18.5076847076416
2026-08-25,39.40566635131836,19.472869873046875
2026-08-26,39.4156608581543,19.423118591308594
2026-08-27,39.06595993041992,19.87088394165039
2026-08-28,39.1558837890625,20.06989288330078
2026-08-31,39.485599517822266,20.637062072753906
2026-09-01,39.863624572753906,21.10472869873047
2026-09-02,41.39299774169922,22.260000228881836
2026-09-03,41.90278625488281,22.450000762939453
2026-09-04,41.90278625488281,22.520000457763672
2026-09-08,42.41257858276367,22.600000381469727
2026-09-09,41.57292175292969,22.18000030517578
2026-09-10,42.33260726928711,22.799999237060547
2026-09-11,42.71245574951172,22.489999771118164
2026-09-14,42.33260726928711,22.1200008392334
2026-09-15,42.6524772644043,22.040000915527344
2026-09-16,42.60249710083008,22.709999084472656
2026-09-17,42.56251907348633,22.780000686645508
2026-09-18,42.3126220703125,23.200000762939453
