Date,LREN3.SA,AMER3.SA
2011-09-21,4.737581253051758,1437.65234375
2011-09-22,4.351858615875244,1345.628662109375
2011-09-23,4.719429016113281,1454.1470947265625
2011-09-26,4.782070636749268,1447.2020263671875
2011-09-27,4.824856758117676,1388.16796875
2011-09-28,4.7520294189453125,1347.3651123046875
2011-09-29,4.761133193969727,1370.8050537109375
2011-09-30,4.610925674438477,1276.1768798828125
2011-10-03,4.5371880531311035,1187.6259765625
2011-10-04,4.545380592346191,1157.24072265625
2011-10-05,4.538096904754639,1198.911865234375
2011-10-06,4.724720478057861,1241.4510498046875
2011-10-07,4.46071720123291,1202.3843994140625
2011-10-10,4.779338836669922,1250.132568359375
2011-10-11,4.840334415435791,1239.7147216796875
2011-10-13,4.947754383087158,1205.8570556640625
2011-10-14,4.880389213562012,1258.81396484375
2011-10-17,4.806650638580322,1228.4288330078125
2011-10-18,5.034236907958984,1228.4288330078125
2011-10-19,5.157135009765625,1258.81396484375
2011-10-20,4.869464874267578,1251.000732421875
2011-10-21,5.033326625823975,1265.7591552734375
2011-10-24,5.107064723968506,1282.25390625
2011-10-25,5.107064723968506,1282.25390625
2011-10-26,5.107064723968506,1282.25390625
2011-10-27,5.107064723968506,1282.25390625
2011-10-28,4.806650638580322,1343.8924560546875
2011-10-31,4.739284992218018,1272.704345703125
2011-11-01,4.670098304748535,1169.3948974609375
2011-11-03,4.7347331047058105,1143.350341796875
2011-11-04,4.670098304748535,1146.822998046875
2011-11-07,4.651891708374023,1102.5474853515625
2011-11-08,4.6883063316345215,1123.3829345703125
2011-11-09,4.606373310089111,1083.4481201171875
2011-11-10,4.606373310089111,1083.4481201171875
2011-11-11,4.811202049255371,1002.71044921875
2011-11-14,4.79208517074585,994.0289916992188
2011-11-16,4.797545433044434,944.5445556640625
2011-11-17,4.697408676147461,913.2911987304688
2011-11-18,4.642787456512451,899.4009399414062
2011-11-21,4.5153374671936035,869.0157470703125
2011-11-22,4.4834747314453125,861.202392578125
2011-11-23,4.438868045806885,856.8616943359375
2011-11-24,4.584526538848877,848.18017578125
2011-11-25,4.506232738494873,842.1031494140625
2011-11-28,4.770235538482666,887.246826171875
2011-11-29,4.811202049255371,872.48828125
2011-11-30,4.934099197387695,881.1697998046875
2011-12-01,4.943204402923584,903.7416381835938
2011-12-02,4.838510990142822,894.1920166015625
2011-12-05,4.961409568786621,909.8186645507812
2011-12-06,5.023314476013184,900.26904296875
2011-12-07,4.914981365203857,863.8068237304688
2011-12-08,4.7638630867004395,836.0260620117188
2011-12-09,4.830318927764893,851.6527709960938
2011-12-12,4.830318927764893,851.6527709960938
2011-12-13,4.7347331047058105,833.4216918945312
2011-12-14,4.639145851135254,819.5313110351562
2011-12-15,4.642787456512451,786.5416870117188
2011-12-16,4.642787456512451,785.673583984375
2011-12-19,4.588165760040283,763.1017456054688
2011-12-20,4.56626558303833,785.673583984375
2011-12-21,4.484074592590332,767.4424438476562
2011-12-22,4.56626558303833,775.2557983398438
2011-12-23,4.5890984535217285,784.805419921875
2011-12-26,4.546176433563232,794.3550415039062
2011-12-27,4.479508399963379,781.3328247070312
2011-12-28,4.440237045288086,776.9920654296875
2011-12-29,4.421058654785156,781.3328247070312
2012-01-02,4.657592296600342,823.8720092773438
2012-01-03,4.6393280029296875,827.3446044921875
2012-01-04,4.59092378616333,818.6631469726562
2012-01-05,4.747090816497803,786.5416870117188
2012-01-06,4.812844276428223,785.673583984375
2012-01-09,4.837502956390381,814.3224487304688
2012-01-10,5.0128493309021,816.0587158203125
2012-01-11,4.977230548858643,796.09130859375
2012-01-12,4.98179817199707,788.2780151367188
2012-01-13,4.913303852081299,780.4646606445312
2012-01-16,4.913303852081299,783.069091796875
2012-01-17,4.913303852081299,783.069091796875
2012-01-18,4.999148845672607,803.9046630859375
2012-01-19,5.21924352645874,849.9164428710938
2012-01-20,5.261251926422119,838.6305541992188
2012-01-23,5.342532634735107,826.4765014648438
2012-01-24,5.402805328369141,817.7950439453125
2012-01-26,5.442990779876709,843.8394165039062
2012-01-27,5.283170223236084,895.9282836914062
2012-01-30,5.296870231628418,886.378662109375
2012-01-31,5.388194561004639,904.6097412109375
2012-02-01,5.363537311553955,943.6763916015625
2012-02-02,5.457601070404053,914.159423828125
2012-02-03,5.555319309234619,929.7860107421875
2012-02-06,5.570845127105713,911.5549926757812
2012-02-07,5.498697280883789,928.9179077148438
2012-02-08,5.367191314697266,937.599365234375
2012-02-09,5.425637722015381,922.8408813476562
2012-02-10,5.46399450302124,898.53271484375
2012-02-13,5.46399450302124,937.599365234375
2012-02-14,5.505089282989502,981.0067749023438
2012-02-15,5.784544467926025,1017.468994140625
2012-02-16,5.936145305633545,977.5341796875
2012-02-17,5.913318157196045,981.0067749023438
2012-02-23,5.776327133178711,951.48974609375
2012-02-24,5.8064656257629395,981.0067749023438
2012-02-27,5.721531391143799,968.8527221679688
2012-02-28,5.850300312042236,962.7756958007812
2012-02-29,5.97084903717041,954.9623413085938
2012-03-01,5.955325603485107,914.159423828125
2012-03-02,5.874046802520752,862.938720703125
2012-03-05,5.844820022583008,840.3668823242188
2012-03-06,5.840257167816162,821.267578125
2012-03-07,5.968109607696533,836.0260620117188
2012-03-08,6.118797779083252,857.7297973632812
2012-03-09,6.050303936004639,842.1031494140625
2012-03-12,5.986374378204346,824.7401733398438
2012-03-13,6.054869174957275,867.2794189453125
2012-03-14,6.027472972869873,836.0260620117188
2012-03-15,5.859496116638184,842.1031494140625
2012-03-16,5.834779262542725,833.4216918945312
2012-03-19,5.834779262542725,810.849853515625
2012-03-20,5.798154354095459,786.5416870117188
2012-03-21,5.712092876434326,772.6513061523438
2012-03-22,5.737730026245117,772.6513061523438
2012-03-23,5.914429187774658,783.937255859375
2012-03-26,6.047183990478516,775.2557983398438
2012-03-27,5.99683141708374,746.60693359375
2012-03-28,5.832030773162842,724.0350341796875
2012-03-29,5.778929233551025,704.0676879882812
2012-03-30,5.740476131439209,720.5625
2012-04-02,5.834779262542725,703.1995239257812
2012-04-03,5.846678733825684,716.2218017578125
2012-04-04,5.822874069213867,698.8587646484375
2012-04-05,5.876891613006592,707.540283203125
2012-04-09,5.763364791870117,701.4631958007812
2012-04-10,5.442923545837402,690.1773071289062
2012-04-11,5.3513689041137695,679.7595825195312
2012-04-12,5.3596086502075195,691.9136352539062
2012-04-13,5.355947971343994,673.6825561523438
2012-04-16,5.401724815368652,690.1773071289062
2012-04-17,5.63976526260376,699.7269897460938
2012-04-18,5.630611419677734,723.1669311523438
2012-04-19,5.557367324829102,724.9032592773438
2012-04-20,5.528984546661377,710.1447143554688
2012-04-23,5.463794708251953,692.78173828125
2012-04-24,5.5331950187683105,711.8810424804688
2012-04-25,5.430032253265381,702.3314208984375
2012-04-26,5.458168029785156,720.5625
2012-04-27,5.6457343101501465,728.3758544921875
2012-04-30,5.7460808753967285,705.8040161132812
2012-05-02,5.956155776977539,705.8040161132812
2012-05-03,6.002108573913574,703.1995239257812
2012-05-04,5.777029037475586,675.4188232421875
2012-05-07,5.828610420227051,684.9684448242188
2012-05-08,5.720760345458984,660.6602783203125
2012-05-09,5.8623738288879395,625.9343872070312
2012-05-10,5.8398661613464355,617.2529296875
2012-05-11,5.978662490844727,620.7255249023438
2012-05-14,5.807979106903076,613.7803344726562
2012-05-15,5.569769382476807,559.0870361328125
2012-05-16,5.569769382476807,650.2424926757812
2012-05-17,5.3118672370910645,606.8351440429688
2012-05-18,5.495682239532471,615.5166015625
2012-05-21,5.495682239532471,607.7033081054688
2012-05-22,5.455355167388916,572.9773559570312
2012-05-23,5.339999198913574,554.7462768554688
2012-05-24,5.458168029785156,520.8885498046875
2012-05-25,5.56414270401001,533.9107666015625
2012-05-28,5.553826808929443,535.6470336914062
2012-05-29,5.38783073425293,516.5478515625
2012-05-30,5.486304759979248,507.8663024902344
2012-05-31,5.4534783363342285,526.097412109375
2012-06-01,5.345628261566162,499.1848449707031
2012-06-04,5.362508773803711,478.3493347167969
2012-06-05,5.251844882965088,438.4145202636719
2012-06-06,5.364384651184082,464.4589538574219
2012-06-08,5.385955333709717,476.6130065917969
2012-06-11,5.4018988609313965,478.3493347167969
2012-06-12,5.544448375701904,501.789306640625
2012-06-13,5.626977443695068,520.8885498046875
2012-06-14,5.53788423538208,546.0648193359375
2012-06-15,5.654175281524658,539.1196899414062
2012-06-18,5.551949977874756,536.5151977539062
2012-06-19,5.650423526763916,551.2737426757812
2012-06-20,5.689687252044678,533.0426025390625
2012-06-21,5.529813289642334,519.1522827148438
2012-06-22,5.4404706954956055,520.8885498046875
2012-06-25,5.421659469604492,486.1626281738281
2012-06-26,5.266486644744873,480.0856018066406
2012-06-27,5.1790242195129395,490.5033874511719
2012-06-28,5.054886341094971,481.8218994140625
2012-06-29,5.299401760101318,507.8663024902344
2012-07-02,5.275889873504639,519.1522827148438
2012-07-03,5.408494472503662,572.9773559570312
2012-07-04,5.436707496643066,599.0218505859375
2012-07-05,5.369935989379883,612.9121704101562
2012-07-06,5.2947001457214355,574.7136840820312
2012-07-10,5.163036823272705,516.5478515625
2012-07-11,5.087803363800049,506.1300048828125
2012-07-12,5.088743686676025,520.8885498046875
2012-07-13,5.05018424987793,555.6144409179688
2012-07-16,5.05018424987793,518.2840576171875
2012-07-17,5.080277919769287,532.1744384765625
2012-07-18,5.18184757232666,563.4277954101562
2012-07-19,5.285295486450195,587.7359619140625
2012-07-20,5.163036823272705,557.3507690429688
2012-07-23,5.172443866729736,527.833740234375
2012-07-24,5.101909637451172,510.4707946777344
2012-07-25,5.096267223358154,506.9981994628906
2012-07-26,5.360532760620117,538.25146484375
2012-07-27,5.683102607727051,588.6040649414062
2012-07-30,5.772444725036621,612.0440063476562
2012-07-31,5.762100696563721,579.922607421875
2012-08-01,5.830751419067383,603.362548828125
2012-08-02,5.5768327713012695,590.34033203125
2012-08-03,5.854266166687012,641.56103515625
2012-08-06,6.023543357849121,665.0010375976562
2012-08-07,5.830751419067383,619.8573608398438
2012-08-08,5.830751419067383,645.9017944335938
2012-08-09,5.925739288330078,637.2203369140625
2012-08-10,6.155205726623535,637.2203369140625
2012-08-13,6.262417316436768,625.9343872070312
2012-08-14,6.262417316436768,583.3951416015625
2012-08-15,6.262417316436768,555.6144409179688
2012-08-16,6.262417316436768,577.318115234375
2012-08-17,6.159910678863525,614.6484985351562
2012-08-20,6.159910678863525,637.2203369140625
2012-08-21,6.214454650878906,650.2424926757812
2012-08-22,6.3658671379089355,668.4736328125
2012-08-23,6.236085891723633,651.1107177734375
2012-08-24,6.117588520050049,669.341796875
2012-08-27,6.174957275390625,635.4840087890625
2012-08-28,6.308498859405518,646.7699584960938
2012-08-29,6.357400417327881,635.4840087890625
2012-08-30,6.300976276397705,677.1550903320312
2012-08-31,6.29345178604126,681.495849609375
2012-09-03,6.272764205932617,698.8587646484375
2012-09-04,6.206933498382568,687.5729370117188
2012-09-05,6.437338352203369,693.6499633789062
2012-09-06,6.574643611907959,692.78173828125
2012-09-10,6.434518337249756,690.1773071289062
2012-09-11,6.503170490264893,691.9136352539062
2012-09-12,6.564300537109375,752.6839599609375
2012-09-13,6.705366134643555,816.9268798828125
2012-09-14,6.705366134643555,825.6083374023438
2012-09-17,6.780601978302002,816.0587158203125
2012-09-18,6.747686862945557,840.3668823242188
2012-09-19,6.71006965637207,829.9490356445312
2012-09-20,6.69235897064209,852.5209350585938
2012-09-21,6.786616802215576,854.2572021484375
2012-09-24,6.745142459869385,892.4556884765625
2012-09-25,6.639572620391846,922.8408813476562
2012-09-26,6.362452030181885,883.7742309570312
2012-09-27,6.503839492797852,927.1815795898438
2012-09-28,6.400156021118164,924.5771484375
2012-10-01,6.5745344161987305,1017.468994140625
2012-10-02,6.758336544036865,1042.6451416015625
2012-10-03,6.765880107879639,1076.5029296875
2012-10-04,6.734772205352783,1020.9415893554688
2012-10-05,6.924232482910156,960.1712036132812
2012-10-08,7.009065628051758,994.0289916992188
2012-10-09,7.0316877365112305,985.3475341796875
2012-10-10,7.163651943206787,986.2156372070312
2012-10-11,7.202297210693359,1016.600830078125
2012-10-15,7.30504035949707,1046.1177978515625
2012-10-16,7.300326347351074,1040.908935546875
2012-10-17,7.210778713226318,983.6112060546875
2012-10-18,7.208896636962891,910.6868286132812
2012-10-19,7.045828819274902,925.4453125
2012-10-22,7.014720916748047,920.2364501953125
2012-10-23,6.965705871582031,954.0941772460938
2012-10-24,6.895013809204102,924.5771484375
2012-10-25,6.786616802215576,909.8186645507812
2012-10-26,6.786616802215576,870.7520751953125
2012-10-29,6.844111919403076,845.5757446289062
2012-10-30,6.862020969390869,845.5757446289062
2012-10-31,7.0882439613342285,857.7297973632812
2012-11-01,7.257906913757324,866.4112548828125
2012-11-05,7.21549129486084,843.8394165039062
2012-11-06,7.295609474182129,924.5771484375
2012-11-07,7.270164489746094,937.599365234375
2012-11-08,7.257906913757324,915.0275268554688
2012-11-09,7.257906913757324,889.8512573242188
2012-11-12,7.238111972808838,895.9282836914062
2012-11-13,7.163651943206787,895.0601196289062
2012-11-14,7.0741047859191895,939.335693359375
2012-11-16,7.05996561050415,1024.4140625
2012-11-19,7.069393157958984,1053.06298828125
2012-11-21,7.069393157958984,1050.4586181640625
2012-11-22,7.068446636199951,1053.93115234375
2012-11-23,7.125949859619141,1067.821533203125
2012-11-26,7.069393157958984,1030.4910888671875
2012-11-27,7.239060401916504,1215.4066162109375
2012-11-28,7.187214374542236,1358.6510009765625
2012-11-29,7.507696151733398,1297.880615234375
2012-11-30,7.36630916595459,1328.2657470703125
2012-12-03,7.409666061401367,1396.849365234375
2012-12-04,7.352165222167969,1325.661376953125
2012-12-05,7.315409183502197,1328.2657470703125
2012-12-06,7.486956596374512,1303.9576416015625
2012-12-07,7.518063545227051,1347.3651123046875
2012-12-10,7.451138496398926,1462.8287353515625
2012-12-11,7.502979755401611,1540.09375
2012-12-12,7.51240873336792,1649.4803466796875
2012-12-13,7.359706401824951,1597.3914794921875
2012-12-14,7.449253559112549,1589.5782470703125
2012-12-17,7.479419231414795,1599.9959716796875
2012-12-18,7.532200813293457,1580.028564453125
2012-12-19,7.524658203125,1547.0390625
2012-12-20,7.514677047729492,1551.379638671875
2012-12-21,7.400386810302734,1470.6419677734375
2012-12-26,7.5090107917785645,1453.279052734375
2012-12-27,7.461783409118652,1423.7620849609375
2012-12-28,7.532622814178467,1475.850830078125
2013-01-02,7.589293956756592,1462.8287353515625
2013-01-03,7.603461742401123,1412.47607421875
2013-01-04,7.594015598297119,1348.233154296875
2013-01-07,7.464616298675537,1313.50732421875
2013-01-08,7.424945831298828,1305.6939697265625
2013-01-09,7.57890510559082,1345.628662109375
2013-01-10,7.563791275024414,1396.849365234375
2013-01-11,7.538292407989502,1379.4864501953125
2013-01-14,7.547738075256348,1349.101318359375
2013-01-15,7.268155097961426,1323.9251708984375
2013-01-16,7.367329120635986,1376.882080078125
2013-01-17,7.433444976806641,1462.8287353515625
2013-01-18,7.418334007263184,1413.34423828125
2013-01-21,7.475950717926025,1453.279052734375
2013-01-22,7.405111312866211,1453.279052734375
2013-01-23,7.534510135650635,1458.4879150390625
2013-01-24,7.392830848693848,1408.1353759765625
2013-01-28,7.490118503570557,1334.3427734375
2013-01-29,7.5798516273498535,1345.628662109375
2013-01-30,7.608182430267334,1356.0465087890625
2013-01-31,7.528842449188232,1324.793212890625
2013-02-01,7.410780429840088,1342.1561279296875
2013-02-04,7.359775066375732,1328.2657470703125
2013-02-05,7.340882301330566,1342.1561279296875
2013-02-06,7.357883453369141,1297.880615234375
2013-02-07,7.431560039520264,1293.5399169921875
2013-02-08,7.414559364318848,1293.5399169921875
2013-02-13,7.424000263214111,1267.4954833984375
2013-02-14,7.413612365722656,1259.68212890625
2013-02-15,7.095304489135742,1222.351806640625
2013-02-18,7.046189785003662,1150.2955322265625
2013-02-19,7.120809555053711,1180.6806640625
2013-02-20,7.046189785003662,1173.7354736328125
2013-02-21,6.939459800720215,1158.97705078125
2013-02-22,7.017854690551758,1185.0213623046875
2013-02-25,7.008408546447754,1186.7578125
2013-02-26,7.150089263916016,1211.06591796875
2013-02-27,7.112307548522949,1216.2747802734375
2013-02-28,7.117973327636719,1214.5384521484375
2013-03-01,7.178425312042236,1225.8243408203125
2013-03-04,7.0839715003967285,1205.8570556640625
2013-03-05,7.0131354331970215,1211.06591796875
2013-03-06,7.178425312042236,1233.6376953125
2013-03-07,7.017854690551758,1286.5947265625
2013-03-08,7.112307548522949,1351.7056884765625
2013-03-11,7.055634498596191,1402.058349609375
2013-03-12,6.947011947631836,1442.8612060546875
2013-03-13,6.94228982925415,1480.191650390625
2013-03-14,6.887508869171143,1415.08056640625
2013-03-15,6.789276599884033,1388.16796875
2013-03-18,6.8035807609558105,1444.59765625
2013-03-19,6.884934902191162,1381.222900390625
2013-03-20,6.740201473236084,1336.947265625
2013-03-21,6.707089424133301,1313.50732421875
2013-03-22,6.810202121734619,1345.628662109375
2013-03-25,6.844259262084961,1364.72802734375
2013-03-26,7.090217590332031,1345.628662109375
2013-03-27,7.174410820007324,1316.9798583984375
2013-03-28,7.174410820007324,1293.5399169921875
2013-04-01,7.079812049865723,1257.94580078125
2013-04-02,6.931290626525879,1217.1429443359375
2013-04-03,6.943588733673096,1193.7030029296875
2013-04-04,6.780877590179443,1156.37255859375
2013-04-05,6.938857555389404,1229.2969970703125
2013-04-08,7.047646999359131,1270.968017578125
2013-04-09,6.939804553985596,1280.5177001953125
2013-04-10,6.98615837097168,1264.0228271484375
2013-04-11,6.886826515197754,1212.8021240234375
2013-04-12,6.759119033813477,1185.0213623046875
2013-04-15,6.661680698394775,1139.877685546875
2013-04-16,6.818716526031494,1163.3177490234375
2013-04-17,6.801690101623535,1093.865966796875
2013-04-18,6.760066509246826,1111.2288818359375
2013-04-19,6.904128551483154,1139.0096435546875
2013-04-22,6.929248332977295,1135.537109375
2013-04-23,7.085762977600098,1106.88818359375
2013-04-24,7.221992492675781,1096.470458984375
2013-04-25,7.14953088760376,1086.0526123046875
2013-04-26,7.14953088760376,1086.0526123046875
2013-04-29,7.205571174621582,1026.150390625
2013-04-30,7.40073299407959,996.6334228515625
2013-05-02,7.313775062561035,1010.5237426757812
2013-05-03,7.155328750610352,1053.06298828125
2013-05-06,7.205571174621582,990.5563354492188
2013-05-07,7.246146202087402,1020.9415893554688
2013-05-08,7.299285888671875,1004.4467163085938
2013-05-09,7.4200544357299805,1010.5237426757812
2013-05-10,7.399766445159912,941.0719604492188
2013-05-13,7.281899452209473,905.4779663085938
2013-05-14,7.333101272583008,921.9727172851562
2013-05-15,7.511838912963867,910.6868286132812
2013-05-16,7.4683613777160645,902.00537109375
2013-05-17,7.535025596618652,893.3238525390625
2013-05-20,7.690578937530518,902.00537109375
2013-05-21,7.7311530113220215,964.511962890625
2013-05-22,7.786225318908691,1002.71044921875
2013-05-23,7.707968235015869,1042.6451416015625
2013-05-24,7.864486217498779,1066.085205078125
2013-05-27,7.753378391265869,1049.5904541015625
2013-05-28,7.787195682525635,1006.18310546875
2013-05-29,7.523433685302734,937.599365234375
2013-05-31,7.1978373527526855,865.5431518554688
2013-06-03,7.078037261962891,876.8290405273438
2013-06-04,7.052921295166016,847.31201171875
2013-06-05,7.004607677459717,825.6083374023438
2013-06-06,7.003643035888672,824.7401733398438
2013-06-07,6.940843105316162,764.8380737304688
2013-06-10,6.859684467315674,779.5965576171875
2013-06-11,6.746646881103516,739.6617431640625
2013-06-12,6.709933280944824,694.51806640625
2013-06-13,6.734085559844971,691.9136352539062
2013-06-14,6.444240570068359,665.8692016601562
2013-06-17,6.507040500640869,645.9017944335938
2013-06-18,6.458731651306152,634.6159057617188
2013-06-19,6.369845390319824,603.362548828125
2013-06-20,6.59867000579834,613.7803344726562
2013-06-21,6.438008785247803,567.7685546875
2013-06-24,6.436077117919922,556.4826049804688
2013-06-25,6.363488674163818,553.010009765625
2013-06-26,6.387684345245361,589.47216796875
2013-06-27,6.310256004333496,616.3848266601562
2013-06-28,6.184438705444336,576.4500122070312
2013-07-01,6.174760818481445,550.4055786132812
2013-07-02,5.9037675857543945,585.9996337890625
2013-07-03,5.874732971191406,749.2113647460938
2013-07-04,5.961838245391846,720.5625
2013-07-05,5.923125267028809,704.9358520507812
2013-07-08,5.931835651397705,739.6617431640625
2013-07-10,5.966677665710449,770.046875
2013-07-11,6.017004013061523,794.3550415039062
2013-07-12,5.984098434448242,772.6513061523438
2013-07-15,5.986035346984863,816.0587158203125
2013-07-16,5.971517562866211,790.8824462890625
2013-07-17,5.9037675857543945,770.9150390625
2013-07-18,5.908607482910156,821.267578125
2013-07-19,5.821502208709717,921.1045532226562
2013-07-22,5.937642574310303,1011.3919677734375
2013-07-23,5.832149505615234,1011.3919677734375
2013-07-24,5.811822414398193,976.6660766601562
2013-07-25,5.806982040405273,1019.2052612304688
2013-07-26,5.806982040405273,1019.2052612304688
2013-07-29,6.029585361480713,1038.3045654296875
2013-07-30,5.8602142333984375,994.0289916992188
2013-07-31,5.845696926116943,920.2364501953125
2013-08-01,5.923125267028809,994.8970947265625
2013-08-02,5.868926048278809,1005.31494140625
2013-08-05,5.8882832527160645,973.1934204101562
2013-08-06,5.87957239151001,985.3475341796875
2013-08-07,5.877636432647705,1055.66748046875
2013-08-08,6.000550270080566,1100.8111572265625
2013-08-09,6.239603519439697,1284.8583984375
2013-08-12,6.113786220550537,1232.7696533203125
2013-08-13,6.0973334312438965,1289.1990966796875
2013-08-14,6.193150043487549,1284.8583984375
2013-08-15,6.0973334312438965,1191.098388671875
2013-08-16,5.894089698791504,1224.0880126953125
2013-08-19,5.605676651000977,1213.6702880859375
2013-08-20,5.4750189781188965,1111.2288818359375
2013-08-21,5.56986665725708,1060.0081787109375
2013-08-22,5.637613296508789,1093.865966796875
2013-08-23,5.8669891357421875,1172.8673095703125
2013-08-26,5.758594036102295,1101.6793212890625
2013-08-27,5.637613296508789,1085.1844482421875
2013-08-28,5.574704170227051,1153.7681884765625
2013-08-29,5.5592193603515625,1149.4273681640625
2013-08-30,5.554380893707275,1182.4169921875
2013-09-02,5.8166632652282715,1263.15478515625
2013-09-03,5.66664981842041,1281.3858642578125
2013-09-04,5.710201263427734,1293.5399169921875
2013-09-05,5.83311653137207,1319.5843505859375
2013-09-06,6.094430446624756,1329.1339111328125
2013-09-09,6.334453105926514,1378.6182861328125
2013-09-10,6.317999362945557,1367.3323974609375
2013-09-11,6.2328290939331055,1377.750244140625
2013-09-12,6.305418014526367,1396.849365234375
2013-09-13,6.434140682220459,1364.72802734375
2013-09-16,6.484466552734375,1323.9251708984375
2013-09-17,6.54447078704834,1304.8258056640625
2013-09-18,6.806753635406494,1396.849365234375
2013-09-19,6.645641803741455,1369.0687255859375
2013-09-20,6.485678672790527,1319.5843505859375
2013-09-23,6.6417622566223145,1312.63916015625
2013-09-24,6.582624435424805,1276.1768798828125
2013-09-25,6.505068302154541,1301.353271484375
2013-09-26,6.446902275085449,1294.407958984375
2013-09-27,6.2627034187316895,1293.5399169921875
2013-09-30,6.158970832824707,1230.1650390625
2013-10-01,6.383886337280273,1265.7591552734375
2013-10-02,6.3014817237854,1312.63916015625
2013-10-03,6.1415228843688965,1275.308837890625
2013-10-04,6.097895622253418,1276.1768798828125
2013-10-07,6.213260650634766,1234.505859375
2013-10-08,6.233619689941406,1255.3414306640625
2013-10-09,6.351893424987793,1287.462890625
2013-10-10,6.427511215209961,1371.6732177734375
2013-10-11,6.543844699859619,1371.6732177734375
2013-10-14,6.5583906173706055,1461.9605712890625
2013-10-15,6.601044654846191,1467.16943359375
2013-10-16,6.582624435424805,1444.59765625
2013-10-17,6.6417622566223145,1485.4005126953125
2013-10-18,6.706714630126953,1405.531005859375
2013-10-21,6.703807353973389,1480.191650390625
2013-10-22,6.747432231903076,1534.8848876953125
2013-10-23,6.577778339385986,1448.070068359375
2013-10-24,6.611709117889404,1409.8717041015625
2013-10-25,6.7280426025390625,1413.34423828125
2013-10-28,6.689265727996826,1488.0048828125
2013-10-29,6.572930812835693,1455.883544921875
2013-10-30,6.648547172546387,1441.125
2013-10-31,6.543844699859619,1452.410888671875
2013-11-01,6.495373249053955,1415.94873046875
2013-11-04,6.456596851348877,1361.25537109375
2013-11-05,6.345107555389404,1330.8702392578125
2013-11-06,6.219078540802002,1217.1429443359375
2013-11-07,6.1114678382873535,1127.7236328125
2013-11-08,6.052327632904053,1120.778564453125
2013-11-11,6.010643005371094,1162.4495849609375
2013-11-12,5.924362659454346,1128.591796875
2013-11-13,5.894308090209961,1137.2733154296875
2013-11-14,6.199687480926514,1276.1768798828125
2013-11-18,6.348016738891602,1366.4642333984375
2013-11-19,6.204537391662598,1280.5177001953125
2013-11-21,6.151215553283691,1306.5621337890625
2013-11-22,6.216170310974121,1289.1990966796875
2013-11-25,6.08820104598999,1245.791748046875
2013-11-26,6.031970977783203,1241.4510498046875
2013-11-27,6.071718692779541,1284.8583984375
2013-11-28,6.090139865875244,1232.7696533203125
2013-11-29,6.059115409851074,1219.747314453125
2013-12-02,5.923393726348877,1152.03173828125
2013-12-03,5.768280029296875,1152.9000244140625
2013-12-04,5.8167500495910645,1129.4600830078125
2013-12-05,6.059115409851074,1159.84521484375
2013-12-06,6.156062602996826,1241.4510498046875
2013-12-09,6.142489433288574,1319.5843505859375
2013-12-10,6.010643005371094,1345.628662109375
2013-12-11,5.913698196411133,1326.529541015625
2013-12-12,5.833233833312988,1361.25537109375
2013-12-13,5.8584370613098145,1440.2568359375
2013-12-16,5.927271366119385,1418.5531005859375
2013-12-17,5.836141586303711,1411.6080322265625
2013-12-18,5.851651191711426,1436.7841796875
2013-12-19,6.022563934326172,1419.4212646484375
2013-12-20,5.958454608917236,1352.573974609375
2013-12-23,6.159533500671387,1293.5399169921875
2013-12-26,6.017711639404297,1323.056884765625
2013-12-27,5.906002998352051,1358.6510009765625
2013-12-30,5.925429344177246,1325.661376953125
2014-01-02,5.73115348815918,1171.999267578125
2014-01-03,5.811776161193848,1302.221435546875
2014-01-06,5.730181694030762,1319.5843505859375
2014-01-07,5.843834400177002,1303.9576416015625
2014-01-08,5.83314847946167,1291.8035888671875
2014-01-09,5.639842510223389,1252.7369384765625
2014-01-10,5.574759483337402,1277.9132080078125
2014-01-13,5.5805888175964355,1283.9903564453125
2014-01-14,5.570876121520996,1293.5399169921875
2014-01-15,5.595158100128174,1316.1116943359375
2014-01-16,5.556304454803467,1310.03466796875
2014-01-17,5.495107650756836,1384.6953125
2014-01-20,5.566989898681641,1354.3101806640625
2014-01-21,5.595158100128174,1369.9368896484375
2014-01-22,5.867144584655762,1389.0361328125
2014-01-23,5.6835551261901855,1374.277587890625
2014-01-24,5.561161518096924,1345.628662109375
2014-01-27,5.459164619445801,1905.5838623046875
2014-01-28,5.439738750457764,2126.961669921875
2014-01-29,5.341627597808838,2100.917236328125
2014-01-30,5.376597881317139,2022.783935546875
2014-01-31,5.384368896484375,2021.9156494140625
2014-02-03,5.244489669799805,1979.37646484375
2014-02-04,5.275574684143066,1948.9913330078125
2014-02-05,5.214377403259277,1944.6505126953125
2014-02-06,5.284316539764404,1990.662353515625
2014-02-07,5.374654769897461,1975.03564453125
2014-02-10,5.318315505981445,1996.7393798828125
2014-02-11,5.250319004058838,1942.914306640625
2014-02-12,5.27654504776001,1925.5513916015625
2014-02-13,5.318315505981445,1910.7928466796875
2014-02-14,5.313459873199463,1927.28759765625
2014-02-17,5.235745906829834,1938.573486328125
2014-02-18,5.2095208168029785,1880.40771484375
2014-02-19,5.260031700134277,1925.5513916015625
2014-02-20,5.352313995361328,1955.068359375
2014-02-21,5.585445880889893,1988.0579833984375
2014-02-24,5.536874771118164,2027.124755859375
2014-02-25,5.504819393157959,1996.7393798828125
2014-02-26,5.611672401428223,1985.4534912109375
2014-02-27,5.70686674118042,1997.6075439453125
2014-02-28,5.604872703552246,2019.3111572265625
2014-03-05,5.610702991485596,2022.783935546875
2014-03-06,5.664126873016357,2014.102294921875
2014-03-07,5.619442462921143,2052.30078125
2014-03-10,5.5660176277160645,2082.68603515625
2014-03-11,5.611672401428223,2147.797119140625
2014-03-12,5.629157543182373,2126.961669921875
2014-03-13,5.5980730056762695,2183.39111328125
2014-03-14,5.613614559173584,2130.43408203125
2014-03-17,5.658299922943115,2151.269775390625
2014-03-18,5.768064022064209,2179.050537109375
2014-03-19,5.79317569732666,2166.0283203125
2014-03-20,5.819463729858398,2165.159912109375
2014-03-21,5.850622177124023,2187.73193359375
2014-03-24,5.9489569664001465,2212.908203125
2014-03-25,5.919748306274414,2225.062255859375
2014-03-26,5.841856002807617,2248.502197265625
2014-03-27,6.056058406829834,2312.7451171875
2014-03-28,6.113504409790039,2322.294921875
2014-03-31,6.25273323059082,2403.900634765625
2014-04-01,6.187499523162842,2344.86669921875
2014-04-02,6.260528087615967,2395.21923828125
2014-04-03,6.2215776443481445,2430.813232421875
2014-04-04,6.2556538581848145,2482.902099609375
2014-04-07,6.393914222717285,2520.232421875
2014-04-08,6.279996395111084,2530.650146484375
2014-04-09,6.3238115310668945,2534.990966796875
2014-04-10,6.306284427642822,2502.00146484375
2014-04-11,6.268312454223633,2376.119873046875
2014-04-14,6.182631492614746,2291.909423828125
2014-04-15,6.111555576324463,2290.17333984375
2014-04-16,6.206000804901123,2281.491943359375
2014-04-17,6.209893703460693,2282.35986328125
2014-04-22,6.260528087615967,2226.798583984375
2014-04-23,6.158289909362793,2222.457763671875
2014-04-24,6.133948802947998,2222.457763671875
2014-04-25,6.097924709320068,2192.072509765625
2014-04-28,6.085269927978516,2153.005859375
2014-04-29,6.27512788772583,2135.64306640625
2014-04-30,6.387095928192139,2151.269775390625
2014-05-02,6.589614391326904,2209.435546875
2014-05-05,6.466935157775879,2274.546630859375
2014-05-06,6.478620529174805,2284.09619140625
2014-05-07,6.427016258239746,2326.635498046875
2014-05-08,6.474724292755127,2352.679931640625
2014-05-09,6.406569957733154,2304.931884765625
2014-05-12,6.602272033691406,2352.679931640625
2014-05-13,6.620772838592529,2380.460693359375
2014-05-14,6.691848278045654,2356.152587890625
2014-05-15,6.684056758880615,2343.99853515625
2014-05-16,6.684056758880615,2334.448974609375
2014-05-19,6.6382951736450195,2303.195556640625
2014-05-20,6.620772838592529,2282.35986328125
2014-05-21,6.571114540100098,2233.74365234375
2014-05-22,6.5234055519104,2196.413330078125
2014-05-23,6.445512771606445,2205.094970703125
2014-05-26,6.553593635559082,2214.64453125
2014-05-27,6.4260430335998535,2213.7763671875
2014-05-28,6.611036777496338,2231.13916015625
2014-05-29,6.6694512367248535,2238.95263671875
2014-05-30,6.625640392303467,2482.902099609375
2014-06-02,6.504908561706543,2527.177490234375
2014-06-03,6.516590595245361,2534.990966796875
2014-06-04,6.5078301429748535,2738.137451171875
2014-06-05,6.574034690856934,2672.158203125
2014-06-06,6.7210564613342285,2858.877197265625
2014-06-09,6.820365905761719,2949.858642578125
2014-06-10,6.799919605255127,2981.7490234375
2014-06-11,6.788237571716309,3096.17919921875
2014-06-13,6.738582134246826,2998.632080078125
2014-06-16,6.892417907714844,2917.968017578125
2014-06-17,7.031649112701416,2977.9970703125
2014-06-18,7.111760139465332,2968.617431640625
2014-06-20,7.109809875488281,2907.650634765625
2014-06-23,7.077616214752197,2809.165771484375
2014-06-24,7.170293807983398,2664.721435546875
2014-06-25,7.121516704559326,2626.26513671875
2014-06-26,7.10200309753418,2649.7138671875
2014-06-27,6.964454650878906,2563.422607421875
2014-06-30,6.906896114349365,2626.26513671875
2014-07-01,6.899091720581055,2660.03125
2014-07-02,6.765438079833984,2577.49169921875
2014-07-03,6.877627849578857,2690.98388671875
2014-07-04,6.934211254119873,2673.162841796875
2014-07-07,6.926406383514404,2693.797607421875
2014-07-08,6.984938144683838,2705.052978515625
2014-07-10,7.023962020874023,2879.51220703125
2014-07-11,7.062984943389893,2926.40966796875
2014-07-14,7.121516704559326,2884.201904296875
2014-07-15,7.170293807983398,2888.891845703125
2014-07-16,7.115664958953857,3008.949462890625
2014-07-17,7.050300598144531,3038.964111328125
2014-07-18,7.088347434997559,3022.080810546875
2014-07-21,7.168344020843506,3078.35791015625
2014-07-22,7.146878719329834,3189.0361328125
2014-07-23,6.999572277069092,3231.244140625
2014-07-24,6.926406383514404,3235.933837890625
2014-07-25,6.98006010055542,3342.8603515625
2014-07-28,7.132252216339111,3381.31640625
2014-07-29,6.945917129516602,3431.02783203125
2014-07-30,6.888357639312744,3249.065185546875
2014-07-31,6.68251895904541,3132.759033203125
2014-08-01,6.761536598205566,3080.23388671875
2014-08-04,6.989819049835205,3264.072509765625
2014-08-05,6.843481540679932,3334.418701171875
2014-08-06,6.916648864746094,3367.2470703125
2014-08-07,6.867875099182129,3278.1416015625
2014-08-08,6.8044633865356445,3264.072509765625
2014-08-11,6.915677547454834,3346.612060546875
2014-08-12,6.84251070022583,3404.765380859375
2014-08-13,6.828850746154785,3553.8994140625
2014-08-14,6.790805816650391,3351.302001953125
2014-08-15,6.806412696838379,3377.564697265625
2014-08-18,6.8103132247924805,3446.972900390625
2014-08-19,6.895188331604004,3407.5791015625
2014-08-20,6.872753620147705,3325.039306640625
2014-08-21,7.116636753082275,3269.7001953125
2014-08-22,7.053228855133057,3223.740478515625
2014-08-25,7.08249568939209,3312.845947265625
2014-08-26,7.102982997894287,3418.83447265625
2014-08-27,7.387843132019043,3526.698974609375
2014-08-28,7.451253890991211,3520.13330078125
2014-08-29,7.492225170135498,3559.527099609375
2014-09-01,7.394672393798828,3395.385498046875
2014-09-02,7.341012477874756,3410.39306640625
2014-09-03,7.336136817932129,3423.524169921875
2014-09-04,7.378085136413574,3564.217041015625
2014-09-05,7.273705005645752,3512.6298828125
2014-09-08,7.225900173187256,3417.896484375
2014-09-09,7.124442100524902,3397.261474609375
2014-09-10,7.008354187011719,3470.421875
2014-09-11,6.99664306640625,3597.04541015625
2014-09-12,6.87372350692749,3807.146484375
2014-09-15,6.807388782501221,3623.30810546875
2014-09-16,6.975184440612793,3583.9140625
2014-09-17,6.962500095367432,3650.508544921875
2014-09-18,6.753779411315918,3723.6689453125
2014-09-19,6.7782182693481445,3574.53466796875
2014-09-22,6.696105003356934,3301.590576171875
2014-09-23,6.67362117767334,3242.49951171875
2014-09-24,7.0186896324157715,3235.933837890625
2014-09-25,6.8026556968688965,3186.222412109375
2014-09-26,6.995229244232178,3116.81396484375
2014-09-29,6.8964996337890625,3152.456298828125
2014-09-30,6.948308944702148,3076.48193359375
2014-10-01,6.817317962646484,3131.821044921875
2014-10-02,6.754757404327393,3071.792236328125
2014-10-03,6.883790016174316,3057.72314453125
2014-10-06,7.106667518615723,2972.369384765625
2014-10-07,7.192690849304199,3038.964111328125
2014-10-08,7.171186923980713,3048.343505859375
2014-10-09,7.282626152038574,3010.825439453125
2014-10-10,7.071478843688965,2918.906005859375
2014-10-13,7.266984939575195,2865.44287109375
2014-10-14,7.274801254272461,2844.807861328125
2014-10-15,7.154565811157227,2795.096435546875
2014-10-16,6.918981552124023,2741.63330078125
2014-10-17,7.038240909576416,2708.804931640625
2014-10-20,6.925824165344238,2720.060546875
2014-10-21,6.656024932861328,2682.542236328125
2014-10-22,6.696105003356934,2638.45849609375
2014-10-23,6.481047630310059,2813.85546875
2014-10-24,6.784082412719727,2710.6806640625
2014-10-27,6.578799724578857,2907.650634765625
2014-10-28,6.90040922164917,2887.953857421875
2014-10-29,6.8622846603393555,2921.719970703125
2014-10-30,7.126218318939209,2860.753173828125
2014-10-31,7.253297328948975,3027.70849609375
2014-11-03,7.1995320320129395,3023.956787109375
2014-11-04,7.192690849304199,3000.508056640625
2014-11-05,7.135995388031006,2931.099609375
2014-11-06,7.155544281005859,3076.48193359375
2014-11-07,7.18487024307251,3179.65673828125
2014-11-10,7.068543910980225,3179.65673828125
2014-11-11,7.121334075927734,3057.72314453125
2014-11-12,7.103734970092773,3048.343505859375
2014-11-13,7.038240909576416,2720.060546875
2014-11-14,7.009891033172607,2762.26806640625
2014-11-17,6.9619927406311035,2709.742919921875
2014-11-18,7.038240909576416,2705.990966796875
2014-11-19,7.11644172668457,2532.469970703125
2014-11-21,7.4507575035095215,2533.407958984375
2014-11-24,7.292400360107422,2523.090576171875
2014-11-25,7.214195728302002,2509.021240234375
2014-11-26,7.398950099945068,2509.021240234375
2014-11-27,7.477153778076172,2607.506103515625
2014-11-28,7.47324275970459,2685.356201171875
2014-12-01,7.096893787384033,2565.29833984375
2014-12-02,7.300219535827637,2720.060546875
2014-12-03,7.495725631713867,2625.327392578125
2014-12-04,7.33150053024292,2537.15966796875
2014-12-05,7.403836250305176,2458.371826171875
2014-12-08,7.18487024307251,2463.0615234375
2014-12-09,7.251343727111816,2406.784423828125
2014-12-10,7.370601177215576,2312.9892578125
2014-12-11,7.272849082946777,2348.631591796875
2014-12-12,7.145771026611328,2226.69775390625
2014-12-15,6.996207237243652,2155.413330078125
2014-12-16,6.989364147186279,2104.763916015625
2014-12-17,7.307063579559326,2096.322509765625
2014-12-18,7.247931003570557,2110.3916015625
2014-12-19,7.39484977722168,2232.325439453125
2014-12-22,7.48397970199585,2251.08447265625
2014-12-23,7.39484977722168,2260.464111328125
2014-12-26,7.398766994476318,2246.394775390625
2014-12-29,7.452640056610107,2215.4423828125
2014-12-30,7.4898576736450195,2104.763916015625
2015-01-02,7.434027194976807,2054.114501953125
2015-01-05,7.227362632751465,1988.4578857421875
2015-01-06,7.310618877410889,1994.085693359375
2015-01-07,7.4350080490112305,1974.388671875
2015-01-08,7.443822860717773,1909.669921875
2015-01-09,7.179372787475586,1913.421875
2015-01-12,7.277316570281982,1866.524169921875
2015-01-13,7.252833366394043,1877.779541015625
2015-01-14,7.189168453216553,1857.1446533203125
2015-01-15,7.269481182098389,1864.6483154296875
2015-01-16,7.267524242401123,1877.779541015625
2015-01-19,7.16957426071167,1853.392822265625
2015-01-20,7.149989604949951,1870.2760009765625
2015-01-21,7.1744771003723145,1932.1807861328125
2015-01-22,7.101014137268066,2070.99755859375
2015-01-23,7.095139026641846,2139.46826171875
2015-01-26,7.11570930480957,2153.53759765625
2015-01-27,7.016783714294434,2072.87353515625
2015-01-28,7.052041053771973,2082.2529296875
2015-01-29,7.052041053771973,2138.5302734375
2015-01-30,6.905124664306641,2120.708984375
2015-02-02,7.026576995849609,2160.10302734375
2015-02-03,7.058898448944092,2135.71630859375
2015-02-04,7.0422468185424805,2157.289306640625
2015-02-05,7.149989604949951,2117.895263671875
2015-02-06,7.052041053771973,2047.5489501953125
2015-02-09,7.257726192474365,2057.866455078125
2015-02-10,6.990334987640381,1969.698974609375
2015-02-11,6.911980152130127,1863.7103271484375
2015-02-12,7.052041053771973,1832.7578125
2015-02-13,7.589757919311523,1869.3380126953125
2015-02-18,7.670079231262207,1932.1807861328125
2015-02-19,7.9335503578186035,1970.6368408203125
2015-02-20,7.909063339233398,1930.304931640625
2015-02-23,7.904168605804443,1894.6627197265625
2015-02-24,8.074588775634766,1875.9036865234375
2015-02-25,8.178412437438965,1857.1446533203125
2015-02-26,8.199957847595215,1875.9036865234375
2015-02-27,8.23619556427002,1875.9036865234375
2015-03-02,8.363529205322266,1863.7103271484375
2015-03-03,8.335125923156738,1871.2139892578125
2015-03-04,8.164700508117676,1988.4578857421875
2015-03-05,8.080466270446777,1908.73193359375
2015-03-06,8.104951858520508,1908.73193359375
2015-03-09,8.01190185546875,1908.73193359375
2015-03-10,7.896329402923584,1834.6339111328125
2015-03-11,8.051078796386719,1829.006103515625
2015-03-12,8.17939281463623,1967.822998046875
2015-03-13,8.070672035217285,1916.2357177734375
2015-03-16,8.095158576965332,1793.3638916015625
2015-03-17,8.246973037719727,1796.177734375
2015-03-18,8.384096145629883,1753.969970703125
2015-03-19,8.322921752929688,1735.2109375
2015-03-20,8.490776062011719,1735.2109375
2015-03-23,8.42795467376709,1825.2542724609375
2015-03-24,8.431879997253418,1763.3494873046875
2015-03-25,8.559487342834473,1692.0650634765625
2015-03-26,8.46623706817627,1585.138671875
2015-03-27,8.577157974243164,1537.3031005859375
2015-03-30,8.750896453857422,1700.506591796875
2015-03-31,8.910898208618164,1894.6627197265625
2015-04-01,9.090530395507812,1997.8375244140625
2015-04-02,9.133715629577637,2053.176513671875
2015-04-06,9.199485778808594,2121.64697265625
2015-04-07,9.177889823913574,1979.078369140625
2015-04-08,9.184761047363281,2072.87353515625
2015-04-09,9.202428817749023,2086.94287109375
2015-04-10,9.177889823913574,2147.909912109375
2015-04-13,9.175926208496094,2364.57666015625
2015-04-14,9.1827974319458,2282.974853515625
2015-04-15,9.325128555297852,2472.441162109375
2015-04-16,9.187707901000977,2438.6748046875
2015-04-17,9.043548583984375,2460.247802734375
2015-04-20,9.119877815246582,2486.51025390625
2015-04-22,9.144657135009766,2626.26513671875
2015-04-23,9.358779907226562,2513.7109375
2015-04-24,9.428168296813965,2573.739990234375
2015-04-27,9.410326957702637,2612.196044921875
2015-04-28,9.402395248413086,2682.542236328125
2015-04-29,9.484670639038086,2630.01708984375
2015-04-30,10.413514137268066,2549.35302734375
2015-05-04,10.4303617477417,2527.7802734375
2015-05-05,10.245981216430664,2669.4111328125
2015-05-06,10.358991622924805,2515.5869140625
2015-05-07,10.876442909240723,2326.12060546875
2015-05-08,11.300719261169434,2435.86083984375
2015-05-11,11.091552734375,2433.985107421875
2015-05-12,11.269986152648926,2548.4150390625
2015-05-13,11.3254976272583,2560.608642578125
2015-05-14,11.067764282226562,2606.568115234375
2015-05-15,11.333425521850586,2578.4296875
2015-05-18,11.218442916870117,2593.436767578125
2015-05-19,10.89825439453125,2424.60546875
2015-05-20,10.90420150756836,2559.670654296875
2015-05-21,10.872481346130371,2569.988037109375
2015-05-22,10.805071830749512,2490.26220703125
2015-05-25,10.855627059936523,2533.407958984375
2015-05-26,10.636550903320312,2405.8466796875
2015-05-27,10.596900939941406,2410.536376953125
2015-05-28,10.622676849365234,2312.9892578125
2015-05-29,10.611769676208496,2358.948974609375
2015-06-01,10.469024658203125,2326.12060546875
2015-06-02,10.870498657226562,2344.87939453125
2015-06-03,10.690083503723145,2241.705078125
2015-06-05,10.616724967956543,2232.325439453125
2015-06-08,10.844722747802734,2162.9169921875
2015-06-09,10.761453628540039,2125.39892578125
2015-06-10,10.88437271118164,2194.807373046875
2015-06-11,10.88437271118164,2161.97900390625
2015-06-12,10.90420150756836,2144.157958984375
2015-06-15,11.098493576049805,2195.745361328125
2015-06-16,10.953764915466309,2269.843505859375
2015-06-17,10.965662956237793,2269.843505859375
2015-06-18,11.161932945251465,2161.97900390625
2015-06-19,11.023752212524414,2131.026611328125
2015-06-22,11.108163833618164,2094.446533203125
2015-06-23,11.023752212524414,2027.851806640625
2015-06-24,11.076386451721191,1960.3193359375
2015-06-25,11.336586952209473,2041.9212646484375
2015-06-26,11.410079956054688,1975.32666015625
2015-06-29,11.303815841674805,1917.173583984375
2015-06-30,11.222373008728027,1913.421875
2015-07-01,11.483570098876953,1845.8892822265625
2015-07-02,11.694114685058594,1866.524169921875
2015-07-03,11.718944549560547,1843.075439453125
2015-07-06,11.595793724060059,1950.9398193359375
2015-07-07,11.36638355255127,2002.5272216796875
2015-07-08,11.202515602111816,2084.129150390625
2015-07-10,11.487542152404785,1999.71337890625
2015-07-13,11.490523338317871,1894.6627197265625
2015-07-14,11.32169246673584,1895.6007080078125
2015-07-15,11.401144027709961,1887.1591796875
2015-07-16,11.388229370117188,1908.73193359375
2015-07-17,11.282960891723633,1872.15185546875
2015-07-20,11.162792205810547,1838.3856201171875
2015-07-21,11.078373908996582,1789.6121826171875
2015-07-22,11.02275562286377,1760.53564453125
2015-07-23,10.749645233154297,1666.7403564453125
2015-07-24,10.626500129699707,1749.2801513671875
2015-07-27,10.466604232788086,1692.0650634765625
2015-07-28,10.705946922302246,1651.7332763671875
2015-07-29,10.705946922302246,1744.5904541015625
2015-07-30,10.98005485534668,1674.2440185546875
2015-07-31,10.814200401306152,1696.7548828125
2015-08-03,10.345442771911621,1624.5325927734375
2015-08-04,10.462632179260254,1597.33203125
2015-08-05,10.43780517578125,1623.5947265625
2015-08-06,10.272943496704102,1583.2626953125
2015-08-07,10.05942153930664,1575.7591552734375
2015-08-10,9.996853828430176,1665.802490234375
2015-08-11,9.931306838989258,1603.897705078125
2015-08-12,9.707853317260742,1511.9783935546875
2015-08-13,9.732683181762695,1444.4459228515625
2015-08-14,9.803193092346191,1432.25244140625
2015-08-17,9.993873596191406,1444.4459228515625
2015-08-18,10.338492393493652,1376.913330078125
2015-08-19,10.164693832397461,1312.1947021484375
2015-08-20,10.136884689331055,1353.4644775390625
2015-08-21,9.783329010009766,1303.7530517578125
2015-08-24,9.509224891662598,1449.1356201171875
2015-08-25,9.633369445800781,1483.83984375
2015-08-26,9.930309295654297,1435.0662841796875
2015-08-27,10.179590225219727,1500.7230224609375
2015-08-28,10.030617713928223,1578.572998046875
2015-08-31,9.784327507019043,1463.204833984375
2015-09-01,9.51419448852539,1387.2308349609375
2015-09-02,9.285773277282715,1431.314453125
2015-09-03,9.543986320495605,1449.1356201171875
2015-09-04,9.246048927307129,1500.7230224609375
2015-09-08,9.13680648803711,1403.1759033203125
2015-09-09,9.166595458984375,1381.60302734375
2015-09-10,9.41487979888916,1393.7965087890625
2015-09-11,9.443681716918945,1364.719970703125
2015-09-14,9.800216674804688,1506.3507080078125
2015-09-15,9.684016227722168,1543.8687744140625
2015-09-16,10.050482749938965,1615.153076171875
2015-09-17,9.984939575195312,1678.933837890625
2015-09-18,9.615489959716797,1659.23681640625
2015-09-21,9.742615699768066,1581.3868408203125
2015-09-22,9.548952102661133,1434.1282958984375
2015-09-23,9.408920288085938,1427.562744140625
2015-09-24,9.273845672607422,1463.204833984375
2015-09-25,9.34354019165039,1464.1429443359375
2015-09-28,9.109579086303711,1401.300048828125
2015-09-29,9.15438175201416,1355.34033203125
2015-09-30,9.1593599319458,1393.7965087890625
2015-10-01,9.234025955200195,1338.457275390625
2015-10-02,9.652168273925781,1394.734375
2015-10-05,9.532700538635254,1449.1356201171875
2015-10-06,9.706928253173828,1626.4085693359375
2015-10-07,9.955821990966797,1759.59765625
2015-10-08,9.950847625732422,1651.7332763671875
2015-10-09,9.721864700317383,1594.51806640625
2015-10-13,9.532700538635254,1672.3680419921875
2015-10-14,9.458030700683594,1547.62060546875
2015-10-15,9.706928253173828,1618.9049072265625
2015-10-16,10.000625610351562,1662.0506591796875
2015-10-19,10.169875144958496,1633.912109375
2015-10-20,9.980714797973633,1598.27001953125
2015-10-21,9.856263160705566,1613.2772216796875
2015-10-22,10.105161666870117,1587.9525146484375
2015-10-23,9.522745132446289,1566.3795166015625
2015-10-26,9.333584785461426,1564.503662109375
2015-10-27,9.507811546325684,1509.16455078125
2015-10-28,9.283806800842285,1515.7301025390625
2015-10-29,9.054821014404297,1410.6795654296875
2015-10-30,9.209137916564941,1367.5338134765625
2015-11-03,9.353498458862305,1453.8253173828125
2015-11-04,9.517765998840332,1443.5079345703125
2015-11-05,9.46300983428955,1453.8253173828125
2015-11-06,9.298737525939941,1453.8253173828125
2015-11-09,9.005043029785156,1405.98974609375
2015-11-10,9.243987083435059,1350.650634765625
2015-11-11,9.607368469238281,1346.8988037109375
2015-11-12,9.58248233795166,1336.5814208984375
2015-11-13,9.562570571899414,1406.927734375
2015-11-16,9.453056335449219,1350.650634765625
2015-11-17,9.667104721069336,1362.8441162109375
2015-11-18,9.726840019226074,1376.913330078125
2015-11-19,9.82142162322998,1360.0302734375
2015-11-23,9.881158828735352,1369.40966796875
2015-11-24,9.88613510131836,1360.0302734375
2015-11-25,9.46300983428955,1401.300048828125
2015-11-26,9.358476638793945,1416.307373046875
2015-11-27,9.08469009399414,1380.6650390625
2015-11-30,8.711345672607422,1384.4168701171875
2015-12-01,8.711345672607422,1378.7891845703125
2015-12-02,8.452494621276855,1457.5771484375
2015-12-03,8.945308685302734,1529.7994384765625
2015-12-04,8.711345672607422,1510.1024169921875
2015-12-07,8.920418739318848,1405.0518798828125
2015-12-08,8.716322898864746,1374.0994873046875
2015-12-09,9.184247016906738,1381.60302734375
2015-12-10,8.925395965576172,1358.154296875
2015-12-11,8.970197677612305,1345.9609375
2015-12-14,8.855709075927734,1364.719970703125
2015-12-15,8.711345672607422,1322.5120849609375
2015-12-16,8.711345672607422,1349.712646484375
2015-12-17,8.895530700683594,1346.8988037109375
2015-12-18,8.746261596679688,1300.001220703125
2015-12-21,8.636433601379395,1340.333251953125
2015-12-22,8.411789894104004,1322.5120849609375
2015-12-23,8.48667049407959,1369.40966796875
2015-12-28,8.471694946289062,1400.362060546875
2015-12-29,8.65640640258789,1427.562744140625
2015-12-30,8.536596298217773,1428.5006103515625
2016-01-04,8.06234073638916,1359.09228515625
2016-01-05,8.636433601379395,1378.7891845703125
2016-01-06,8.586512565612793,1386.2928466796875
2016-01-07,8.446732521057129,1342.2091064453125
2016-01-08,8.426763534545898,1377.8511962890625
2016-01-11,8.187140464782715,1318.76025390625
2016-01-12,8.376846313476562,1355.34033203125
2016-01-13,8.406798362731934,1350.650634765625
2016-01-14,8.351879119873047,1320.63623046875
2016-01-15,8.281993865966797,1296.2493896484375
2016-01-18,8.01740837097168,1264.359130859375
2016-01-19,8.207110404968262,1289.683837890625
2016-01-20,8.187140464782715,1209.0198974609375
2016-01-21,8.2620210647583,1231.53076171875
2016-01-22,8.336904525756836,1223.089111328125
2016-01-26,8.122241973876953,1219.33740234375
2016-01-27,8.461710929870605,1313.132568359375
2016-01-28,8.461710929870605,1302.8150634765625
2016-01-29,8.856091499328613,1243.72412109375
2016-02-01,9.015841484069824,1261.5452880859375
2016-02-02,8.771224021911621,1181.8193359375
2016-02-03,9.030816078186035,1171.5018310546875
2016-02-04,8.886046409606934,1218.3994140625
2016-02-05,8.386826515197754,1193.07470703125
2016-02-10,8.112260818481445,1149.928955078125
2016-02-11,7.997439861297607,1155.556640625
2016-02-12,8.087298393249512,1064.5753173828125
2016-02-15,8.162178993225098,1026.119384765625
2016-02-16,8.336904525756836,1047.6922607421875
2016-02-17,8.60149097442627,998.9187622070312
2016-02-18,8.6913480758667,1111.472900390625
2016-02-19,8.73627758026123,1057.07177734375
2016-02-22,8.985884666442871,1059.8856201171875
2016-02-23,8.73627758026123,1071.14111328125
2016-02-24,8.696340560913086,1064.5753173828125
2016-02-25,8.86108112335205,1099.2796630859375
2016-02-26,8.666386604309082,1088.024169921875
2016-02-29,8.985884666442871,1083.3343505859375
2016-03-01,9.24548053741455,1097.4036865234375
2016-03-02,9.545010566711426,1117.1005859375
2016-03-03,9.729718208312988,1138.673583984375
2016-03-04,10.179015159606934,1173.377685546875
2016-03-07,10.368715286254883,1153.6807861328125
2016-03-08,10.383692741394043,1179.0054931640625
2016-03-09,10.478541374206543,1181.8193359375
2016-03-10,10.618325233459473,1301.8770751953125
2016-03-11,10.35873031616211,1317.8223876953125
2016-03-14,10.423626899719238,1324.387939453125
2016-03-15,10.3187894821167,1276.5523681640625
2016-03-16,10.445810317993164,1394.734375
2016-03-17,11.011667251586914,1360.0302734375
2016-03-18,10.811365127563477,1455.7012939453125
2016-03-21,10.956581115722656,1519.4820556640625
2016-03-22,11.156889915466309,1503.536865234375
2016-03-23,10.886479377746582,1454.7633056640625
2016-03-24,10.766295433044434,1466.956787109375
2016-03-28,10.936553001403809,1405.0518798828125
2016-03-29,10.771302223205566,1427.562744140625
2016-03-30,10.961593627929688,1406.927734375
2016-03-31,10.410758972167969,1331.8917236328125
2016-04-01,10.616070747375488,1292.4976806640625
2016-04-04,10.310606956481934,1136.797607421875
2016-04-05,10.25051498413086,1184.6331787109375
2016-04-06,9.92502212524414,1186.509033203125
2016-04-07,10.210456848144531,1206.2060546875
2016-04-08,10.616070747375488,1197.764404296875
2016-04-11,10.22547435760498,1150.866943359375
2016-04-12,10.475854873657227,1191.1988525390625
2016-04-13,10.896495819091797,1289.683837890625
2016-04-14,10.85142707824707,1224.027099609375
2016-04-15,10.891485214233398,1271.8626708984375
2016-04-18,10.716218948364258,1270.9246826171875
2016-04-19,10.696191787719727,1275.614501953125
2016-04-20,10.440803527832031,1299.063232421875
2016-04-22,9.9486722946167,1296.2493896484375
2016-04-25,9.827409744262695,1276.5523681640625
2016-04-26,9.999202728271484,1307.5048828125
2016-04-27,10.378149032592773,1336.5814208984375
2016-04-28,10.504467964172363,1330.015625
2016-04-29,10.494359970092773,1284.9940185546875
2016-05-02,10.645938873291016,1302.8150634765625
2016-05-03,10.610572814941406,1299.063232421875
2016-05-04,10.726784706115723,1294.37353515625
2016-05-05,10.504467964172363,1277.4903564453125
2016-05-06,10.38320255279541,1165.8741455078125
2016-05-09,10.362993240356445,1031.7470703125
2016-05-10,10.741938591003418,1027.0572509765625
2016-05-11,10.762153625488281,1014.8638305664062
2016-05-12,11.21689224243164,985.7874145507812
2016-05-13,11.2522611618042,887.3024291992188
2016-05-16,11.24215316772461,970.7802124023438
2016-05-17,11.040047645568848,969.8422241210938
2016-05-18,10.898571968078613,973.5940551757812
2016-05-19,10.726784706115723,996.1049194335938
2016-05-20,10.88846492767334,1043.9404296875
2016-05-23,10.86320686340332,1030.80908203125
2016-05-24,10.8126802444458,980.15966796875
2016-05-25,10.458995819091797,984.8494873046875
2016-05-27,10.388256072998047,1018.6157836914062
2016-05-30,10.35793685913086,1027.0572509765625
2016-05-31,10.56004524230957,928.5723266601562
2016-06-01,10.736888885498047,891.0542602539062
2016-06-02,11.06531047821045,885.426513671875
2016-06-03,11.141101837158203,871.3572387695312
2016-06-06,11.21689224243164,844.1566772460938
2016-06-07,11.368467330932617,837.5910034179688
2016-06-08,11.444259643554688,891.0542602539062
2016-06-09,11.42404842376709,904.1856079101562
2016-06-10,11.262362480163574,877.9229736328125
2016-06-13,11.24215316772461,860.101806640625
2016-06-14,11.0451021194458,853.5361938476562
2016-06-15,11.20678424835205,862.9156494140625
2016-06-16,11.338151931762695,872.2952270507812
2016-06-17,11.585735321044922,873.233154296875
2016-06-20,11.66152286529541,910.751220703125
2016-06-21,12.000051498413086,918.2548828125
2016-06-22,11.686784744262695,920.1307983398438
2016-06-23,11.90677547454834,915.4409790039062
2016-06-24,11.638236045837402,897.6199340820312
2016-06-27,11.410234451293945,854.47412109375
2016-06-28,11.536904335021973,864.7916259765625
2016-06-29,11.815573692321777,872.2952270507812
2016-06-30,12.003042221069336,881.6747436523438
2016-07-01,12.185441017150879,868.5433959960938
2016-07-04,12.403310775756836,881.6747436523438
2016-07-05,12.28677749633789,992.35302734375
2016-07-06,12.276641845703125,1064.5753173828125
2016-07-07,12.388114929199219,1039.2506103515625
2016-07-08,12.920117378234863,1086.148193359375
2016-07-11,13.173453330993652,1145.2391357421875
2016-07-12,13.224115371704102,1139.6114501953125
2016-07-13,13.173453330993652,1189.3228759765625
2016-07-14,13.07211685180664,1219.33740234375
2016-07-15,13.198785781860352,1266.2349853515625
2016-07-18,13.457186698913574,1256.85546875
2016-07-19,13.426787376403809,1303.7530517578125
2016-07-20,13.563587188720703,1322.5120849609375
2016-07-21,13.45212173461914,1280.3043212890625
2016-07-22,13.680121421813965,1256.85546875
2016-07-25,13.198785781860352,1209.9578857421875
2016-07-26,13.203853607177734,1172.439697265625
2016-07-27,13.502789497375488,1185.5711669921875
2016-07-28,13.685189247131348,1207.14404296875
2016-07-29,13.811861038208008,1219.33740234375
2016-08-01,13.918258666992188,1266.2349853515625
2016-08-02,13.730792999267578,1238.096435546875
2016-08-03,13.568656921386719,1261.5452880859375
2016-08-04,13.781458854675293,1275.614501953125
2016-08-05,13.70038890838623,1292.4976806640625
2016-08-08,13.629460334777832,1228.7169189453125
2016-08-09,13.675057411193848,1266.2349853515625
2016-08-10,13.512923240661621,1266.2349853515625
2016-08-11,13.680121421813965,1292.4976806640625
2016-08-12,13.685189247131348,1312.1947021484375
2016-08-15,13.730792999267578,1425.686767578125
2016-08-16,13.568656921386719,1482.90185546875
2016-08-17,13.376118659973145,1498.8470458984375
2016-08-18,13.056920051574707,1505.4127197265625
2016-08-19,13.00118637084961,1538.240966796875
2016-08-22,12.970786094665527,1515.7301025390625
2016-08-23,12.4387788772583,1508.2265625
2016-08-24,12.590777397155762,1513.854248046875
2016-08-25,12.996119499206543,1526.985595703125
2016-08-26,12.818784713745117,1529.7994384765625
2016-08-29,13.016386985778809,1590.766357421875
2016-08-30,12.920117378234863,1550.4344482421875
2016-08-31,12.985984802246094,1533.55126953125
2016-09-01,12.737716674804688,1528.861572265625
2016-09-02,13.107585906982422,1547.62060546875
2016-09-05,13.041719436645508,1582.3248291015625
2016-09-06,13.274789810180664,1572.9453125
2016-09-08,13.122781753540039,1587.9525146484375
2016-09-09,12.666781425476074,1529.7994384765625
2016-09-12,12.768115997314453,1547.62060546875
2016-09-13,12.469175338745117,1511.9783935546875
2016-09-14,12.509713172912598,1505.4127197265625
2016-09-15,12.590777397155762,1493.2193603515625
2016-09-16,12.47424602508545,1549.4964599609375
2016-09-19,12.555315017700195,1549.4964599609375
2016-09-20,12.727581024169922,1538.240966796875
2016-09-21,12.595846176147461,1547.62060546875
2016-09-22,12.77824878692627,1542.930908203125
2016-09-23,12.77824878692627,1500.7230224609375
2016-09-26,12.626243591308594,1499.7850341796875
2016-09-27,12.849713325500488,1500.7230224609375
2016-09-28,12.95641040802002,1510.1024169921875
2016-09-29,12.544855117797852,1467.8946533203125
2016-09-30,12.433074951171875,1496.033203125
2016-10-03,12.687121391296387,1545.7447509765625
2016-10-04,12.326375961303711,1542.930908203125
2016-10-05,12.671878814697266,1594.51806640625
2016-10-06,12.702367782592773,1596.3941650390625
2016-10-07,13.007220268249512,1599.2080078125
2016-10-10,13.108840942382812,1536.3651123046875
2016-10-11,12.95641040802002,1496.97119140625
2016-10-13,13.200298309326172,1456.63916015625
2016-10-14,13.362887382507324,1463.204833984375
2016-10-17,13.515317916870117,1519.4820556640625
2016-10-18,13.723633766174316,1579.510986328125
2016-10-19,13.698226928710938,1596.3941650390625
2016-10-20,13.718552589416504,1617.9669189453125
2016-10-21,13.667752265930176,1640.477783203125
2016-10-24,13.667752265930176,1622.65673828125
2016-10-25,13.672821998596191,1568.2554931640625
2016-10-26,13.59152889251709,1570.1314697265625
2016-10-27,13.41369915008545,1519.4820556640625
2016-10-28,13.464509963989258,1469.7706298828125
2016-10-31,13.718552589416504,1470.70849609375
2016-11-01,13.312076568603516,1391.9205322265625
2016-11-03,12.71252727508545,1300.001220703125
2016-11-04,12.341614723205566,1327.2017822265625
2016-11-07,12.74809455871582,1383.4788818359375
2016-11-08,12.646472930908203,1388.1688232421875
2016-11-09,12.44831657409668,1360.0302734375
2016-11-10,11.838603019714355,1253.103759765625
2016-11-11,11.574395179748535,1059.8856201171875
2016-11-14,11.8030366897583,1050.506103515625
2016-11-16,11.940223693847656,1040.1885986328125
2016-11-17,11.604881286621094,1044.87841796875
2016-11-18,11.584555625915527,1041.12646484375
2016-11-21,11.65061092376709,1031.7470703125
2016-11-22,11.65061092376709,1009.2361450195312
2016-11-23,11.406722068786621,987.663330078125
2016-11-24,11.609956741333008,998.9187622070312
2016-11-25,11.559152603149414,962.338623046875
2016-11-28,11.904654502868652,929.51025390625
2016-11-29,11.3914794921875,1003.6084594726562
2016-11-30,11.421965599060059,1062.699462890625
2016-12-01,11.01548957824707,1017.6777954101562
2016-12-02,11.076462745666504,968.9042358398438
2016-12-05,11.020570755004883,919.1928100585938
2016-12-06,11.0612211227417,942.6416015625
2016-12-07,11.340673446655273,1015.8019409179688
2016-12-08,11.355915069580078,981.0975952148438
2016-12-09,11.452449798583984,976.4078979492188
2016-12-12,11.294942855834961,937.9518432617188
2016-12-13,11.584555625915527,970.7802124023438
2016-12-14,11.533748626708984,973.5940551757812
2016-12-15,11.442290306091309,971.7181396484375
2016-12-16,11.550661087036133,1058.9476318359375
2016-12-19,11.499688148498535,994.2289428710938
2016-12-20,11.153066635131836,976.4078979492188
2016-12-21,10.989946365356445,975.4699096679688
2016-12-22,10.882904052734375,937.9518432617188
2016-12-23,10.964460372924805,944.5175170898438
2016-12-26,11.112286567687988,967.96630859375
2016-12-27,11.520076751708984,952.0211181640625
2016-12-28,11.846304893493652,951.0831909179688
2016-12-29,11.810625076293945,956.7109375
2017-01-02,11.79533576965332,956.7109375
2017-01-03,12.157247543334961,981.0975952148438
2017-01-04,12.050203323364258,1003.6084594726562
2017-01-05,11.93806266784668,1033.6229248046875
2017-01-06,11.800430297851562,1001.7326049804688
2017-01-09,11.698482513427734,1010.1741333007812
2017-01-10,11.67299747467041,998.9187622070312
2017-01-11,11.678093910217285,1012.9879760742188
2017-01-12,12.457989692687988,1112.410888671875
2017-01-13,12.289780616760254,1125.542236328125
2017-01-16,12.289780616760254,1117.1005859375
2017-01-17,12.162346839904785,1103.9693603515625
2017-01-18,12.131762504577637,1103.9693603515625
2017-01-19,12.055299758911133,1107.72119140625
2017-01-20,12.23880386352539,1111.472900390625
2017-01-23,12.631305694580078,1120.8525390625
2017-01-24,12.350943565368652,1150.866943359375
2017-01-26,12.62620735168457,1190.2608642578125
2017-01-27,12.677180290222168,1165.8741455078125
2017-01-30,12.335659980773926,1133.9837646484375
2017-01-31,12.172541618347168,1125.542236328125
2017-02-01,12.116471290588379,1151.804931640625
2017-02-02,12.12156867980957,1143.36328125
2017-02-03,12.570134162902832,1148.9910888671875
2017-02-06,12.264290809631348,1169.6258544921875
2017-02-07,12.233713150024414,1172.439697265625
2017-02-08,12.055299758911133,1284.9940185546875
2017-02-09,12.131762504577637,1210.8958740234375
2017-02-10,12.60072135925293,1234.3446044921875
2017-02-13,12.65678882598877,1224.027099609375
2017-02-14,12.947338104248047,1219.33740234375
2017-02-15,13.197114944458008,1228.7169189453125
2017-02-16,13.197114944458008,1210.8958740234375
2017-02-17,13.151236534118652,1200.578369140625
2017-02-20,13.25318431854248,1200.578369140625
2017-02-21,13.436689376831055,1233.40673828125
2017-02-22,13.599806785583496,1200.578369140625
2017-02-23,13.553935050964355,1167.75
2017-02-24,13.02380657196045,1153.6807861328125
2017-03-01,13.319446563720703,1194.0126953125
2017-03-02,13.141042709350586,1204.3302001953125
2017-03-03,13.283768653869629,1205.2681884765625
2017-03-06,13.441787719726562,1200.578369140625
2017-03-07,13.20220947265625,1222.1512451171875
2017-03-08,13.090071678161621,1200.578369140625
2017-03-09,13.20220947265625,1139.6114501953125
2017-03-10,13.375523567199707,1073.0169677734375
2017-03-13,13.742531776428223,1129.2940673828125
2017-03-14,13.457079887390137,1137.735595703125
2017-03-15,13.869966506958008,1116.1627197265625
2017-03-16,13.762923240661621,1134.9217529296875
2017-03-17,13.457079887390137,1115.2247314453125
2017-03-20,13.666071891784668,1124.6043701171875
2017-03-21,13.50295639038086,1118.9765625
2017-03-22,13.352038383483887,1127.418212890625
2017-03-23,13.392928123474121,1151.804931640625
2017-03-24,13.95522403717041,1141.4874267578125
2017-03-27,13.730306625366211,1132.3104248046875
2017-03-28,13.980783462524414,1129.42919921875
2017-03-29,14.26193618774414,1142.8746337890625
2017-03-30,14.221039772033691,1147.6766357421875
2017-03-31,14.21081829071045,1186.0926513671875
2017-04-03,14.180144309997559,1200.4986572265625
2017-04-04,14.2312650680542,1205.300537109375
2017-04-05,14.497085571289062,1193.77587890625
2017-04-06,14.415288925170898,1174.56787109375
2017-04-07,14.512412071228027,1170.7261962890625
2017-04-10,14.76289176940918,1158.2410888671875
2017-04-11,14.665766716003418,1133.270751953125
2017-04-12,14.839567184448242,1140.953857421875
2017-04-13,14.824234008789062,1153.4390869140625
2017-04-17,15.03381633758545,1180.3302001953125
2017-04-18,15.15650749206543,1243.716552734375
2017-04-19,14.696439743041992,1279.2513427734375
2017-04-20,14.916971206665039,1295.578125
2017-04-24,15.05556583404541,1322.46923828125
2017-04-25,15.091496467590332,1336.8753662109375
2017-04-26,14.762975692749023,1325.3504638671875
2017-04-27,14.834839820861816,1277.33056640625
2017-04-28,15.183890342712402,1285.013671875
2017-05-02,15.450814247131348,1362.8060302734375
2017-05-03,15.491884231567383,1383.934814453125
2017-05-04,15.43747329711914,1344.5584716796875
2017-05-05,15.301952362060547,1383.934814453125
2017-05-08,15.37536334991455,1366.647705078125
2017-05-09,15.872251510620117,1390.6575927734375
2017-05-10,16.572410583496094,1459.8062744140625
2017-05-11,16.5441837310791,1440.598388671875
2017-05-12,16.572410583496094,1282.132568359375
2017-05-15,16.374792098999023,1239.875
2017-05-16,16.43125343322754,1286.9345703125
2017-05-17,16.250564575195312,1261.9642333984375
2017-05-18,14.991401672363281,1120.7855224609375
2017-05-19,15.189032554626465,1180.3302001953125
2017-05-22,14.387227058410645,1205.300537109375
2017-05-23,15.019630432128906,1247.55810546875
2017-05-24,15.471351623535156,1238.91455078125
2017-05-25,15.189032554626465,1257.1622314453125
2017-05-26,15.324541091918945,1277.33056640625
2017-05-29,15.324541091918945,1277.33056640625
2017-05-30,15.183380126953125,1243.716552734375
2017-05-31,14.889760971069336,1212.9837646484375
2017-06-01,14.929290771484375,1210.1025390625
2017-06-02,15.160797119140625,1206.260986328125
2017-06-05,15.189032554626465,1219.7066650390625
2017-06-06,15.268075942993164,1220.6669921875
2017-06-07,15.471351623535156,1233.1522216796875
2017-06-08,15.52216911315918,1234.1126708984375
2017-06-09,15.572985649108887,1224.5086669921875
2017-06-12,15.166435241699219,1256.2017822265625
2017-06-13,15.172093391418457,1279.2513427734375
2017-06-14,15.35842227935791,1248.5185546875
2017-06-15,15.35842227935791,1248.5185546875
2017-06-16,15.3866548538208,1218.7462158203125
2017-06-19,15.697206497192383,1206.260986328125
2017-06-20,15.234200477600098,1169.765869140625
2017-06-21,14.934932708740234,1131.3499755859375
2017-06-22,14.997045516967773,1104.458740234375
2017-06-23,15.008339881896973,1114.062744140625
2017-06-26,15.226120948791504,1138.0726318359375
2017-06-27,15.067630767822266,1121.7459716796875
2017-06-28,15.095926284790039,1088.1319580078125
2017-06-29,15.15253734588623,1092.9339599609375
2017-06-30,15.49780559539795,1123.666748046875
2017-07-03,15.594029426574707,1126.5479736328125
2017-07-04,15.49780559539795,1125.5875244140625
2017-07-05,15.724218368530273,1109.2607421875
2017-07-06,15.514787673950195,1104.458740234375
2017-07-07,15.554408073425293,1084.2904052734375
2017-07-10,15.792141914367676,1116.9439697265625
2017-07-11,15.933650016784668,1126.5479736328125
2017-07-12,16.38646697998047,1176.4886474609375
2017-07-13,16.720428466796875,1184.171875
2017-07-14,16.38646697998047,1224.5086669921875
2017-07-17,16.1883602142334,1201.4591064453125
2017-07-18,16.07515525817871,1200.4986572265625
2017-07-19,16.007234573364258,1180.3302001953125
2017-07-20,16.165719985961914,1205.300537109375
2017-07-21,16.52798080444336,1206.260986328125
2017-07-24,16.901554107666016,1241.7957763671875
2017-07-25,17.094005584716797,1239.875
2017-07-26,16.52798080444336,1259.0830078125
2017-07-27,16.67514991760254,1277.33056640625
2017-07-28,16.714763641357422,1296.53857421875
2017-07-31,16.584579467773438,1277.33056640625
2017-08-01,16.963817596435547,1284.0533447265625
2017-08-02,16.980796813964844,1315.7464599609375
2017-08-03,16.878910064697266,1306.142578125
2017-08-04,16.5562744140625,1306.142578125
2017-08-07,16.748720169067383,1286.9345703125
2017-08-08,17.009090423583984,1285.013671875
2017-08-09,17.10532569885254,1258.12255859375
2017-08-10,17.1223087310791,1229.3106689453125
2017-08-11,17.20720863342285,1351.28125
2017-08-14,17.405319213867188,1430.994384765625
2017-08-15,17.546825408935547,1455.9647216796875
2017-08-16,17.410974502563477,1464.6083984375
2017-08-17,17.263809204101562,1594.26220703125
2017-08-18,17.110990524291992,1774.817138671875
2017-08-21,16.822311401367188,1735.4407958984375
2017-08-22,17.037399291992188,1767.1339111328125
2017-08-23,17.546825408935547,1815.1539306640625
2017-08-24,17.44493865966797,1831.480712890625
2017-08-25,17.580785751342773,1789.2232666015625
2017-08-28,17.44493865966797,1800.7479248046875
2017-08-29,17.546825408935547,1798.8271484375
2017-08-30,17.490222930908203,1786.342041015625
2017-08-31,17.320417404174805,1775.777587890625
2017-09-01,17.57512855529785,1770.9755859375
2017-09-04,17.767576217651367,1810.3519287109375
2017-09-05,18.11284637451172,1814.193603515625
2017-09-06,18.780763626098633,1830.5203857421875
2017-09-07,18.780763626098633,1830.5203857421875
2017-09-08,18.910947799682617,1824.7579345703125
2017-09-11,19.06943130493164,1810.3519287109375
2017-09-12,19.584518432617188,1784.421142578125
2017-09-13,19.403390884399414,1773.8568115234375
2017-09-14,19.39773178100586,1911.19384765625
2017-09-15,20.088279724121094,2047.5704345703125
2017-09-18,20.263750076293945,2012.03564453125
2017-09-19,19.75432586669922,1990.906982421875
2017-09-20,19.658100128173828,1962.094970703125
2017-09-21,19.590181350708008,1968.81787109375
2017-09-22,19.590181350708008,1990.906982421875
2017-09-25,19.567718505859375,1917.9166259765625
2017-09-26,19.6925048828125,1872.77783203125
2017-09-27,19.567718505859375,1927.5206298828125
2017-09-28,19.856990814208984,1932.3226318359375
2017-09-29,20.45252227783203,2030.283447265625
2017-10-02,20.475215911865234,2189.709716796875
2017-10-03,21.15582847595215,2372.185302734375
2017-10-04,21.172847747802734,2465.343994140625
2017-10-05,21.03672218322754,2333.76953125
2017-10-06,20.991350173950195,2348.17529296875
2017-10-09,21.014034271240234,2303.9970703125
2017-10-10,21.201204299926758,2398.1162109375
2017-10-11,21.03672218322754,2295.353271484375
2017-10-12,21.03672218322754,2295.353271484375
2017-10-13,20.872236251831055,2040.84765625
2017-10-16,20.639694213867188,1957.29296875
2017-10-17,20.390134811401367,1847.8074951171875
2017-10-18,21.269268035888672,2009.154541015625
2017-10-19,20.83820343017578,2056.214111328125
2017-10-20,20.928955078125,2161.85791015625
2017-10-23,20.51491355895996,2106.15478515625
2017-10-24,21.042396545410156,2158.976806640625
2017-10-25,21.32598114013672,2231.967041015625
2017-10-26,20.599994659423828,2163.77880859375
2017-10-27,20.259687423706055,2100.392333984375
2017-10-30,19.959077835083008,2017.798095703125
2017-10-31,19.556377410888672,2038.927001953125
2017-11-01,19.488323211669922,2136.887451171875
2017-11-02,19.488323211669922,2136.887451171875
2017-11-03,19.596080780029297,1993.7882080078125
2017-11-06,20.305055618286133,1907.3521728515625
2017-11-07,19.720867156982422,1724.87646484375
2017-11-08,20.282377243041992,1807.470703125
2017-11-09,19.562049865722656,1760.4112548828125
2017-11-10,19.040246963500977,1703.7476806640625
2017-11-13,19.000537872314453,1735.4407958984375
2017-11-14,18.819046020507812,1796.90625
2017-11-15,18.819046020507812,1796.90625
2017-11-16,19.545040130615234,1853.5699462890625
2017-11-17,19.93071746826172,1837.2430419921875
2017-11-20,19.93071746826172,1837.2430419921875
2017-11-21,20.38446617126465,1785.381591796875
2017-11-22,19.93639373779297,1726.7972412109375
2017-11-23,19.737876892089844,1690.3021240234375
2017-11-24,19.624441146850586,1673.014892578125
2017-11-27,19.471309661865234,1697.0247802734375
2017-11-28,19.834299087524414,1756.5697021484375
2017-11-29,19.397565841674805,1690.3021240234375
2017-11-30,19.244428634643555,1650.92578125
2017-12-01,19.30681800842285,1622.11376953125
2017-12-04,19.125322341918945,1565.4501953125
2017-12-05,18.938154220581055,1532.796630859375
2017-12-06,19.511009216308594,1606.7474365234375
2017-12-07,19.420259475708008,1565.4501953125
2017-12-08,19.567718505859375,1632.6781005859375
2017-12-11,19.53936004638672,1630.75732421875
2017-12-12,19.681161880493164,1613.47021484375
2017-12-13,19.250099182128906,1632.6781005859375
2017-12-14,18.94949722290039,1623.0740966796875
2017-12-15,18.773670196533203,1644.2030029296875
2017-12-18,18.711278915405273,1771.9359130859375
2017-12-19,18.76799964904785,1738.322021484375
2017-12-20,19.094463348388672,1728.718017578125
2017-12-21,19.333219528198242,1772.8963623046875
2017-12-22,19.156993865966797,1813.233154296875
2017-12-25,19.156993865966797,1813.233154296875
2017-12-26,19.679977416992188,1867.015380859375
2017-12-27,20.180206298828125,1965.9366455078125
2017-12-28,20.17453384399414,1968.81787109375
2017-12-29,20.17453384399414,1968.81787109375
2018-01-02,20.09494400024414,1920.7978515625
2018-01-03,20.350749969482422,1905.431396484375
2018-01-04,20.46444320678711,1957.29296875
2018-01-05,20.339380264282227,1920.7978515625
2018-01-08,20.23706817626953,1905.431396484375
2018-01-09,20.356443405151367,1906.391845703125
2018-01-10,19.81071662902832,1843.0054931640625
2018-01-11,19.8959903717041,1812.272705078125
2018-01-12,20.066526412963867,1782.5003662109375
2018-01-15,20.578128814697266,1825.7183837890625
2018-01-16,20.646347045898438,1820.9163818359375
2018-01-17,21.16364860534668,1824.7579345703125
2018-01-18,20.947628021240234,1798.8271484375
2018-01-19,20.794147491455078,1818.99560546875
2018-01-22,20.697511672973633,1877.579833984375
2018-01-23,20.24274444580078,1848.7679443359375
2018-01-24,21.175018310546875,1957.29296875
2018-01-25,21.175018310546875,1957.29296875
2018-01-26,21.720735549926758,1993.7882080078125
2018-01-29,21.243227005004883,1949.6097412109375
2018-01-30,21.3171329498291,1940.0057373046875
2018-01-31,21.52177619934082,2040.84765625
2018-02-01,21.42513084411621,2150.3330078125
2018-02-02,21.180700302124023,2098.4716796875
2018-02-05,20.447389602661133,2039.887451171875
2018-02-06,20.66908836364746,2060.0556640625
2018-02-07,19.981258392333984,2106.15478515625
2018-02-08,19.77092170715332,2108.07568359375
2018-02-09,18.855710983276367,1960.1741943359375
2018-02-14,19.270679473876953,2008.194091796875
2018-02-15,19.8959903717041,2081.184326171875
2018-02-16,19.662919998168945,2136.887451171875
2018-02-19,19.60607147216797,2228.12548828125
2018-02-20,19.702713012695312,2290.55126953125
2018-02-21,19.83913803100586,2280.947265625
2018-02-22,20.595190048217773,2293.4326171875
2018-02-23,20.680456161499023,2313.60107421875
2018-02-26,20.390544891357422,2284.7890625
2018-02-27,19.702713012695312,2315.521728515625
2018-02-28,19.62312126159668,2284.7890625
2018-03-01,19.725448608398438,2258.8583984375
2018-03-02,20.066526412963867,2295.353271484375
2018-03-05,19.844829559326172,2316.482177734375
2018-03-06,19.611764907836914,2369.30419921875
2018-03-07,19.668601989746094,2399.07666015625
2018-03-08,19.69703483581543,2170.50146484375
2018-03-09,20.362117767333984,2252.135498046875
2018-03-12,20.418970108032227,2309.759521484375
2018-03-13,20.16316032409668,2289.591064453125
2018-03-14,20.106307983398438,2304.95751953125
2018-03-15,20.151792526245117,2439.413330078125
2018-03-16,20.038103103637695,2516.2451171875
2018-03-19,19.611764907836914,2579.631591796875
2018-03-20,19.384376525878906,2663.186279296875
2018-03-21,19.414546966552734,2689.116943359375
2018-03-22,19.96712875366211,2666.0673828125
2018-03-23,19.454421997070312,2592.11669921875
2018-03-26,19.5341796875,2503.760009765625
2018-03-27,19.084135055541992,2363.541748046875
2018-03-28,19.015779495239258,2362.581298828125
2018-03-29,19.5683650970459,2462.462890625
2018-04-02,19.437334060668945,2394.274658203125
2018-04-03,19.2436466217041,2449.017333984375
2018-04-04,19.32909393310547,2376.9873046875
2018-04-05,19.460126876831055,2434.611328125
2018-04-06,19.306310653686523,2361.620849609375
2018-04-09,18.856271743774414,2388.51220703125
2018-04-10,18.57712173461914,2361.620849609375
2018-04-11,18.37204360961914,2353.937744140625
2018-04-12,18.88475227355957,2511.443115234375
2018-04-13,18.98729133605957,2505.6806640625
2018-04-16,18.90753746032715,2554.6611328125
2018-04-17,18.992984771728516,2641.096923828125
2018-04-18,19.175277709960938,2703.52294921875
2018-04-19,19.03856086730957,2856.226318359375
2018-04-20,18.91571807861328,3015.652587890625
2018-04-23,19.0987491607666,3072.316162109375
2018-04-24,18.875675201416016,2958.02880859375
2018-04-25,18.32084083557129,2933.058349609375
2018-04-26,18.458126068115234,2906.1669921875
2018-04-27,18.78987693786621,2869.671875
2018-04-30,18.652597427368164,2775.552734375
2018-05-02,18.383764266967773,2667.02783203125
2018-05-03,18.446687698364258,2652.621826171875
2018-05-04,19.447669982910156,2769.790283203125
2018-05-07,19.379032135009766,2771.711181640625
2018-05-08,19.224584579467773,2713.126953125
2018-05-09,18.835636138916016,2614.2060546875
2018-05-10,18.932880401611328,2703.52294921875
2018-05-11,18.315120697021484,2921.533447265625
2018-05-14,18.126367568969727,2861.98876953125
2018-05-15,17.502899169921875,2709.285400390625
2018-05-16,17.760292053222656,2744.820068359375
2018-05-17,17.382780075073242,2575.789794921875
2018-05-18,17.22834587097168,2555.621337890625
2018-05-21,17.291263580322266,2577.710693359375
2018-05-22,18.137807846069336,2666.0673828125
2018-05-23,17.674497604370117,2593.0771484375
2018-05-24,18.246492385864258,2528.73046875
2018-05-25,17.731700897216797,2429.809326171875
2018-05-28,17.153987884521484,2266.54150390625
2018-05-29,16.759315490722656,2278.066162109375
2018-05-30,16.970949172973633,2434.611328125
2018-06-01,17.211183547973633,2482.631103515625
2018-06-04,17.251220703125,2680.473388671875
2018-06-05,16.662076950073242,2569.067138671875
2018-06-06,16.581993103027344,2390.432861328125
2018-06-07,16.507638931274414,2208.91748046875
2018-06-08,16.730709075927734,2337.61083984375
2018-06-11,16.593435287475586,2410.60107421875
2018-06-12,16.902313232421875,2376.9873046875
2018-06-13,16.450439453125,2449.017333984375
2018-06-14,16.18732452392578,2569.067138671875
2018-06-15,16.050045013427734,2465.343994140625
2018-06-18,15.952803611755371,2379.86865234375
2018-06-19,16.30744171142578,2520.086669921875
2018-06-20,16.759315490722656,2668.94873046875
2018-06-21,16.341758728027344,2463.42333984375
2018-06-22,16.233083724975586,2500.878662109375
2018-06-25,16.343902587890625,2462.462890625
2018-06-26,16.745336532592773,2459.581787109375
2018-06-27,15.896595001220703,2429.809326171875
2018-06-28,16.343902587890625,2497.037109375
2018-06-29,16.842819213867188,2583.47314453125
2018-07-02,16.630638122558594,2577.710693359375
2018-07-03,17.2041015625,2660.304931640625
2018-07-04,17.118091583251953,2785.15673828125
2018-07-05,17.146757125854492,2721.7705078125
2018-07-06,17.146757125854492,2720.81005859375
2018-07-10,17.490840911865234,2668.94873046875
2018-07-11,17.146757125854492,2566.185791015625
2018-07-12,17.186901092529297,2693.9189453125
2018-07-13,17.58833122253418,2758.265625
2018-07-16,17.25571632385254,2722.73095703125
2018-07-17,17.56539535522461,2789.958740234375
2018-07-18,17.28438949584961,2744.820068359375
2018-07-19,17.892269134521484,2850.4638671875
2018-07-20,18.224876403808594,2956.10791015625
2018-07-23,17.594064712524414,2852.384765625
2018-07-24,18.167539596557617,2827.414306640625
2018-07-25,18.207679748535156,2842.78076171875
2018-07-26,18.115921020507812,2818.77099609375
2018-07-27,17.51951789855957,2744.820068359375
2018-07-30,17.892269134521484,2741.93896484375
2018-07-31,17.708763122558594,2703.52294921875
2018-08-01,17.725967407226562,2770.750732421875
2018-08-02,17.456436157226562,2866.790771484375
2018-08-03,17.932411193847656,3054.068603515625
2018-08-06,17.875064849853516,3116.494384765625
2018-08-07,17.86359405517578,3076.15771484375
2018-08-08,17.806245803833008,2958.02880859375
2018-08-09,17.559661865234375,2881.19677734375
2018-08-10,16.951780319213867,2621.888916015625
2018-08-13,17.313060760498047,2733.29541015625
2018-08-14,17.381881713867188,2890.80078125
2018-08-15,17.1926326751709,2766.9091796875
2018-08-16,17.112350463867188,2726.572509765625
2018-08-17,16.642107009887695,2627.6513671875
2018-08-20,17.003393173217773,2714.08740234375
2018-08-21,16.538881301879883,2516.2451171875
2018-08-22,16.871492385864258,2661.265380859375
2018-08-23,16.487268447875977,2559.463134765625
2018-08-24,16.481529235839844,2515.28466796875
2018-08-27,16.997657775878906,2587.314697265625
2018-08-28,16.72239112854004,2506.64111328125
2018-08-29,16.888700485229492,2491.274658203125
2018-08-30,16.194801330566406,2453.8193359375
2018-08-31,16.21773910522461,2537.3740234375
2018-09-03,16.05716323852539,2489.35400390625
2018-09-04,15.701614379882812,2333.76953125
2018-09-05,16.022756576538086,2386.59130859375
2018-09-06,16.527416229248047,2463.42333984375
2018-09-10,16.62489891052246,2505.6806640625
2018-09-11,16.343902587890625,2397.15576171875
2018-09-12,16.343902587890625,2369.30419921875
2018-09-13,15.999824523925781,2351.056396484375
2018-09-14,16.561819076538086,2304.95751953125
2018-09-17,17.27292251586914,2463.42333984375
2018-09-18,17.720230102539062,2583.47314453125
2018-09-19,17.089414596557617,2641.096923828125
2018-09-20,17.06073760986328,2687.196044921875
2018-09-21,17.892269134521484,2775.552734375
2018-09-24,17.720230102539062,2650.700927734375
2018-09-25,17.65105438232422,2632.453369140625
2018-09-26,17.51881217956543,2674.7109375
2018-09-27,18.02477264404297,2708.324951171875
2018-09-28,17.82353973388672,2660.304931640625
2018-10-01,17.84653663635254,2652.621826171875
2018-10-02,19.00218963623047,2842.78076171875
2018-10-03,19.60589599609375,2908.087890625
2018-10-04,19.686384201049805,2833.1767578125
2018-10-05,19.490901947021484,2924.41455078125
2018-10-08,20.69830322265625,3153.9501953125
2018-10-09,20.600561141967773,3137.623291015625
2018-10-10,20.123355865478516,2989.7216796875
2018-10-11,19.807125091552734,2979.157470703125
2018-10-15,19.807125091552734,2946.50390625
2018-10-16,20.468324661254883,3047.345703125
2018-10-17,20.238340377807617,3238.46533203125
2018-10-18,20.060100555419922,3288.406005859375
2018-10-19,19.870365142822266,3250.9501953125
2018-10-22,20.20384407043457,3399.81201171875
2018-10-23,20.382080078125,3380.604248046875
2018-10-24,20.123355865478516,3287.445556640625
2018-10-25,20.784542083740234,3327.7822265625
2018-10-26,21.221513748168945,3285.524658203125
2018-10-29,20.24984359741211,3100.167724609375
2018-10-30,21.96895408630371,3391.16845703125
2018-10-31,21.61823081970215,3313.376220703125
2018-11-01,21.865455627441406,3086.72216796875
2018-11-05,21.531986236572266,3144.345947265625
2018-11-06,21.416996002197266,3159.71240234375
2018-11-07,21.25025749206543,3023.3359375
2018-11-08,20.82479476928711,2950.345458984375
2018-11-09,21.15251350402832,3007.969482421875
2018-11-12,20.899534225463867,3181.801513671875
2018-11-13,21.445737838745117,3178.92041015625
2018-11-14,21.796464920043945,3294.168212890625
2018-11-16,22.54964828491211,3342.188232421875
2018-11-19,22.779634475708008,3390.2080078125
2018-11-21,22.336912155151367,3354.67333984375
2018-11-22,22.30817222595215,3465.119140625
2018-11-23,22.555395126342773,3582.2880859375
2018-11-26,21.865455627441406,3611.099853515625
2018-11-27,22.704891204833984,3634.1494140625
2018-11-28,22.71063232421875,3774.36767578125
2018-11-29,22.6761417388916,3719.625
2018-11-30,22.48065948486328,3675.446533203125
2018-12-03,22.52090072631836,3773.407470703125
2018-12-04,22.055192947387695,3783.9716796875
2018-12-05,22.653141021728516,3831.99169921875
2018-12-06,22.946365356445312,3770.526123046875
2018-12-07,22.50365447998047,3647.59521484375
2018-12-10,21.9919490814209,3574.604736328125
2018-12-11,22.641645431518555,3595.7333984375
2018-12-12,22.722137451171875,3601.495849609375
2018-12-13,22.802631378173828,3567.882080078125
2018-12-14,22.71063232421875,3611.099853515625
2018-12-17,22.30817222595215,3512.178955078125
2018-12-18,22.30817222595215,3520.822509765625
2018-12-19,22.348419189453125,3663.921630859375
2018-12-20,22.716386795043945,3778.20947265625
2018-12-21,23.745555877685547,3795.49658203125
2018-12-26,23.22809410095215,3649.515869140625
2018-12-27,23.74650001525879,3832.9521484375
2018-12-28,24.43221092224121,4035.59619140625
2019-01-02,25.094879150390625,4129.71533203125
2019-01-03,24.777950286865234,4171.97265625
2019-01-04,23.827171325683594,4033.67529296875
2019-01-07,23.27975082397461,3855.041259765625
2019-01-08,24.028852462768555,4033.67529296875
2019-01-09,24.547462463378906,4300.666015625
2019-01-10,24.582035064697266,4465.85498046875
2019-01-11,24.034616470336914,4329.478515625
2019-01-14,23.596677780151367,4379.41943359375
2019-01-15,23.510242462158203,4441.84521484375
2019-01-16,24.028852462768555,4601.271484375
2019-01-17,24.922008514404297,4489.86474609375
2019-01-18,25.267751693725586,4417.8349609375
2019-01-21,24.777950286865234,4273.77490234375
2019-01-22,24.43221092224121,4224.794921875
2019-01-23,24.88743782043457,4268.97314453125
2019-01-24,25.60772705078125,4380.37939453125
2019-01-28,26.085996627807617,4414.9541015625
2019-01-29,26.27039337158203,4590.70654296875
2019-01-30,26.17243003845215,4621.439453125
2019-01-31,26.21853256225586,4801.99462890625
2019-02-01,26.310733795166016,4617.59814453125
2019-02-04,26.50664520263672,4605.11279296875
2019-02-05,26.20124053955078,4417.8349609375
2019-02-06,24.898962020874023,4268.97314453125
2019-02-07,24.97962760925293,4235.359375
2019-02-08,25.06606674194336,4320.8349609375
2019-02-11,24.777950286865234,4259.369140625
2019-02-12,25.734495162963867,4456.2509765625
2019-02-13,25.06606674194336,4453.3701171875
2019-02-14,25.734495162963867,4561.89453125
2019-02-15,25.44061851501465,4547.48876953125
2019-02-18,25.492483139038086,4559.013671875
2019-02-19,25.699922561645508,4566.69677734375
2019-02-20,25.00844955444336,4321.794921875
2019-02-21,24.950822830200195,4250.7255859375
2019-02-22,25.75754737854004,4462.97412109375
2019-02-25,25.578916549682617,4535.9638671875
2019-02-26,25.584674835205078,4526.35986328125
2019-02-27,25.38300132751465,4638.72705078125
2019-02-28,24.939298629760742,4643.52880859375
2019-03-01,24.968103408813477,4735.72705078125
2019-03-06,25.060302734375,4625.28125
2019-03-07,24.66847038269043,4611.83544921875
2019-03-08,25.273515701293945,4792.390625
2019-03-11,26.293437957763672,4848.09375
2019-03-12,26.016855239868164,4600.310546875
2019-03-13,25.561628341674805,4444.72607421875
2019-03-14,25.46943473815918,4576.30078125
2019-03-15,25.34842300415039,4509.07275390625
2019-03-18,25.688398361206055,4663.697265625
2019-03-19,25.60772705078125,4792.390625
2019-03-20,25.354185104370117,4792.390625
2019-03-21,24.812524795532227,4489.86474609375
2019-03-22,24.62943458557129,4081.6953125
2019-03-25,24.2656192779541,3955.883056640625
2019-03-26,24.433094024658203,4053.843994140625
2019-03-27,23.682373046875,3760.922119140625
2019-03-28,24.42731475830078,3981.81396484375
2019-03-29,25.293529510498047,4054.80419921875
2019-04-01,25.28775978088379,4033.67529296875
2019-04-02,24.987470626831055,3965.487060546875
2019-04-03,24.947044372558594,3923.229736328125
2019-04-04,25.409029006958008,3945.318603515625
2019-04-05,25.409029006958008,3956.843505859375
2019-04-08,24.721832275390625,3759.961669921875
2019-04-09,24.565914154052734,3649.515869140625
2019-04-10,24.652528762817383,3519.862060546875
2019-04-11,24.19632339477539,3707.139892578125
2019-04-12,23.99998664855957,3611.099853515625
2019-04-15,23.849838256835938,3546.753173828125
2019-04-16,23.838293075561523,3417.099365234375
2019-04-17,23.613079071044922,3484.3271484375
2019-04-18,24.84309959411621,3639.911865234375
2019-04-22,25.385778427124023,3563.080078125
2019-04-23,25.385778427124023,3759.001220703125
2019-04-24,25.176654815673828,3615.90185546875
2019-04-25,26.634735107421875,3566.921630859375
2019-04-26,26.867109298706055,3578.446533203125
2019-04-29,27.041378021240234,3612.060302734375
2019-04-30,27.23307991027832,3673.52587890625
2019-05-02,26.556894302368164,3534.267822265625
2019-05-03,26.390756607055664,3661.040771484375
2019-05-06,26.17988395690918,3726.347900390625
2019-05-07,26.346025466918945,3561.1591796875
2019-05-08,26.95945930480957,3591.89208984375
2019-05-09,26.262950897216797,3471.842041015625
2019-05-10,26.45465850830078,3246.148193359375
2019-05-13,25.847606658935547,3102.088623046875
2019-05-14,25.59200096130371,3073.276611328125
2019-05-15,26.01374053955078,3104.969482421875
2019-05-16,25.368350982666016,3075.197265625
2019-05-17,25.176654815673828,3110.73193359375
2019-05-20,26.12237548828125,3256.712646484375
2019-05-21,26.838054656982422,3322.980224609375
2019-05-22,26.48021697998047,3198.12841796875
2019-05-23,26.397146224975586,3025.256591796875
2019-05-24,26.199052810668945,2922.493896484375
2019-05-27,26.56968116760254,2924.41455078125
2019-05-28,27.521785736083984,3116.494384765625
2019-05-29,27.540958404541016,3095.36572265625
2019-05-30,28.084108352661133,3113.61328125
2019-05-31,28.141613006591797,3015.652587890625
2019-06-03,28.052156448364258,2948.4248046875
2019-06-04,27.6431941986084,2929.216796875
2019-06-05,27.266191482543945,2879.276123046875
2019-06-06,27.540958404541016,2960.909912109375
2019-06-07,28.34609603881836,2983.95947265625
2019-06-10,28.608089447021484,3064.6328125
2019-06-11,28.92759132385254,3198.12841796875
2019-06-12,29.010663986206055,3055.02880859375
2019-06-13,29.23430633544922,3101.128173828125
2019-06-14,29.29182243347168,2991.642578125
2019-06-17,29.553815841674805,3018.533935546875
2019-06-18,29.713560104370117,3191.405517578125
2019-06-19,30.576221466064453,3279.76220703125
2019-06-21,30.02028465270996,3318.17822265625
2019-06-24,30.288660049438477,3255.752197265625
2019-06-25,29.541030883789062,3150.1083984375
2019-06-26,29.85316276550293,3149.14794921875
2019-06-27,29.993974685668945,3134.741943359375
2019-06-28,30.18600082397461,3142.42529296875
2019-07-01,29.71875,3074.23681640625
2019-07-02,29.90437126159668,3057.91015625
2019-07-03,30.154006958007812,3103.049072265625
2019-07-04,30.531644821166992,3292.24755859375
2019-07-05,31.043712615966797,3436.307373046875
2019-07-08,30.768478393554688,3502.574951171875
2019-07-10,31.26133155822754,3765.72412109375
2019-07-11,31.011707305908203,3795.49658203125
2019-07-12,30.429222106933594,3672.5654296875
2019-07-15,30.621259689331055,3565.961181640625
2019-07-16,30.717269897460938,3441.109375
2019-07-17,30.883691787719727,3540.99072265625
2019-07-18,31.107711791992188,3545.792724609375
2019-07-19,30.179597854614258,3455.51513671875
2019-07-22,30.435626983642578,3432.4658203125
2019-07-23,29.79555892944336,3363.317138671875
2019-07-24,29.90437126159668,3443.990478515625
2019-07-25,29.50753402709961,3408.455810546875
2019-07-26,30.320423126220703,3468.960693359375
2019-07-29,31.005294799804688,3548.674072265625
2019-07-30,31.082115173339844,3514.099609375
2019-07-31,30.378028869628906,3643.75341796875
2019-08-01,31.248533248901367,3654.31787109375
2019-08-02,31.81179428100586,3683.1298828125
2019-08-05,31.126914978027344,3504.49560546875
2019-08-06,32.259849548339844,3564.040283203125
2019-08-07,32.035831451416016,3395.010009765625
2019-08-08,32.336669921875,3592.852294921875
2019-08-09,32.298255920410156,4230.55712890625
2019-08-12,31.875804901123047,4144.12158203125
2019-08-13,32.16384506225586,4257.4482421875
2019-08-14,31.043712615966797,4244.96337890625
2019-08-15,30.870880126953125,4039.43798828125
2019-08-16,31.722185134887695,4076.893310546875
2019-08-19,31.619781494140625,4057.685302734375
2019-08-20,31.555767059326172,4182.53759765625
2019-08-21,32.087039947509766,4225.75537109375
2019-08-22,31.40215301513672,4135.4775390625
2019-08-23,30.755685806274414,4069.298095703125
2019-08-26,30.11559295654297,3989.62255859375
2019-08-27,30.3652286529541,4015.85693359375
2019-08-28,31.114116668701172,4315.12744140625
2019-08-29,32.119041442871094,4446.30078125
2019-08-30,32.35586166381836,4566.78662109375
2019-09-02,32.22145462036133,4547.35302734375
2019-09-03,31.84380531311035,4459.904296875
2019-09-04,32.336669921875,4573.587890625
2019-09-05,32.16384506225586,4527.92041015625
2019-09-06,31.984619140625,4479.33740234375
2019-09-09,31.677387237548828,4226.70703125
2019-09-10,31.651779174804688,4022.658935546875
2019-09-11,32.66310501098633,4153.83251953125
2019-09-12,32.20225143432617,4189.78369140625
2019-09-13,31.235733032226562,4056.666748046875
2019-09-16,31.171722412109375,4156.7470703125
2019-09-17,31.638980865478516,4217.96142578125
2019-09-18,31.81179428100586,4362.73876953125
2019-09-19,32.42626953125,4613.42626953125
2019-09-20,32.06782913208008,4617.31298828125
2019-09-23,31.651779174804688,4594.96484375
2019-09-24,31.683786392211914,4795.1259765625
2019-09-25,31.714933395385742,4615.36962890625
2019-09-26,32.09958267211914,4642.57568359375
2019-09-27,32.17011642456055,4744.60009765625
2019-09-30,32.35603332519531,4697.9599609375
2019-10-01,32.36885452270508,4723.22314453125
2019-10-02,31.099483489990234,4674.64013671875
2019-10-03,31.2725830078125,4673.66845703125
2019-10-04,31.387975692749023,4761.11767578125
2019-10-07,31.028968811035156,4748.486328125
2019-10-08,31.041797637939453,4631.8876953125
2019-10-09,31.36874008178711,4808.7294921875
2019-10-10,31.1507625579834,4770.83447265625
2019-10-11,32.240631103515625,5149.78076171875
2019-10-14,32.5227165222168,5246.9462890625
2019-10-15,32.888145446777344,5324.6787109375
2019-10-16,33.22792053222656,5453.90869140625
2019-10-17,33.189453125,5329.537109375
2019-10-18,32.888145446777344,5295.529296875
2019-10-21,33.39460372924805,5295.529296875
2019-10-22,33.279197692871094,5313.01904296875
2019-10-23,32.75349807739258,5282.8974609375
2019-10-24,31.586719512939453,5322.7353515625
2019-10-25,32.37525939941406,5244.03125
2019-10-28,32.086769104003906,5164.35546875
2019-10-29,32.18934631347656,5070.10498046875
2019-10-30,32.234222412109375,5142.97900390625
2019-10-31,32.535526275634766,4936.015625
2019-11-01,33.125343322753906,4968.08056640625
2019-11-04,32.72786331176758,4910.7529296875
2019-11-05,31.746986389160156,5106.05615234375
2019-11-06,32.304744720458984,5272.20947265625
2019-11-07,32.17652130126953,5159.4970703125
2019-11-08,31.362335205078125,5060.38818359375
2019-11-11,32.407310485839844,5159.4970703125
2019-11-12,31.74057960510254,5080.79296875
2019-11-13,31.599531173706055,5051.64306640625
2019-11-14,33.14458084106445,5267.35107421875
2019-11-18,32.740692138671875,5215.85302734375
2019-11-19,32.42655563354492,5243.0595703125
2019-11-21,32.73426818847656,5340.22509765625
2019-11-22,32.894554138183594,5439.33447265625
2019-11-25,32.888145446777344,5355.771484375
2019-11-26,32.70221710205078,5190.58984375
2019-11-27,32.79838943481445,5431.56103515625
2019-11-28,33.189453125,5359.65869140625
2019-11-29,33.20869827270508,5474.31396484375
2019-12-02,33.59333419799805,5713.34130859375
2019-12-03,33.747188568115234,5805.6484375
2019-12-04,33.913875579833984,5752.2080078125
2019-12-05,33.96516418457031,5781.357421875
2019-12-06,34.72167205810547,5966.94384765625
2019-12-09,33.913875579833984,5900.87109375
2019-12-10,33.792076110839844,5956.255859375
2019-12-11,34.26007843017578,5965.97216796875
2019-12-12,34.65114212036133,6277.8740234375
2019-12-13,34.77936553955078,6432.36767578125
2019-12-16,34.9075813293457,6465.40380859375
2019-12-17,34.70884323120117,6245.8095703125
2019-12-18,35.32429885864258,6206.943359375
2019-12-19,35.67047882080078,6200.1416015625
2019-12-20,35.71536636352539,6092.28759765625
2019-12-23,35.96538543701172,6082.5712890625
2019-12-26,36.50931930541992,6095.20263671875
2019-12-27,36.0150032043457,6063.1376953125
2019-12-30,36.07278060913086,6107.83447265625
2020-01-02,36.91377258300781,6333.2587890625
2020-01-03,36.656978607177734,6247.75244140625
2020-01-06,36.624881744384766,6208.88671875
2020-01-07,36.605613708496094,6193.33984375
2020-01-08,36.84315490722656,6275.9306640625
2020-01-09,36.5606803894043,6611.15234375
2020-01-10,36.676239013671875,6488.72314453125
2020-01-13,37.472286224365234,6720.94970703125
2020-01-14,36.99721908569336,6641.2734375
2020-01-15,36.75327682495117,6812.28515625
2020-01-16,37.048583984375,6836.57666015625
2020-01-17,38.017974853515625,6924.02587890625
2020-01-20,38.197723388671875,7353.498046875
2020-01-21,37.84464645385742,7439.00390625
2020-01-22,38.422420501708984,7370.01611328125
2020-01-23,39.077239990234375,7321.43310546875
2020-01-24,38.62784957885742,7214.55126953125
2020-01-27,37.79970932006836,7008.56005859375
2020-01-28,38.30686569213867,7292.28369140625
2020-01-29,38.51872634887695,7330.17822265625
2020-01-30,38.005126953125,7190.259765625
2020-01-31,36.88166427612305,6918.19580078125
2020-02-03,37.09352111816406,6939.572265625
2020-02-04,36.52858352661133,7136.818359375
2020-02-05,36.72117233276367,7141.67724609375
2020-02-06,35.450050354003906,6947.345703125
2020-02-07,35.67475128173828,6603.37890625
2020-02-10,35.283138275146484,6390.5859375
2020-02-11,36.26537322998047,6859.896484375
2020-02-12,36.36808395385742,6891.9609375
2020-02-13,36.791786193847656,7125.15869140625
2020-02-14,36.23969268798828,6859.896484375
2020-02-17,36.72117233276367,6961.92041015625
2020-02-18,36.49647903442383,6995.92822265625
2020-02-19,36.27820587158203,7112.52734375
2020-02-20,35.649078369140625,6897.791015625
2020-02-21,35.95079803466797,7069.77392578125
2020-02-26,33.800174713134766,6381.84130859375
2020-02-27,32.773006439208984,6093.25927734375
2020-02-28,34.21746826171875,6038.8466796875
2020-03-02,34.024864196777344,6155.4453125
2020-03-03,34.236717224121094,6462.48876953125
2020-03-04,35.01993179321289,6663.62158203125
2020-03-05,33.2545051574707,6058.279296875
2020-03-06,32.59967803955078,5466.54052734375
2020-03-09,29.53101348876953,4785.4091796875
2020-03-10,32.25942611694336,5336.3388671875
2020-03-11,30.230777740478516,5032.2099609375
2020-03-12,27.739900588989258,4178.1240234375
2020-03-13,30.03176498413086,5322.7353515625
2020-03-16,23.689010620117188,4809.70068359375
2020-03-17,24.74185562133789,5217.79638671875
2020-03-18,20.543315887451172,4955.44921875
2020-03-19,23.62481117248535,4729.05322265625
2020-03-20,22.134775161743164,4781.52294921875
2020-03-23,19.2979736328125,4405.49169921875
2020-03-24,21.221338272094727,5324.6787109375
2020-03-25,23.67218017578125,5829.9404296875
2020-03-26,24.887954711914062,5451.9658203125
2020-03-27,23.157569885253906,4982.65576171875
2020-03-30,22.958158493041992,4954.4775390625
2020-03-31,21.58799934387207,4663.9521484375
2020-04-01,20.745325088500977,4671.72509765625
2020-04-02,20.674562454223633,4833.0205078125
2020-04-03,19.915510177612305,4382.17138671875
2020-04-06,22.35348892211914,5231.39990234375
2020-04-07,23.800832748413086,5587.0263671875
2020-04-08,24.28327751159668,5965.00048828125
2020-04-09,23.530664443969727,5609.3740234375
2020-04-13,23.183300018310547,5664.7587890625
2020-04-14,23.1961669921875,5781.357421875
2020-04-15,22.99675750732422,6102.00439453125
2020-04-16,22.932430267333984,6285.64697265625
2020-04-17,24.12246322631836,6004.83837890625
2020-04-20,25.087364196777344,6282.732421875
2020-04-22,26.32887077331543,7360.29931640625
2020-04-23,25.37683868408203,7073.6611328125
2020-04-24,24.231822967529297,6673.33837890625
2020-04-27,24.868654251098633,7305.88671875
2020-04-28,25.872148513793945,7502.16162109375
2020-04-29,26.0972900390625,7558.517578125
2020-04-30,24.707040786743164,7117.38525390625
2020-05-04,23.94761848449707,7197.06103515625
2020-05-05,23.394132614135742,7273.822265625
2020-05-06,22.930757522583008,8665.234375
2020-05-07,21.43764877319336,8764.3427734375
2020-05-08,21.817365646362305,8501.99609375
2020-05-11,21.045068740844727,8447.5830078125
2020-05-12,21.289627075195312,8697.298828125
2020-05-13,20.452974319458008,8881.9140625
2020-05-14,21.431215286254883,8633.169921875
2020-05-15,21.50844955444336,8363.048828125
2020-05-18,23.297597885131836,8173.576171875
2020-05-19,23.677309036254883,8954.7880859375
2020-05-20,24.63624382019043,8602.0771484375
2020-05-21,26.238752365112305,8414.546875
2020-05-22,24.05059051513672,8273.6572265625
2020-05-25,25.981327056884766,8490.3359375
2020-05-26,24.552579879760742,9269.6044921875
2020-05-27,25.608051300048828,9133.5732421875
2020-05-28,25.118927001953125,8986.853515625
2020-05-29,24.810014724731445,8902.3193359375
2020-06-01,26.38035011291504,8880.9423828125
2020-06-02,27.114025115966797,8666.2060546875
2020-06-03,28.433368682861328,8487.4208984375
2020-06-04,28.677927017211914,8359.162109375
2020-06-05,29.59181022644043,8388.3125
2020-06-08,29.739831924438477,9036.408203125
2020-06-09,29.488847732543945,9182.15625
2020-06-10,28.25316047668457,9687.41796875
2020-06-12,27.661069869995117,9665.0693359375
2020-06-15,27.114025115966797,9901.181640625
2020-06-16,26.875904083251953,9724.33984375
2020-06-17,27.93137550354004,10318.994140625
2020-06-18,27.699687957763672,10190.7353515625
2020-06-19,28.259605407714844,10105.2294921875
2020-06-22,27.635324478149414,9949.7646484375
2020-06-23,26.946693420410156,10037.2138671875
2020-06-24,26.463584899902344,10325.7958984375
2020-06-25,26.308862686157227,10226.6865234375
2020-06-26,26.173477172851562,10017.78125
2020-06-29,26.56027603149414,10314.1357421875
2020-06-30,26.947078704833984,10401.5849609375
2020-07-01,26.708559036254883,10884.498046875
2020-07-02,26.7278995513916,10487.0908203125
2020-07-03,26.43134880065918,10577.4541015625
2020-07-06,27.411243438720703,11489.83984375
2020-07-07,27.553070068359375,11378.1005859375
2020-07-08,28.107486724853516,11213.8896484375
2020-07-09,28.436264038085938,11677.3701171875
2020-07-10,28.629671096801758,11683.2001953125
2020-07-13,27.57240867614746,11368.3837890625
2020-07-14,27.017995834350586,11241.0966796875
2020-07-15,26.805255889892578,11075.9150390625
2020-07-16,26.779464721679688,10747.4951171875
2020-07-17,27.237180709838867,11220.69140625
2020-07-20,27.559511184692383,11624.9013671875
2020-07-21,27.2694149017334,11585.0634765625
2020-07-22,27.514387130737305,12199.1494140625
2020-07-23,26.476470947265625,11659.880859375
2020-07-24,26.56027603149414,11814.373046875
2020-07-27,25.786684036254883,11748.0498046875
2020-07-28,25.883377075195312,11877.7177734375
2020-07-29,26.882625579833984,12031.7578125
2020-07-30,26.682771682739258,11894.291015625
2020-07-31,26.515151977539062,11633.0068359375
2020-08-03,26.3153076171875,12284.267578125
2020-08-04,25.451457977294922,11990.810546875
2020-08-05,26.26373863220215,11845.5439453125
2020-08-06,27.62398338317871,11992.759765625
2020-08-07,27.86250877380371,11862.1171875
2020-08-10,27.49505043029785,11872.8427734375
2020-08-11,27.39189910888672,11699.302734375
2020-08-12,26.97931480407715,11724.6513671875
2020-08-13,26.199268341064453,11894.291015625
2020-08-14,26.824594497680664,11075.33984375
2020-08-17,26.16058921813965,10574.2197265625
2020-08-18,26.631202697753906,11153.3359375
2020-08-19,25.6319637298584,10957.3720703125
2020-08-20,26.508708953857422,10998.3193359375
2020-08-21,27.056676864624023,11286.90234375
2020-08-24,27.069568634033203,11225.4814453125
2020-08-25,28.229970932006836,11146.5107421875
2020-08-26,27.72068214416504,10821.85546875
2020-08-27,27.520832061767578,10844.2783203125
2020-08-28,28.184846878051758,11266.4287109375
2020-08-31,28.023677825927734,10928.1240234375
2020-09-01,29.313005447387695,11066.5654296875
2020-09-02,29.38391876220703,10812.10546875
2020-09-03,29.454837799072266,9993.154296875
2020-09-04,29.848081588745117,9973.6552734375
2020-09-08,29.764286041259766,9687.0224609375
2020-09-09,29.725595474243164,10022.4033203125
2020-09-10,28.410478591918945,9766.9677734375
2020-09-11,27.785144805908203,9570.029296875
2020-09-14,28.99712371826172,9795.2412109375
2020-09-15,28.532960891723633,9739.669921875
2020-09-16,28.85529899597168,9603.177734375
2020-09-17,28.655445098876953,9487.16015625
2020-09-18,27.230735778808594,9182.9775390625
2020-09-21,26.721445083618164,9551.505859375
2020-09-22,27.05023193359375,9188.828125
2020-09-23,25.863840103149414,8910.9697265625
2020-09-24,25.986572265625,9276.572265625
2020-09-25,25.721736907958984,9301.9208984375
2020-09-28,24.985347747802734,8894.39453125
2020-09-29,25.062864303588867,8693.556640625
2020-09-30,25.611915588378906,8772.52734375
2020-10-01,26.309547424316406,8699.40625
2020-10-02,25.68943214416504,8515.142578125
2020-10-05,25.909059524536133,8482.9697265625
2020-10-06,25.96719741821289,8689.6572265625
2020-10-07,25.611915588378906,8640.91015625
2020-10-08,25.779863357543945,8501.4931640625
2020-10-09,25.327701568603516,8679.9072265625
2020-10-13,25.7475643157959,9263.8984375
2020-10-14,25.288944244384766,9321.4189453125
2020-10-15,25.644216537475586,9217.1005859375
2020-10-16,26.051164627075195,9066.958984375
2020-10-19,27.033008575439453,8790.076171875
2020-10-20,26.826311111450195,8793.9755859375
2020-10-21,26.160974502563477,8691.6064453125
2020-10-22,26.341842651367188,8491.7431640625
2020-10-23,26.46457290649414,8452.74609375
2020-10-26,26.6066837310791,8468.3447265625
2020-10-27,26.412899017333984,8350.3779296875
2020-10-28,25.63129997253418,8111.51611328125
2020-10-29,25.592540740966797,8057.89501953125
2020-10-30,24.190828323364258,7335.462890625
2020-11-03,24.57840347290039,7407.6083984375
2020-11-04,26.290170669555664,7896.0546875
2020-11-05,27.48517417907715,8192.4365234375
2020-11-06,27.065303802490234,8021.82177734375
2020-11-09,30.99268341064453,7769.3115234375
2020-11-10,31.34150505065918,7123.900390625
2020-11-11,30.282142639160156,7285.74072265625
2020-11-12,29.313213348388672,7395.9091796875
2020-11-13,29.500545501708984,7338.3876953125
2020-11-16,30.682626724243164,7243.818359375
2020-11-17,31.554651260375977,7440.7568359375
2020-11-18,30.43716812133789,7370.560546875
2020-11-19,30.320894241333008,7275.9912109375
2020-11-23,29.442399978637695,7200.9208984375
2020-11-24,29.75891876220703,7224.3193359375
2020-11-25,29.972082138061523,7292.5654296875
2020-11-26,29.70724105834961,7385.18505859375
2020-11-27,29.939790725708008,7469.02978515625
2020-11-30,28.861045837402344,6863.5908203125
2020-12-01,29.01606559753418,6801.19482421875
2020-12-02,29.733074188232422,6678.35205078125
2020-12-03,29.959171295166016,7062.47900390625
2020-12-04,29.584514617919922,7604.546875
2020-12-07,29.080669403076172,8192.4365234375
2020-12-08,28.828750610351562,8165.138671875
2020-12-09,28.770614624023438,7936.02685546875
2020-12-10,28.299081802368164,7945.7763671875
2020-12-11,28.815832138061523,7663.04345703125
2020-12-14,29.093591690063477,7615.27099609375
2020-12-15,29.726619720458984,7651.34375
2020-12-16,29.91395378112793,7944.80126953125
2020-12-17,29.390727996826172,7794.66064453125
2020-12-18,29.19048309326172,7668.89306640625
2020-12-21,28.437496185302734,7516.80224609375
2020-12-22,27.926332473754883,7406.63330078125
2020-12-23,28.288679122924805,7370.560546875
2020-12-28,28.4504337310791,7510.9521484375
2020-12-29,28.553964614868164,7380.31005859375
2020-12-30,28.172208786010742,7371.53564453125
2021-01-04,27.31163787841797,7329.61328125
2021-01-05,27.04635238647461,7165.82275390625
2021-01-06,25.68756675720215,6697.85107421875
2021-01-07,26.366960525512695,6562.33349609375
2021-01-08,27.887510299682617,7019.58154296875
2021-01-11,26.81989288330078,6952.310546875
2021-01-12,27.11105728149414,7223.34423828125
2021-01-13,26.78754234313965,7341.31201171875
2021-01-14,28.06867790222168,7541.17578125
2021-01-15,27.874568939208984,7926.27734375
2021-01-18,27.906919479370117,8009.1474609375
2021-01-19,28.405147552490234,7859.98193359375
2021-01-20,27.893985748291016,8530.7412109375
2021-01-21,27.408695220947266,8754.0029296875
2021-01-22,26.541669845581055,8707.2060546875
2021-01-26,26.800477981567383,8369.8759765625
2021-01-27,27.07223892211914,8264.58203125
2021-01-28,27.971620559692383,8403.9990234375
2021-01-29,26.832834243774414,8025.7216796875
2021-02-01,26.574010848999023,8146.6142578125
2021-02-02,26.53519058227539,8706.2314453125
2021-02-03,27.07223892211914,8812.5
2021-02-04,26.748720169067383,8417.6484375
2021-02-05,26.53519058227539,8239.234375
2021-02-08,26.684011459350586,8196.3359375
2021-02-09,26.457550048828125,8092.017578125
2021-02-10,25.72638702392578,8047.169921875
2021-02-11,25.486984252929688,8345.5029296875
2021-02-12,25.81697654724121,8326.978515625
2021-02-17,26.237550735473633,8421.5478515625
2021-02-18,25.881681442260742,8092.017578125
2021-02-19,25.66815948486328,8642.859375
2021-02-22,24.807588577270508,8742.3046875
2021-02-23,24.755826950073242,8374.7509765625
2021-02-24,24.14760971069336,8413.748046875
2021-02-25,24.115253448486328,8287.005859375
2021-02-26,23.720556259155273,7994.5234375
2021-03-01,24.050548553466797,7870.70556640625
2021-03-02,24.179956436157227,7662.068359375
2021-03-03,24.251136779785156,7424.1826171875
2021-03-04,25.448163986206055,7280.8662109375
2021-03-05,25.596986770629883,6969.859375
2021-03-08,24.58759880065918,6497.0126953125
2021-03-09,23.8629093170166,6155.78271484375
2021-03-10,24.79465103149414,6627.65478515625
2021-03-11,26.153438568115234,6573.05810546875
2021-03-12,26.89106559753418,6230.853515625
2021-03-15,27.059297561645508,6417.0673828125
2021-03-16,26.334609985351562,6216.2294921875
2021-03-17,26.929885864257812,6293.24951171875
2021-03-18,26.599895477294922,5971.51904296875
2021-03-19,27.529088973999023,6082.66259765625
2021-03-22,26.93274688720703,6138.23388671875
2021-03-23,26.9975643157959,6099.236328125
2021-03-24,26.517898559570312,5891.57373046875
2021-03-25,27.788373947143555,5927.64697265625
2021-03-26,27.21147346496582,5780.4306640625
2021-03-29,26.893850326538086,5875.0
2021-03-30,28.468976974487305,6000.76708984375
2021-03-31,27.606876373291016,5922.77197265625
2021-04-01,27.820781707763672,6002.71728515625
2021-04-05,28.105985641479492,6015.39111328125
2021-04-06,28.410642623901367,6155.78271484375
2021-04-07,27.95690155029297,5973.46875
2021-04-08,27.503162384033203,6165.5322265625
2021-04-09,26.90033721923828,6107.0361328125
2021-04-12,26.621606826782227,6171.38232421875
2021-04-13,26.906814575195312,6725.1494140625
2021-04-14,26.893850326538086,6538.93505859375
2021-04-15,27.166095733642578,6648.12841796875
2021-04-16,30.64303207397461,6649.103515625
2021-04-19,29.551902770996094,6590.60693359375
2021-04-20,28.356233596801758,6405.3681640625
2021-04-22,26.657482147216797,6337.12255859375
2021-04-23,26.670551300048828,6317.62353515625
2021-04-26,27.11457061767578,6273.75146484375
2021-04-27,26.421340942382812,6089.48681640625
2021-04-28,26.15974235534668,6186.00634765625
2021-04-29,26.140121459960938,6661.77783203125
2021-04-30,26.421340942382812,6563.30859375
2021-05-03,26.813737869262695,6506.76171875
2021-05-04,26.872589111328125,6419.99267578125
2021-05-05,27.068790435791016,6376.1201171875
2021-05-06,27.350006103515625,6142.1337890625
2021-05-07,28.487958908081055,6091.43701171875
2021-05-10,28.703771591186523,5825.27783203125
2021-05-11,29.10924530029297,5761.90673828125
2021-05-12,28.2459774017334,5710.234375
2021-05-13,28.85420036315918,5850.6259765625
2021-05-14,28.612215042114258,5782.38037109375
2021-05-17,29.495113372802734,5703.41015625
2021-05-18,29.233505249023438,5629.314453125
2021-05-19,29.017696380615234,5517.1962890625
2021-05-20,28.795331954956055,5537.669921875
2021-05-21,28.88035774230957,5459.67431640625
2021-05-24,28.788799285888672,5684.88623046875
2021-05-25,29.46241569519043,5775.5556640625
2021-05-26,30.08370590209961,5653.68798828125
2021-05-27,30.73769760131836,5809.6787109375
2021-05-28,31.018905639648438,5838.9267578125
2021-05-31,30.606889724731445,5825.27783203125
2021-06-01,31.306659698486328,6206.47998046875
2021-06-02,31.28050994873047,6195.755859375
2021-06-04,31.457088470458984,6273.75146484375
2021-06-07,31.653284072875977,6406.34326171875
2021-06-08,31.901805877685547,6471.6640625
2021-06-09,31.3262939453125,6448.265625
2021-06-10,31.143171310424805,6641.30419921875
2021-06-11,30.371463775634766,6563.30859375
2021-06-14,31.34590721130371,6897.7138671875
2021-06-15,31.097383499145508,7045.90478515625
2021-06-16,30.489177703857422,6929.88720703125
2021-06-17,30.279903411865234,6887.96435546875
2021-06-18,30.41069984436035,6873.34033203125
2021-06-21,30.266815185546875,6872.365234375
2021-06-22,29.946369171142578,6808.01904296875
2021-06-23,29.383928298950195,6657.8779296875
2021-06-24,29.86787986755371,6860.666015625
2021-06-25,29.495113372802734,6639.35400390625
2021-06-28,29.690631866455078,6770.9716796875
2021-06-29,28.969669342041016,6715.39990234375
2021-06-30,28.989328384399414,6459.96484375
2021-07-01,28.071741104125977,6389.76904296875
2021-07-02,28.438772201538086,6503.83740234375
2021-07-05,28.517427444458008,6410.2431640625
2021-07-06,28.379783630371094,6276.67578125
2021-07-07,29.113861083984375,6512.61181640625
2021-07-08,29.212169647216797,6426.81689453125
2021-07-12,29.421911239624023,6561.359375
2021-07-13,29.73651695251465,6683.2265625
2021-07-14,29.651309967041016,6488.23828125
2021-07-15,29.474342346191406,6365.3955078125
2021-07-16,29.51366424560547,6629.60498046875
2021-07-19,28.805816650390625,6036.84033203125
2021-07-20,28.5108699798584,5979.318359375
2021-07-21,28.30768585205078,5640.0390625
2021-07-22,28.740270614624023,5605.916015625
2021-07-23,28.386341094970703,5457.72509765625
2021-07-26,27.881671905517578,5174.99169921875
2021-07-27,27.521181106567383,5057.02392578125
2021-07-28,27.567060470581055,5167.19189453125
2021-07-29,27.612943649291992,5058.9736328125
2021-07-30,27.068941116333008,4786.96484375
2021-08-02,27.318004608154297,4998.52685546875
2021-08-03,27.4884090423584,4777.21533203125
2021-08-04,27.186918258666992,4659.24755859375
2021-08-05,27.01650619506836,4645.59814453125
2021-08-06,27.003402709960938,4533.4794921875
2021-08-09,26.944408416748047,4511.05615234375
2021-08-10,26.577369689941406,4401.8623046875
2021-08-11,26.741228103637695,4455.48486328125
2021-08-12,26.43317985534668,4565.65283203125
2021-08-13,26.76744842529297,4205.8994140625
2021-08-16,26.059587478637695,3999.211669921875
2021-08-17,25.876068115234375,3921.216064453125
2021-08-18,25.56147003173828,3892.94287109375
2021-08-19,25.856412887573242,3979.712890625
2021-08-20,25.69255256652832,3991.412109375
2021-08-23,24.938817977905273,3821.772216796875
2021-08-24,25.49593162536621,4192.25
2021-08-25,25.771203994750977,4135.70361328125
2021-08-26,24.847061157226562,4214.673828125
2021-08-27,25.043689727783203,4100.60546875
2021-08-30,24.89293670654297,4210.77392578125
2021-08-31,24.945371627807617,4032.359375
2021-09-01,24.57833480834961,4198.099609375
2021-09-02,23.94257926940918,4028.459716796875
2021-09-03,24.329273223876953,4083.056640625
2021-09-06,24.329273223876953,4304.36865234375
2021-09-08,23.057758331298828,3910.491943359375
2021-09-09,23.470674514770508,3982.637451171875
2021-09-10,23.70662498474121,3851.0205078125
2021-09-13,24.362045288085938,4036.25927734375
2021-09-14,24.49968719482422,4019.685302734375
2021-09-15,24.11298370361328,3858.820068359375
2021-09-16,24.41448211669922,3681.380615234375
2021-09-17,23.955684661865234,3583.88623046875
2021-09-20,23.405128479003906,3457.143798828125
2021-09-21,23.955684661865234,3588.760986328125
2021-09-22,24.07920265197754,3554.637939453125
2021-09-23,24.467260360717773,3461.043701171875
2021-09-24,24.322561264038086,3338.200927734375
2021-09-27,23.5793399810791,3256.305908203125
2021-09-28,22.52039909362793,3054.492919921875
2021-09-29,22.678258895874023,3040.84375
2021-09-30,22.638792037963867,3014.520263671875
2021-10-01,23.822690963745117,3122.739013671875
2021-10-04,22.573017120361328,2863.404541015625
2021-10-05,22.513826370239258,2972.597900390625
2021-10-06,22.23100471496582,3190.009765625
2021-10-07,22.211275100708008,3109.08984375
2021-10-08,22.822956085205078,3289.4541015625
2021-10-11,22.296775817871094,3294.328857421875
2021-10-13,22.875572204589844,3395.72265625
2021-10-14,22.757179260253906,3344.05078125
2021-10-15,23.51356315612793,3651.157470703125
2021-10-18,23.671422958374023,3809.09814453125
2021-10-19,22.645370483398438,3805.197998046875
2021-10-20,23.112356185913086,3878.31884765625
2021-10-21,21.961345672607422,3453.244140625
2021-10-22,21.079988479614258,3287.504150390625
2021-10-25,21.606170654296875,3345.025634765625
2021-10-26,20.711666107177734,3158.811767578125
2021-10-27,21.290462493896484,3208.53369140625
2021-10-28,21.277307510375977,2932.625244140625
2021-10-29,21.198381423950195,2895.577392578125
2021-11-01,21.836376190185547,3043.7685546875
2021-11-03,22.92818832397461,3243.6318359375
2021-11-04,22.42832374572754,3196.83447265625
2021-11-05,22.8624210357666,3407.421875
2021-11-08,22.42832374572754,3186.110107421875
2021-11-09,23.383333206176758,3429.845458984375
2021-11-10,23.70167350769043,3355.75
2021-11-11,24.548160552978516,3445.444580078125
2021-11-12,23.318222045898438,3646.28271484375
2021-11-16,22.58025550842285,3326.501708984375
2021-11-17,22.41385269165039,3240.706787109375
2021-11-18,23.043292999267578,3254.35595703125
2021-11-19,23.383333206176758,3272.8798828125
2021-11-22,22.55855369567871,3057.417724609375
2021-11-23,22.536846160888672,3050.593017578125
2021-11-24,22.146160125732422,3117.8642578125
2021-11-25,22.261919021606445,3166.611328125
2021-11-26,21.241790771484375,2969.673095703125
2021-11-29,20.937925338745117,3066.1923828125
2021-11-30,20.583412170410156,2956.02392578125
2021-12-01,20.4676513671875,2758.110595703125
2021-12-02,20.699172973632812,2675.240478515625
2021-12-03,21.162206649780273,2711.313232421875
2021-12-06,21.552898406982422,2908.251708984375
2021-12-07,21.31414222717285,2905.32666015625
2021-12-08,21.415428161621094,2982.34716796875
2021-12-09,20.43871307373047,2726.912353515625
2021-12-10,20.547237396240234,2778.58447265625
2021-12-13,20.120372772216797,2653.7919921875
2021-12-14,19.13641929626465,2600.169921875
2021-12-15,19.527111053466797,2794.183349609375
2021-12-16,18.955551147460938,3043.7685546875
2021-12-17,18.984493255615234,3053.51806640625
2021-12-20,18.27546501159668,3031.09423828125
2021-12-21,17.86307144165039,3002.82080078125
2021-12-22,17.891368865966797,2985.27197265625
2021-12-23,17.578632354736328,2995.996337890625
2021-12-27,17.72408676147461,3110.064453125
2021-12-28,17.7895450592041,3025.244873046875
2021-12-29,17.382259368896484,3024.269775390625
2021-12-30,17.775001525878906,3078.866455078125
2022-01-03,16.785884857177734,3024.269775390625
2022-01-04,16.58224105834961,2920.92578125
2022-01-05,15.774947166442871,2790.28369140625
2022-01-06,16.58224105834961,2852.679931640625
2022-01-07,16.720430374145508,2700.589111328125
2022-01-10,16.538604736328125,2645.9921875
2022-01-11,16.916799545288086,2734.7119140625
2022-01-12,17.9277286529541,2874.128662109375
2022-01-13,18.007734298706055,2884.85302734375
2022-01-14,17.43317222595215,2955.048828125
2022-01-17,17.08407211303711,2970.64794921875
2022-01-18,17.091346740722656,2945.299560546875
2022-01-19,18.07318687438965,3236.80712890625
2022-01-20,19.011396408081055,3332.351318359375
2022-01-21,19.22957992553711,3409.371826171875
2022-01-24,18.82229995727539,3341.125732421875
2022-01-25,19.644136428833008,3441.544921875
2022-01-26,20.182331085205078,3328.45166015625
2022-01-27,20.31324577331543,3263.13037109375
2022-01-28,20.473247528076172,3062.29248046875
2022-01-31,20.45142936706543,3091.54052734375
2022-02-01,19.622318267822266,3109.0
2022-02-02,19.338674545288086,3121.0
2022-02-03,19.39685821533203,3200.0
2022-02-04,19.055030822753906,3215.0
2022-02-07,18.684118270874023,3220.0
2022-02-08,18.604110717773438,3327.0
2022-02-09,18.8441162109375,3403.0
2022-02-10,18.604110717773438,3395.0
2022-02-11,18.43683433532715,3254.0
2022-02-14,18.8441162109375,3372.0
2022-02-15,19.716867446899414,3586.0
2022-02-16,20.007783889770508,3544.0
2022-02-17,19.804141998291016,3428.0
2022-02-18,20.073240280151367,3372.0
2022-02-21,19.178672790527344,3149.0
2022-02-22,18.858667373657227,2979.0
2022-02-23,18.691389083862305,2969.0
2022-02-24,18.553205490112305,3020.0
2022-02-25,18.415016174316406,3050.0
2022-03-02,18.35683250427246,3245.0
2022-03-03,18.007734298706055,3110.0
2022-03-04,17.54953384399414,3009.0
2022-03-07,15.985859870910645,2701.0
2022-03-08,17.004070281982422,2693.0
2022-03-09,17.7895450592041,2751.0
2022-03-10,17.26589584350586,2670.0
2022-03-11,16.618606567382812,2488.0
2022-03-14,16.21859359741211,2385.0
2022-03-15,16.27678108215332,2325.0
2022-03-16,16.58224105834961,2441.0
2022-03-17,16.654966354370117,2463.0
2022-03-18,17.564085006713867,2696.0
2022-03-21,17.48408317565918,2655.0
2022-03-22,18.109554290771484,2832.0
2022-03-23,19.12922477722168,2867.0
2022-03-24,20.226503372192383,3040.0
2022-03-25,20.17530059814453,3228.0
2022-03-28,19.692493438720703,3196.0
2022-03-29,20.10946273803711,3465.0
2022-03-30,19.999736785888672,3455.0
2022-03-31,20.116779327392578,3265.0
2022-04-01,21.257946014404297,3400.0
2022-04-04,21.499347686767578,3340.0
2022-04-05,20.45327377319336,3131.0
2022-04-06,19.787593841552734,3025.0
2022-04-07,19.619342803955078,3097.0
2022-04-08,19.553503036499023,2858.0
2022-04-11,19.56813621520996,2810.0
2022-04-12,19.165800094604492,2870.0
2022-04-13,19.50961685180664,2924.0
2022-04-14,19.560821533203125,2815.0
2022-04-18,19.33404541015625,2836.0
2022-04-19,19.202375411987305,2801.0
2022-04-20,19.00486946105957,2724.0
2022-04-22,18.30260467529297,2667.0
2022-04-25,18.28797721862793,2639.0
2022-04-26,17.89295768737793,2504.0
2022-04-27,17.944164276123047,2502.0
2022-04-28,17.841753005981445,2521.0
2022-04-29,17.373580932617188,2400.0
2022-05-02,17.483304977416992,2401.0
2022-05-03,17.205333709716797,2333.0
2022-05-04,17.74665641784668,2509.0
2022-05-05,16.729841232299805,2329.0
2022-05-06,17.732027053833008,2238.0
2022-05-09,17.47599220275879,2086.0
2022-05-10,18.097782135009766,2143.0
2022-05-11,17.944164276123047,2160.0
2022-05-12,18.49280548095703,2267.0
2022-05-13,18.631792068481445,2305.0
2022-05-16,18.631792068481445,2366.0
2022-05-17,19.041440963745117,2302.0
2022-05-18,18.65374183654785,2295.0
2022-05-19,18.77809715270996,2309.0
2022-05-20,18.763463973999023,2347.0
2022-05-23,18.57326889038086,2407.0
2022-05-24,18.412336349487305,2288.0
2022-05-25,18.697628021240234,2189.0
2022-05-26,19.195064544677734,2150.0
2022-05-27,19.0853328704834,2149.0
2022-05-30,18.92439842224121,2070.0
2022-05-31,19.45840835571289,2010.0
2022-06-01,19.70712661743164,1934.0
2022-06-02,20.50447654724121,1954.0
2022-06-03,20.621522903442383,1840.0
2022-06-06,19.73638153076172,1750.0
2022-06-07,19.516929626464844,1708.0
2022-06-08,19.275527954101562,1669.0
2022-06-09,18.448917388916016,1703.0
2022-06-10,17.614980697631836,1522.0
2022-06-13,16.934667587280273,1389.0
2022-06-14,16.773727416992188,1330.0
2022-06-15,17.483304977416992,1392.0
2022-06-17,17.366262435913086,1353.0
2022-06-20,17.461360931396484,1332.0
2022-06-21,16.905406951904297,1337.0
2022-06-22,17.16875648498535,1334.0
2022-06-23,17.44672966003418,1393.0
2022-06-24,16.934667587280273,1373.0
2022-06-27,16.96392822265625,1403.0
2022-06-28,16.620115280151367,1342.0
2022-06-29,16.431623458862305,1344.0
2022-06-30,16.667415618896484,1343.0
2022-07-01,17.021093368530273,1273.0
2022-07-04,16.96951675415039,1254.0
2022-07-05,17.013729095458984,1376.0
2022-07-06,17.58109474182129,1538.0
2022-07-07,18.23688316345215,1550.0
2022-07-08,18.258991241455078,1580.0
2022-07-11,17.7358341217041,1561.0
2022-07-12,17.81688690185547,1690.0
2022-07-13,18.126361846923828,1666.0
2022-07-14,18.229520797729492,1668.0
2022-07-15,18.47267723083496,1632.0
2022-07-18,18.45057487487793,1574.0
2022-07-19,18.229520797729492,1619.0
2022-07-20,18.509521484375,1692.0
2022-07-21,18.28846549987793,1693.0
2022-07-22,17.993732452392578,1593.0
2022-07-25,18.200040817260742,1557.0
2022-07-26,17.713726043701172,1481.0
2022-07-27,18.583208084106445,1546.0
2022-07-28,19.135839462280273,1509.0
2022-07-29,18.634784698486328,1400.0
2022-08-01,18.6716251373291,1389.0
2022-08-02,18.841096878051758,1376.0
2022-08-03,20.086366653442383,1474.0
2022-08-04,20.815845489501953,1508.0
2022-08-05,20.241104125976562,1390.0
2022-08-08,20.263212203979492,1424.0
2022-08-09,19.791629791259766,1362.0
2022-08-10,20.609527587890625,1466.0
2022-08-11,20.071626663208008,1328.0
2022-08-12,20.403207778930664,1296.0
2022-08-15,21.095842361450195,1533.0
2022-08-16,20.675844192504883,1517.0
2022-08-17,20.373735427856445,1424.0
2022-08-18,20.373735427856445,1363.0
2022-08-19,19.990577697753906,1303.0
2022-08-22,19.57794189453125,1596.0
2022-08-23,19.894784927368164,1850.0
2022-08-24,20.064260482788086,1843.0
2022-08-25,20.33689308166504,1879.0
2022-08-26,20.484262466430664,1810.0
2022-08-29,20.285310745239258,1751.0
2022-08-30,20.18215560913086,1704.0
2022-08-31,19.504261016845703,1634.0
2022-09-01,19.57794189453125,1618.0
2022-09-02,19.673734664916992,1551.0
2022-09-05,19.872678756713867,1545.0
2022-09-06,19.180044174194336,1464.0
2022-09-08,19.17268180847168,1515.0
2022-09-09,19.78426170349121,1656.0
2022-09-12,20.1968936920166,1729.0
2022-09-13,20.05689239501953,1706.0
2022-09-14,20.174785614013672,1674.0
2022-09-15,19.747417449951172,1612.0
2022-09-16,19.437942504882812,1651.0
2022-09-19,19.6884708404541,1742.0
2022-09-20,19.76215362548828,1739.0
2022-09-21,20.35162925720215,1751.0
2022-09-22,20.96320915222168,1724.0
2022-09-23,21.051633834838867,1753.0
2022-09-26,20.462156295776367,1748.0
2022-09-27,20.602157592773438,1699.0
2022-09-28,20.486970901489258,1714.0
2022-09-29,19.97535514831543,1587.0
2022-09-30,20.65009880065918,1698.0
2022-10-03,22.333250045776367,1823.0
2022-10-04,22.229440689086914,1933.0
2022-10-05,22.6743221282959,1987.0
2022-10-06,23.18594741821289,2082.0
2022-10-07,22.896770477294922,2110.0
2022-10-10,22.785547256469727,2068.0
2022-10-11,22.207195281982422,2056.0
2022-10-13,21.636260986328125,1905.0
2022-10-14,21.161714553833008,1744.0
2022-10-17,21.56952667236328,1765.0
2022-10-18,21.851287841796875,1761.0
2022-10-19,21.762313842773438,1641.0
2022-10-20,21.27293586730957,1427.0
2022-10-21,21.54728126525879,1453.0
2022-10-24,21.198789596557617,1464.0
2022-10-25,20.79098129272461,1467.0
2022-10-26,20.24970054626465,1381.0
2022-10-27,20.983762741088867,1446.0
2022-10-28,21.413816452026367,1516.0
2022-10-31,22.911596298217773,1554.0
2022-11-01,22.59276580810547,1590.0
2022-11-03,22.59276580810547,1652.0
2022-11-04,21.636260986328125,1667.0
2022-11-07,20.961517333984375,1517.0
2022-11-08,20.627853393554688,1517.0
2022-11-09,20.338680267333984,1389.0
2022-11-10,18.633283615112305,1264.0
2022-11-11,18.18098258972168,1221.0
2022-11-14,18.677776336669922,1254.0
2022-11-16,17.86956214904785,1131.0
2022-11-17,17.980789184570312,1091.0
2022-11-18,17.973373413085938,1038.0
2022-11-21,18.618453979492188,1106.0
2022-11-22,18.3144474029541,1064.0
2022-11-23,17.958541870117188,1007.0
2022-11-24,18.959531784057617,1118.0
2022-11-25,17.77317237854004,1095.0
2022-11-28,16.987207412719727,989.0
2022-11-29,17.02427864074707,1024.0
2022-11-30,17.165157318115234,1056.0
2022-12-01,16.623882293701172,983.0
2022-12-02,16.542322158813477,967.0
2022-12-05,15.252158164978027,900.0
2022-12-06,16.023290634155273,907.0
2022-12-07,16.34212303161621,898.0
2022-12-08,15.667379379272461,860.0
2022-12-09,15.378206253051758,837.0
2022-12-12,15.178008079528809,845.0
2022-12-13,14.770197868347168,838.0
2022-12-14,15.163176536560059,814.0
2022-12-15,14.785025596618652,798.0
2022-12-16,14.414286613464355,735.0
2022-12-19,15.111274719238281,828.0
2022-12-20,15.748941421508789,876.0
2022-12-21,15.474596977233887,882.0
2022-12-22,15.311473846435547,906.0
2022-12-23,16.369382858276367,918.0
2022-12-26,15.49405574798584,934.0
2022-12-27,15.247169494628906,916.0
2022-12-28,15.591318130493164,972.0
2022-12-29,15.32198429107666,965.0
2023-01-02,14.461617469787598,903.0
2023-01-03,14.117471694946289,852.0
2023-01-04,14.207247734069824,873.0
2023-01-05,13.990287780761719,969.0
2023-01-06,14.506503105163574,1041.0
2023-01-09,14.543911933898926,1108.0
2023-01-10,14.977836608886719,1191.0
2023-01-11,15.576351165771484,1200.0
2023-01-12,15.890568733215332,272.0
2023-01-13,15.067612648010254,315.0
2023-01-16,14.76087474822998,194.0
2023-01-17,14.917985916137695,190.0
2023-01-18,15.449170112609863,174.0
2023-01-19,15.561388969421387,100.0
2023-01-20,15.37435245513916,71.0
2023-01-23,15.25465202331543,80.0
2023-01-24,15.927980422973633,80.0
2023-01-25,16.25716209411621,94.0
2023-01-26,16.33197784423828,103.0
2023-01-27,15.905532836914062,120.0
2023-01-30,15.853166580200195,145.0
2023-01-31,16.18234634399414,175.0
2023-02-01,16.20479393005371,209.0
2023-02-02,16.294567108154297,168.0
2023-02-03,15.157388687133789,163.0
2023-02-06,15.112503051757812,173.0
2023-02-07,14.790803909301758,136.0
2023-02-08,15.03768539428711,107.0
2023-02-09,14.401765823364258,99.0
2023-02-10,14.42420768737793,110.0
2023-02-13,14.469098091125488,113.0
2023-02-14,14.0052490234375,111.0
2023-02-15,14.386802673339844,113.0
2023-02-16,14.499024391174316,122.0
2023-02-17,14.67857837677002,117.0
2023-02-22,13.982806205749512,111.0
2023-02-23,14.349394798278809,111.0
2023-02-24,14.222212791442871,105.0
2023-02-27,14.364356994628906,102.0
2023-02-28,13.952877044677734,100.0
2023-03-01,13.391773223876953,94.0
2023-03-02,13.541399002075195,106.0
2023-03-03,13.279549598693848,102.0
2023-03-06,13.571328163146973,104.0
2023-03-07,13.646140098571777,107.0
2023-03-08,14.663616180419922,110.0
2023-03-09,14.461617469787598,107.0
2023-03-10,14.162357330322266,105.0
2023-03-13,14.37932300567627,105.0
2023-03-14,13.81821346282959,104.0
2023-03-15,13.870587348937988,103.0
2023-03-16,13.990287780761719,105.0
2023-03-17,13.518957138061523,104.0
2023-03-20,13.062589645385742,108.0
2023-03-21,13.167329788208008,111.0
2023-03-22,13.055692672729492,106.0
2023-03-23,12.71550464630127,102.0
2023-03-24,12.844017028808594,102.0
2023-03-27,13.063252449035645,101.0
2023-03-28,13.509278297424316,101.0
2023-03-29,12.851577758789062,99.0
2023-03-30,13.335403442382812,101.0
2023-03-31,12.526509284973145,100.0
2023-04-03,11.649578094482422,101.0
2023-04-04,11.634458541870117,100.0
2023-04-05,11.316948890686035,100.0
2023-04-06,11.876371383666992,101.0
2023-04-10,11.6873779296875,100.0
2023-04-11,12.775980949401855,103.0
2023-04-12,12.995213508605957,120.0
2023-04-13,12.738179206848145,115.0
2023-04-14,12.322395324707031,110.0
2023-04-17,12.655025482177734,114.0
2023-04-18,12.133400917053223,115.0
2023-04-19,11.468145370483398,110.0
2023-04-20,11.475704193115234,114.0
2023-04-24,11.415225982666016,112.0
2023-04-25,11.165753364562988,107.0
2023-04-26,11.324509620666504,103.0
2023-04-27,11.347188949584961,103.0
2023-04-28,11.97464656829834,104.0
2023-05-02,11.279149055480957,103.0
2023-05-03,11.014557838439941,104.0
2023-05-04,11.6873779296875,105.0
2023-05-05,12.775980949401855,107.0
2023-05-08,12.700382232666016,110.0
2023-05-09,13.22956657409668,112.0
2023-05-10,13.22956657409668,114.0
2023-05-11,12.791101455688477,110.0
2023-05-12,12.71550464630127,112.0
2023-05-15,13.10860824584961,113.0
2023-05-16,12.836458206176758,106.0
2023-05-17,14.076258659362793,106.0
2023-05-18,14.250130653381348,110.0
2023-05-19,14.673480987548828,111.0
2023-05-22,14.310608863830566,113.0
2023-05-23,14.076258659362793,112.0
2023-05-24,13.902382850646973,110.0
2023-05-25,14.741517066955566,109.0
2023-05-26,15.149744987487793,109.0
2023-05-29,14.885153770446777,109.0
2023-05-30,14.605441093444824,109.0
2023-05-31,14.703717231750488,108.0
2023-06-01,15.542851448059082,112.0
2023-06-02,15.474814414978027,110.0
2023-06-05,15.512612342834473,110.0
2023-06-06,15.96619701385498,111.0
2023-06-07,16.366867065429688,109.0
2023-06-09,16.502939224243164,109.0
2023-06-12,17.251358032226562,116.0
2023-06-13,16.253467559814453,123.0
2023-06-14,16.24591064453125,124.0
2023-06-15,15.928394317626953,120.0
2023-06-16,15.368978500366211,119.0
2023-06-19,15.70916748046875,121.0
2023-06-20,16.31394386291504,121.0
2023-06-21,16.450021743774414,121.0
2023-06-22,16.177873611450195,117.0
2023-06-23,16.865806579589844,117.0
2023-06-26,16.35930633544922,115.0
2023-06-27,15.943517684936523,113.0
2023-06-28,15.958904266357422,113.0
2023-06-29,16.30965232849121,116.0
2023-06-30,15.249785423278809,117.0
2023-07-03,15.470908164978027,119.0
2023-07-04,15.46328067779541,116.0
2023-07-05,15.59290599822998,117.0
2023-07-06,15.097286224365234,114.0
2023-07-07,15.570034980773926,116.0
2023-07-10,14.563544273376465,113.0
2023-07-11,14.380550384521484,114.0
2023-07-12,14.15942668914795,114.0
2023-07-13,14.0679292678833,113.0
2023-07-14,13.595183372497559,112.0
2023-07-17,13.694308280944824,113.0
2023-07-18,13.762933731079102,113.0
2023-07-19,13.557060241699219,112.0
2023-07-20,13.633309364318848,111.0
2023-07-21,13.953554153442383,113.0
2023-07-24,14.380550384521484,113.0
2023-07-25,14.212800025939941,115.0
2023-07-26,14.487296104431152,115.0
2023-07-27,14.20517635345459,113.0
2023-07-28,14.212800025939941,113.0
2023-07-31,14.296674728393555,113.0
2023-08-01,14.220422744750977,113.0
2023-08-02,14.487296104431152,112.0
2023-08-03,14.14417839050293,111.0
2023-08-04,14.960040092468262,111.0
2023-08-07,14.487296104431152,111.0
2023-08-08,14.601672172546387,110.0
2023-08-09,13.953554153442383,109.0
2023-08-10,14.273801803588867,106.0
2023-08-11,14.113679885864258,106.0
2023-08-14,13.39693832397461,107.0
2023-08-15,13.29781436920166,106.0
2023-08-16,13.335939407348633,103.0
2023-08-17,13.046192169189453,102.0
2023-08-18,13.23681640625,103.0
2023-08-21,13.046192169189453,101.0
2023-08-22,13.099567413330078,102.0
2023-08-23,13.274940490722656,100.0
2023-08-24,12.87844467163086,97.0
2023-08-25,12.664949417114258,92.0
2023-08-28,12.733572959899902,91.0
2023-08-29,12.733572959899902,93.0
2023-08-30,12.535325050354004,91.0
2023-08-31,12.222704887390137,87.0
2023-09-01,12.786946296691895,98.0
2023-09-04,12.535325050354004,96.0
2023-09-05,12.253204345703125,97.0
2023-09-06,11.871959686279297,98.0
2023-09-08,11.833833694458008,95.0
2023-09-11,12.009207725524902,94.0
2023-09-12,12.2074556350708,93.0
2023-09-13,12.390451431274414,92.0
2023-09-14,12.245580673217773,86.0
2023-09-15,11.879583358764648,82.0
2023-09-18,11.76521110534668,80.0
2023-09-19,11.132345199584961,81.0
2023-09-20,11.178092956542969,81.0
2023-09-21,10.636726379394531,78.0
2023-09-22,10.590975761413574,76.0
2023-09-25,10.522353172302246,73.0
2023-09-26,10.0343599319458,72.0
2023-09-27,9.97227668762207,69.0
2023-09-28,10.374261856079102,78.0
2023-09-29,10.35879898071289,95.0
2023-10-02,9.933625221252441,82.0
2023-10-03,9.686251640319824,77.0
2023-10-04,9.995469093322754,75.0
2023-10-05,9.840860366821289,76.0
2023-10-06,9.732632637023926,74.0
2023-10-09,9.802206039428711,77.0
2023-10-10,10.049582481384277,80.0
2023-10-11,10.126887321472168,85.0
2023-10-13,9.8099365234375,79.0
2023-10-16,10.018660545349121,77.0
2023-10-17,9.902703285217285,77.0
2023-10-18,9.462065696716309,79.0
2023-10-19,9.539371490478516,78.0
2023-10-20,9.446606636047363,80.0
2023-10-23,9.58575439453125,78.0
2023-10-24,9.570294380187988,78.0
2023-10-25,9.547101974487305,76.0
2023-10-26,9.802206039428711,78.0
2023-10-27,9.43887710571289,77.0
2023-10-30,9.23015308380127,85.0
2023-10-31,9.47752857208252,85.0
2023-11-01,9.485260009765625,83.0
2023-11-03,10.235112190246582,85.0
2023-11-06,9.748095512390137,83.0
2023-11-07,10.188729286193848,85.0
2023-11-08,10.397449493408203,84.0
2023-11-09,10.474754333496094,79.0
2023-11-10,10.018660545349121,82.0
2023-11-13,10.320147514343262,80.0
2023-11-14,10.845817565917969,80.0
2023-11-16,11.131844520568848,85.0
2023-11-17,11.093191146850586,93.0
2023-11-20,11.325105667114258,101.0
2023-11-21,11.131844520568848,118.0
2023-11-22,11.580209732055664,109.0
2023-11-23,11.618864059448242,109.0
2023-11-24,11.255532264709473,110.0
2023-11-27,11.495174407958984,104.0
2023-11-28,11.94354248046875,93.0
2023-11-29,12.438287734985352,93.0
2023-11-30,12.654741287231445,92.0
2023-12-01,12.662473678588867,93.0
2023-12-04,12.407367706298828,92.0
2023-12-05,12.56197738647461,91.0
2023-12-06,12.662473678588867,90.0
2023-12-07,12.848002433776855,93.0
2023-12-08,12.716585159301758,92.0
2023-12-11,12.577437400817871,92.0
2023-12-12,12.515594482421875,91.0
2023-12-13,12.933038711547852,93.0
2023-12-14,13.489630699157715,90.0
2023-12-15,13.373673439025879,90.0
2023-12-18,13.373673439025879,95.0
2023-12-19,13.404595375061035,90.0
2023-12-20,13.226795196533203,95.0
2023-12-21,13.384176254272461,93.0
2023-12-22,13.82927417755127,92.0
2023-12-26,13.727760314941406,91.0
2023-12-27,13.704333305358887,92.0
2023-12-28,13.60282039642334,91.0
2024-01-02,13.438835144042969,90.0
2024-01-03,13.188956260681152,90.0
2024-01-04,12.673580169677734,88.0
2024-01-05,12.993739128112793,87.0
2024-01-08,13.493497848510742,87.0
2024-01-09,13.126487731933594,87.0
2024-01-10,12.876606941223145,84.0
2024-01-11,12.845373153686523,79.0
2024-01-12,13.24361801147461,82.0
2024-01-15,13.274852752685547,85.0
2024-01-16,13.048399925231934,84.0
2024-01-17,13.103062629699707,80.0
2024-01-18,12.876606941223145,81.0
2024-01-19,13.056206703186035,83.0
2024-01-22,12.345613479614258,82.0
2024-01-23,12.423700332641602,82.0
2024-01-24,12.337804794311523,80.0
2024-01-25,12.61111068725586,80.0
2024-01-26,12.322186470031738,83.0
2024-01-29,12.26752758026123,83.0
2024-01-30,12.16601276397705,80.0
2024-01-31,12.533023834228516,82.0
2024-02-01,12.61892032623291,81.0
2024-02-02,12.2909517288208,79.0
2024-02-05,11.728720664978027,72.0
2024-02-06,12.18943977355957,73.0
2024-02-07,12.111351013183594,71.0
2024-02-08,11.68187141418457,68.0
2024-02-09,11.580357551574707,65.0
2024-02-14,11.400755882263184,60.0
2024-02-15,11.29924201965332,57.0
2024-02-16,11.24458122253418,59.0
2024-02-19,11.39294719696045,60.0
2024-02-20,11.5178861618042,59.0
2024-02-21,11.510077476501465,53.0
2024-02-22,11.814619064331055,52.0
2024-02-23,11.916133880615234,52.0
2024-02-26,11.931750297546387,50.0
2024-02-27,12.61111068725586,52.0
2024-02-28,12.25971794128418,51.0
2024-02-29,12.337804794311523,51.0
2024-03-01,12.985928535461426,54.0
2024-03-04,12.626729011535645,54.0
2024-03-05,12.759475708007812,56.0
2024-03-06,12.533023834228516,58.0
2024-03-07,12.681389808654785,56.0
2024-03-08,12.673580169677734,55.0
2024-03-11,12.447126388549805,55.0
2024-03-12,12.915650367736816,55.0
2024-03-13,13.204574584960938,55.0
2024-03-14,12.892226219177246,54.0
2024-03-15,12.0254545211792,53.0
2024-03-18,12.111351013183594,53.0
2024-03-19,12.18943977355957,52.0
2024-03-20,12.76524543762207,55.0
2024-03-21,12.520821571350098,56.0
2024-03-22,12.331589698791504,53.0
2024-03-25,12.371012687683105,54.0
2024-03-26,12.221205711364746,55.0
2024-03-27,12.883515357971191,55.0
2024-03-28,13.38813304901123,65.0
2024-04-01,13.27774715423584,61.0
2024-04-02,13.782367706298828,59.0
2024-04-03,13.427557945251465,57.0
2024-04-04,13.71928882598877,57.0
2024-04-05,13.356595993041992,56.0
2024-04-08,13.522171974182129,56.0
2024-04-09,13.632556915283203,58.0
2024-04-10,12.907170295715332,56.0
2024-04-11,13.159479141235352,56.0
2024-04-12,12.662745475769043,53.0
2024-04-15,12.505051612854004,50.0
2024-04-16,12.67851448059082,52.0
2024-04-17,12.347359657287598,53.0
2024-04-18,12.150243759155273,52.0
2024-04-19,12.339473724365234,52.0
2024-04-22,12.292166709899902,53.0
2024-04-23,12.268513679504395,52.0
2024-04-24,12.292166709899902,53.0
2024-04-25,12.229090690612793,55.0
2024-04-26,12.386783599853516,56.0
2024-04-29,12.371012687683105,55.0
2024-04-30,12.087166786193848,56.0
2024-05-02,12.323705673217773,56.0
2024-05-03,12.930822372436523,54.0
2024-05-06,12.57601547241211,54.0
2024-05-07,12.560245513916016,54.0
2024-05-08,13.285632133483887,54.0
2024-05-09,12.4262056350708,53.0
2024-05-10,11.905818939208984,53.0
2024-05-13,11.929473876953125,53.0
2024-05-14,11.984665870666504,54.0
2024-05-15,11.748125076293945,53.0
2024-05-16,11.81908893585205,53.0
2024-05-17,11.614086151123047,53.0
2024-05-20,11.582548141479492,53.0
2024-05-21,11.125239372253418,53.0
2024-05-22,10.336775779724121,53.0
2024-05-23,10.565430641174316,52.0
2024-05-24,10.510235786437988,55.0
2024-05-27,10.518119812011719,55.0
2024-05-28,10.407735824584961,53.0
2024-05-29,10.533889770507812,52.0
2024-05-31,10.344658851623535,46.0
2024-06-03,10.265811920166016,41.0
2024-06-04,10.155427932739258,36.0
2024-06-05,10.163311004638672,37.0
2024-06-06,10.549660682678223,37.0
2024-06-07,10.38408088684082,34.0
2024-06-10,10.060811996459961,34.0
2024-06-11,10.22638988494873,36.0
2024-06-12,10.068696022033691,36.0
2024-06-13,9.92677116394043,39.0
2024-06-14,10.084465026855469,40.0
2024-06-17,9.792733192443848,43.0
2024-06-18,9.745426177978516,42.0
2024-06-19,9.958311080932617,41.0
2024-06-20,9.863696098327637,40.0
2024-06-21,9.879464149475098,40.0
2024-06-24,10.052927017211914,41.0
2024-06-25,9.981965065002441,41.0
2024-06-26,9.67535400390625,40.0
2024-06-27,10.050553321838379,40.0
2024-06-28,9.96274185180664,39.0
2024-07-01,9.946775436401367,40.0
2024-07-02,9.707287788391113,39.0
2024-07-03,9.922826766967773,39.0
2024-07-04,10.561463356018066,40.0
2024-07-05,10.657258033752441,45.0
2024-07-08,10.457684516906738,50.0
2024-07-09,10.569446563720703,69.0
2024-07-10,10.617344856262207,76.0
2024-07-11,10.944646835327148,77.0
2024-07-12,10.816919326782227,69.0
2024-07-15,10.968595504760742,62.0
2024-07-16,10.952628135681152,67.0
2024-07-17,10.896747589111328,73.0
2024-07-18,10.505581855773926,75.0
2024-07-19,10.417769432067871,70.0
2024-07-22,10.816919326782227,77.0
2024-07-23,10.5215482711792,78.0
2024-07-24,10.274077415466309,76.0
2024-07-25,10.5215482711792,76.0
2024-07-26,10.6412935256958,70.0
2024-07-29,10.784987449645996,63.0
2024-07-30,10.401803970336914,62.0
2024-07-31,10.585413932800293,55.0
2024-08-01,10.60936164855957,62.0
2024-08-02,10.984560012817383,62.0
2024-08-05,11.152202606201172,61.0
2024-08-06,11.375726699829102,60.0
2024-08-07,11.655131340026855,60.0
2024-08-08,11.575301170349121,59.0
2024-08-09,12.333681106567383,54.0
2024-08-12,12.549223899841309,46.0
2024-08-13,12.533257484436035,41.0
2024-08-14,12.924421310424805,33.0
2024-08-15,13.363484382629395,14.0
2024-08-16,12.876523971557617,14.0
2024-08-19,13.57104206085205,10.0
2024-08-20,13.539111137390137,9.0
2024-08-21,13.49121379852295,8.0
2024-08-22,13.203825950622559,7.0
2024-08-23,14.169763565063477,6.0
2024-08-26,14.129850387573242,5.0
2024-08-27,14.648743629455566,7.0
2024-08-28,14.097918510437012,7.099999904632568
2024-08-29,13.610957145690918,6.0
2024-08-30,13.810531616210938,5.769999980926514
2024-09-02,13.52314567565918,6.980000019073486
2024-09-03,13.754650115966797,6.440000057220459
2024-09-04,13.95422649383545,6.510000228881836
2024-09-05,14.393289566040039,6.590000152587891
2024-09-06,14.145816802978516,6.639999866485596
2024-09-09,14.026071548461914,6.889999866485596
2024-09-10,14.113883972167969,6.579999923706055
2024-09-11,14.489082336425781,6.590000152587891
2024-09-12,14.672690391540527,6.639999866485596
2024-09-13,15.11974048614502,6.579999923706055
2024-09-16,15.455022811889648,6.630000114440918
2024-09-17,15.223518371582031,6.579999923706055
2024-09-18,15.167634963989258,6.519999980926514
2024-09-19,15.055874824523926,6.230000019073486
2024-09-20,14.40127182006836,5.78000020980835
2024-09-23,14.137834548950195,5.429999828338623
2024-09-24,14.896214485168457,5.550000190734863
2024-09-25,14.556872367858887,5.320000171661377
2024-09-26,14.500481605529785,5.150000095367432
2024-09-27,14.363530158996582,5.150000095367432
2024-09-30,14.54881477355957,4.650000095367432
2024-10-01,14.395755767822266,4.559999942779541
2024-10-02,14.782435417175293,4.460000038146973
2024-10-03,14.46825885772705,4.309999942779541
2024-10-04,14.589093208312988,4.329999923706055
2024-10-07,14.258805274963379,4.150000095367432
2024-10-08,14.500481605529785,4.039999961853027
2024-10-09,14.210472106933594,3.8399999141693115
2024-10-10,14.581038475036621,3.9700000286102295
2024-10-11,15.072446823120117,4.159999847412109
2024-10-14,15.233560562133789,3.9700000286102295
2024-10-15,15.26578426361084,3.880000114440918
2024-10-16,15.136889457702637,3.809999942779541
2024-10-17,15.072446823120117,3.950000047683716
2024-10-18,14.822712898254395,3.8499999046325684
2024-10-21,14.862993240356445,3.869999885559082
2024-10-22,14.629375457763672,3.8399999141693115
2024-10-23,14.46825885772705,3.7699999809265137
2024-10-24,15.169114112854004,3.7799999713897705
2024-10-25,14.87910270690918,3.859999895095825
2024-10-28,14.911327362060547,3.880000114440918
2024-10-29,14.903271675109863,3.859999895095825
2024-10-30,14.9999418258667,3.880000114440918
2024-10-31,14.959663391113281,3.700000047683716
2024-11-01,14.589093208312988,3.4800000190734863
2024-11-04,15.161060333251953,3.5799999237060547
2024-11-05,15.0643892288208,3.4000000953674316
2024-11-06,15.0643892288208,3.2699999809265137
2024-11-07,14.56492805480957,3.240000009536743
2024-11-08,13.670729637145996,3.130000114440918
2024-11-11,13.485445976257324,3.4700000286102295
2024-11-12,13.46933650970459,3.3399999141693115
2024-11-13,13.356553077697754,3.359999895095825
2024-11-14,13.284050941467285,9.40999984741211
2024-11-18,13.130990028381348,9.520000457763672
2024-11-19,13.340442657470703,9.100000381469727
2024-11-21,12.631529808044434,7.579999923706055
2024-11-22,13.010153770446777,8.699999809265137
2024-11-25,13.058488845825195,8.899999618530273
2024-11-26,13.711009979248047,9.069999694824219
2024-11-27,13.002098083496094,8.90999984741211
2024-11-28,11.680941581726074,7.900000095367432
2024-11-29,12.13206958770752,8.270000457763672
2024-12-02,12.075677871704102,8.0
2024-12-03,12.405967712402344,8.039999961853027
2024-12-04,12.615418434143066,7.960000038146973
2024-12-05,12.857091903686523,8.0
2024-12-06,12.591249465942383,7.820000171661377
2024-12-09,12.397912979125977,7.690000057220459
2024-12-10,12.478468894958496,9.510000228881836
2024-12-11,12.816812515258789,8.899999618530273
2024-12-12,12.122403144836426,8.220000267028809
2024-12-13,12.104680061340332,8.039999961853027
2024-12-16,11.750222206115723,7.610000133514404
2024-12-17,11.847699165344238,7.099999904632568
2024-12-18,11.165371894836426,6.400000095367432
2024-12-19,11.528687477111816,6.599999904632568
2024-12-20,11.900867462158203,6.630000114440918
2024-12-23,11.191954612731934,5.960000038146973
2024-12-26,11.147647857666016,5.199999809265137
2024-12-27,10.977524757385254,5.150000095367432
2024-12-30,10.887691497802734,6.199999809265137
2025-01-02,10.779891014099121,5.730000019073486
2025-01-03,10.914640426635742,5.739999771118164
2025-01-06,11.256003379821777,5.869999885559082
2025-01-07,11.74109935760498,5.710000038146973
2025-01-08,11.56143569946289,5.599999904632568
2025-01-09,11.678216934204102,5.610000133514404
2025-01-10,11.53448486328125,5.519999980926514
2025-01-13,11.543469429016113,5.480000019073486
2025-01-14,11.32787036895752,5.550000190734863
2025-01-15,11.857881546020508,5.71999979019165
2025-01-16,11.148204803466797,5.579999923706055
2025-01-17,11.076339721679688,5.710000038146973
2025-01-20,11.13922119140625,5.800000190734863
2025-01-21,11.247021675109863,6.510000228881836
2025-01-22,11.794998168945312,6.699999809265137
2025-01-23,11.678216934204102,6.400000095367432
2025-01-24,11.830931663513184,6.349999904632568
2025-01-27,12.262126922607422,6.639999866485596
2025-01-28,12.064496994018555,6.5
2025-01-29,12.028563499450684,6.320000171661377
2025-01-30,12.486708641052246,6.5
2025-01-31,12.262126922607422,6.510000228881836
2025-02-03,12.181278228759766,6.420000076293945
2025-02-04,11.83991527557373,6.380000114440918
2025-02-05,11.696184158325195,6.239999771118164
2025-02-06,11.965680122375488,6.199999809265137
2025-02-07,11.52550220489502,5.96999979019165
2025-02-10,11.777032852172852,5.78000020980835
2025-02-11,11.911782264709473,5.670000076293945
2025-02-12,11.426685333251953,5.309999942779541
2025-02-13,11.768048286437988,5.440000057220459
2025-02-14,12.262126922607422,5.360000133514404
2025-02-17,12.675355911254883,5.53000020980835
2025-02-18,12.62145709991455,5.559999942779541
2025-02-19,12.163311004638672,5.559999942779541
2025-02-20,12.31602668762207,5.739999771118164
2025-02-21,10.591243743896484,5.539999961853027
2025-02-24,10.06123161315918,5.320000171661377
2025-02-25,10.160049438476562,5.550000190734863
2025-02-26,9.71088695526123,5.369999885559082
2025-02-27,10.133099555969238,5.480000019073486
2025-02-28,10.178014755249023,5.420000076293945
2025-03-05,10.06123161315918,5.400000095367432
2025-03-06,10.25886344909668,5.559999942779541
2025-03-07,10.708025932312012,6.070000171661377
2025-03-10,10.65412712097168,6.210000038146973
2025-03-11,10.510394096374512,6.5
2025-03-12,10.869726181030273,6.570000171661377
2025-03-13,10.420562744140625,5.849999904632568
2025-03-14,10.806840896606445,6.269999980926514
2025-03-17,11.229055404663086,6.400000095367432
2025-03-18,11.08532428741455,6.420000076293945
2025-03-19,11.13922119140625,7.050000190734863
2025-03-20,10.77090835571289,7.010000228881836
2025-03-21,11.157187461853027,7.199999809265137
2025-03-24,11.094305992126465,8.510000228881836
2025-03-25,11.372784614562988,8.3100004196167
2025-03-26,11.516632080078125,9.050000190734863
2025-03-27,11.653409957885742,6.699999809265137
2025-03-28,11.434565544128418,6.099999904632568
2025-03-31,11.151893615722656,5.699999809265137
2025-04-01,11.498394966125488,6.0
2025-04-02,11.82666015625,5.849999904632568
2025-04-03,12.091096878051758,6.389999866485596
2025-04-04,11.534869194030762,5.980000019073486
2025-04-07,11.051589965820312,5.78000020980835
2025-04-08,10.933050155639648,5.599999904632568
2025-04-09,11.635172843933105,5.820000171661377
2025-04-10,11.553106307983398,5.769999980926514
2025-04-11,11.671647071838379,6.010000228881836
2025-04-14,11.863134384155273,6.119999885559082
2025-04-15,11.671647071838379,6.0
2025-04-16,11.525751113891602,5.809999942779541
2025-04-17,11.671647071838379,5.800000190734863
2025-04-22,11.680765151977539,5.920000076293945
2025-04-23,11.771949768066406,5.78000020980835
2025-04-24,12.44671630859375,6.079999923706055
2025-04-25,12.61996841430664,5.860000133514404
2025-04-28,13.03941822052002,5.769999980926514
2025-04-29,13.258260726928711,5.929999828338623
2025-04-30,13.322088241577148,5.659999847412109
2025-05-02,13.568288803100586,5.570000171661377
2025-05-05,13.358563423156738,5.559999942779541
2025-05-06,13.048535346984863,5.309999942779541
2025-05-07,13.103246688842773,5.409999847412109
2025-05-08,14.078924179077148,5.5
2025-05-09,14.771926879882812,5.349999904632568
2025-05-12,14.999890327453613,5.460000038146973
2025-05-13,15.36462688446045,5.71999979019165
2025-05-14,15.346392631530762,5.739999771118164
2025-05-15,15.884380340576172,5.269999980926514
2025-05-16,15.984685897827148,5.119999885559082
2025-05-19,16.404132843017578,5.199999809265137
2025-05-20,16.686805725097656,5.309999942779541
2025-05-21,16.057634353637695,5.119999885559082
2025-05-22,16.112342834472656,5.150000095367432
2025-05-23,16.048513412475586,5.119999885559082
2025-05-26,16.176172256469727,5.239999771118164
2025-05-27,16.367658615112305,5.179999828338623
2025-05-28,16.568265914916992,5.239999771118164
2025-05-29,16.37677764892578,5.190000057220459
2025-05-30,16.55914878845215,5.130000114440918
2025-06-02,16.73240089416504,5.119999885559082
2025-06-03,17.1518497467041,5.679999828338623
2025-06-04,16.796226501464844,5.730000019073486
2025-06-05,16.796226501464844,5.389999866485596
2025-06-06,16.012039184570312,5.800000190734863
2025-06-09,16.31294822692871,5.849999904632568
2025-06-10,16.695924758911133,5.659999847412109
2025-06-11,16.841819763183594,5.420000076293945
2025-06-12,16.81446647644043,5.420000076293945
2025-06-13,16.741518020629883,5.340000152587891
2025-06-16,17.160964965820312,5.440000057220459
2025-06-17,17.00595474243164,5.699999809265137
2025-06-18,17.06978416442871,5.849999904632568
2025-06-20,16.923885345458984,5.829999923706055
2025-06-23,17.334218978881836,6.650000095367432
2025-06-24,17.589536666870117,6.059999942779541
2025-06-25,17.315980911254883,5.900000095367432
2025-06-26,17.808378219604492,5.860000133514404
2025-06-27,17.835735321044922,5.929999828338623
2025-06-30,17.94515609741211,5.670000076293945
2025-07-01,17.917800903320312,5.420000076293945
2025-07-02,17.32509994506836,5.340000152587891
2025-07-03,17.779521942138672,5.400000095367432
2025-07-04,17.825605392456055,5.360000133514404
2025-07-07,17.770305633544922,5.340000152587891
2025-07-08,17.78873634338379,5.320000171661377
2025-07-09,17.88090705871582,5.170000076293945
2025-07-10,17.659700393676758,5.190000057220459
2025-07-11,17.235721588134766,5.159999847412109
2025-07-14,16.747220993041992,5.179999828338623
2025-07-15,17.08824920654297,5.119999885559082
2025-07-16,17.10668182373047,5.070000171661377
2025-07-17,17.254152297973633,5.099999904632568
2025-07-18,16.3416748046875,5.099999904632568
2025-07-21,16.102031707763672,5.0
2025-07-22,16.055950164794922,4.940000057220459
2025-07-23,16.24950408935547,5.059999942779541
2025-07-24,15.742573738098145,5.070000171661377
2025-07-25,15.410760879516602,5.239999771118164
2025-07-28,15.088167190551758,5.159999847412109
2025-07-29,15.069733619689941,5.300000190734863
2025-07-30,15.447628021240234,5.260000228881836
2025-07-31,14.995999336242676,5.179999828338623
2025-08-01,15.198772430419922,5.150000095367432
2025-08-04,15.549017906188965,5.170000076293945
2025-08-05,15.567448616027832,5.159999847412109
2025-08-06,16.378543853759766,5.170000076293945
2025-08-07,16.62740135192871,5.389999866485596
2025-08-08,15.419978141784668,5.570000171661377
2025-08-11,15.134252548217773,5.760000228881836
2025-08-12,15.410760879516602,5.670000076293945
2025-08-13,14.830093383789062,5.269999980926514
2025-08-14,14.76557445526123,5.139999866485596
2025-08-15,14.866960525512695,4.940000057220459
2025-08-18,14.940695762634277,4.96999979019165
2025-08-19,14.6273193359375,4.929999828338623
2025-08-20,14.479846954345703,4.980000019073486
2025-08-21,14.230990409851074,4.929999828338623
2025-08-22,14.66418743133545,5.099999904632568
2025-08-25,14.608885765075684,5.260000228881836
2025-08-26,14.424545288085938,5.380000114440918
2025-08-27,14.737923622131348,5.599999904632568
2025-08-28,14.913044929504395,6.019999980926514
2025-08-29,14.986780166625977,6.579999923706055
2025-09-01,14.96834659576416,6.139999866485596
2025-09-02,14.830093383789062,6.840000152587891
2025-09-03,14.774791717529297,6.199999809265137
2025-09-04,14.848526954650879,6.400000095367432
2025-09-05,15.069733619689941,6.170000076293945
2025-09-08,14.6273193359375,6.579999923706055
2025-09-09,14.369245529174805,6.5
2025-09-10,14.710272789001465,6.630000114440918
2025-09-11,14.913044929504395,6.730000019073486
2025-09-12,14.608885765075684,6.829999923706055
2025-09-15,14.949913024902344,6.829999923706055
2025-09-16,15.576668739318848,7.420000076293945
2025-09-17,15.687270164489746,7.989999771118164
2025-09-18,15.714920043945312,8.069999694824219
2025-09-19,15.595100402832031,7.449999809265137
2025-09-22,14.995999336242676,7.099999904632568
2025-09-23,14.673404693603516,7.050000190734863
2025-09-24,14.897452354431152,7.130000114440918
2025-09-25,14.691841125488281,6.559999942779541
2025-09-26,14.785300254821777,6.760000228881836
2025-09-29,14.72922420501709,6.539999961853027
2025-09-30,14.140430450439453,6.110000133514404
2025-10-01,14.1591215133667,6.110000133514404
2025-10-02,13.832013130187988,6.170000076293945
2025-10-03,13.738553047180176,5.889999866485596
2025-10-06,13.448829650878906,6.010000228881836
2025-10-07,12.682459831237793,5.579999923706055
2025-10-08,12.90676498413086,5.760000228881836
2025-10-09,12.934802055358887,5.789999961853027
2025-10-10,13.065644264221191,5.480000019073486
2025-10-13,13.215180397033691,5.349999904632568
2025-10-14,13.383407592773438,5.349999904632568
2025-10-15,13.317986488342285,5.300000190734863
2025-10-16,13.374061584472656,5.090000152587891
2025-10-17,13.308639526367188,5.059999942779541
2025-10-20,13.364716529846191,5.199999809265137
2025-10-21,13.673131942749023,5.230000019073486
2025-10-22,13.523597717285156,5.329999923706055
2025-10-23,13.850704193115234,5.269999980926514
2025-10-24,13.832013130187988,5.380000114440918
2025-10-27,13.850704193115234,5.429999828338623
2025-10-28,13.626401901245117,5.420000076293945
2025-10-29,13.673131942749023,5.5
2025-10-30,13.635748863220215,5.78000020980835
2025-10-31,13.869396209716797,5.5
2025-11-03,13.785284042358398,5.269999980926514
2025-11-04,13.990894317626953,5.099999904632568
2025-11-05,14.448845863342285,5.289999961853027
2025-11-06,13.607710838317871,5.099999904632568
2025-11-07,13.037607192993164,5.170000076293945
2025-11-10,13.551634788513184,5.320000171661377
2025-11-11,13.97220230102539,5.570000171661377
2025-11-12,13.96285629272461,5.550000190734863
2025-11-13,13.860051155090332,5.199999809265137
2025-11-14,14.168468475341797,5.130000114440918
2025-11-17,14.140430450439453,5.210000038146973
2025-11-18,14.093700408935547,5.489999771118164
2025-11-19,13.944164276123047,5.619999885559082
2025-11-21,14.196505546569824,5.610000133514404
2025-11-24,14.112391471862793,5.650000095367432
2025-11-25,14.233887672424316,6.130000114440918
2025-11-26,14.439499855041504,5.980000019073486
2025-11-27,14.841377258300781,6.019999980926514
2025-11-28,14.719879150390625,5.940000057220459
2025-12-01,14.72922420501709,6.150000095367432
2025-12-02,14.757262229919434,6.659999847412109
2025-12-03,14.448845863342285,6.949999809265137
2025-12-04,14.056316375732422,7.119999885559082
2025-12-05,12.972185134887695,6.71999979019165
2025-12-08,13.308639526367188,6.75
2025-12-09,13.065644264221191,6.329999923706055
2025-12-10,13.103028297424316,6.480000019073486
2025-12-11,13.15910530090332,6.170000076293945
2025-12-12,13.489486694335938,5.989999771118164
2025-12-15,13.745977401733398,5.809999942779541
2025-12-16,13.232996940612793,5.420000076293945
2025-12-17,12.758014678955078,5.349999904632568
2025-12-18,12.710516929626465,5.329999923706055
2025-12-19,12.872011184692383,5.269999980926514
2025-12-22,12.42552661895752,5.269999980926514
2025-12-23,12.872011184692383,5.360000133514404
2025-12-26,12.96700668334961,5.349999904632568
2025-12-29,12.824511528015137,5.239999771118164
2025-12-30,12.777013778686523,5.130000114440918
2026-01-02,12.710516929626465,5.019999980926514
2026-01-05,12.330530166625977,5.0
2026-01-06,12.777013778686523,5.039999961853027
2026-01-07,12.47302532196045,4.949999809265137
2026-01-08,12.748515129089355,5.0
2026-01-09,12.634519577026367,4.960000038146973
2026-01-12,12.739015579223633,4.980000019073486
2026-01-13,12.577520370483398,4.880000114440918
2026-01-14,12.843511581420898,4.840000152587891
2026-01-15,12.83401107788086,4.800000190734863
2026-01-16,12.663018226623535,4.75
2026-01-19,12.720016479492188,4.699999809265137
2026-01-20,12.938507080078125,4.650000095367432
2026-01-21,13.764976501464844,4.760000228881836
2026-01-22,14.201959609985352,5.010000228881836
2026-01-23,14.106963157653809,5.179999828338623
2026-01-26,14.011966705322266,5.369999885559082
2026-01-27,14.467948913574219,5.619999885559082
2026-01-28,14.77193832397461,5.789999961853027
2026-01-29,14.53444766998291,5.630000114440918
2026-01-30,14.182960510253906,5.730000019073486
2026-02-02,14.296956062316895,5.699999809265137
2026-02-03,14.8099365234375,5.739999771118164
2026-02-04,14.43945026397705,5.449999809265137
2026-02-05,14.43945026397705,5.349999904632568
2026-02-06,14.72443962097168,5.28000020980835
2026-02-09,14.648442268371582,5.619999885559082
2026-02-10,14.31595516204834,5.53000020980835
2026-02-11,14.505949020385742,5.550000190734863
2026-02-12,14.334954261779785,5.420000076293945
2026-02-13,14.581945419311523,5.539999961853027
2026-02-18,14.72443962097168,5.579999923706055
2026-02-19,14.8099365234375,5.679999828338623
2026-02-20,14.819437026977539,5.690000057220459
2026-02-23,14.752939224243164,5.659999847412109
2026-02-24,15.085426330566406,5.670000076293945
2026-02-25,14.990428924560547,5.579999923706055
2026-02-26,15.246918678283691,5.619999885559082
2026-02-27,14.800436973571777,5.619999885559082
2026-03-02,14.743438720703125,5.460000038146973
2026-03-03,14.211458206176758,5.179999828338623
2026-03-04,14.40145206451416,5.150000095367432
2026-03-05,13.983468055725098,5.099999904632568
2026-03-06,14.030966758728027,4.989999771118164
2026-03-09,13.840972900390625,5.159999847412109
2026-03-10,14.458450317382812,5.269999980926514
2026-03-11,14.895434379577637,5.210000038146973
2026-03-12,14.268458366394043,4.980000019073486
2026-03-13,14.306455612182617,4.900000095367432
2026-03-16,14.43945026397705,5.0
2026-03-17,14.363452911376953,4.949999809265137
2026-03-18,14.334954261779785,4.929999828338623
2026-03-19,14.391952514648438,5.050000190734863
2026-03-20,14.097463607788086,4.929999828338623
2026-03-23,14.876433372497559,5.159999847412109
2026-03-24,14.895434379577637,5.210000038146973
2026-03-25,14.878759384155273,5.150000095367432
2026-03-26,14.637845993041992,5.800000190734863
2026-03-27,14.348752975463867,5.420000076293945
2026-03-30,13.674196243286133,5.230000019073486
2026-03-31,14.416207313537598,5.179999828338623
2026-04-01,14.416207313537598,5.510000228881836
2026-04-02,14.300569534301758,5.400000095367432
2026-04-06,14.117475509643555,5.579999923706055
2026-04-07,14.26202392578125,5.630000114440918
2026-04-08,14.936577796936035,5.880000114440918
2026-04-09,15.331674575805664,5.900000095367432
2026-04-10,15.148582458496094,6.079999923706055
2026-04-13,15.235310554504395,6.260000228881836
2026-04-14,15.100399017333984,7.239999771118164
2026-04-15,15.032943725585938,7.400000095367432
2026-04-16,14.502936363220215,7.610000133514404
2026-04-17,14.869123458862305,6.980000019073486
2026-04-20,14.599300384521484,6.940000057220459
2026-04-22,14.088566780090332,6.46999979019165
2026-04-23,13.818743705749512,6.019999980926514
2026-04-24,13.76092529296875,5.980000019073486
2026-04-27,13.462194442749023,6.090000152587891
2026-04-28,13.500740051269531,5.960000038146973
2026-04-29,12.932186126708984,5.690000057220459
2026-04-30,13.105643272399902,5.739999771118164
2026-05-04,13.028552055358887,5.590000152587891
2026-05-05,13.539286613464355,5.590000152587891
2026-05-06,14.156022071838379,5.599999904632568
2026-05-07,14.396934509277344,5.539999961853027
2026-05-08,13.828380584716797,5.449999809265137
2026-05-11,13.221281051635742,5.360000133514404
2026-05-12,13.192371368408203,5.46999979019165
2026-05-13,12.66236400604248,5.639999866485596
2026-05-14,13.221281051635742,5.25
2026-05-15,13.05746078491211,4.96999979019165
2026-05-18,13.269464492797852,5.0
2026-05-19,13.144189834594727,4.96999979019165
2026-05-20,14.165658950805664,5.21999979019165
2026-05-21,14.310206413269043,5.489999771118164
2026-05-22,14.522208213806152,5.139999866485596
2026-05-25,14.84985065460205,5.130000114440918
2026-05-26,14.49329948425293,5.010000228881836
2026-05-27,14.32947826385498,5.199999809265137
2026-05-28,14.454753875732422,5.170000076293945
2026-05-29,14.358388900756836,5.050000190734863
2026-06-01,14.474026679992676,5.090000152587891
2026-06-02,14.955852508544922,5.110000133514404
2026-06-03,14.107839584350586,4.880000114440918
2026-06-05,14.348752975463867,4.800000190734863
2026-06-08,14.425844192504883,4.710000038146973
2026-06-09,14.464390754699707,4.820000171661377
2026-06-10,14.281296730041504,4.619999885559082
2026-06-11,14.83057689666748,4.639999866485596
2026-06-12,14.820940017700195,4.599999904632568
2026-06-15,14.753485679626465,4.78000020980835
2026-06-16,14.348752975463867,4.550000190734863
2026-06-17,13.924745559692383,4.510000228881836
2026-06-18,13.481466293334961,4.349999904632568
2026-06-19,13.770562171936035,4.380000114440918
2026-06-22,13.866927146911621,4.429999828338623
2026-06-23,14.011474609375,4.289999961853027
2026-06-24,14.196815490722656,4.28000020980835
2026-06-25,14.216397285461426,4.050000190734863
2026-06-26,14.656988143920898,4.019999980926514
2026-06-29,14.676568984985352,4.139999866485596
2026-06-30,14.45137882232666,3.8399999141693115
2026-07-01,14.549287796020508,3.390000104904175
2026-07-02,14.4905424118042,3.5
2026-07-03,14.4905424118042,3.5799999237060547
2026-07-06,13.795388221740723,3.8499999046325684
2026-07-07,13.364587783813477,3.700000047683716
2026-07-08,13.423333168029785,3.7699999809265137
2026-07-09,13.854132652282715,4.079999923706055
2026-07-10,14.314306259155273,4.099999904632568
2026-07-13,13.854132652282715,3.7799999713897705
2026-07-14,13.991206169128418,3.75
2026-07-15,13.80517864227295,3.690000057220459
2026-07-16,13.364587783813477,3.75
2026-07-17,13.139396667480469,4.0
2026-07-20,13.031697273254395,3.890000104904175
2026-07-21,12.992533683776855,3.9200000762939453
2026-07-22,13.256888389587402,4.019999980926514
2026-07-23,13.090442657470703,4.010000228881836
2026-07-24,12.992533683776855,4.019999980926514
2026-07-27,13.442914962768555,4.329999923706055
2026-07-28,13.609360694885254,4.699999809265137
2026-07-29,13.08065128326416,4.449999809265137
2026-07-30,13.237306594848633,4.53000020980835
2026-07-31,13.315633773803711,4.639999866485596
2026-08-03,13.560406684875488,4.650000095367432
2026-08-04,13.384169578552246,4.829999923706055
2026-08-05,13.384169578552246,4.71999979019165
2026-08-06,13.198142051696777,4.610000133514404
2026-08-07,12.13093376159668,4.150000095367432
2026-08-10,11.866579055786133,4.050000190734863
2026-08-11,11.778460502624512,4.0
2026-08-12,11.494524955749512,3.9100000858306885
2026-08-13,11.269333839416504,3.759999990463257
2026-08-14,10.975606918334961,3.740000009536743
2026-08-17,10.789579391479492,3.799999952316284
2026-08-18,10.417525291442871,4.019999980926514
2026-08-19,10.505642890930176,4.070000171661377
2026-08-20,10.280452728271484,4.25
2026-08-21,10.76020622253418,4.659999847412109
2026-08-24,10.427315711975098,4.639999866485596
2026-08-25,10.8483247756958,4.800000190734863
2026-08-26,10.574179649353027,4.800000190734863
2026-08-27,10.407733917236328,4.920000076293945
2026-08-28,10.47627067565918,4.690000057220459
2026-08-31,10.672088623046875,5.099999904632568
2026-09-01,10.828742980957031,5.010000228881836
2026-09-02,11.102888107299805,5.239999771118164
2026-09-03,11.161633491516113,5.320000171661377
2026-09-04,11.112679481506348,5.550000190734863
2026-09-08,11.377034187316895,5.420000076293945
2026-09-09,11.102888107299805,5.269999980926514
2026-09-10,11.210588455200195,5.269999980926514
2026-09-11,11.093097686767578,4.909999847412109
2026-09-14,10.975606918334961,4.989999771118164
2026-09-15,10.916860580444336,4.980000019073486
2026-09-16,11.259542465209961,5.010000228881836
2026-09-17,10.90707015991211,4.940000057220459
2026-09-18,10.936443328857422,4.739999771118164
