Date,MGLU3.SA,AMER3.SA
2011-09-21,3.2301511764526367,1437.65234375
2011-09-22,3.0057666301727295,1345.628662109375
2011-09-23,2.9835751056671143,1454.1470947265625
2011-09-26,3.0033018589019775,1447.2020263671875
2011-09-27,3.079740285873413,1388.16796875
2011-09-28,3.0328900814056396,1347.3651123046875
2011-09-29,2.995903968811035,1370.8050537109375
2011-09-30,2.8948075771331787,1276.1768798828125
2011-10-03,2.766587734222412,1187.6259765625
2011-10-04,2.759190082550049,1157.24072265625
2011-10-05,2.823300361633301,1198.911865234375
2011-10-06,2.8602869510650635,1241.4510498046875
2011-10-07,2.7616569995880127,1202.3843994140625
2011-10-10,2.8602869510650635,1250.132568359375
2011-10-11,2.872615337371826,1239.7147216796875
2011-10-13,2.953986406326294,1205.8570556640625
2011-10-14,3.0180959701538086,1258.81396484375
2011-10-17,2.9465882778167725,1228.4288330078125
2011-10-18,2.9465882778167725,1228.4288330078125
2011-10-19,3.0698773860931396,1258.81396484375
2011-10-20,3.074808359146118,1251.000732421875
2011-10-21,3.074808359146118,1265.7591552734375
2011-10-24,3.092069625854492,1282.25390625
2011-10-25,3.092069625854492,1282.25390625
2011-10-26,3.062479019165039,1282.25390625
2011-10-27,3.106863260269165,1282.25390625
2011-10-28,3.1931657791137695,1343.8924560546875
2011-10-31,3.304124593734741,1272.704345703125
2011-11-01,3.156179189682007,1169.3948974609375
2011-11-03,3.242480993270874,1143.350341796875
2011-11-04,3.203028440475464,1146.822998046875
2011-11-07,3.267138957977295,1102.5474853515625
2011-11-08,3.2178232669830322,1123.3829345703125
2011-11-09,3.106863260269165,1083.4481201171875
2011-11-10,3.131521224975586,1083.4481201171875
2011-11-11,2.921931028366089,1002.71044921875
2011-11-14,2.8085060119628906,994.0289916992188
2011-11-16,2.7246696949005127,944.5445556640625
2011-11-17,2.7369987964630127,913.2911987304688
2011-11-18,2.751793146133423,899.4009399414062
2011-11-21,2.589052677154541,869.0157470703125
2011-11-22,2.4632983207702637,861.202392578125
2011-11-23,2.4263126850128174,856.8616943359375
2011-11-24,2.4657647609710693,848.18017578125
2011-11-25,2.4583680629730225,842.1031494140625
2011-11-28,2.5397377014160156,887.246826171875
2011-11-29,2.5397377014160156,872.48828125
2011-11-30,2.6876838207244873,881.1697998046875
2011-12-01,2.9071364402770996,903.7416381835938
2011-12-02,2.833163022994995,894.1920166015625
2011-12-05,2.7616569995880127,909.8186645507812
2011-12-06,2.6876838207244873,900.26904296875
2011-12-07,2.6506967544555664,863.8068237304688
2011-12-08,2.5643951892852783,836.0260620117188
2011-12-09,2.6013810634613037,851.6527709960938
2011-12-12,2.5841219425201416,851.6527709960938
2011-12-13,2.5643951892852783,833.4216918945312
2011-12-14,2.4534354209899902,819.5313110351562
2011-12-15,2.490422248840332,786.5416870117188
2011-12-16,2.589052677154541,785.673583984375
2011-12-19,2.5027506351470947,763.1017456054688
2011-12-20,2.561929225921631,785.673583984375
2011-12-21,2.4164493083953857,767.4424438476562
2011-12-22,2.2315168380737305,775.2557983398438
2011-12-23,2.293161630630493,784.805419921875
2011-12-26,2.320284605026245,794.3550415039062
2011-12-27,2.2832982540130615,781.3328247070312
2011-12-28,2.2832982540130615,776.9920654296875
2011-12-29,2.35233998298645,781.3328247070312
2012-01-02,2.293161630630493,823.8720092773438
2012-01-03,2.278367042541504,827.3446044921875
2012-01-04,2.256174325942993,818.6631469726562
2012-01-05,2.2364490032196045,786.5416870117188
2012-01-06,2.2980923652648926,785.673583984375
2012-01-09,2.2759006023406982,814.3224487304688
2012-01-10,2.2438457012176514,816.0587158203125
2012-01-11,2.280832290649414,796.09130859375
2012-01-12,2.3054893016815186,788.2780151367188
2012-01-13,2.332613229751587,780.4646606445312
2012-01-16,2.332613229751587,783.069091796875
2012-01-17,2.3745315074920654,783.069091796875
2012-01-18,2.3671340942382812,803.9046630859375
2012-01-19,2.384394645690918,849.9164428710938
2012-01-20,2.399188756942749,838.6305541992188
2012-01-23,2.4041202068328857,826.4765014648438
2012-01-24,2.3671340942382812,817.7950439453125
2012-01-26,2.490422248840332,843.8394165039062
2012-01-27,2.5496010780334473,895.9282836914062
2012-01-30,2.4657647609710693,886.378662109375
2012-01-31,2.470695972442627,904.6097412109375
2012-02-01,2.5397377014160156,943.6763916015625
2012-02-02,2.589052677154541,914.159423828125
2012-02-03,2.510148525238037,929.7860107421875
2012-02-06,2.4041202068328857,911.5549926757812
2012-02-07,2.4485039710998535,928.9179077148438
2012-02-08,2.4337098598480225,937.599365234375
2012-02-09,2.4411070346832275,922.8408813476562
2012-02-10,2.4632983207702637,898.53271484375
2012-02-13,2.4632983207702637,937.599365234375
2012-02-14,2.43864107131958,981.0067749023438
2012-02-15,2.515080213546753,1017.468994140625
2012-02-16,2.4805593490600586,977.5341796875
2012-02-17,2.515080213546753,981.0067749023438
2012-02-23,2.7493271827697754,951.48974609375
2012-02-24,2.8849446773529053,981.0067749023438
2012-02-27,2.897273063659668,968.8527221679688
2012-02-28,2.8923416137695312,962.7756958007812
2012-02-29,2.921931028366089,954.9623413085938
2012-03-01,2.9022059440612793,914.159423828125
2012-03-02,2.9515204429626465,862.938720703125
2012-03-05,2.909602403640747,840.3668823242188
2012-03-06,2.872615337371826,821.267578125
2012-03-07,2.953986406326294,836.0260620117188
2012-03-08,3.106863260269165,857.7297973632812
2012-03-09,3.0378215312957764,842.1031494140625
2012-03-12,2.971245765686035,824.7401733398438
2012-03-13,2.971245765686035,867.2794189453125
2012-03-14,2.9342598915100098,836.0260620117188
2012-03-15,2.872615337371826,842.1031494140625
2012-03-16,2.8356292247772217,833.4216918945312
2012-03-19,2.8356292247772217,810.849853515625
2012-03-20,2.8602869510650635,786.5416870117188
2012-03-21,2.855355739593506,772.6513061523438
2012-03-22,2.855355739593506,772.6513061523438
2012-03-23,2.9441232681274414,783.937255859375
2012-03-26,3.0106985569000244,775.2557983398438
2012-03-27,2.9342598915100098,746.60693359375
2012-03-28,2.8800134658813477,724.0350341796875
2012-03-29,2.865218162536621,704.0676879882812
2012-03-30,2.949054479598999,720.5625
2012-04-02,3.042753219604492,703.1995239257812
2012-04-03,3.0575482845306396,716.2218017578125
2012-04-04,3.045219659805298,698.8587646484375
2012-04-05,2.9638493061065674,707.540283203125
2012-04-09,2.875081777572632,701.4631958007812
2012-04-10,2.9071364402770996,690.1773071289062
2012-04-11,2.857820510864258,679.7595825195312
2012-04-12,2.995903968811035,691.9136352539062
2012-04-13,3.025493860244751,673.6825561523438
2012-04-16,3.0822055339813232,690.1773071289062
2012-04-17,3.106863260269165,699.7269897460938
2012-04-18,3.087137222290039,723.1669311523438
2012-04-19,3.0378215312957764,724.9032592773438
2012-04-20,2.941657304763794,710.1447143554688
2012-04-23,2.8356292247772217,692.78173828125
2012-04-24,2.8060405254364014,711.8810424804688
2012-04-25,2.810971736907959,702.3314208984375
2012-04-26,2.71234130859375,720.5625
2012-04-27,2.798642158508301,728.3758544921875
2012-04-30,2.8060405254364014,705.8040161132812
2012-05-02,2.809709072113037,705.8040161132812
2012-05-03,2.9800689220428467,703.1995239257812
2012-05-04,3.0096967220306396,675.4188232421875
2012-05-07,3.0862350463867188,684.9684448242188
2012-05-08,3.036855697631836,660.6602783203125
2012-05-09,3.073890209197998,625.9343872070312
2012-05-10,3.0492007732391357,617.2529296875
2012-05-11,2.9701931476593018,620.7255249023438
2012-05-14,2.8146469593048096,613.7803344726562
2012-05-15,2.530712842941284,559.0870361328125
2012-05-16,2.530712842941284,650.2424926757812
2012-05-17,2.385042428970337,606.8351440429688
2012-05-18,2.2196204662323,615.5166015625
2012-05-21,2.2196204662323,607.7033081054688
2012-05-22,2.234434127807617,572.9773559570312
2012-05-23,2.2591238021850586,554.7462768554688
2012-05-24,2.148019790649414,520.8885498046875
2012-05-25,2.266530752182007,533.9107666015625
2012-05-28,2.389979839324951,535.6470336914062
2012-05-29,2.382572889328003,516.5478515625
2012-05-30,2.3307249546051025,507.8663024902344
2012-05-31,2.3035659790039062,526.097412109375
2012-06-01,2.222090005874634,499.1848449707031
2012-06-04,2.2122130393981934,478.3493347167969
2012-06-05,2.197399616241455,438.4145202636719
2012-06-06,2.246779203414917,464.4589538574219
2012-06-08,2.256655693054199,476.6130065917969
2012-06-11,2.3282556533813477,478.3493347167969
2012-06-12,2.4270150661468506,501.789306640625
2012-06-13,2.4245457649230957,520.8885498046875
2012-06-14,2.444298028945923,546.0648193359375
2012-06-15,2.481332540512085,539.1196899414062
2012-06-18,2.481332540512085,536.5151977539062
2012-06-19,2.5233049392700195,551.2737426757812
2012-06-20,2.4665186405181885,533.0426025390625
2012-06-21,2.375166893005371,519.1522827148438
2012-06-22,2.375166893005371,520.8885498046875
2012-06-25,2.3578834533691406,486.1626281738281
2012-06-26,2.2714688777923584,480.0856018066406
2012-06-27,2.197399616241455,490.5033874511719
2012-06-28,2.197399616241455,481.8218994140625
2012-06-29,2.3208489418029785,507.8663024902344
2012-07-02,2.3134422302246094,519.1522827148438
2012-07-03,2.382572889328003,572.9773559570312
2012-07-04,2.394918918609619,599.0218505859375
2012-07-05,2.3578834533691406,612.9121704101562
2012-07-06,2.3702287673950195,574.7136840820312
2012-07-10,2.3208489418029785,516.5478515625
2012-07-11,2.2418410778045654,506.1300048828125
2012-07-12,2.276406764984131,520.8885498046875
2012-07-13,2.3233184814453125,555.6144409179688
2012-07-16,2.3233184814453125,518.2840576171875
2012-07-17,2.2615933418273926,532.1744384765625
2012-07-18,2.3085038661956787,563.4277954101562
2012-07-19,2.402325391769409,587.7359619140625
2012-07-20,2.404794931411743,557.3507690429688
2012-07-23,2.382572889328003,527.833740234375
2012-07-24,2.2813453674316406,510.4707946777344
2012-07-25,2.2714688777923584,506.9981994628906
2012-07-26,2.3801050186157227,538.25146484375
2012-07-27,2.4566428661346436,588.6040649414062
2012-07-30,2.491208791732788,612.0440063476562
2012-07-31,2.530712842941284,579.922607421875
2012-08-01,2.5973751544952393,603.362548828125
2012-08-02,2.582561731338501,590.34033203125
2012-08-03,2.627004384994507,641.56103515625
2012-08-06,2.7529215812683105,665.0010375976562
2012-08-07,2.6739144325256348,619.8573608398438
2012-08-08,2.6739144325256348,645.9017944335938
2012-08-09,2.661569595336914,637.2203369140625
2012-08-10,2.661569595336914,637.2203369140625
2012-08-13,2.592437267303467,625.9343872070312
2012-08-14,2.7553908824920654,583.3951416015625
2012-08-15,2.7134177684783936,555.6144409179688
2012-08-16,2.7035419940948486,577.318115234375
2012-08-17,2.738107681274414,614.6484985351562
2012-08-20,2.7158870697021484,637.2203369140625
2012-08-21,2.671445369720459,650.2424926757812
2012-08-22,2.6591005325317383,668.4736328125
2012-08-23,2.661569595336914,651.1107177734375
2012-08-24,2.740576982498169,669.341796875
2012-08-27,2.8516807556152344,635.4840087890625
2012-08-28,2.888716220855713,646.7699584960938
2012-08-29,2.7529215812683105,635.4840087890625
2012-08-30,2.7035419940948486,677.1550903320312
2012-08-31,2.789957046508789,681.495849609375
2012-09-03,2.789957046508789,698.8587646484375
2012-09-04,2.8442740440368652,687.5729370117188
2012-09-05,2.8664956092834473,693.6499633789062
2012-09-06,3.026979446411133,692.78173828125
2012-09-10,3.0862350463867188,690.1773071289062
2012-09-11,3.1232712268829346,691.9136352539062
2012-09-12,3.1701812744140625,752.6839599609375
2012-09-13,3.254127264022827,816.9268798828125
2012-09-14,3.175119161605835,825.6083374023438
2012-09-17,3.249187707901001,816.0587158203125
2012-09-18,3.1627743244171143,840.3668823242188
2012-09-19,3.192401647567749,829.9490356445312
2012-09-20,3.2096848487854004,852.5209350585938
2012-09-21,3.2220301628112793,854.2572021484375
2012-09-24,3.2096848487854004,892.4556884765625
2012-09-25,3.239312171936035,922.8408813476562
2012-09-26,3.147960901260376,883.7742309570312
2012-09-27,3.105987787246704,927.1815795898438
2012-09-28,3.0220417976379395,924.5771484375
2012-10-01,3.0121660232543945,1017.468994140625
2012-10-02,2.96525502204895,1042.6451416015625
2012-10-03,2.9158756732940674,1076.5029296875
2012-10-04,3.0862350463867188,1020.9415893554688
2012-10-05,3.1726505756378174,960.1712036132812
2012-10-08,3.0911734104156494,994.0289916992188
2012-10-09,3.0220417976379395,985.3475341796875
2012-10-10,3.2096848487854004,986.2156372070312
2012-10-11,3.1800575256347656,1016.600830078125
2012-10-15,3.2096848487854004,1046.1177978515625
2012-10-16,3.177588701248169,1040.908935546875
2012-10-17,3.1208014488220215,983.6112060546875
2012-10-18,3.0862350463867188,910.6868286132812
2012-10-19,3.0121660232543945,925.4453125
2012-10-22,3.0640151500701904,920.2364501953125
2012-10-23,3.0022895336151123,954.0941772460938
2012-10-24,2.99241304397583,924.5771484375
2012-10-25,2.9306890964508057,909.8186645507812
2012-10-26,2.8171160221099854,870.7520751953125
2012-10-29,2.8171160221099854,845.5757446289062
2012-10-30,2.789957046508789,845.5757446289062
2012-10-31,2.792426586151123,857.7297973632812
2012-11-01,2.8393359184265137,866.4112548828125
2012-11-05,2.888716220855713,843.8394165039062
2012-11-06,2.9059994220733643,924.5771484375
2012-11-07,2.8171160221099854,937.599365234375
2012-11-08,2.8146469593048096,915.0275268554688
2012-11-09,2.7627975940704346,889.8512573242188
2012-11-12,2.678851842880249,895.9282836914062
2012-11-13,2.641817569732666,895.0601196289062
2012-11-14,2.6368796825408936,939.335693359375
2012-11-16,2.612190008163452,1024.4140625
2012-11-19,2.592437267303467,1053.06298828125
2012-11-21,2.5949065685272217,1050.4586181640625
2012-11-22,2.580091714859009,1053.93115234375
2012-11-23,2.641817569732666,1067.821533203125
2012-11-26,2.671445369720459,1030.4910888671875
2012-11-27,2.634410858154297,1215.4066162109375
2012-11-28,2.592437267303467,1358.6510009765625
2012-11-29,2.728231906890869,1297.880615234375
2012-11-30,2.777611494064331,1328.2657470703125
2012-12-03,2.8319294452667236,1396.849365234375
2012-12-04,2.809709072113037,1325.661376953125
2012-12-05,2.7158870697021484,1328.2657470703125
2012-12-06,2.747983932495117,1303.9576416015625
2012-12-07,2.8146469593048096,1347.3651123046875
2012-12-10,2.829460620880127,1462.8287353515625
2012-12-11,2.8023011684417725,1540.09375
2012-12-12,2.792426586151123,1649.4803466796875
2012-12-13,2.789957046508789,1597.3914794921875
2012-12-14,2.9504406452178955,1589.5782470703125
2012-12-17,2.99241304397583,1599.9959716796875
2012-12-18,2.994882822036743,1580.028564453125
2012-12-19,2.967723846435547,1547.0390625
2012-12-20,3.044262409210205,1551.379638671875
2012-12-21,2.96525502204895,1470.6419677734375
2012-12-26,3.0664830207824707,1453.279052734375
2012-12-27,3.0121660232543945,1423.7620849609375
2012-12-28,2.9998199939727783,1475.850830078125
2013-01-02,3.1726505756378174,1462.8287353515625
2013-01-03,3.303506851196289,1412.47607421875
2013-01-04,3.283754825592041,1348.233154296875
2013-01-07,3.2072155475616455,1313.50732421875
2013-01-08,3.184995174407959,1305.6939697265625
2013-01-09,3.135615348815918,1345.628662109375
2013-01-10,3.1726505756378174,1396.849365234375
2013-01-11,3.113394260406494,1379.4864501953125
2013-01-14,3.1998090744018555,1349.101318359375
2013-01-15,3.197340488433838,1323.9251708984375
2013-01-16,3.135615348815918,1376.882080078125
2013-01-17,3.0615453720092773,1462.8287353515625
2013-01-18,3.017103433609009,1413.34423828125
2013-01-21,2.9998199939727783,1453.279052734375
2013-01-22,2.9306890964508057,1453.279052734375
2013-01-23,2.9035301208496094,1458.4879150390625
2013-01-24,2.8393359184265137,1408.1353759765625
2013-01-28,2.9010612964630127,1334.3427734375
2013-01-29,2.967723846435547,1345.628662109375
2013-01-30,2.9134063720703125,1356.0465087890625
2013-01-31,2.9627859592437744,1324.793212890625
2013-02-01,3.1010496616363525,1342.1561279296875
2013-02-04,3.1084561347961426,1328.2657470703125
2013-02-05,2.9232823848724365,1342.1561279296875
2013-02-06,2.8343989849090576,1297.880615234375
2013-02-07,2.8195841312408447,1293.5399169921875
2013-02-08,2.789957046508789,1293.5399169921875
2013-02-13,2.747983932495117,1267.4954833984375
2013-02-14,2.780080556869507,1259.68212890625
2013-02-15,2.693666934967041,1222.351806640625
2013-02-18,2.629472017288208,1150.2955322265625
2013-02-19,2.7158870697021484,1180.6806640625
2013-02-20,2.6245346069335938,1173.7354736328125
2013-02-21,2.6541621685028076,1158.97705078125
2013-02-22,2.6640377044677734,1185.0213623046875
2013-02-25,2.6245346069335938,1186.7578125
2013-02-26,2.5998449325561523,1211.06591796875
2013-02-27,2.5381202697753906,1216.2747802734375
2013-02-28,2.503553867340088,1214.5384521484375
2013-03-01,2.4566428661346436,1225.8243408203125
2013-03-04,2.33813214302063,1205.8570556640625
2013-03-05,2.394918918609619,1211.06591796875
2013-03-06,2.4072630405426025,1233.6376953125
2013-03-07,2.345539093017578,1286.5947265625
2013-03-08,2.3233184814453125,1351.7056884765625
2013-03-11,2.3801050186157227,1402.058349609375
2013-03-12,2.431953191757202,1442.8612060546875
2013-03-13,2.325786590576172,1480.191650390625
2013-03-14,2.360352039337158,1415.08056640625
2013-03-15,2.318380117416382,1388.16796875
2013-03-18,2.2739386558532715,1444.59765625
2013-03-19,2.2591238021850586,1381.222900390625
2013-03-20,2.2517166137695312,1336.947265625
2013-03-21,2.286283016204834,1313.50732421875
2013-03-22,2.2591238021850586,1345.628662109375
2013-03-25,2.2739386558532715,1364.72802734375
2013-03-26,2.197399616241455,1345.628662109375
2013-03-27,2.197399616241455,1316.9798583984375
2013-03-28,2.2615933418273926,1293.5399169921875
2013-04-01,2.2418410778045654,1257.94580078125
2013-04-02,2.3085038661956787,1217.1429443359375
2013-04-03,2.3085038661956787,1193.7030029296875
2013-04-04,2.3010964393615723,1156.37255859375
2013-04-05,2.2591238021850586,1229.2969970703125
2013-04-08,2.234434127807617,1270.968017578125
2013-04-09,2.2517166137695312,1280.5177001953125
2013-04-10,2.2196204662323,1264.0228271484375
2013-04-11,2.128267288208008,1212.8021240234375
2013-04-12,2.1751794815063477,1185.0213623046875
2013-04-15,2.096170663833618,1139.877685546875
2013-04-16,2.128267288208008,1163.3177490234375
2013-04-17,2.0122251510620117,1093.865966796875
2013-04-18,2.022101402282715,1111.2288818359375
2013-04-19,2.0146942138671875,1139.0096435546875
2013-04-22,1.9628452062606812,1135.537109375
2013-04-23,1.9455623626708984,1106.88818359375
2013-04-24,1.9505001306533813,1096.470458984375
2013-04-25,1.9850668907165527,1086.0526123046875
2013-04-26,1.9850668907165527,1086.0526123046875
2013-04-29,1.7801398038864136,1026.150390625
2013-04-30,1.7677955627441406,996.6334228515625
2013-05-02,1.8147059679031372,1010.5237426757812
2013-05-03,1.9332175254821777,1053.06298828125
2013-05-06,1.96778404712677,990.5563354492188
2013-05-07,2.0492606163024902,1020.9415893554688
2013-05-08,1.9998804330825806,1004.4467163085938
2013-05-09,1.9998804330825806,1010.5237426757812
2013-05-10,1.9751904010772705,941.0719604492188
2013-05-13,1.8887758255004883,905.4779663085938
2013-05-14,1.990004539489746,921.9727172851562
2013-05-15,2.0270395278930664,910.6868286132812
2013-05-16,1.913465142250061,902.00537109375
2013-05-17,2.0418529510498047,893.3238525390625
2013-05-20,2.197399616241455,902.00537109375
2013-05-21,2.2615933418273926,964.511962890625
2013-05-22,2.1653027534484863,1002.71044921875
2013-05-23,2.1233301162719727,1042.6451416015625
2013-05-24,2.1529579162597656,1066.085205078125
2013-05-27,2.1751794815063477,1049.5904541015625
2013-05-28,2.19986891746521,1006.18310546875
2013-05-29,2.1603643894195557,937.599365234375
2013-05-31,2.0122251510620117,865.5431518554688
2013-06-03,2.0171637535095215,876.8290405273438
2013-06-04,1.9850668907165527,847.31201171875
2013-06-05,2.039384365081787,825.6083374023438
2013-06-06,2.101109027862549,824.7401733398438
2013-06-07,1.9949419498443604,764.8380737304688
2013-06-10,2.0048177242279053,779.5965576171875
2013-06-11,1.9727210998535156,739.6617431640625
2013-06-12,1.9505001306533813,694.51806640625
2013-06-13,1.9208728075027466,691.9136352539062
2013-06-14,1.8369275331497192,665.8692016601562
2013-06-17,1.7949548959732056,645.9017944335938
2013-06-18,1.7579190731048584,634.6159057617188
2013-06-19,1.7282915115356445,603.362548828125
2013-06-20,1.6616290807724,613.7803344726562
2013-06-21,1.5406490564346313,567.7685546875
2013-06-24,1.4789236783981323,556.4826049804688
2013-06-25,1.4171994924545288,553.010009765625
2013-06-26,1.3801641464233398,589.47216796875
2013-06-27,1.3900402784347534,616.3848266601562
2013-06-28,1.3283151388168335,576.4500122070312
2013-07-01,1.288811445236206,550.4055786132812
2013-07-02,1.1851143836975098,585.9996337890625
2013-07-03,1.2344939708709717,749.2113647460938
2013-07-04,1.288811445236206,720.5625
2013-07-05,1.2320250272750854,704.9358520507812
2013-07-08,1.2048656940460205,739.6617431640625
2013-07-10,1.1530177593231201,770.046875
2013-07-11,1.2419010400772095,794.3550415039062
2013-07-12,1.3060946464538574,772.6513061523438
2013-07-15,1.3727573156356812,816.0587158203125
2013-07-16,1.4221370220184326,790.8824462890625
2013-07-17,1.5233657360076904,770.9150390625
2013-07-18,1.4344817399978638,821.267578125
2013-07-19,1.4270747900009155,921.1045532226562
2013-07-22,1.4813929796218872,1011.3919677734375
2013-07-23,1.451764702796936,1011.3919677734375
2013-07-24,1.3900402784347534,976.6660766601562
2013-07-25,1.3851019144058228,1019.2052612304688
2013-07-26,1.3851019144058228,1019.2052612304688
2013-07-29,1.3801641464233398,1038.3045654296875
2013-07-30,1.3135015964508057,994.0289916992188
2013-07-31,1.2616521120071411,920.2364501953125
2013-08-01,1.251776933670044,994.8970947265625
2013-08-02,1.251776933670044,1005.31494140625
2013-08-05,1.2591842412948608,973.1934204101562
2013-08-06,1.2221486568450928,985.3475341796875
2013-08-07,1.575214147567749,1055.66748046875
2013-08-08,1.5431171655654907,1100.8111572265625
2013-08-09,1.5011444091796875,1284.8583984375
2013-08-12,1.4320130348205566,1232.7696533203125
2013-08-13,1.3925095796585083,1289.1990966796875
2013-08-14,1.511020541191101,1284.8583984375
2013-08-15,1.4591714143753052,1191.098388671875
2013-08-16,1.4171994924545288,1224.0880126953125
2013-08-19,1.4344817399978638,1213.6702880859375
2013-08-20,1.3826336860656738,1111.2288818359375
2013-08-21,1.3554743528366089,1060.0081787109375
2013-08-22,1.3826336860656738,1093.865966796875
2013-08-23,1.46164071559906,1172.8673095703125
2013-08-26,1.4443576335906982,1101.6793212890625
2013-08-27,1.3678196668624878,1085.1844482421875
2013-08-28,1.377694845199585,1153.7681884765625
2013-08-29,1.3875713348388672,1149.4273681640625
2013-08-30,1.4171994924545288,1182.4169921875
2013-09-02,1.4468270540237427,1263.15478515625
2013-09-03,1.4690476655960083,1281.3858642578125
2013-09-04,1.451764702796936,1293.5399169921875
2013-09-05,1.4789236783981323,1319.5843505859375
2013-09-06,1.5431171655654907,1329.1339111328125
2013-09-09,1.5924973487854004,1378.6182861328125
2013-09-10,1.6394084692001343,1367.3323974609375
2013-09-11,1.6147184371948242,1377.750244140625
2013-09-12,1.6542221307754517,1396.849365234375
2013-09-13,1.7282915115356445,1364.72802734375
2013-09-16,1.7801398038864136,1323.9251708984375
2013-09-17,1.8739618062973022,1304.8258056640625
2013-09-18,1.8788999319076538,1396.849365234375
2013-09-19,1.8221129179000854,1369.0687255859375
2013-09-20,1.8221129179000854,1319.5843505859375
2013-09-23,1.8739618062973022,1312.63916015625
2013-09-24,1.8764309883117676,1276.1768798828125
2013-09-25,1.8788999319076538,1301.353271484375
2013-09-26,1.8640860319137573,1294.407958984375
2013-09-27,1.8640860319137573,1293.5399169921875
2013-09-30,1.8640860319137573,1230.1650390625
2013-10-01,1.8887758255004883,1265.7591552734375
2013-10-02,1.8591479063034058,1312.63916015625
2013-10-03,1.8640860319137573,1275.308837890625
2013-10-04,1.8591479063034058,1276.1768798828125
2013-10-07,1.8887758255004883,1234.505859375
2013-10-08,1.9628452062606812,1255.3414306640625
2013-10-09,2.0344464778900146,1287.462890625
2013-10-10,2.1233301162719727,1371.6732177734375
2013-10-11,2.091233015060425,1371.6732177734375
2013-10-14,2.19986891746521,1461.9605712890625
2013-10-15,2.2936899662017822,1467.16943359375
2013-10-16,2.3282556533813477,1444.59765625
2013-10-17,2.382572889328003,1485.4005126953125
2013-10-18,2.3233184814453125,1405.531005859375
2013-10-21,2.3208489418029785,1480.191650390625
2013-10-22,2.3208489418029785,1534.8848876953125
2013-10-23,2.246779203414917,1448.070068359375
2013-10-24,2.1727092266082764,1409.8717041015625
2013-10-25,2.222090005874634,1413.34423828125
2013-10-28,2.3208489418029785,1488.0048828125
2013-10-29,2.296159505844116,1455.883544921875
2013-10-30,2.222090005874634,1441.125
2013-10-31,2.345539093017578,1452.410888671875
2013-11-01,2.33319354057312,1415.94873046875
2013-11-04,2.397388219833374,1361.25537109375
2013-11-05,2.3109726905822754,1330.8702392578125
2013-11-06,2.33319354057312,1217.1429443359375
2013-11-07,2.441828966140747,1127.7236328125
2013-11-08,2.4739255905151367,1120.778564453125
2013-11-11,2.325786590576172,1162.4495849609375
2013-11-12,2.1751794815063477,1128.591796875
2013-11-13,2.086294651031494,1137.2733154296875
2013-11-14,2.1924610137939453,1276.1768798828125
2013-11-18,2.2517166137695312,1366.4642333984375
2013-11-19,2.177647590637207,1280.5177001953125
2013-11-21,2.227027177810669,1306.5621337890625
2013-11-22,2.1924610137939453,1289.1990966796875
2013-11-25,2.150489330291748,1245.791748046875
2013-11-26,2.1109845638275146,1241.4510498046875
2013-11-27,2.0492606163024902,1284.8583984375
2013-11-28,2.1356747150421143,1232.7696533203125
2013-11-29,2.0739500522613525,1219.747314453125
2013-12-02,2.0122251510620117,1152.03173828125
2013-12-03,1.9480311870574951,1152.9000244140625
2013-12-04,1.8764309883117676,1129.4600830078125
2013-12-05,1.965314269065857,1159.84521484375
2013-12-06,2.0443215370178223,1241.4510498046875
2013-12-09,2.0616047382354736,1319.5843505859375
2013-12-10,1.9505001306533813,1345.628662109375
2013-12-11,1.9480311870574951,1326.529541015625
2013-12-12,1.9035905599594116,1361.25537109375
2013-12-13,1.8517413139343262,1440.2568359375
2013-12-16,1.8270515203475952,1418.5531005859375
2013-12-17,1.8468029499053955,1411.6080322265625
2013-12-18,1.8245817422866821,1436.7841796875
2013-12-19,1.8640860319137573,1419.4212646484375
2013-12-20,1.8171756267547607,1352.573974609375
2013-12-23,1.809768557548523,1293.5399169921875
2013-12-26,1.777671456336975,1323.056884765625
2013-12-27,1.8270515203475952,1358.6510009765625
2013-12-30,1.8640860319137573,1325.661376953125
2014-01-02,1.7850784063339233,1171.999267578125
2014-01-03,1.8443344831466675,1302.221435546875
2014-01-06,1.9406248331069946,1319.5843505859375
2014-01-07,1.990004539489746,1303.9576416015625
2014-01-08,2.029507637023926,1291.8035888671875
2014-01-09,2.0196313858032227,1252.7369384765625
2014-01-10,2.0122251510620117,1277.9132080078125
2014-01-13,2.0245702266693115,1283.9903564453125
2014-01-14,2.036914825439453,1293.5399169921875
2014-01-15,2.0443215370178223,1316.1116943359375
2014-01-16,2.069011926651001,1310.03466796875
2014-01-17,2.0171637535095215,1384.6953125
2014-01-20,2.0344464778900146,1354.3101806640625
2014-01-21,2.0122251510620117,1369.9368896484375
2014-01-22,2.1233301162719727,1389.0361328125
2014-01-23,2.098640203475952,1374.277587890625
2014-01-24,2.039384365081787,1345.628662109375
2014-01-27,2.0245702266693115,1905.5838623046875
2014-01-28,1.9875354766845703,2126.961669921875
2014-01-29,1.9109972715377808,2100.917236328125
2014-01-30,1.9505001306533813,2022.783935546875
2014-01-31,1.9628452062606812,2021.9156494140625
2014-02-03,1.8937140703201294,1979.37646484375
2014-02-04,1.8640860319137573,1948.9913330078125
2014-02-05,1.9011210203170776,1944.6505126953125
2014-02-06,1.9480311870574951,1990.662353515625
2014-02-07,2.0245702266693115,1975.03564453125
2014-02-10,1.9480311870574951,1996.7393798828125
2014-02-11,1.9751904010772705,1942.914306640625
2014-02-12,1.9455623626708984,1925.5513916015625
2014-02-13,1.8838380575180054,1910.7928466796875
2014-02-14,1.913465142250061,1927.28759765625
2014-02-17,1.930748462677002,1938.573486328125
2014-02-18,1.935686469078064,1880.40771484375
2014-02-19,1.841865062713623,1925.5513916015625
2014-02-20,1.7752021551132202,1955.068359375
2014-02-21,1.8563543558120728,1988.0579833984375
2014-02-24,1.8364211320877075,2027.124755859375
2014-02-25,1.764159083366394,1996.7393798828125
2014-02-26,1.7591758966445923,1985.4534912109375
2014-02-27,1.7541930675506592,1997.6075439453125
2014-02-28,1.7541930675506592,2019.3111572265625
2014-03-05,1.696881890296936,2022.783935546875
2014-03-06,1.7442258596420288,2014.102294921875
2014-03-07,1.7242913246154785,2052.30078125
2014-03-10,1.6844236850738525,2082.68603515625
2014-03-11,1.6296056509017944,2147.797119140625
2014-03-12,1.56731116771698,2126.961669921875
2014-03-13,1.480100154876709,2183.39111328125
2014-03-14,1.4950507879257202,2130.43408203125
2014-03-17,1.4975414276123047,2151.269775390625
2014-03-18,1.5349185466766357,2179.050537109375
2014-03-19,1.5025259256362915,2166.0283203125
2014-03-20,1.5324265956878662,2165.159912109375
2014-03-21,1.594720721244812,2187.73193359375
2014-03-24,1.6021958589553833,2212.908203125
2014-03-25,1.5872453451156616,2225.062255859375
2014-03-26,1.594720721244812,2248.502197265625
2014-03-27,1.6171461343765259,2312.7451171875
2014-03-28,1.6271133422851562,2322.294921875
2014-03-31,1.6146540641784668,2403.900634765625
2014-04-01,1.6420637369155884,2344.86669921875
2014-04-02,1.7193083763122559,2395.21923828125
2014-04-03,1.7292754650115967,2430.813232421875
2014-04-04,1.7417336702346802,2482.902099609375
2014-04-07,1.7766183614730835,2520.232421875
2014-04-08,1.7716344594955444,2530.650146484375
2014-04-09,1.779110312461853,2534.990966796875
2014-04-10,1.7691432237625122,2502.00146484375
2014-04-11,1.761668086051941,2376.119873046875
2014-04-14,1.751700758934021,2291.909423828125
2014-04-15,1.711833119392395,2290.17333984375
2014-04-16,1.7342584133148193,2281.491943359375
2014-04-17,1.7666512727737427,2282.35986328125
2014-04-22,1.7541930675506592,2226.798583984375
2014-04-23,1.7864190340042114,2222.457763671875
2014-04-24,1.7864190340042114,2222.457763671875
2014-04-25,1.7914793491363525,2192.072509765625
2014-04-28,1.859798789024353,2153.005859375
2014-04-29,1.897754430770874,2135.64306640625
2014-04-30,1.9230576753616333,2151.269775390625
2014-05-02,2.0116188526153564,2209.435546875
2014-05-05,2.0116188526153564,2274.546630859375
2014-05-06,1.9736648797988892,2284.09619140625
2014-05-07,1.9736648797988892,2326.635498046875
2014-05-08,2.1634395122528076,2352.679931640625
2014-05-09,2.1558480262756348,2304.931884765625
2014-05-12,2.1760916709899902,2352.679931640625
2014-05-13,2.1128323078155518,2380.460693359375
2014-05-14,2.117893934249878,2356.152587890625
2014-05-15,2.1128323078155518,2343.99853515625
2014-05-16,2.0849993228912354,2334.448974609375
2014-05-19,2.0824687480926514,2303.195556640625
2014-05-20,2.1254847049713135,2282.35986328125
2014-05-21,2.2292287349700928,2233.74365234375
2014-05-22,2.2342891693115234,2196.413330078125
2014-05-23,2.1887428760528564,2205.094970703125
2014-05-26,2.148256778717041,2214.64453125
2014-05-27,2.1001813411712646,2213.7763671875
2014-05-28,2.1634395122528076,2231.13916015625
2014-05-29,2.1254847049713135,2238.95263671875
2014-05-30,2.0596961975097656,2482.902099609375
2014-06-02,1.9306484460830688,2527.177490234375
2014-06-03,1.9458305835723877,2534.990966796875
2014-06-04,2.004028558731079,2738.137451171875
2014-06-05,2.0546348094940186,2672.158203125
2014-06-06,2.1280155181884766,2858.877197265625
2014-06-09,2.1836822032928467,2949.858642578125
2014-06-10,2.1938042640686035,2981.7490234375
2014-06-11,2.150787830352783,3096.17919921875
2014-06-13,2.1634395122528076,2998.632080078125
2014-06-16,2.226698160171509,2917.968017578125
2014-06-17,2.353215217590332,2977.9970703125
2014-06-18,2.2722442150115967,2968.617431640625
2014-06-20,2.219107151031494,2907.650634765625
2014-06-23,2.264652967453003,2809.165771484375
2014-06-24,2.3026084899902344,2664.721435546875
2014-06-25,2.226698160171509,2626.26513671875
2014-06-26,2.3026084899902344,2649.7138671875
2014-06-27,2.2773051261901855,2563.422607421875
2014-06-30,2.325381278991699,2626.26513671875
2014-07-01,2.378518581390381,2660.03125
2014-07-02,2.381049156188965,2577.49169921875
2014-07-03,2.4696104526519775,2690.98388671875
2014-07-04,2.4443070888519287,2673.162841796875
2014-07-07,2.4291255474090576,2693.797607421875
2014-07-08,2.3835787773132324,2705.052978515625
2014-07-10,2.378518581390381,2879.51220703125
2014-07-11,2.3861095905303955,2926.40966796875
2014-07-14,2.378518581390381,2884.201904296875
2014-07-15,2.3228507041931152,2888.891845703125
2014-07-16,2.3152596950531006,3008.949462890625
2014-07-17,2.297546863555908,3038.964111328125
2014-07-18,2.2418806552886963,3022.080810546875
2014-07-21,2.3000776767730713,3078.35791015625
2014-07-22,2.2773051261901855,3189.0361328125
2014-07-23,2.295017957687378,3231.244140625
2014-07-24,2.307668924331665,3235.933837890625
2014-07-25,2.3026084899902344,3342.8603515625
2014-07-28,2.292487144470215,3381.31640625
2014-07-29,2.2520017623901367,3431.02783203125
2014-07-30,2.1887428760528564,3249.065185546875
2014-07-31,2.264652967453003,3132.759033203125
2014-08-01,2.2418806552886963,3080.23388671875
2014-08-04,2.2342891693115234,3264.072509765625
2014-08-05,2.2570621967315674,3334.418701171875
2014-08-06,2.20139479637146,3367.2470703125
2014-08-07,2.20139479637146,3278.1416015625
2014-08-08,2.198864221572876,3264.072509765625
2014-08-11,2.2520017623901367,3346.612060546875
2014-08-12,2.226698160171509,3404.765380859375
2014-08-13,2.226698160171509,3553.8994140625
2014-08-14,2.2418806552886963,3351.302001953125
2014-08-15,2.264652967453003,3377.564697265625
2014-08-18,2.2773051261901855,3446.972900390625
2014-08-19,2.2773051261901855,3407.5791015625
2014-08-20,2.267183780670166,3325.039306640625
2014-08-21,2.2317585945129395,3269.7001953125
2014-08-22,2.1887428760528564,3223.740478515625
2014-08-25,2.2418806552886963,3312.845947265625
2014-08-26,2.2773051261901855,3418.83447265625
2014-08-27,2.295017957687378,3526.698974609375
2014-08-28,2.284895658493042,3520.13330078125
2014-08-29,2.2773051261901855,3559.527099609375
2014-09-01,2.26971435546875,3395.385498046875
2014-09-02,2.284895658493042,3410.39306640625
2014-09-03,2.312729597091675,3423.524169921875
2014-09-04,2.3000776767730713,3564.217041015625
2014-09-05,2.2520017623901367,3512.6298828125
2014-09-08,2.20139479637146,3417.896484375
2014-09-09,2.1254847049713135,3397.261474609375
2014-09-10,2.062225341796875,3470.421875
2014-09-11,2.087528705596924,3597.04541015625
2014-09-12,2.0748777389526367,3807.146484375
2014-09-15,2.1229538917541504,3623.30810546875
2014-09-16,2.196333646774292,3583.9140625
2014-09-17,2.150787830352783,3650.508544921875
2014-09-18,2.1659700870513916,3723.6689453125
2014-09-19,2.1912736892700195,3574.53466796875
2014-09-22,2.087528705596924,3301.590576171875
2014-09-23,2.0748777389526367,3242.49951171875
2014-09-24,2.067286968231201,3235.933837890625
2014-09-25,2.024271011352539,3186.222412109375
2014-09-26,2.0166804790496826,3116.81396484375
2014-09-29,1.8496778011322021,3152.456298828125
2014-09-30,1.9179961681365967,3076.48193359375
2014-10-01,1.9306484460830688,3131.821044921875
2014-10-02,2.001498222351074,3071.792236328125
2014-10-03,1.981255292892456,3057.72314453125
2014-10-06,2.0799381732940674,2972.369384765625
2014-10-07,2.1001813411712646,3038.964111328125
2014-10-08,2.1254847049713135,3048.343505859375
2014-10-09,2.1887428760528564,3010.825439453125
2014-10-10,2.0571653842926025,2918.906005859375
2014-10-13,2.0318615436553955,2865.44287109375
2014-10-14,2.0571653842926025,2844.807861328125
2014-10-15,2.064756155014038,2795.096435546875
2014-10-16,2.0166804790496826,2741.63330078125
2014-10-17,1.9913769960403442,2708.804931640625
2014-10-20,1.9635428190231323,2720.060546875
2014-10-21,1.9205272197723389,2682.542236328125
2014-10-22,1.9458305835723877,2638.45849609375
2014-10-23,1.79654061794281,2813.85546875
2014-10-24,1.8648604154586792,2710.6806640625
2014-10-27,1.8648604154586792,2907.650634765625
2014-10-28,1.9458305835723877,2887.953857421875
2014-10-29,1.9255881309509277,2921.719970703125
2014-10-30,1.9964369535446167,2860.753173828125
2014-10-31,2.087528705596924,3027.70849609375
2014-11-03,2.1760916709899902,3023.956787109375
2014-11-04,2.1685004234313965,3000.508056640625
2014-11-05,2.198864221572876,2931.099609375
2014-11-06,2.1533186435699463,3076.48193359375
2014-11-07,2.173560857772827,3179.65673828125
2014-11-10,2.1381359100341797,3179.65673828125
2014-11-11,2.0951199531555176,3057.72314453125
2014-11-12,2.026801586151123,3048.343505859375
2014-11-13,1.9989677667617798,2720.060546875
2014-11-14,1.993906855583191,2762.26806640625
2014-11-17,1.9660732746124268,2709.742919921875
2014-11-18,2.0369229316711426,2705.990966796875
2014-11-19,2.1001813411712646,2532.469970703125
2014-11-21,2.1001813411712646,2533.407958984375
2014-11-24,2.1583786010742188,2523.090576171875
2014-11-25,2.062225341796875,2509.021240234375
2014-11-26,2.0546348094940186,2509.021240234375
2014-11-27,2.0698165893554688,2607.506103515625
2014-11-28,2.0116188526153564,2685.356201171875
2014-12-01,1.9660732746124268,2565.29833984375
2014-12-02,2.024271011352539,2720.060546875
2014-12-03,2.049574613571167,2625.327392578125
2014-12-04,1.9711341857910156,2537.15966796875
2014-12-05,1.9863158464431763,2458.371826171875
2014-12-08,1.9129358530044556,2463.0615234375
2014-12-09,1.93570876121521,2406.784423828125
2014-12-10,1.9534209966659546,2312.9892578125
2014-12-11,1.933179259300232,2348.631591796875
2014-12-12,1.8218441009521484,2226.69775390625
2014-12-15,1.8066620826721191,2155.413330078125
2014-12-16,1.8395566940307617,2104.763916015625
2014-12-17,1.8724510669708252,2096.322509765625
2014-12-18,1.8724510669708252,2110.3916015625
2014-12-19,1.9230576753616333,2232.325439453125
2014-12-22,1.93570876121521,2251.08447265625
2014-12-23,1.9129358530044556,2260.464111328125
2014-12-26,1.9205272197723389,2246.394775390625
2014-12-29,1.9559520483016968,2215.4423828125
2014-12-30,1.950891375541687,2104.763916015625
2015-01-02,1.8851022720336914,2054.114501953125
2015-01-05,1.9205272197723389,1988.4578857421875
2015-01-06,1.895223617553711,1994.085693359375
2015-01-07,1.9584828615188599,1974.388671875
2015-01-08,1.943299412727356,1909.669921875
2015-01-09,1.8775111436843872,1913.421875
2015-01-12,1.897754430770874,1866.524169921875
2015-01-13,1.8775111436843872,1877.779541015625
2015-01-14,1.8471472263336182,1857.1446533203125
2015-01-15,1.8620250225067139,1864.6483154296875
2015-01-16,1.877371907234192,1877.779541015625
2015-01-19,1.8671408891677856,1853.392822265625
2015-01-20,1.7904094457626343,1870.2760009765625
2015-01-21,1.8031973838806152,1932.1807861328125
2015-01-22,1.7955241203308105,2070.99755859375
2015-01-23,1.8031973838806152,2139.46826171875
2015-01-26,1.7904094457626343,2153.53759765625
2015-01-27,1.7392544746398926,2072.87353515625
2015-01-28,1.690657377243042,2082.2529296875
2015-01-29,1.7520427703857422,2138.5302734375
2015-01-30,1.7392544746398926,2120.708984375
2015-02-02,1.7494858503341675,2160.10302734375
2015-02-03,1.677869200706482,2135.71630859375
2015-02-04,1.659964680671692,2157.289306640625
2015-02-05,1.6369456052780151,2117.895263671875
2015-02-06,1.557655692100525,2047.5489501953125
2015-02-09,1.5423096418380737,2057.866455078125
2015-02-10,1.5704447031021118,1969.698974609375
2015-02-11,1.483482003211975,1863.7103271484375
2015-02-12,1.5090593099594116,1832.7578125
2015-02-13,1.557655692100525,1869.3380126953125
2015-02-18,1.565328598022461,1932.1807861328125
2015-02-19,1.6267144680023193,1970.6368408203125
2015-02-20,1.6241564750671387,1930.304931640625
2015-02-23,1.64206063747406,1894.6627197265625
2015-02-24,1.6881000995635986,1875.9036865234375
2015-02-25,1.64717698097229,1857.1446533203125
2015-02-26,1.6829843521118164,1875.9036865234375
2015-02-27,1.5474246740341187,1875.9036865234375
2015-03-02,1.5550978183746338,1863.7103271484375
2015-03-03,1.5039430856704712,1871.2139892578125
2015-03-04,1.4195383787155151,1988.4578857421875
2015-03-05,1.404192328453064,1908.73193359375
2015-03-06,1.363268494606018,1908.73193359375
2015-03-09,1.2967678308486938,1908.73193359375
2015-03-10,1.3530375957489014,1834.6339111328125
2015-03-11,1.3428064584732056,1829.006103515625
2015-03-12,1.406749963760376,1967.822998046875
2015-03-13,1.3453645706176758,1916.2357177734375
2015-03-16,1.304441213607788,1793.3638916015625
2015-03-17,1.2890948057174683,1796.177734375
2015-03-18,1.276305913925171,1753.969970703125
2015-03-19,1.3018829822540283,1735.2109375
2015-03-20,1.3069981336593628,1735.2109375
2015-03-23,1.3069981336593628,1825.2542724609375
2015-03-24,1.2967678308486938,1763.3494873046875
2015-03-25,1.2788636684417725,1692.0650634765625
2015-03-26,1.2737476825714111,1585.138671875
2015-03-27,1.266074538230896,1537.3031005859375
2015-03-30,1.2890948057174683,1700.506591796875
2015-03-31,1.3018829822540283,1894.6627197265625
2015-04-01,1.3402495384216309,1997.8375244140625
2015-04-02,1.406749963760376,2053.176513671875
2015-04-06,1.404192328453064,2121.64697265625
2015-04-07,1.3888459205627441,1979.078369140625
2015-04-08,1.2942100763320923,2072.87353515625
2015-04-09,1.2814209461212158,2086.94287109375
2015-04-10,1.2967678308486938,2147.909912109375
2015-04-13,1.2890948057174683,2364.57666015625
2015-04-14,1.286536693572998,2282.974853515625
2015-04-15,1.2967678308486938,2472.441162109375
2015-04-16,1.330018162727356,2438.6748046875
2015-04-17,1.3121141195297241,2460.247802734375
2015-04-20,1.2967678308486938,2486.51025390625
2015-04-22,1.304441213607788,2626.26513671875
2015-04-23,1.3018829822540283,2513.7109375
2015-04-24,1.3197871446609497,2573.739990234375
2015-04-27,1.3402495384216309,2612.196044921875
2015-04-28,1.321666955947876,2682.542236328125
2015-04-29,1.2955471277236938,2630.01708984375
2015-04-30,1.3138309717178345,2549.35302734375
2015-05-04,1.3739067316055298,2527.7802734375
2015-05-05,1.4235343933105469,2669.4111328125
2015-05-06,1.4496541023254395,2515.5869140625
2015-05-07,1.4339826107025146,2326.12060546875
2015-05-08,1.3112187385559082,2435.86083984375
2015-05-11,1.3033828735351562,2433.985107421875
2015-05-12,1.3007705211639404,2548.4150390625
2015-05-13,1.2955471277236938,2560.608642578125
2015-05-14,1.2485308647155762,2606.568115234375
2015-05-15,1.2694270610809326,2578.4296875
2015-05-18,1.258979082107544,2593.436767578125
2015-05-19,1.235471487045288,2424.60546875
2015-05-20,1.2067393064498901,2559.670654296875
2015-05-21,1.2119626998901367,2569.988037109375
2015-05-22,1.193679690361023,2490.26220703125
2015-05-25,1.1832315921783447,2533.407958984375
2015-05-26,1.144051194190979,2405.8466796875
2015-05-27,1.1492758989334106,2410.536376953125
2015-05-28,1.1466635465621948,2312.9892578125
2015-05-29,1.1179312467575073,2358.948974609375
2015-06-01,1.128379464149475,2326.12060546875
2015-06-02,1.1100953817367554,2344.87939453125
2015-06-03,1.073527216911316,2241.705078125
2015-06-05,1.0683037042617798,2232.325439453125
2015-06-08,1.0604678392410278,2162.9169921875
2015-06-09,1.065691590309143,2125.39892578125
2015-06-10,1.047407627105713,2194.807373046875
2015-06-11,1.0395714044570923,2161.97900390625
2015-06-12,1.0212875604629517,2144.157958984375
2015-06-15,1.0134518146514893,2195.745361328125
2015-06-16,1.0082279443740845,2269.843505859375
2015-06-17,1.0212875604629517,2269.843505859375
2015-06-18,1.003003716468811,2161.97900390625
2015-06-19,1.018676519393921,2131.026611328125
2015-06-22,1.0317357778549194,2094.446533203125
2015-06-23,0.9977800250053406,2027.851806640625
2015-06-24,0.9690477848052979,1960.3193359375
2015-06-25,0.9350919723510742,2041.9212646484375
2015-06-26,0.9350919723510742,1975.32666015625
2015-06-29,0.9194202423095703,1917.173583984375
2015-06-30,0.9220324754714966,1913.421875
2015-07-01,0.9011362195014954,1845.8892822265625
2015-07-02,0.8724040389060974,1866.524169921875
2015-07-03,0.8488963842391968,1843.075439453125
2015-07-06,0.8332247138023376,1950.9398193359375
2015-07-07,0.8123283386230469,2002.5272216796875
2015-07-08,0.7783724665641785,2084.129150390625
2015-07-10,0.7914329767227173,1999.71337890625
2015-07-13,0.7705367207527161,1894.6627197265625
2015-07-14,0.7627007961273193,1895.6007080078125
2015-07-15,0.7235215306282043,1887.1591796875
2015-07-16,0.6895647644996643,1908.73193359375
2015-07-17,0.6660569906234741,1872.15185546875
2015-07-20,0.6373248100280762,1838.3856201171875
2015-07-21,0.7313573360443115,1789.6121826171875
2015-07-22,0.796656608581543,1760.53564453125
2015-07-23,0.9350919723510742,1666.7403564453125
2015-07-24,0.7940442562103271,1749.2801513671875
2015-07-27,0.7287450432777405,1692.0650634765625
2015-07-28,0.7470290660858154,1651.7332763671875
2015-07-29,0.7182968854904175,1744.5904541015625
2015-07-30,0.7156845927238464,1674.2440185546875
2015-07-31,0.93770432472229,1696.7548828125
2015-08-03,0.8724040389060974,1624.5325927734375
2015-08-04,0.8985239267349243,1597.33203125
2015-08-05,0.8541209101676941,1623.5947265625
2015-08-06,0.8175529837608337,1583.2626953125
2015-08-07,0.7914329767227173,1575.7591552734375
2015-08-10,0.7940442562103271,1665.802490234375
2015-08-11,0.8175529837608337,1603.897705078125
2015-08-12,0.7783724665641785,1511.9783935546875
2015-08-13,0.7522526979446411,1444.4459228515625
2015-08-14,0.7444167733192444,1432.25244140625
2015-08-17,0.7705367207527161,1444.4459228515625
2015-08-18,0.8253887891769409,1376.913330078125
2015-08-19,0.7783724665641785,1312.1947021484375
2015-08-20,0.7835971713066101,1353.4644775390625
2015-08-21,0.7444167733192444,1303.7530517578125
2015-08-24,0.7130733132362366,1449.1356201171875
2015-08-25,0.6947892904281616,1483.83984375
2015-08-26,0.7000128030776978,1435.0662841796875
2015-08-27,0.7052373886108398,1500.7230224609375
2015-08-28,0.6921769976615906,1578.572998046875
2015-08-31,0.6660569906234741,1463.204833984375
2015-09-01,0.6477730870246887,1387.2308349609375
2015-09-02,0.6451618671417236,1431.314453125
2015-09-03,0.671281635761261,1449.1356201171875
2015-09-04,0.6425495147705078,1500.7230224609375
2015-09-08,0.621653139591217,1403.1759033203125
2015-09-09,0.6347135305404663,1381.60302734375
2015-09-10,0.6268777251243591,1393.7965087890625
2015-09-11,0.5955333113670349,1364.719970703125
2015-09-14,0.569413423538208,1506.3507080078125
2015-09-15,0.5485178828239441,1543.8687744140625
2015-09-16,0.579861581325531,1615.153076171875
2015-09-17,0.5955333113670349,1678.933837890625
2015-09-18,0.5380699038505554,1659.23681640625
2015-09-21,0.5223979949951172,1581.3868408203125
2015-09-22,0.4988895356655121,1434.1282958984375
2015-09-23,0.49627819657325745,1427.562744140625
2015-09-24,0.5093377828598022,1463.204833984375
2015-09-25,0.49105367064476013,1464.1429443359375
2015-09-28,0.47015827894210815,1401.300048828125
2015-09-29,0.46493369340896606,1355.34033203125
2015-09-30,0.47015827894210815,1393.7965087890625
2015-10-01,0.4293452799320221,1338.457275390625
2015-10-02,0.4244481921195984,1394.734375
2015-10-05,0.4570978283882141,1449.1356201171875
2015-10-06,0.47374919056892395,1626.4085693359375
2015-10-07,0.5080315470695496,1759.59765625
2015-10-08,0.5217448472976685,1651.7332763671875
2015-10-09,0.5031344890594482,1594.51806640625
2015-10-13,0.45481210947036743,1672.3680419921875
2015-10-14,0.4424057602882385,1547.62060546875
2015-10-15,0.43914034962654114,1618.9049072265625
2015-10-16,0.4221624433994293,1662.0506591796875
2015-10-19,0.41628584265708923,1633.912109375
2015-10-20,0.4081233739852905,1598.27001953125
2015-10-21,0.39179858565330505,1613.2772216796875
2015-10-22,0.39179858565330505,1587.9525146484375
2015-10-23,0.38657400012016296,1566.3795166015625
2015-10-26,0.4048580825328827,1564.503662109375
2015-10-27,0.4211828410625458,1509.16455078125
2015-10-28,0.40094053745269775,1515.7301025390625
2015-10-29,0.3839617371559143,1410.6795654296875
2015-10-30,0.38526785373687744,1367.5338134765625
2015-11-03,0.3699226677417755,1453.8253173828125
2015-11-04,0.3839617371559143,1443.5079345703125
2015-11-05,0.38494130969047546,1453.8253173828125
2015-11-06,0.3695961534976959,1453.8253173828125
2015-11-09,0.36110720038414,1405.98974609375
2015-11-10,0.3428230881690979,1350.650634765625
2015-11-11,0.34478238224983215,1346.8988037109375
2015-11-12,0.33629339933395386,1336.5814208984375
2015-11-13,0.3460884988307953,1406.927734375
2015-11-16,0.3395587205886841,1350.650634765625
2015-11-17,0.35882145166397095,1362.8441162109375
2015-11-18,0.3428230881690979,1376.913330078125
2015-11-19,0.3424966633319855,1360.0302734375
2015-11-23,0.3372729420661926,1369.40966796875
2015-11-24,0.35000595450401306,1360.0302734375
2015-11-25,0.3336811065673828,1401.300048828125
2015-11-26,0.34510889649391174,1416.307373046875
2015-11-27,0.3264983594417572,1380.6650390625
2015-11-30,0.2882976233959198,1384.4168701171875
2015-12-01,0.2611989974975586,1378.7891845703125
2015-12-02,0.26381033658981323,1457.5771484375
2015-12-03,0.2830740213394165,1529.7994384765625
2015-12-04,0.26152560114860535,1510.1024169921875
2015-12-07,0.27393200993537903,1405.0518798828125
2015-12-08,0.25956636667251587,1374.0994873046875
2015-12-09,0.2647899389266968,1381.60302734375
2015-12-10,0.27752384543418884,1358.154296875
2015-12-11,0.2621776759624481,1345.9609375
2015-12-14,0.2556479573249817,1364.719970703125
2015-12-15,0.28731897473335266,1322.5120849609375
2015-12-16,0.29972532391548157,1349.712646484375
2015-12-17,0.3460884988307953,1346.8988037109375
2015-12-18,0.3428230881690979,1300.001220703125
2015-12-21,0.3297637104988098,1340.333251953125
2015-12-22,0.35523054003715515,1322.5120849609375
2015-12-23,0.38526785373687744,1369.40966796875
2015-12-28,0.5289278030395508,1400.362060546875
2015-12-29,0.5860647559165955,1427.562744140625
2015-12-30,0.5762696862220764,1428.5006103515625
2016-01-04,0.5860647559165955,1359.09228515625
2016-01-05,0.5919423699378967,1378.7891845703125
2016-01-06,0.5406811237335205,1386.2928466796875
2016-01-07,0.468852162361145,1342.2091064453125
2016-01-08,0.4708104431629181,1377.8511962890625
2016-01-11,0.4708104431629181,1318.76025390625
2016-01-12,0.4440383017063141,1355.34033203125
2016-01-13,0.4410995841026306,1350.650634765625
2016-01-14,0.46330106258392334,1320.63623046875
2016-01-15,0.47015827894210815,1296.2493896484375
2016-01-18,0.46362754702568054,1264.359130859375
2016-01-19,0.4538324773311615,1289.683837890625
2016-01-20,0.4505681097507477,1209.0198974609375
2016-01-21,0.44730275869369507,1231.53076171875
2016-01-22,0.41628584265708923,1223.089111328125
2016-01-26,0.4182450473308563,1219.33740234375
2016-01-27,0.4237951636314392,1313.132568359375
2016-01-28,0.41955021023750305,1302.8150634765625
2016-01-29,0.46199584007263184,1243.72412109375
2016-02-01,0.4750553369522095,1261.5452880859375
2016-02-02,0.4570978283882141,1181.8193359375
2016-02-03,0.473422646522522,1171.5018310546875
2016-02-04,0.4750553369522095,1218.3994140625
2016-02-05,0.451221227645874,1193.07470703125
2016-02-10,0.43881383538246155,1149.928955078125
2016-02-11,0.4133470356464386,1155.556640625
2016-02-12,0.497256875038147,1064.5753173828125
2016-02-15,0.566475510597229,1026.119384765625
2016-02-16,0.6213266849517822,1047.6922607421875
2016-02-17,0.5534150004386902,998.9187622070312
2016-02-18,0.5821472406387329,1111.472900390625
2016-02-19,0.5876973867416382,1057.07177734375
2016-02-22,0.5961862802505493,1059.8856201171875
2016-02-23,0.6200205087661743,1071.14111328125
2016-02-24,0.6203470230102539,1064.5753173828125
2016-02-25,0.6112051010131836,1099.2796630859375
2016-02-26,0.6203470230102539,1088.024169921875
2016-02-29,0.643202543258667,1083.3343505859375
2016-03-01,0.6791174411773682,1097.4036865234375
2016-03-02,0.7218887209892273,1117.1005859375
2016-03-03,0.8214704990386963,1138.673583984375
2016-03-04,0.8260418772697449,1173.377685546875
2016-03-07,0.8253887891769409,1153.6807861328125
2016-03-08,0.8159201741218567,1179.0054931640625
2016-03-09,0.8717517852783203,1181.8193359375
2016-03-10,0.8864440321922302,1301.8770751953125
2016-03-11,0.8818725347518921,1317.8223876953125
2016-03-14,0.9141966104507446,1324.387939453125
2016-03-15,0.9021158218383789,1276.5523681640625
2016-03-16,0.9324805736541748,1394.734375
2016-03-17,0.9341124892234802,1360.0302734375
2016-03-18,0.8978717923164368,1455.7012939453125
2016-03-21,0.9749255180358887,1519.4820556640625
2016-03-22,1.0023516416549683,1503.536865234375
2016-03-23,1.0317357778549194,1454.7633056640625
2016-03-24,1.0317357778549194,1466.956787109375
2016-03-28,0.9736194610595703,1405.0518798828125
2016-03-29,0.9866787791252136,1427.562744140625
2016-03-30,0.9925563931465149,1406.927734375
2016-03-31,0.9550088047981262,1331.8917236328125
2016-04-01,0.9687212705612183,1292.4976806640625
2016-04-04,0.9432544112205505,1136.797607421875
2016-04-05,0.9243173599243164,1184.6331787109375
2016-04-06,0.8978717923164368,1186.509033203125
2016-04-07,0.8897084593772888,1206.2060546875
2016-04-08,0.9272560477256775,1197.764404296875
2016-04-11,0.9367247223854065,1150.866943359375
2016-04-12,0.949458658695221,1191.1988525390625
2016-04-13,0.9318276047706604,1289.683837890625
2016-04-14,0.9337859749794006,1224.027099609375
2016-04-15,0.9305214285850525,1271.8626708984375
2016-04-18,0.9370511770248413,1270.9246826171875
2016-04-19,0.9390103816986084,1275.614501953125
2016-04-20,0.9484790563583374,1299.063232421875
2016-04-22,0.9416217803955078,1296.2493896484375
2016-04-25,0.9347653985023499,1276.5523681640625
2016-04-26,0.9468463063240051,1307.5048828125
2016-04-27,1.128379464149475,1336.5814208984375
2016-04-28,1.0575292110443115,1330.015625
2016-04-29,1.0457755327224731,1284.9940185546875
2016-05-02,1.1394808292388916,1302.8150634765625
2016-05-03,1.1260937452316284,1299.063232421875
2016-05-04,1.0464277267456055,1294.37353515625
2016-05-05,0.9305214285850525,1277.4903564453125
2016-05-06,1.1100953817367554,1165.8741455078125
2016-05-09,1.1443779468536377,1031.7470703125
2016-05-10,1.1427451372146606,1027.0572509765625
2016-05-11,1.1525402069091797,1014.8638305664062
2016-05-12,1.1264201402664185,985.7874145507812
2016-05-13,1.098015546798706,887.3024291992188
2016-05-16,1.1127077341079712,970.7802124023438
2016-05-17,1.116951823234558,969.8422241210938
2016-05-18,1.1371952295303345,973.5940551757812
2016-05-19,1.1260937452316284,996.1049194335938
2016-05-20,1.1427451372146606,1043.9404296875
2016-05-23,1.1019330024719238,1030.80908203125
2016-05-24,1.128379464149475,980.15966796875
2016-05-25,1.1100953817367554,984.8494873046875
2016-05-27,1.0970357656478882,1018.6157836914062
2016-05-30,1.1254407167434692,1027.0572509765625
2016-05-31,1.1349093914031982,928.5723266601562
2016-06-01,1.1045453548431396,891.0542602539062
2016-06-02,1.1306650638580322,885.426513671875
2016-06-03,1.142418622970581,871.3572387695312
2016-06-06,1.217840313911438,844.1566772460938
2016-06-07,1.2423276901245117,837.5910034179688
2016-06-08,1.2423276901245117,891.0542602539062
2016-06-09,1.2305734157562256,904.1856079101562
2016-06-10,1.2011889219284058,877.9229736328125
2016-06-13,1.145684003829956,860.101806640625
2016-06-14,1.1371952295303345,853.5361938476562
2016-06-15,1.135888934135437,862.9156494140625
2016-06-16,1.1068309545516968,872.2952270507812
2016-06-17,1.1656006574630737,873.233154296875
2016-06-20,1.2015154361724854,910.751220703125
2016-06-21,1.230246663093567,918.2548828125
2016-06-22,1.2260029315948486,920.1307983398438
2016-06-23,1.2390623092651367,915.4409790039062
2016-06-24,1.2080453634262085,897.6199340820312
2016-06-27,1.2077186107635498,854.47412109375
2016-06-28,1.2406951189041138,864.7916259765625
2016-06-29,1.2488573789596558,872.2952270507812
2016-06-30,1.2570198774337769,881.6747436523438
2016-07-01,1.27334463596344,868.5433959960938
2016-07-04,1.2815080881118774,881.6747436523438
2016-07-05,1.278242588043213,992.35302734375
2016-07-06,1.27334463596344,1064.5753173828125
2016-07-07,1.2929346561431885,1039.2506103515625
2016-07-08,1.36476469039917,1086.148193359375
2016-07-11,1.3595412969589233,1145.2391357421875
2016-07-12,1.36476469039917,1139.6114501953125
2016-07-13,1.371294379234314,1189.3228759765625
2016-07-14,1.392517328262329,1219.33740234375
2016-07-15,1.3895785808563232,1266.2349853515625
2016-07-18,1.3885990381240845,1256.85546875
2016-07-19,1.4039442539215088,1303.7530517578125
2016-07-20,1.4088419675827026,1322.5120849609375
2016-07-21,1.4039442539215088,1280.3043212890625
2016-07-22,1.4049240350723267,1256.85546875
2016-07-25,1.4751211404800415,1209.9578857421875
2016-07-26,1.4793658256530762,1172.439697265625
2016-07-27,1.4705504179000854,1185.5711669921875
2016-07-28,1.4385539293289185,1207.14404296875
2016-07-29,1.5018938779830933,1219.33740234375
2016-08-01,1.5018938779830933,1266.2349853515625
2016-08-02,1.4316967725753784,1238.096435546875
2016-08-03,1.4496541023254395,1261.5452880859375
2016-08-04,1.632493495941162,1275.614501953125
2016-08-05,1.7304434776306152,1292.4976806640625
2016-08-08,1.7320759296417236,1228.7169189453125
2016-08-09,1.844718098640442,1266.2349853515625
2016-08-10,1.9002232551574707,1266.2349853515625
2016-08-11,1.9263434410095215,1292.4976806640625
2016-08-12,1.9580130577087402,1312.1947021484375
2016-08-15,1.9410353899002075,1425.686767578125
2016-08-16,2.0288636684417725,1482.90185546875
2016-08-17,2.0634725093841553,1498.8470458984375
2016-08-18,2.0177621841430664,1505.4127197265625
2016-08-19,2.0014376640319824,1538.240966796875
2016-08-22,2.0177621841430664,1515.7301025390625
2016-08-23,2.0536768436431885,1508.2265625
2016-08-24,2.0536768436431885,1513.854248046875
2016-08-25,2.016455888748169,1526.985595703125
2016-08-26,2.026904582977295,1529.7994384765625
2016-08-29,2.0536768436431885,1590.766357421875
2016-08-30,1.9932748079299927,1550.4344482421875
2016-08-31,1.9753178358078003,1533.55126953125
2016-09-01,2.0654313564300537,1528.861572265625
2016-09-02,2.1467294692993164,1547.62060546875
2016-09-05,2.154238224029541,1582.3248291015625
2016-09-06,2.1581571102142334,1572.9453125
2016-09-08,2.1516270637512207,1587.9525146484375
2016-09-09,2.1513009071350098,1529.7994384765625
2016-09-12,2.14509654045105,1547.62060546875
2016-09-13,2.0242919921875,1511.9783935546875
2016-09-14,2.0102531909942627,1505.4127197265625
2016-09-15,2.0262513160705566,1493.2193603515625
2016-09-16,2.040616989135742,1549.4964599609375
2016-09-19,2.0961217880249023,1549.4964599609375
2016-09-20,2.1353020668029785,1538.240966796875
2016-09-21,2.276022434234619,1547.62060546875
2016-09-22,2.2995309829711914,1542.930908203125
2016-09-23,2.2727582454681396,1500.7230224609375
2016-09-26,2.322385787963867,1499.7850341796875
2016-09-27,2.4258856773376465,1500.7230224609375
2016-09-28,2.4487411975860596,1510.1024169921875
2016-09-29,2.4533114433288574,1467.8946533203125
2016-09-30,2.497715711593628,1496.033203125
2016-10-03,2.5404868125915527,1545.7447509765625
2016-10-04,2.579340934753418,1542.930908203125
2016-10-05,2.643007278442383,1594.51806640625
2016-10-06,2.701777935028076,1596.3941650390625
2016-10-07,2.775239944458008,1599.2080078125
2016-10-10,2.9548144340515137,1536.3651123046875
2016-10-11,2.9505693912506104,1496.97119140625
2016-10-13,2.889514207839966,1456.63916015625
2016-10-14,2.9704861640930176,1463.204833984375
2016-10-17,2.9384889602661133,1519.4820556640625
2016-10-18,2.9711391925811768,1579.510986328125
2016-10-19,3.003462314605713,1596.3941650390625
2016-10-20,3.003788948059082,1617.9669189453125
2016-10-21,3.0370917320251465,1640.477783203125
2016-10-24,3.2068710327148438,1622.65673828125
2016-10-25,2.709940195083618,1568.2554931640625
2016-10-26,2.2691662311553955,1570.1314697265625
2016-10-27,2.970813035964966,1519.4820556640625
2016-10-28,2.8402130603790283,1469.7706298828125
2016-10-31,3.018807888031006,1470.70849609375
2016-11-01,3.0070548057556152,1391.9205322265625
2016-11-03,3.003788948059082,1300.001220703125
2016-11-04,3.0302352905273438,1327.2017822265625
2016-11-07,3.0690882205963135,1383.4788818359375
2016-11-08,3.098799705505371,1388.1688232421875
2016-11-09,3.19936203956604,1360.0302734375
2016-11-10,3.0961873531341553,1253.103759765625
2016-11-11,3.092923164367676,1059.8856201171875
2016-11-14,3.0070548057556152,1050.506103515625
2016-11-16,2.9910552501678467,1040.1885986328125
2016-11-17,2.99595308303833,1044.87841796875
2016-11-18,3.046233654022217,1041.12646484375
2016-11-21,3.1327555179595947,1031.7470703125
2016-11-22,3.1513662338256836,1009.2361450195312
2016-11-23,3.2124218940734863,987.663330078125
2016-11-24,3.18009877204895,998.9187622070312
2016-11-25,3.18009877204895,962.338623046875
2016-11-28,3.206545114517212,929.51025390625
2016-11-29,3.3025357723236084,1003.6084594726562
2016-11-30,3.39558744430542,1062.699462890625
2016-12-01,3.281313419342041,1017.6777954101562
2016-12-02,3.232337713241577,968.9042358398438
2016-12-05,3.1931581497192383,919.1928100585938
2016-12-06,3.328655242919922,942.6416015625
2016-12-07,3.341715097427368,1015.8019409179688
2016-12-08,3.4409706592559814,981.0975952148438
2016-12-09,3.4674177169799805,976.4078979492188
2016-12-12,3.379589319229126,937.9518432617188
2016-12-13,3.4380321502685547,970.7802124023438
2016-12-14,3.363264322280884,973.5940551757812
2016-12-15,3.4657845497131348,971.7181396484375
2016-12-16,3.493536949157715,1058.9476318359375
2016-12-19,3.4217076301574707,994.2289428710938
2016-12-20,3.387425184249878,976.4078979492188
2016-12-21,3.474599838256836,975.4699096679688
2016-12-22,3.4527246952056885,937.9518432617188
2016-12-23,3.454357147216797,944.5175170898438
2016-12-26,3.460887908935547,967.96630859375
2016-12-27,3.4249727725982666,952.0211181640625
2016-12-28,3.4651315212249756,951.0831909179688
2016-12-29,3.466437816619873,956.7109375
2017-01-02,3.320819854736328,956.7109375
2017-01-03,3.3106985092163086,981.0975952148438
2017-01-04,3.1343886852264404,1003.6084594726562
2017-01-05,3.242133140563965,1033.6229248046875
2017-01-06,3.2212369441986084,1001.7326049804688
2017-01-09,3.0746395587921143,1010.1741333007812
2017-01-10,3.1477746963500977,998.9187622070312
2017-01-11,3.1833627223968506,1012.9879760742188
2017-01-12,3.39558744430542,1112.410888671875
2017-01-13,3.460887908935547,1125.542236328125
2017-01-16,3.392648935317993,1117.1005859375
2017-01-17,3.460887908935547,1103.9693603515625
2017-01-18,3.478843927383423,1103.9693603515625
2017-01-19,3.506596803665161,1107.72119140625
2017-01-20,3.914720058441162,1111.472900390625
2017-01-23,4.081234931945801,1120.8525390625
2017-01-24,4.25885009765625,1150.866943359375
2017-01-26,4.163513660430908,1190.2608642578125
2017-01-27,4.058053493499756,1165.8741455078125
2017-01-30,3.806976318359375,1133.9837646484375
2017-01-31,4.178857803344727,1125.542236328125
2017-02-01,4.1465349197387695,1151.804931640625
2017-02-02,4.1465349197387695,1143.36328125
2017-02-03,4.1465349197387695,1148.9910888671875
2017-02-06,4.5380072593688965,1169.6258544921875
2017-02-07,4.57098388671875,1172.439697265625
2017-02-08,4.4730329513549805,1284.9940185546875
2017-02-09,4.4730329513549805,1210.8958740234375
2017-02-10,4.514825820922852,1234.3446044921875
2017-02-13,4.96278190612793,1224.027099609375
2017-02-14,4.881158351898193,1219.33740234375
2017-02-15,5.028082370758057,1228.7169189453125
2017-02-16,5.093381404876709,1210.8958740234375
2017-02-17,5.339887619018555,1200.578369140625
2017-02-20,5.746378421783447,1200.578369140625
2017-02-21,6.252453327178955,1233.40673828125
2017-02-22,6.323301792144775,1200.578369140625
2017-02-23,6.695838451385498,1167.75
2017-02-24,6.794766902923584,1153.6807861328125
2017-03-01,7.019724369049072,1194.0126953125
2017-03-02,6.464675426483154,1204.3302001953125
2017-03-03,6.3670525550842285,1205.2681884765625
2017-03-06,6.367380619049072,1200.578369140625
2017-03-07,6.043493270874023,1222.1512451171875
2017-03-08,5.746378421783447,1200.578369140625
2017-03-09,6.05622673034668,1139.6114501953125
2017-03-10,5.583129405975342,1073.0169677734375
2017-03-13,5.552439212799072,1129.2940673828125
2017-03-14,5.648430347442627,1137.735595703125
2017-03-15,5.736258506774902,1116.1627197265625
2017-03-16,6.397745132446289,1134.9217529296875
2017-03-17,6.0043134689331055,1115.2247314453125
2017-03-20,6.383378982543945,1124.6043701171875
2017-03-21,6.007577896118164,1118.9765625
2017-03-22,5.9540324211120605,1127.418212890625
2017-03-23,6.170828342437744,1151.804931640625
2017-03-24,5.945544242858887,1141.4874267578125
2017-03-27,5.925953388214111,1132.3104248046875
2017-03-28,5.767602443695068,1129.42919921875
2017-03-29,5.888406276702881,1142.8746337890625
2017-03-30,5.909628868103027,1147.6766357421875
2017-03-31,5.782294273376465,1186.0926513671875
2017-04-03,5.974602222442627,1200.4986572265625
2017-04-04,6.000721454620361,1205.300537109375
2017-04-05,6.099977493286133,1193.77587890625
2017-04-06,6.138177394866943,1174.56787109375
2017-04-07,6.123485088348389,1170.7261962890625
2017-04-10,6.040227890014648,1158.2410888671875
2017-04-11,6.115649223327637,1133.270751953125
2017-04-12,5.859674453735352,1140.953857421875
2017-04-13,5.616106033325195,1153.4390869140625
2017-04-17,6.195315361022949,1180.3302001953125
2017-04-18,6.4284348487854,1243.716552734375
2017-04-19,6.725876331329346,1279.2513427734375
2017-04-20,6.993605136871338,1295.578125
2017-04-24,6.856475353240967,1322.46923828125
2017-04-25,6.840150833129883,1336.8753662109375
2017-04-26,6.927332878112793,1325.3504638671875
2017-04-27,7.282985210418701,1277.33056640625
2017-04-28,7.3095598220825195,1285.013671875
2017-05-02,7.5126495361328125,1362.8060302734375
2017-05-03,7.546113014221191,1383.934814453125
2017-05-04,7.447686195373535,1344.5584716796875
2017-05-05,8.49758243560791,1383.934814453125
2017-05-08,8.628819465637207,1366.647705078125
2017-05-09,8.898509979248047,1390.6575927734375
2017-05-10,9.186575889587402,1459.8062744140625
2017-05-11,8.645223617553711,1440.598388671875
2017-05-12,8.694437026977539,1282.132568359375
2017-05-15,8.940505027770996,1239.875
2017-05-16,9.252192497253418,1286.9345703125
2017-05-17,9.204290390014648,1261.9642333984375
2017-05-18,7.710161209106445,1120.7855224609375
2017-05-19,8.153084754943848,1180.3302001953125
2017-05-22,7.2797040939331055,1205.300537109375
2017-05-23,7.936215877532959,1247.55810546875
2017-05-24,8.19179916381836,1238.91455078125
2017-05-25,8.16063117980957,1257.1622314453125
2017-05-26,8.366345405578613,1277.33056640625
2017-05-29,8.366345405578613,1277.33056640625
2017-05-30,8.530389785766602,1243.716552734375
2017-05-31,8.235107421875,1212.9837646484375
2017-06-01,8.124212265014648,1210.1025390625
2017-06-02,7.923418998718262,1206.260986328125
2017-06-05,7.775451183319092,1219.7066650390625
2017-06-06,7.7757792472839355,1220.6669921875
2017-06-07,8.185564041137695,1233.1522216796875
2017-06-08,8.43885326385498,1234.1126708984375
2017-06-09,8.267916679382324,1224.5086669921875
2017-06-12,8.146851539611816,1256.2017822265625
2017-06-13,8.388327598571777,1279.2513427734375
2017-06-14,8.431964874267578,1248.5185546875
2017-06-15,8.431964874267578,1248.5185546875
2017-06-16,8.49758243560791,1218.7462158203125
2017-06-19,8.431964874267578,1206.260986328125
2017-06-20,8.066798210144043,1169.765869140625
2017-06-21,8.038252830505371,1131.3499755859375
2017-06-22,7.841395854949951,1104.458740234375
2017-06-23,8.028080940246582,1114.062744140625
2017-06-26,8.235107421875,1138.0726318359375
2017-06-27,8.071061134338379,1121.7459716796875
2017-06-28,7.907014846801758,1088.1319580078125
2017-06-29,8.15242862701416,1092.9339599609375
2017-06-30,8.399153709411621,1123.666748046875
2017-07-03,8.530389785766602,1126.5479736328125
2017-07-04,8.530389785766602,1125.5875244140625
2017-07-05,8.530389785766602,1109.2607421875
2017-07-06,8.510705947875977,1104.458740234375
2017-07-07,9.36669635772705,1084.2904052734375
2017-07-10,9.771234512329102,1116.9439697265625
2017-07-11,9.973666191101074,1126.5479736328125
2017-07-12,10.3348970413208,1176.4886474609375
2017-07-13,9.908376693725586,1184.171875
2017-07-14,10.367705345153809,1224.5086669921875
2017-07-17,10.828346252441406,1201.4591064453125
2017-07-18,11.286362648010254,1200.4986572265625
2017-07-19,11.322452545166016,1180.3302001953125
2017-07-20,11.43006706237793,1205.300537109375
2017-07-21,10.994362831115723,1206.260986328125
2017-07-24,10.991080284118652,1241.7957763671875
2017-07-25,11.365433692932129,1239.875
2017-07-26,11.278162002563477,1259.0830078125
2017-07-27,11.418255805969238,1277.33056640625
2017-07-28,12.02883529663086,1296.53857421875
2017-07-31,12.037038803100586,1277.33056640625
2017-08-01,12.150885581970215,1284.0533447265625
2017-08-02,12.20108413696289,1315.7464599609375
2017-08-03,12.219457626342773,1306.142578125
2017-08-04,12.894015312194824,1306.142578125
2017-08-07,13.123677253723145,1286.9345703125
2017-08-08,12.939290046691895,1285.013671875
2017-08-09,13.303142547607422,1258.12255859375
2017-08-10,13.011140823364258,1229.3106689453125
2017-08-11,13.58202075958252,1351.28125
2017-08-14,14.621747016906738,1430.994384765625
2017-08-15,14.903904914855957,1455.9647216796875
2017-08-16,16.076505661010742,1464.6083984375
2017-08-17,14.796948432922363,1594.26220703125
2017-08-18,15.026609420776367,1774.817138671875
2017-08-21,15.518747329711914,1735.4407958984375
2017-08-22,15.353719711303711,1767.1339111328125
2017-08-23,15.193610191345215,1815.1539306640625
2017-08-24,15.653268814086914,1831.480712890625
2017-08-25,15.70805549621582,1789.2232666015625
2017-08-28,16.207412719726562,1800.7479248046875
2017-08-29,16.273359298706055,1798.8271484375
2017-08-30,16.8967342376709,1786.342041015625
2017-08-31,18.6356258392334,1775.777587890625
2017-09-01,18.50897979736328,1770.9755859375
2017-09-04,20.400432586669922,1810.3519287109375
2017-09-05,21.522830963134766,1814.193603515625
2017-09-06,22.417869567871094,1830.5203857421875
2017-09-07,22.417869567871094,1830.5203857421875
2017-09-08,20.714414596557617,1824.7579345703125
2017-09-11,20.551677703857422,1810.3519287109375
2017-09-12,18.115924835205078,1784.421142578125
2017-09-13,18.976839065551758,1773.8568115234375
2017-09-14,21.522830963134766,1911.19384765625
2017-09-15,21.835176467895508,2047.5704345703125
2017-09-18,21.325979232788086,2012.03564453125
2017-09-19,20.6960391998291,1990.906982421875
2017-09-20,19.816753387451172,1962.094970703125
2017-09-21,19.982112884521484,1968.81787109375
2017-09-22,19.698638916015625,1990.906982421875
2017-09-25,18.845603942871094,1917.9166259765625
2017-09-26,19.420419692993164,1872.77783203125
2017-09-27,17.929569244384766,1927.5206298828125
2017-09-28,18.570003509521484,1932.3226318359375
2017-09-29,19.478164672851562,2030.283447265625
2017-10-02,20.441444396972656,2189.709716796875
2017-10-03,20.732786178588867,2372.185302734375
2017-10-04,20.86664581298828,2465.343994140625
2017-10-05,20.577924728393555,2333.76953125
2017-10-06,20.919145584106445,2348.17529296875
2017-10-09,20.41781997680664,2303.9970703125
2017-10-10,20.898143768310547,2398.1162109375
2017-10-11,20.210466384887695,2295.353271484375
2017-10-12,20.210466384887695,2295.353271484375
2017-10-13,19.08182716369629,2040.84765625
2017-10-16,18.189416885375977,1957.29296875
2017-10-17,16.745811462402344,1847.8074951171875
2017-10-18,18.562131881713867,2009.154541015625
2017-10-19,18.370521545410156,2056.214111328125
2017-10-20,19.01620864868164,2161.85791015625
2017-10-23,18.163171768188477,2106.15478515625
2017-10-24,18.05817985534668,2158.976806640625
2017-10-25,18.06342887878418,2231.967041015625
2017-10-26,17.239259719848633,2163.77880859375
2017-10-27,16.798307418823242,2100.392333984375
2017-10-30,16.601451873779297,2017.798095703125
2017-10-31,16.732690811157227,2038.927001953125
2017-11-01,17.583106994628906,2136.887451171875
2017-11-02,17.583106994628906,2136.887451171875
2017-11-03,16.149995803833008,1993.7882080078125
2017-11-06,14.960992813110352,1907.3521728515625
2017-11-07,13.535760879516602,1724.87646484375
2017-11-08,14.467540740966797,1807.470703125
2017-11-09,13.5751314163208,1760.4112548828125
2017-11-10,12.876953125,1703.7476806640625
2017-11-13,13.422897338867188,1735.4407958984375
2017-11-14,14.415048599243164,1796.90625
2017-11-15,14.415048599243164,1796.90625
2017-11-16,14.960992813110352,1853.5699462890625
2017-11-17,15.564681053161621,1837.2430419921875
2017-11-20,15.564681053161621,1837.2430419921875
2017-11-21,15.905898094177246,1785.381591796875
2017-11-22,15.835027694702148,1726.7972412109375
2017-11-23,15.409823417663574,1690.3021240234375
2017-11-24,16.128999710083008,1673.014892578125
2017-11-27,15.64079761505127,1697.0247802734375
2017-11-28,15.42557144165039,1756.5697021484375
2017-11-29,15.275961875915527,1690.3021240234375
2017-11-30,14.913745880126953,1650.92578125
2017-12-01,15.278590202331543,1622.11376953125
2017-12-04,15.14472484588623,1565.4501953125
2017-12-05,15.092227935791016,1532.796630859375
2017-12-06,15.304832458496094,1606.7474365234375
2017-12-07,16.919042587280273,1565.4501953125
2017-12-08,18.36264991760254,1632.6781005859375
2017-12-11,18.31015968322754,1630.75732421875
2017-12-12,18.299657821655273,1613.47021484375
2017-12-13,18.05817985534668,1632.6781005859375
2017-12-14,18.163171768188477,1623.0740966796875
2017-12-15,18.218290328979492,1644.2030029296875
2017-12-18,18.05555534362793,1771.9359130859375
2017-12-19,17.564729690551758,1738.322021484375
2017-12-20,18.382213592529297,1728.718017578125
2017-12-21,19.06606674194336,1772.8963623046875
2017-12-22,19.23769187927246,1813.233154296875
2017-12-25,19.23769187927246,1813.233154296875
2017-12-26,19.93210792541504,1867.015380859375
2017-12-27,20.41001319885254,1965.9366455078125
2017-12-28,21.181001663208008,1968.81787109375
2017-12-29,21.181001663208008,1968.81787109375
2018-01-02,20.93808937072754,1920.7978515625
2018-01-03,20.674049377441406,1905.431396484375
2018-01-04,21.170438766479492,1957.29296875
2018-01-05,20.753259658813477,1920.7978515625
2018-01-08,20.755901336669922,1905.431396484375
2018-01-09,20.256868362426758,1906.391845703125
2018-01-10,20.46282196044922,1843.0054931640625
2018-01-11,20.499786376953125,1812.272705078125
2018-01-12,20.478662490844727,1782.5003662109375
2018-01-15,20.83247184753418,1825.7183837890625
2018-01-16,20.7796688079834,1820.9163818359375
2018-01-17,20.800783157348633,1824.7579345703125
2018-01-18,20.460180282592773,1798.8271484375
2018-01-19,20.264793395996094,1818.99560546875
2018-01-22,20.330801010131836,1877.579833984375
2018-01-23,19.739362716674805,1848.7679443359375
2018-01-24,21.384309768676758,1957.29296875
2018-01-25,21.384309768676758,1957.29296875
2018-01-26,21.862213134765625,1993.7882080078125
2018-01-29,22.337478637695312,1949.6097412109375
2018-01-30,22.353321075439453,1940.0057373046875
2018-01-31,22.326919555664062,2040.84765625
2018-02-01,22.670166015625,2150.3330078125
2018-02-02,22.142093658447266,2098.4716796875
2018-02-05,21.289255142211914,2039.887451171875
2018-02-06,21.555932998657227,2060.0556640625
2018-02-07,20.858877182006836,2106.15478515625
2018-02-08,20.06676483154297,2108.07568359375
2018-02-09,19.5096492767334,1960.1741943359375
2018-02-14,19.723520278930664,2008.194091796875
2018-02-15,20.91432762145996,2081.184326171875
2018-02-16,20.755901336669922,2136.887451171875
2018-02-19,21.719636917114258,2228.12548828125
2018-02-20,21.912384033203125,2290.55126953125
2018-02-21,21.001455307006836,2280.947265625
2018-02-22,21.49784278869629,2293.4326171875
2018-02-23,22.968528747558594,2313.60107421875
2018-02-26,24.903913497924805,2284.7890625
2018-02-27,24.159330368041992,2315.521728515625
2018-02-28,24.04051399230957,2284.7890625
2018-03-01,24.338878631591797,2258.8583984375
2018-03-02,24.513139724731445,2295.353271484375
2018-03-05,23.8688907623291,2316.482177734375
2018-03-06,23.546768188476562,2369.30419921875
2018-03-07,23.771198272705078,2399.07666015625
2018-03-08,23.298574447631836,2170.50146484375
2018-03-09,23.948101043701172,2252.135498046875
2018-03-12,24.444488525390625,2309.759521484375
2018-03-13,24.17253303527832,2289.591064453125
2018-03-14,23.684064865112305,2304.95751953125
2018-03-15,24.027311325073242,2439.413330078125
2018-03-16,24.47616958618164,2516.2451171875
2018-03-19,23.948101043701172,2579.631591796875
2018-03-20,23.763275146484375,2663.186279296875
2018-03-21,24.555383682250977,2689.116943359375
2018-03-22,25.18643569946289,2666.0673828125
2018-03-23,25.03065299987793,2592.11669921875
2018-03-26,26.403640747070312,2503.760009765625
2018-03-27,25.532320022583008,2363.541748046875
2018-03-28,25.611530303955078,2362.581298828125
2018-03-29,25.851804733276367,2462.462890625
2018-04-02,25.85444450378418,2394.274658203125
2018-04-03,25.611530303955078,2449.017333984375
2018-04-04,25.479511260986328,2376.9873046875
2018-04-05,26.05775260925293,2434.611328125
2018-04-06,25.901973724365234,2361.620849609375
2018-04-09,25.513839721679688,2388.51220703125
2018-04-10,25.057052612304688,2361.620849609375
2018-04-11,25.577207565307617,2353.937744140625
2018-04-12,26.274263381958008,2511.443115234375
2018-04-13,25.941579818725586,2505.6806640625
2018-04-16,25.39238166809082,2554.6611328125
2018-04-17,25.682157516479492,2641.096923828125
2018-04-18,25.337963104248047,2703.52294921875
2018-04-19,24.988475799560547,2856.226318359375
2018-04-20,25.6583251953125,3015.652587890625
2018-04-23,26.442033767700195,3072.316162109375
2018-04-24,26.77033805847168,2958.02880859375
2018-04-25,26.857711791992188,2933.058349609375
2018-04-26,27.667892456054688,2906.1669921875
2018-04-27,27.879701614379883,2869.671875
2018-04-30,28.253019332885742,2775.552734375
2018-05-02,27.13836097717285,2667.02783203125
2018-05-03,25.735109329223633,2652.621826171875
2018-05-04,25.867490768432617,2769.790283203125
2018-05-07,25.642440795898438,2771.711181640625
2018-05-08,29.386213302612305,2713.126953125
2018-05-09,29.82042694091797,2614.2060546875
2018-05-10,28.99171257019043,2703.52294921875
2018-05-11,28.76666259765625,2921.533447265625
2018-05-14,28.6342830657959,2861.98876953125
2018-05-15,28.189477920532227,2709.285400390625
2018-05-16,29.709226608276367,2744.820068359375
2018-05-17,28.95199966430664,2575.789794921875
2018-05-18,27.824098587036133,2555.621337890625
2018-05-21,28.999658584594727,2577.710693359375
2018-05-22,30.18315315246582,2666.0673828125
2018-05-23,29.621850967407227,2593.0771484375
2018-05-24,29.915742874145508,2528.73046875
2018-05-25,29.653623580932617,2429.809326171875
2018-05-28,27.800273895263672,2266.54150390625
2018-05-29,27.66524314880371,2278.066162109375
2018-05-30,28.705768585205078,2434.611328125
2018-06-01,30.572359085083008,2482.631103515625
2018-06-04,32.92081832885742,2680.473388671875
2018-06-05,32.04179763793945,2569.067138671875
2018-06-06,30.270524978637695,2390.432861328125
2018-06-07,28.17094612121582,2208.91748046875
2018-06-08,27.930009841918945,2337.61083984375
2018-06-11,28.123287200927734,2410.60107421875
2018-06-12,29.124095916748047,2376.9873046875
2018-06-13,29.76218032836914,2449.017333984375
2018-06-14,31.61288070678711,2569.067138671875
2018-06-15,31.724084854125977,2465.343994140625
2018-06-18,31.183961868286133,2379.86865234375
2018-06-19,32.74078369140625,2520.086669921875
2018-06-20,32.21918869018555,2668.94873046875
2018-06-21,32.1980094909668,2463.42333984375
2018-06-22,32.51572799682617,2500.878662109375
2018-06-25,32.49984359741211,2462.462890625
2018-06-26,32.761962890625,2459.581787109375
2018-06-27,32.17683029174805,2429.809326171875
2018-06-28,32.71165466308594,2497.037109375
2018-06-29,33.88720703125,2583.47314453125
2018-07-02,33.209415435791016,2577.710693359375
2018-07-03,32.97112274169922,2660.304931640625
2018-07-04,32.9234733581543,2785.15673828125
2018-07-05,31.77174186706543,2721.7705078125
2018-07-06,32.22183609008789,2720.81005859375
2018-07-10,31.25545310974121,2668.94873046875
2018-07-11,30.318187713623047,2566.185791015625
2018-07-12,32.663997650146484,2693.9189453125
2018-07-13,33.2650146484375,2758.265625
2018-07-16,33.821022033691406,2722.73095703125
2018-07-17,34.948917388916016,2789.958740234375
2018-07-18,33.61185836791992,2744.820068359375
2018-07-19,34.14667510986328,2850.4638671875
2018-07-20,34.67620086669922,2956.10791015625
2018-07-23,34.37172317504883,2852.384765625
2018-07-24,35.41489791870117,2827.414306640625
2018-07-25,35.21368408203125,2842.78076171875
2018-07-26,34.829769134521484,2818.77099609375
2018-07-27,34.366432189941406,2744.820068359375
2018-07-30,34.41938400268555,2741.93896484375
2018-07-31,35.01775360107422,2703.52294921875
2018-08-01,35.54728698730469,2770.750732421875
2018-08-02,36.2330207824707,2866.790771484375
2018-08-03,36.26214599609375,3054.068603515625
2018-08-06,36.537498474121094,3116.494384765625
2018-08-07,38.6291389465332,3076.15771484375
2018-08-08,37.07496643066406,2958.02880859375
2018-08-09,38.9177360534668,2881.19677734375
2018-08-10,36.81020736694336,2621.888916015625
2018-08-13,37.3317985534668,2733.29541015625
2018-08-14,37.55419158935547,2890.80078125
2018-08-15,36.71489334106445,2766.9091796875
2018-08-16,36.08740234375,2726.572509765625
2018-08-17,35.38577651977539,2627.6513671875
2018-08-20,36.635467529296875,2714.08740234375
2018-08-21,35.065406799316406,2516.2451171875
2018-08-22,35.5419807434082,2661.265380859375
2018-08-23,35.15279006958008,2559.463134765625
2018-08-24,34.948917388916016,2515.28466796875
2018-08-27,34.79534912109375,2587.314697265625
2018-08-28,34.2446403503418,2506.64111328125
2018-08-29,34.9780387878418,2491.274658203125
2018-08-30,33.7839469909668,2453.8193359375
2018-08-31,34.485572814941406,2537.3740234375
2018-09-03,33.48212432861328,2489.35400390625
2018-09-04,31.242216110229492,2333.76953125
2018-09-05,32.25625991821289,2386.59130859375
2018-09-06,33.14851379394531,2463.42333984375
2018-09-10,32.26420211791992,2505.6806640625
2018-09-11,31.533449172973633,2397.15576171875
2018-09-12,31.61288070678711,2369.30419921875
2018-09-13,30.561769485473633,2351.056396484375
2018-09-14,30.71268081665039,2304.95751953125
2018-09-17,31.477848052978516,2463.42333984375
2018-09-18,32.94465637207031,2583.47314453125
2018-09-19,31.50962257385254,2641.096923828125
2018-09-20,31.371946334838867,2687.196044921875
2018-09-21,32.83079528808594,2775.552734375
2018-09-24,32.1397705078125,2650.700927734375
2018-09-25,32.60309982299805,2632.453369140625
2018-09-26,32.340980529785156,2674.7109375
2018-09-27,32.87580871582031,2708.324951171875
2018-09-28,32.430999755859375,2660.304931640625
2018-10-01,32.46807098388672,2652.621826171875
2018-10-02,34.52528762817383,2842.78076171875
2018-10-03,36.89228439331055,2908.087890625
2018-10-04,36.93464660644531,2833.1767578125
2018-10-05,37.596561431884766,2924.41455078125
2018-10-08,39.328121185302734,3153.9501953125
2018-10-09,39.76763153076172,3137.623291015625
2018-10-10,38.03342819213867,2989.7216796875
2018-10-11,39.90000915527344,2979.157470703125
2018-10-15,39.71467971801758,2946.50390625
2018-10-16,42.15050506591797,3047.345703125
2018-10-17,42.82565689086914,3238.46533203125
2018-10-18,42.595314025878906,3288.406005859375
2018-10-19,44.745201110839844,3250.9501953125
2018-10-22,44.242149353027344,3399.81201171875
2018-10-23,44.761085510253906,3380.604248046875
2018-10-24,44.48043441772461,3287.445556640625
2018-10-25,44.5386848449707,3327.7822265625
2018-10-26,44.1627197265625,3285.524658203125
2018-10-29,44.07004928588867,3100.167724609375
2018-10-30,44.81668472290039,3391.16845703125
2018-10-31,44.69224548339844,3313.376220703125
2018-11-01,44.991432189941406,3086.72216796875
2018-11-05,45.79366683959961,3144.345947265625
2018-11-06,41.96517562866211,3159.71240234375
2018-11-07,39.95296096801758,3023.3359375
2018-11-08,39.07129669189453,2950.345458984375
2018-11-09,38.76152420043945,3007.969482421875
2018-11-12,40.65193557739258,3181.801513671875
2018-11-13,40.617515563964844,3178.92041015625
2018-11-14,41.17087936401367,3294.168212890625
2018-11-16,41.435646057128906,3342.188232421875
2018-11-19,41.34297561645508,3390.2080078125
2018-11-21,41.10204315185547,3354.67333984375
2018-11-22,42.36232376098633,3465.119140625
2018-11-23,42.98451614379883,3582.2880859375
2018-11-26,41.8777961730957,3611.099853515625
2018-11-27,44.68430709838867,3634.1494140625
2018-11-28,45.02320861816406,3774.36767578125
2018-11-29,45.33827209472656,3719.625
2018-11-30,43.58818054199219,3675.446533203125
2018-12-03,42.926273345947266,3773.407470703125
2018-12-04,43.63318634033203,3783.9716796875
2018-12-05,43.66231155395508,3831.99169921875
2018-12-06,43.77351379394531,3770.526123046875
2018-12-07,43.51404571533203,3647.59521484375
2018-12-10,42.502647399902344,3574.604736328125
2018-12-11,43.524635314941406,3595.7333984375
2018-12-12,44.48043441772461,3601.495849609375
2018-12-13,44.348052978515625,3567.882080078125
2018-12-14,45.168827056884766,3611.099853515625
2018-12-17,45.02850341796875,3512.178955078125
2018-12-18,46.57207489013672,3520.822509765625
2018-12-19,46.865962982177734,3663.921630859375
2018-12-20,47.11219787597656,3778.20947265625
2018-12-21,48.388362884521484,3795.49658203125
2018-12-26,46.799774169921875,3649.515869140625
2018-12-27,46.069026947021484,3832.9521484375
2018-12-28,47.940914154052734,4035.59619140625
2019-01-02,49.4052734375,4129.71533203125
2019-01-03,48.87666320800781,4171.97265625
2019-01-04,47.38911056518555,4033.67529296875
2019-01-07,48.12491989135742,3855.041259765625
2019-01-08,47.73708724975586,4033.67529296875
2019-01-09,47.57770538330078,4300.666015625
2019-01-10,48.03990936279297,4465.85498046875
2019-01-11,47.176605224609375,4329.478515625
2019-01-14,47.54848861694336,4379.41943359375
2019-01-15,47.009246826171875,4441.84521484375
2019-01-16,46.485958099365234,4601.271484375
2019-01-17,46.34782791137695,4489.86474609375
2019-01-18,46.27345275878906,4417.8349609375
2019-01-21,44.36088180541992,4273.77490234375
2019-01-22,43.04599380493164,4224.794921875
2019-01-23,45.05153274536133,4268.97314453125
2019-01-24,44.48838806152344,4380.37939453125
2019-01-28,44.461830139160156,4414.9541015625
2019-01-29,47.30942153930664,4590.70654296875
2019-01-30,46.79143142700195,4621.439453125
2019-01-31,47.56707763671875,4801.99462890625
2019-02-01,47.49536895751953,4617.59814453125
2019-02-04,47.03581619262695,4605.11279296875
2019-02-05,46.618770599365234,4417.8349609375
2019-02-06,45.078094482421875,4268.97314453125
2019-02-07,44.30775451660156,4235.359375
2019-02-08,45.157779693603516,4320.8349609375
2019-02-11,43.917274475097656,4259.369140625
2019-02-12,43.776485443115234,4456.2509765625
2019-02-13,42.84676742553711,4453.3701171875
2019-02-14,45.34107208251953,4561.89453125
2019-02-15,43.55601501464844,4547.48876953125
2019-02-18,44.76995086669922,4559.013671875
2019-02-19,45.06747055053711,4566.69677734375
2019-02-20,43.165531158447266,4321.794921875
2019-02-21,42.79364013671875,4250.7255859375
2019-02-22,47.25629425048828,4462.97412109375
2019-02-25,46.140628814697266,4535.9638671875
2019-02-26,47.415672302246094,4526.35986328125
2019-02-27,46.7515869140625,4638.72705078125
2019-02-28,46.076873779296875,4643.52880859375
2019-03-01,46.54439163208008,4735.72705078125
2019-03-06,45.58545684814453,4625.28125
2019-03-07,47.05706787109375,4611.83544921875
2019-03-08,48.03194046020508,4792.390625
2019-03-11,48.49680709838867,4848.09375
2019-03-12,47.50864791870117,4600.310546875
2019-03-13,47.09160232543945,4444.72607421875
2019-03-14,46.884403228759766,4576.30078125
2019-03-15,47.06769561767578,4509.07275390625
2019-03-18,47.92569351196289,4663.697265625
2019-03-19,48.00006866455078,4792.390625
2019-03-20,48.247108459472656,4792.390625
2019-03-21,48.41179656982422,4489.86474609375
2019-03-22,46.03437423706055,4081.6953125
2019-03-25,45.983909606933594,3955.883056640625
2019-03-26,46.90830993652344,4053.843994140625
2019-03-27,44.62651443481445,3760.922119140625
2019-03-28,45.36763381958008,3981.81396484375
2019-03-29,45.914833068847656,4054.80419921875
2019-04-01,45.500450134277344,4033.67529296875
2019-04-02,44.135093688964844,3965.487060546875
2019-04-03,44.91075134277344,3923.229736328125
2019-04-04,44.892147064208984,3945.318603515625
2019-04-05,45.15512466430664,3956.843505859375
2019-04-08,44.29181671142578,3759.961669921875
2019-04-09,44.177589416503906,3649.515869140625
2019-04-10,44.81245422363281,3519.862060546875
2019-04-11,44.09525680541992,3707.139892578125
2019-04-12,43.78445816040039,3611.099853515625
2019-04-15,43.4311637878418,3546.753173828125
2019-04-16,43.31675338745117,3417.099365234375
2019-04-17,42.54998016357422,3484.3271484375
2019-04-18,45.473262786865234,3639.911865234375
2019-04-22,44.51481246948242,3563.080078125
2019-04-23,45.526519775390625,3759.001220703125
2019-04-24,45.91522216796875,3615.90185546875
2019-04-25,46.591461181640625,3566.921630859375
2019-04-26,47.64310073852539,3578.446533203125
2019-04-29,47.52595901489258,3612.060302734375
2019-04-30,50.92047882080078,3673.52587890625
2019-05-02,50.78203201293945,3534.267822265625
2019-05-03,52.24899673461914,3661.040771484375
2019-05-06,53.303287506103516,3726.347900390625
2019-05-07,51.15742874145508,3561.1591796875
2019-05-08,51.516849517822266,3591.89208984375
2019-05-09,49.49345016479492,3471.842041015625
2019-05-10,49.65319061279297,3246.148193359375
2019-05-13,47.927974700927734,3102.088623046875
2019-05-14,47.45673370361328,3073.276611328125
2019-05-15,46.058990478515625,3104.969482421875
2019-05-16,44.46156692504883,3075.197265625
2019-05-17,44.94611740112305,3110.73193359375
2019-05-20,46.058990478515625,3256.712646484375
2019-05-21,47.765567779541016,3322.980224609375
2019-05-22,47.98920822143555,3198.12841796875
2019-05-23,48.04245376586914,3025.256591796875
2019-05-24,47.0839958190918,2922.493896484375
2019-05-27,47.390174865722656,2924.41455078125
2019-05-28,50.318782806396484,3116.494384765625
2019-05-29,50.39065933227539,3095.36572265625
2019-05-30,51.35444641113281,3113.61328125
2019-05-31,52.182437896728516,3015.652587890625
2019-06-03,51.846981048583984,2948.4248046875
2019-06-04,51.78840637207031,2929.216796875
2019-06-05,50.90184020996094,2879.276123046875
2019-06-06,50.587684631347656,2960.909912109375
2019-06-07,52.834720611572266,2983.95947265625
2019-06-10,53.91297912597656,3064.6328125
2019-06-11,55.16162872314453,3198.12841796875
2019-06-12,54.07804489135742,3055.02880859375
2019-06-13,55.8059196472168,3101.128173828125
2019-06-14,56.3277473449707,2991.642578125
2019-06-17,55.24415969848633,3018.533935546875
2019-06-18,55.403907775878906,3191.405517578125
2019-06-19,55.909759521484375,3279.76220703125
2019-06-21,56.61528396606445,3318.17822265625
2019-06-24,55.90443420410156,3255.752197265625
2019-06-25,54.9805908203125,3150.1083984375
2019-06-26,55.49708557128906,3149.14794921875
2019-06-27,55.55033493041992,3134.741943359375
2019-06-28,56.20793914794922,3142.42529296875
2019-07-01,55.96300506591797,3074.23681640625
2019-07-02,56.564693450927734,3057.91015625
2019-07-03,58.798423767089844,3103.049072265625
2019-07-04,58.86498260498047,3292.24755859375
2019-07-05,60.19084548950195,3436.307373046875
2019-07-08,61.07474899291992,3502.574951171875
2019-07-10,62.166324615478516,3765.72412109375
2019-07-11,61.43950271606445,3795.49658203125
2019-07-12,61.78028106689453,3672.5654296875
2019-07-15,61.40754699707031,3565.961181640625
2019-07-16,62.299442291259766,3441.109375
2019-07-17,65.06563568115234,3540.99072265625
2019-07-18,65.7605209350586,3545.792724609375
2019-07-19,63.37770080566406,3455.51513671875
2019-07-22,65.85370635986328,3432.4658203125
2019-07-23,64.42933654785156,3363.317138671875
2019-07-24,65.4437026977539,3443.990478515625
2019-07-25,65.08960723876953,3408.455810546875
2019-07-26,67.09171295166016,3468.960693359375
2019-07-29,70.23329162597656,3548.674072265625
2019-07-30,70.4329833984375,3514.099609375
2019-07-31,70.21200561523438,3643.75341796875
2019-08-01,73.61451721191406,3654.31787109375
2019-08-02,75.49148559570312,3683.1298828125
2019-08-05,73.48139190673828,3504.49560546875
2019-08-06,77.95417022705078,3564.040283203125
2019-08-07,77.33650970458984,3395.010009765625
2019-08-08,79.10431671142578,3592.852294921875
2019-08-09,80.46745300292969,4230.55712890625
2019-08-12,77.57080078125,4144.12158203125
2019-08-13,80.61654663085938,4257.4482421875
2019-08-14,78.69964599609375,4244.96337890625
2019-08-15,77.33650970458984,4039.43798828125
2019-08-16,79.99887084960938,4076.893310546875
2019-08-19,80.5739517211914,4057.685302734375
2019-08-20,77.80509185791016,4182.53759765625
2019-08-21,77.82637786865234,4225.75537109375
2019-08-22,73.33231353759766,4135.4775390625
2019-08-23,71.94786071777344,4069.298095703125
2019-08-26,71.77747344970703,3989.62255859375
2019-08-27,72.86371612548828,4015.85693359375
2019-08-28,74.35465240478516,4315.12744140625
2019-08-29,79.35990905761719,4446.30078125
2019-08-30,77.29391479492188,4566.78662109375
2019-09-02,77.97547149658203,4547.35302734375
2019-09-03,76.42064666748047,4459.904296875
2019-09-04,79.23211669921875,4573.587890625
2019-09-05,78.16717529296875,4527.92041015625
2019-09-06,76.67623138427734,4479.33740234375
2019-09-09,72.84242248535156,4226.70703125
2019-09-10,69.22160339355469,4022.658935546875
2019-09-11,73.69437408447266,4153.83251953125
2019-09-12,74.54634094238281,4189.78369140625
2019-09-13,72.62943267822266,4056.666748046875
2019-09-16,74.26944732666016,4156.7470703125
2019-09-17,74.22686767578125,4217.96142578125
2019-09-18,74.67414855957031,4362.73876953125
2019-09-19,76.27155303955078,4613.42626953125
2019-09-20,77.86897277832031,4617.31298828125
2019-09-23,76.65493774414062,4594.96484375
2019-09-24,78.31625366210938,4795.1259765625
2019-09-25,78.20976257324219,4615.36962890625
2019-09-26,77.8902816772461,4642.57568359375
2019-09-27,78.38015747070312,4744.60009765625
2019-09-30,78.89131927490234,4697.9599609375
2019-10-01,79.76458740234375,4723.22314453125
2019-10-02,77.7411880493164,4674.64013671875
2019-10-03,79.44509887695312,4673.66845703125
2019-10-04,82.59734344482422,4761.11767578125
2019-10-07,81.7879867553711,4748.486328125
2019-10-08,81.09146881103516,4631.8876953125
2019-10-09,84.61255645751953,4808.7294921875
2019-10-10,83.097412109375,4770.83447265625
2019-10-11,86.42642974853516,5149.78076171875
2019-10-14,89.99018096923828,5246.9462890625
2019-10-15,89.20062255859375,5324.6787109375
2019-10-16,91.24923706054688,5453.90869140625
2019-10-17,92.12417602539062,5329.537109375
2019-10-18,91.76139068603516,5295.529296875
2019-10-21,91.97480010986328,5295.529296875
2019-10-22,93.29786682128906,5313.01904296875
2019-10-23,92.80704498291016,5282.8974609375
2019-10-24,92.29489135742188,5322.7353515625
2019-10-25,89.62741088867188,5244.03125
2019-10-28,91.05718231201172,5164.35546875
2019-10-29,87.81353759765625,5070.10498046875
2019-10-30,93.93805694580078,5142.97900390625
2019-10-31,95.26113891601562,4936.015625
2019-11-01,100.70278930664062,4968.08056640625
2019-11-04,95.96534729003906,4910.7529296875
2019-11-05,93.98075103759766,5106.05615234375
2019-11-06,96.45616149902344,5272.20947265625
2019-11-07,94.32217407226562,5159.4970703125
2019-11-08,93.48992919921875,5060.38818359375
2019-11-11,96.07205963134766,5159.4970703125
2019-11-12,92.61499786376953,5080.79296875
2019-11-13,90.69440460205078,5051.64306640625
2019-11-14,94.42887115478516,5267.35107421875
2019-11-18,95.98668670654297,5215.85302734375
2019-11-19,95.00505065917969,5243.0595703125
2019-11-21,96.02937316894531,5340.22509765625
2019-11-22,97.07501983642578,5439.33447265625
2019-11-25,94.53557586669922,5355.771484375
2019-11-26,91.84675598144531,5190.58984375
2019-11-27,97.30976104736328,5431.56103515625
2019-11-28,97.30976104736328,5359.65869140625
2019-11-29,96.0933837890625,5474.31396484375
2019-12-02,95.85865020751953,5713.34130859375
2019-12-03,95.1544418334961,5805.6484375
2019-12-04,94.04475402832031,5752.2080078125
2019-12-05,95.79463195800781,5781.357421875
2019-12-06,96.8829574584961,5966.94384765625
2019-12-09,97.84326171875,5900.87109375
2019-12-10,99.4437484741211,5956.255859375
2019-12-11,101.53504943847656,5965.97216796875
2019-12-12,102.06854248046875,6277.8740234375
2019-12-13,104.71468353271484,6432.36767578125
2019-12-16,105.20551300048828,6465.40380859375
2019-12-17,102.17524719238281,6245.8095703125
2019-12-18,103.56234741210938,6206.943359375
2019-12-19,103.75440216064453,6200.1416015625
2019-12-20,103.69036102294922,6092.28759765625
2019-12-23,104.0104751586914,6082.5712890625
2019-12-26,104.75736999511719,6095.20263671875
2019-12-27,103.9891357421875,6063.1376953125
2019-12-30,101.79113006591797,6107.83447265625
2020-01-02,105.34856414794922,6333.2587890625
2020-01-03,104.40890502929688,6247.75244140625
2020-01-06,104.49433898925781,6208.88671875
2020-01-07,104.19534301757812,6193.33984375
2020-01-08,107.39873504638672,6275.9306640625
2020-01-09,111.22144317626953,6611.15234375
2020-01-10,110.62346649169922,6488.72314453125
2020-01-13,115.8129653930664,6720.94970703125
2020-01-14,115.32177734375,6641.2734375
2020-01-15,114.59566497802734,6812.28515625
2020-01-16,114.16854858398438,6836.57666015625
2020-01-17,116.06922912597656,6924.02587890625
2020-01-20,119.59294891357422,7353.498046875
2020-01-21,119.4007339477539,7439.00390625
2020-01-22,118.930908203125,7370.01611328125
2020-01-23,120.83158874511719,7321.43310546875
2020-01-24,119.91328430175781,7214.55126953125
2020-01-27,114.8946533203125,7008.56005859375
2020-01-28,121.7071762084961,7292.28369140625
2020-01-29,122.34785461425781,7330.17822265625
2020-01-30,120.66073608398438,7190.259765625
2020-01-31,119.16583251953125,6918.19580078125
2020-02-03,120.72480773925781,6939.572265625
2020-02-04,123.13802337646484,7136.818359375
2020-02-05,122.36921691894531,7141.67724609375
2020-02-06,119.22989654541016,6947.345703125
2020-02-07,115.8129653930664,6603.37890625
2020-02-10,111.86212158203125,6390.5859375
2020-02-11,115.89837646484375,6859.896484375
2020-02-12,119.46481323242188,6891.9609375
2020-02-13,121.8353042602539,7125.15869140625
2020-02-14,120.29768371582031,6859.896484375
2020-02-17,125.67935943603516,6961.92041015625
2020-02-18,124.33393859863281,6995.92822265625
2020-02-19,123.56514739990234,7112.52734375
2020-02-20,120.74617004394531,6897.791015625
2020-02-21,120.553955078125,7069.77392578125
2020-02-26,112.9299087524414,6381.84130859375
2020-02-27,107.31331634521484,6093.25927734375
2020-02-28,107.88992309570312,6038.8466796875
2020-03-02,112.22516632080078,6155.4453125
2020-03-03,112.8658447265625,6462.48876953125
2020-03-04,112.01160430908203,6663.62158203125
2020-03-05,102.05976867675781,6058.279296875
2020-03-06,96.80622100830078,5466.54052734375
2020-03-09,86.19234466552734,4785.4091796875
2020-03-10,100.35128784179688,5336.3388671875
2020-03-11,92.00113677978516,5032.2099609375
2020-03-12,72.6100082397461,4178.1240234375
2020-03-13,89.69470977783203,5322.7353515625
2020-03-16,72.7594985961914,4809.70068359375
2020-03-17,75.96288299560547,5217.79638671875
2020-03-18,61.526302337646484,4955.44921875
2020-03-19,65.24222564697266,4729.05322265625
2020-03-20,65.45578002929688,4781.52294921875
2020-03-23,64.51612854003906,4405.49169921875
2020-03-24,78.33338165283203,5324.6787109375
2020-03-25,85.42353057861328,5829.9404296875
2020-03-26,87.81539154052734,5451.9658203125
2020-03-27,83.28794860839844,4982.65576171875
2020-03-30,88.8404769897461,4954.4775390625
2020-03-31,83.26659393310547,4663.9521484375
2020-04-01,80.04185485839844,4671.72509765625
2020-04-02,76.64625549316406,4833.0205078125
2020-04-03,75.89881134033203,4382.17138671875
2020-04-06,81.5794677734375,5231.39990234375
2020-04-07,85.61573791503906,5587.0263671875
2020-04-08,89.60928344726562,5965.00048828125
2020-04-09,88.94725036621094,5609.3740234375
2020-04-13,89.50251007080078,5664.7587890625
2020-04-14,91.61673736572266,5781.357421875
2020-04-15,93.64554595947266,6102.00439453125
2020-04-16,97.31875610351562,6285.64697265625
2020-04-17,95.22589111328125,6004.83837890625
2020-04-20,103.53331756591797,6282.732421875
2020-04-22,107.95398712158203,7360.29931640625
2020-04-23,105.64755249023438,7073.6611328125
2020-04-24,101.1841812133789,6673.33837890625
2020-04-27,105.71162414550781,7305.88671875
2020-04-28,110.62346649169922,7502.16162109375
2020-04-29,108.10347747802734,7558.517578125
2020-04-30,106.13874816894531,7117.38525390625
2020-05-04,109.85466003417969,7197.06103515625
2020-05-05,107.20652770996094,7273.822265625
2020-05-06,117.77769470214844,8665.234375
2020-05-07,121.2800521850586,8764.3427734375
2020-05-08,118.61058044433594,8501.99609375
2020-05-11,117.35057067871094,8447.5830078125
2020-05-12,117.03024291992188,8697.298828125
2020-05-13,117.67091369628906,8881.9140625
2020-05-14,118.52515411376953,8633.169921875
2020-05-15,117.7349853515625,8363.048828125
2020-05-18,119.05904388427734,8173.576171875
2020-05-19,125.10275268554688,8954.7880859375
2020-05-20,121.51497650146484,8602.0771484375
2020-05-21,124.48345947265625,8414.546875
2020-05-22,123.11666870117188,8273.6572265625
2020-05-25,128.9895477294922,8490.3359375
2020-05-26,137.70274353027344,9269.6044921875
2020-05-27,143.85321044921875,9133.5732421875
2020-05-28,139.34713745117188,8986.853515625
2020-05-29,137.42510986328125,8902.3193359375
2020-06-01,136.0369873046875,8880.9423828125
2020-06-02,131.97935485839844,8666.2060546875
2020-06-03,133.21800231933594,8487.4208984375
2020-06-04,129.18174743652344,8359.162109375
2020-06-05,126.9607162475586,8388.3125
2020-06-08,133.21800231933594,9036.408203125
2020-06-09,133.21800231933594,9182.15625
2020-06-10,137.95899963378906,9687.41796875
2020-06-12,136.5708465576172,9665.0693359375
2020-06-15,140.6284942626953,9901.181640625
2020-06-16,140.94883728027344,9724.33984375
2020-06-17,143.49017333984375,10318.994140625
2020-06-18,148.8505096435547,10190.7353515625
2020-06-19,152.4810028076172,10105.2294921875
2020-06-22,151.4132080078125,9949.7646484375
2020-06-23,150.0250701904297,10037.2138671875
2020-06-24,149.06407165527344,10325.7958984375
2020-06-25,148.82916259765625,10226.6865234375
2020-06-26,148.10305786132812,10017.78125
2020-06-29,150.36676025390625,10314.1357421875
2020-06-30,153.014892578125,10401.5849609375
2020-07-01,154.4030303955078,10884.498046875
2020-07-02,149.70474243164062,10487.0908203125
2020-07-03,153.76234436035156,10577.4541015625
2020-07-06,153.7410125732422,11489.83984375
2020-07-07,159.57113647460938,11378.1005859375
2020-07-08,163.7996368408203,11213.8896484375
2020-07-09,169.56570434570312,11677.3701171875
2020-07-10,171.23147583007812,11683.2001953125
2020-07-13,171.9148712158203,11368.3837890625
2020-07-14,171.9148712158203,11241.0966796875
2020-07-15,174.05043029785156,11075.9150390625
2020-07-16,171.23147583007812,10747.4951171875
2020-07-17,175.11822509765625,11220.69140625
2020-07-20,185.7961883544922,11624.9013671875
2020-07-21,180.03009033203125,11585.0634765625
2020-07-22,180.7775421142578,12199.1494140625
2020-07-23,171.70130920410156,11659.880859375
2020-07-24,170.14231872558594,11814.373046875
2020-07-27,169.45895385742188,11748.0498046875
2020-07-28,171.70130920410156,11877.7177734375
2020-07-29,171.2955322265625,12031.7578125
2020-07-30,177.87313842773438,11894.291015625
2020-07-31,172.55841064453125,11633.0068359375
2020-08-03,176.53509521484375,12284.267578125
2020-08-04,176.38546752929688,11990.810546875
2020-08-05,177.45445251464844,11845.5439453125
2020-08-06,183.67605590820312,11992.759765625
2020-08-07,183.12017822265625,11862.1171875
2020-08-10,175.1667938232422,11872.8427734375
2020-08-11,173.15707397460938,11699.302734375
2020-08-12,171.168701171875,11724.6513671875
2020-08-13,172.00253295898438,11894.291015625
2020-08-14,174.80332946777344,11075.33984375
2020-08-17,174.5681610107422,10574.2197265625
2020-08-18,191.3514862060547,11153.3359375
2020-08-19,191.7790985107422,10957.3720703125
2020-08-20,186.7547607421875,10998.3193359375
2020-08-21,186.7547607421875,11286.90234375
2020-08-24,186.17750549316406,11225.4814453125
2020-08-25,188.14447021484375,11146.5107421875
2020-08-26,192.74119567871094,10821.85546875
2020-08-27,196.6537628173828,10844.2783203125
2020-08-28,202.21255493164062,11266.4287109375
2020-08-31,199.3048858642578,10928.1240234375
2020-09-01,203.81607055664062,11066.5654296875
2020-09-02,199.9248809814453,10812.10546875
2020-09-03,189.21347045898438,9993.154296875
2020-09-04,189.79075622558594,9973.6552734375
2020-09-08,187.48170471191406,9687.0224609375
2020-09-09,194.98609924316406,10022.4033203125
2020-09-10,188.67898559570312,9766.9677734375
2020-09-11,187.22512817382812,9570.029296875
2020-09-14,193.06187438964844,9795.2412109375
2020-09-15,191.5225372314453,9739.669921875
2020-09-16,190.64593505859375,9603.177734375
2020-09-17,186.22027587890625,9487.16015625
2020-09-18,186.3485565185547,9182.9775390625
2020-09-21,189.64109802246094,9551.505859375
2020-09-22,191.33009338378906,9188.828125
2020-09-23,184.8946990966797,8910.9697265625
2020-09-24,190.92388916015625,9276.572265625
2020-09-25,193.76742553710938,9301.9208984375
2020-09-28,187.0113525390625,8894.39453125
2020-09-29,187.03271484375,8693.556640625
2020-09-30,190.71011352539062,8772.52734375
2020-10-01,196.4827117919922,8699.40625
2020-10-02,188.2513885498047,8515.142578125
2020-10-05,192.71981811523438,8482.9697265625
2020-10-06,190.92388916015625,8689.6572265625
2020-10-07,190.1542205810547,8640.91015625
2020-10-08,196.41856384277344,8501.4931640625
2020-10-09,209.84524536132812,8679.9072265625
2020-10-13,222.35255432128906,9263.8984375
2020-10-14,219.6159210205078,9321.4189453125
2020-10-15,218.16207885742188,9217.1005859375
2020-10-16,220.6421661376953,9066.958984375
2020-10-19,219.70143127441406,8790.076171875
2020-10-20,222.6946563720703,8793.9755859375
2020-10-21,224.2340087890625,8691.6064453125
2020-10-22,223.207763671875,8491.7431640625
2020-10-23,221.6684112548828,8452.74609375
2020-10-26,217.8199920654297,8468.3447265625
2020-10-27,217.64895629882812,8350.3779296875
2020-10-28,210.63629150390625,8111.51611328125
2020-10-29,216.87928771972656,8057.89501953125
2020-10-30,210.63629150390625,7335.462890625
2020-11-03,213.7150115966797,7407.6083984375
2020-11-04,223.9774627685547,7896.0546875
2020-11-05,234.7530059814453,8192.4365234375
2020-11-06,233.72677612304688,8021.82177734375
2020-11-09,226.2009735107422,7769.3115234375
2020-11-10,215.68199157714844,7123.900390625
2020-11-11,218.76072692871094,7285.74072265625
2020-11-12,217.905517578125,7395.9091796875
2020-11-13,214.65574645996094,7338.3876953125
2020-11-16,212.51776123046875,7243.818359375
2020-11-17,211.49148559570312,7440.7568359375
2020-11-18,209.8666229248047,7370.560546875
2020-11-19,210.72183227539062,7275.9912109375
2020-11-23,200.28836059570312,7200.9208984375
2020-11-24,202.6829071044922,7224.3193359375
2020-11-25,205.24853515625,7292.5654296875
2020-11-26,207.38653564453125,7385.18505859375
2020-11-27,206.8734130859375,7469.02978515625
2020-11-30,199.94627380371094,6863.5908203125
2020-12-01,195.67027282714844,6801.19482421875
2020-12-02,197.12413024902344,6678.35205078125
2020-12-03,199.26211547851562,7062.47900390625
2020-12-04,202.34083557128906,7604.546875
2020-12-07,203.5381317138672,8192.4365234375
2020-12-08,213.37294006347656,8165.138671875
2020-12-09,205.07748413085938,7936.02685546875
2020-12-10,200.1173095703125,7945.7763671875
2020-12-11,196.61099243164062,7663.04345703125
2020-12-14,205.67613220214844,7615.27099609375
2020-12-15,210.4652557373047,7651.34375
2020-12-16,213.45848083496094,7944.80126953125
2020-12-17,209.8666229248047,7794.66064453125
2020-12-18,209.69558715820312,7668.89306640625
2020-12-21,213.800537109375,7516.80224609375
2020-12-22,215.16888427734375,7406.63330078125
2020-12-23,213.5439910888672,7370.560546875
2020-12-28,215.93853759765625,7510.9521484375
2020-12-29,216.1951141357422,7380.31005859375
2020-12-30,213.5951690673828,7371.53564453125
2021-01-04,215.7353973388672,7329.61328125
2021-01-05,211.96859741210938,7165.82275390625
2021-01-06,200.83938598632812,6697.85107421875
2021-01-07,198.27110290527344,6562.33349609375
2021-01-08,204.092529296875,7019.58154296875
2021-01-11,201.09622192382812,6952.310546875
2021-01-12,207.1744842529297,7223.34423828125
2021-01-13,205.63351440429688,7341.31201171875
2021-01-14,203.1508331298828,7541.17578125
2021-01-15,205.11984252929688,7926.27734375
2021-01-18,209.31471252441406,8009.1474609375
2021-01-19,206.1471710205078,7859.98193359375
2021-01-20,217.6188201904297,8530.7412109375
2021-01-21,218.21807861328125,8754.0029296875
2021-01-22,222.49855041503906,8707.2060546875
2021-01-26,220.44390869140625,8369.8759765625
2021-01-27,220.78634643554688,8264.58203125
2021-01-28,224.21072387695312,8403.9990234375
2021-01-29,216.3346710205078,8025.7216796875
2021-02-01,213.42396545410156,8146.6142578125
2021-02-02,216.5914764404297,8706.2314453125
2021-02-03,219.58782958984375,8812.5
2021-02-04,216.67709350585938,8417.6484375
2021-02-05,221.3000030517578,8239.234375
2021-02-08,223.95388793945312,8196.3359375
2021-02-09,224.63877868652344,8092.017578125
2021-02-10,216.5914764404297,8047.169921875
2021-02-11,219.58782958984375,8345.5029296875
2021-02-12,221.8136749267578,8326.978515625
2021-02-17,218.30369567871094,8421.5478515625
2021-02-18,214.3656463623047,8092.017578125
2021-02-19,213.50955200195312,8642.859375
2021-02-22,207.60252380371094,8742.3046875
2021-02-23,212.82467651367188,8374.7509765625
2021-02-24,210.9412841796875,8413.748046875
2021-02-25,205.8903350830078,8287.005859375
2021-02-26,207.00326538085938,7994.5234375
2021-03-01,210.17079162597656,7870.70556640625
2021-03-02,207.77374267578125,7662.068359375
2021-03-03,215.05052185058594,7424.1826171875
2021-03-04,217.79002380371094,7280.8662109375
2021-03-05,215.13613891601562,6969.859375
2021-03-08,197.75746154785156,6497.0126953125
2021-03-09,200.2401123046875,6155.78271484375
2021-03-10,213.16712951660156,6627.65478515625
2021-03-11,212.31103515625,6573.05810546875
2021-03-12,210.34202575683594,6230.853515625
2021-03-15,203.0652313232422,6417.0673828125
2021-03-16,206.74642944335938,6216.2294921875
2021-03-17,204.94862365722656,6293.24951171875
2021-03-18,190.73748779296875,5971.51904296875
2021-03-19,190.82310485839844,6082.66259765625
2021-03-22,187.5699462890625,6138.23388671875
2021-03-23,184.14556884765625,6099.236328125
2021-03-24,174.38612365722656,5891.57373046875
2021-03-25,173.78684997558594,5927.64697265625
2021-03-26,171.04736328125,5780.4306640625
2021-03-29,168.22222900390625,5875.0
2021-03-30,171.73223876953125,6000.76708984375
2021-03-31,173.27320861816406,5922.77197265625
2021-04-01,174.98538208007812,6002.71728515625
2021-04-05,174.81417846679688,6015.39111328125
2021-04-06,176.35513305664062,6155.78271484375
2021-04-07,172.75953674316406,5973.46875
2021-04-08,187.05628967285156,6165.5322265625
2021-04-09,185.5153350830078,6107.0361328125
2021-04-12,185.34410095214844,6171.38232421875
2021-04-13,190.05262756347656,6725.1494140625
2021-04-14,189.36773681640625,6538.93505859375
2021-04-15,190.05262756347656,6648.12841796875
2021-04-16,187.6555633544922,6649.103515625
2021-04-19,185.34410095214844,6590.60693359375
2021-04-20,184.9160614013672,6405.3681640625
2021-04-22,181.0636444091797,6337.12255859375
2021-04-23,186.02899169921875,6317.62353515625
2021-04-26,185.85777282714844,6273.75146484375
2021-04-27,179.35147094726562,6089.48681640625
2021-04-28,176.78318786621094,6186.00634765625
2021-04-29,173.44442749023438,6661.77783203125
2021-04-30,171.47540283203125,6563.30859375
2021-05-03,172.75953674316406,6506.76171875
2021-05-04,169.078369140625,6419.99267578125
2021-05-05,170.36248779296875,6376.1201171875
2021-05-06,166.59567260742188,6142.1337890625
2021-05-07,170.27687072753906,6091.43701171875
2021-05-10,164.3698272705078,5825.27783203125
2021-05-11,165.3971405029297,5761.90673828125
2021-05-12,159.1476593017578,5710.234375
2021-05-13,163.77056884765625,5850.6259765625
2021-05-14,163.94178771972656,5782.38037109375
2021-05-17,161.45912170410156,5703.41015625
2021-05-18,162.40081787109375,5629.314453125
2021-05-19,159.9181365966797,5517.1962890625
2021-05-20,160.43182373046875,5537.669921875
2021-05-21,158.63401794433594,5459.67431640625
2021-05-24,171.2185821533203,5684.88623046875
2021-05-25,171.38978576660156,5775.5556640625
2021-05-26,168.3934783935547,5653.68798828125
2021-05-27,167.70860290527344,5809.6787109375
2021-05-28,173.3588104248047,5838.9267578125
2021-05-31,172.5883331298828,5825.27783203125
2021-06-01,174.2148895263672,6206.47998046875
2021-06-02,175.49903869628906,6195.755859375
2021-06-04,178.495361328125,6273.75146484375
2021-06-07,178.0673065185547,6406.34326171875
2021-06-08,180.20755004882812,6471.6640625
2021-06-09,173.53001403808594,6448.265625
2021-06-10,173.61563110351562,6641.30419921875
2021-06-11,174.47174072265625,6563.30859375
2021-06-14,176.26951599121094,6897.7138671875
2021-06-15,178.83779907226562,7045.90478515625
2021-06-16,173.87246704101562,6929.88720703125
2021-06-17,182.4333953857422,6887.96435546875
2021-06-18,180.37875366210938,6873.34033203125
2021-06-21,182.09095764160156,6872.365234375
2021-06-22,179.52267456054688,6808.01904296875
2021-06-23,176.1839141845703,6657.8779296875
2021-06-24,185.34410095214844,6860.666015625
2021-06-25,183.11827087402344,6639.35400390625
2021-06-28,184.3168182373047,6770.9716796875
2021-06-29,185.5153350830078,6715.39990234375
2021-06-30,181.0636444091797,6459.96484375
2021-07-01,177.12562561035156,6389.76904296875
2021-07-02,185.25848388671875,6503.83740234375
2021-07-05,183.0326385498047,6410.2431640625
2021-07-06,180.50958251953125,6276.67578125
2021-07-07,188.56268310546875,6512.61181640625
2021-07-08,187.79164123535156,6426.81689453125
2021-07-12,189.33372497558594,6561.359375
2021-07-13,192.67491149902344,6683.2265625
2021-07-14,196.4444580078125,6488.23828125
2021-07-15,203.21249389648438,6365.3955078125
2021-07-16,204.75457763671875,6629.60498046875
2021-07-19,198.0722198486328,6036.84033203125
2021-07-20,200.2139892578125,5979.318359375
2021-07-21,200.12832641601562,5640.0390625
2021-07-22,199.18594360351562,5605.916015625
2021-07-23,193.61729431152344,5457.72509765625
2021-07-26,188.81971740722656,5174.99169921875
2021-07-27,183.7650909423828,5057.02392578125
2021-07-28,184.45046997070312,5167.19189453125
2021-07-29,186.07821655273438,5058.9736328125
2021-07-30,176.4830322265625,4786.96484375
2021-08-02,176.7400360107422,4998.52685546875
2021-08-03,175.026611328125,4777.21533203125
2021-08-04,171.0000457763672,4659.24755859375
2021-08-05,175.28363037109375,4645.59814453125
2021-08-06,177.1683807373047,4533.4794921875
2021-08-09,175.54063415527344,4511.05615234375
2021-08-10,174.76959228515625,4401.8623046875
2021-08-11,179.1388397216797,4455.48486328125
2021-08-12,179.65286254882812,4565.65283203125
2021-08-13,173.65585327148438,4205.8994140625
2021-08-16,166.37379455566406,3999.211669921875
2021-08-17,165.43142700195312,3921.216064453125
2021-08-18,161.4048614501953,3892.94287109375
2021-08-19,162.34725952148438,3979.712890625
2021-08-20,161.5762176513672,3991.412109375
2021-08-23,155.3221893310547,3821.772216796875
2021-08-24,164.83172607421875,4192.25
2021-08-25,167.48753356933594,4135.70361328125
2021-08-26,161.0621795654297,4214.673828125
2021-08-27,163.03260803222656,4100.60546875
2021-08-30,161.74754333496094,4210.77392578125
2021-08-31,156.2645721435547,4032.359375
2021-09-01,160.03411865234375,4198.099609375
2021-09-02,154.2941436767578,4028.459716796875
2021-09-03,161.91888427734375,4083.056640625
2021-09-06,166.88783264160156,4304.36865234375
2021-09-08,160.9765167236328,3910.491943359375
2021-09-09,161.4905242919922,3982.637451171875
2021-09-10,147.18341064453125,3851.0205078125
2021-09-13,149.41087341308594,4036.25927734375
2021-09-14,145.89834594726562,4019.685302734375
2021-09-15,142.3858184814453,3858.820068359375
2021-09-16,140.24404907226562,3681.380615234375
2021-09-17,141.9574737548828,3583.88623046875
2021-09-20,137.50254821777344,3457.143798828125
2021-09-21,140.41537475585938,3588.760986328125
2021-09-22,139.9870147705078,3554.637939453125
2021-09-23,135.96047973632812,3461.043701171875
2021-09-24,133.9043426513672,3338.200927734375
2021-09-27,128.5927276611328,3256.305908203125
2021-09-28,121.48200225830078,3054.492919921875
2021-09-29,119.42588806152344,3040.84375
2021-09-30,122.85273742675781,3014.520263671875
2021-10-01,124.65184020996094,3122.739013671875
2021-10-04,117.4554443359375,2863.404541015625
2021-10-05,117.19844055175781,2972.597900390625
2021-10-06,123.88080596923828,3190.009765625
2021-10-07,120.19692993164062,3109.08984375
2021-10-08,128.2500457763672,3289.4541015625
2021-10-11,123.19542694091797,3294.328857421875
2021-10-13,124.2234878540039,3395.72265625
2021-10-14,121.3963394165039,3344.05078125
2021-10-15,124.73751831054688,3651.157470703125
2021-10-18,122.33871459960938,3809.09814453125
2021-10-19,117.62680053710938,3805.197998046875
2021-10-20,113.68590545654297,3878.31884765625
2021-10-21,106.31816864013672,3453.244140625
2021-10-22,106.40384674072266,3287.504150390625
2021-10-25,105.71846771240234,3345.025634765625
2021-10-26,102.63429260253906,3158.811767578125
2021-10-27,99.37879180908203,3208.53369140625
2021-10-28,95.5235824584961,2932.625244140625
2021-10-29,92.61074829101562,2895.577392578125
2021-11-01,96.80864715576172,3043.7685546875
2021-11-03,98.950439453125,3243.6318359375
2021-11-04,94.92388153076172,3196.83447265625
2021-11-05,106.57518768310547,3407.421875
2021-11-08,102.20594024658203,3186.110107421875
2021-11-09,112.48650360107422,3429.845458984375
2021-11-10,111.54412841796875,3355.75
2021-11-11,116.94142150878906,3445.444580078125
2021-11-12,95.5235824584961,3646.28271484375
2021-11-16,83.44391632080078,3326.501708984375
2021-11-17,79.4173583984375,3240.706787109375
2021-11-18,77.0185546875,3254.35595703125
2021-11-19,79.4173583984375,3272.8798828125
2021-11-22,75.73348999023438,3057.417724609375
2021-11-23,73.67737579345703,3050.593017578125
2021-11-24,75.56214904785156,3117.8642578125
2021-11-25,74.53409576416016,3166.611328125
2021-11-26,69.0511245727539,2969.673095703125
2021-11-29,68.8797836303711,3066.1923828125
2021-11-30,66.82366943359375,2956.02392578125
2021-12-01,58.94190216064453,2758.110595703125
2021-12-02,57.91384506225586,2675.240478515625
2021-12-03,60.3983154296875,2711.313232421875
2021-12-06,62.540103912353516,2908.251708984375
2021-12-07,65.28157806396484,2905.32666015625
2021-12-08,58.342201232910156,2982.34716796875
2021-12-09,53.80162048339844,2726.912353515625
2021-12-10,54.572662353515625,2778.58447265625
2021-12-13,51.831180572509766,2653.7919921875
2021-12-14,49.17536544799805,2600.169921875
2021-12-15,52.85923385620117,2794.183349609375
2021-12-16,54.82967758178711,3043.7685546875
2021-12-17,57.05712890625,3053.51806640625
2021-12-20,54.22998046875,3031.09423828125
2021-12-21,55.00101852416992,3002.82080078125
2021-12-22,52.77356719970703,2985.27197265625
2021-12-23,53.116249084472656,2995.996337890625
2021-12-27,58.08518981933594,3110.064453125
2021-12-28,58.513545989990234,3025.244873046875
2021-12-29,57.91384506225586,3024.269775390625
2021-12-30,61.85472869873047,3078.866455078125
2022-01-03,57.571163177490234,3024.269775390625
2022-01-04,56.62877655029297,2920.92578125
2022-01-05,55.00101852416992,2790.28369140625
2022-01-06,53.54460525512695,2852.679931640625
2022-01-07,53.287593841552734,2700.589111328125
2022-01-10,49.17536544799805,2645.9921875
2022-01-11,50.289093017578125,2734.7119140625
2022-01-12,54.05863571166992,2874.128662109375
2022-01-13,52.173866271972656,2884.85302734375
2022-01-14,54.22998046875,2955.048828125
2022-01-17,52.430877685546875,2970.64794921875
2022-01-18,50.4604377746582,2945.299560546875
2022-01-19,54.05863571166992,3236.80712890625
2022-01-20,56.97146224975586,3332.351318359375
2022-01-21,59.113243103027344,3409.371826171875
2022-01-24,54.74400329589844,3341.125732421875
2022-01-25,57.571163177490234,3441.544921875
2022-01-26,57.82817840576172,3328.45166015625
2022-01-27,61.85472869873047,3263.13037109375
2022-01-28,57.48548889160156,3062.29248046875
2022-01-31,59.9699592590332,3091.54052734375
2022-02-01,60.05562973022461,3109.0
2022-02-02,55.772064208984375,3121.0
2022-02-03,55.94340515136719,3200.0
2022-02-04,54.22998046875,3215.0
2022-02-07,54.05863571166992,3220.0
2022-02-08,56.029075622558594,3327.0
2022-02-09,56.54310607910156,3403.0
2022-02-10,59.4559326171875,3395.0
2022-02-11,54.40132141113281,3254.0
2022-02-14,55.51504898071289,3372.0
2022-02-15,58.599220275878906,3586.0
2022-02-16,58.42787551879883,3544.0
2022-02-17,56.80011749267578,3428.0
2022-02-18,54.48699188232422,3372.0
2022-02-21,51.57416534423828,3149.0
2022-02-22,52.00252151489258,2979.0
2022-02-23,50.63178253173828,2969.0
2022-02-24,52.430877685546875,3020.0
2022-02-25,51.48849105834961,3050.0
2022-03-02,54.05863571166992,3245.0
2022-03-03,54.05863571166992,3110.0
2022-03-04,53.887290954589844,3009.0
2022-03-07,50.11775207519531,2701.0
2022-03-08,51.831180572509766,2693.0
2022-03-09,53.373260498046875,2751.0
2022-03-10,51.06013488769531,2670.0
2022-03-11,48.74700927734375,2488.0
2022-03-14,45.662841796875,2385.0
2022-03-15,41.72195816040039,2325.0
2022-03-16,43.94941329956055,2441.0
2022-03-17,47.46194076538086,2463.0
2022-03-18,49.86073684692383,2696.0
2022-03-21,49.00402069091797,2655.0
2022-03-22,49.77506637573242,2832.0
2022-03-23,51.40282440185547,2867.0
2022-03-24,56.54310607910156,3040.0
2022-03-25,56.029075622558594,3228.0
2022-03-28,55.42937469482422,3196.0
2022-03-29,59.9699592590332,3465.0
2022-03-30,58.856231689453125,3455.0
2022-03-31,58.42787551879883,3265.0
2022-04-01,62.96845626831055,3400.0
2022-04-04,61.597713470458984,3340.0
2022-04-05,59.19892120361328,3131.0
2022-04-06,56.71445083618164,3025.0
2022-04-07,56.20042037963867,3097.0
2022-04-08,52.51655197143555,2858.0
2022-04-11,52.088191986083984,2810.0
2022-04-12,51.145809173583984,2870.0
2022-04-13,51.65983581542969,2924.0
2022-04-14,51.48849105834961,2815.0
2022-04-18,50.4604377746582,2836.0
2022-04-19,50.8887939453125,2801.0
2022-04-20,48.06163787841797,2724.0
2022-04-22,47.547611236572266,2667.0
2022-04-25,46.605228424072266,2639.0
2022-04-26,44.377769470214844,2504.0
2022-04-27,43.69239807128906,2502.0
2022-04-28,44.377769470214844,2521.0
2022-04-29,41.80762481689453,2400.0
2022-05-02,41.122257232666016,2401.0
2022-05-03,39.40883255004883,2333.0
2022-05-04,42.40732955932617,2509.0
2022-05-05,37.86674499511719,2329.0
2022-05-06,36.838687896728516,2238.0
2022-05-09,33.49750518798828,2086.0
2022-05-10,33.84019470214844,2143.0
2022-05-11,33.66884994506836,2160.0
2022-05-12,35.810630798339844,2267.0
2022-05-13,37.5240592956543,2305.0
2022-05-16,37.5240592956543,2366.0
2022-05-17,33.7545166015625,2302.0
2022-05-18,31.869749069213867,2295.0
2022-05-19,31.95542335510254,2309.0
2022-05-20,31.441390991210938,2347.0
2022-05-23,31.69840431213379,2407.0
2022-05-24,31.784080505371094,2288.0
2022-05-25,31.784080505371094,2189.0
2022-05-26,34.868247985839844,2150.0
2022-05-27,34.268550872802734,2149.0
2022-05-30,32.897804260253906,2070.0
2022-05-31,31.869749069213867,2010.0
2022-06-01,31.784080505371094,1934.0
2022-06-02,32.55512237548828,1954.0
2022-06-03,30.756023406982422,1840.0
2022-06-06,29.128265380859375,1750.0
2022-06-07,28.185880661010742,1708.0
2022-06-08,27.586181640625,1669.0
2022-06-09,25.78708267211914,1703.0
2022-06-10,24.844697952270508,1522.0
2022-06-13,22.874256134033203,1389.0
2022-06-14,21.760526657104492,1330.0
2022-06-15,21.84619903564453,1392.0
2022-06-17,20.389785766601562,1353.0
2022-06-20,22.103212356567383,1332.0
2022-06-21,21.50351333618164,1337.0
2022-06-22,20.903812408447266,1334.0
2022-06-23,21.84619903564453,1393.0
2022-06-24,21.160829544067383,1373.0
2022-06-27,20.818143844604492,1403.0
2022-06-28,20.389785766601562,1342.0
2022-06-29,20.646800994873047,1344.0
2022-06-30,20.047100067138672,1343.0
2022-07-01,18.847702026367188,1273.0
2022-07-04,18.248003005981445,1254.0
2022-07-05,20.389785766601562,1376.0
2022-07-06,21.417842864990234,1538.0
2022-07-07,21.931869506835938,1550.0
2022-07-08,22.445899963378906,1580.0
2022-07-11,22.531570434570312,1561.0
2022-07-12,25.10171127319336,1690.0
2022-07-13,24.244997024536133,1666.0
2022-07-14,24.930368423461914,1668.0
2022-07-15,23.816640853881836,1632.0
2022-07-18,23.73097038269043,1574.0
2022-07-19,23.902311325073242,1619.0
2022-07-20,26.301111221313477,1692.0
2022-07-21,25.78708267211914,1693.0
2022-07-22,24.502010345458984,1593.0
2022-07-25,23.902311325073242,1557.0
2022-07-26,22.3602294921875,1481.0
2022-07-27,23.131269454956055,1546.0
2022-07-28,23.302614212036133,1509.0
2022-07-29,22.103212356567383,1400.0
2022-08-01,23.302614212036133,1389.0
2022-08-02,23.216941833496094,1376.0
2022-08-03,25.10171127319336,1474.0
2022-08-04,28.61423683166504,1508.0
2022-08-05,27.072153091430664,1390.0
2022-08-08,28.014537811279297,1424.0
2022-08-09,26.386783599853516,1362.0
2022-08-10,28.185880661010742,1466.0
2022-08-11,26.044095993041992,1328.0
2022-08-12,30.670351028442383,1296.0
2022-08-15,34.611236572265625,1533.0
2022-08-16,35.553619384765625,1517.0
2022-08-17,34.43989181518555,1424.0
2022-08-18,34.52556228637695,1363.0
2022-08-19,32.3837776184082,1303.0
2022-08-22,32.726463317871094,1596.0
2022-08-23,35.553619384765625,1850.0
2022-08-24,38.55211639404297,1843.0
2022-08-25,40.094200134277344,1879.0
2022-08-26,39.23748779296875,1810.0
2022-08-29,38.72345733642578,1751.0
2022-08-30,38.637786865234375,1704.0
2022-08-31,36.5816764831543,1634.0
2022-09-01,37.438385009765625,1618.0
2022-09-02,36.49600601196289,1551.0
2022-09-05,37.01002883911133,1545.0
2022-09-06,34.268550872802734,1464.0
2022-09-08,36.75301742553711,1515.0
2022-09-09,37.5240592956543,1656.0
2022-09-12,41.03658676147461,1729.0
2022-09-13,40.26554489135742,1706.0
2022-09-14,38.295101165771484,1674.0
2022-09-15,37.181373596191406,1612.0
2022-09-16,38.209434509277344,1651.0
2022-09-19,39.06614303588867,1742.0
2022-09-20,38.209434509277344,1739.0
2022-09-21,40.69390106201172,1751.0
2022-09-22,39.40883255004883,1724.0
2022-09-23,39.66584396362305,1753.0
2022-09-26,38.38077163696289,1748.0
2022-09-27,35.810630798339844,1699.0
2022-09-28,37.095706939697266,1714.0
2022-09-29,34.696903228759766,1587.0
2022-09-30,38.38077163696289,1698.0
2022-10-03,42.06464385986328,1823.0
2022-10-04,43.606727600097656,1933.0
2022-10-05,43.863739013671875,1987.0
2022-10-06,46.005523681640625,2082.0
2022-10-07,45.49149703979492,2110.0
2022-10-10,45.57716751098633,2068.0
2022-10-11,44.29209518432617,2056.0
2022-10-13,42.15031433105469,1905.0
2022-10-14,37.438385009765625,1744.0
2022-10-17,37.438385009765625,1765.0
2022-10-18,37.01002883911133,1761.0
2022-10-19,35.896305084228516,1641.0
2022-10-20,35.03959274291992,1427.0
2022-10-21,35.553619384765625,1453.0
2022-10-24,34.953914642333984,1464.0
2022-10-25,36.75301742553711,1467.0
2022-10-26,33.49750518798828,1381.0
2022-10-27,36.1533203125,1446.0
2022-10-28,37.5240592956543,1516.0
2022-10-31,38.295101165771484,1554.0
2022-11-01,39.06614303588867,1590.0
2022-11-03,41.72195816040039,1652.0
2022-11-04,41.379268646240234,1667.0
2022-11-07,38.89480209350586,1517.0
2022-11-08,39.66584396362305,1517.0
2022-11-09,38.295101165771484,1389.0
2022-11-10,34.097206115722656,1264.0
2022-11-11,29.64229393005371,1221.0
2022-11-14,31.01303482055664,1254.0
2022-11-16,28.528564453125,1131.0
2022-11-17,29.04259490966797,1091.0
2022-11-18,26.986480712890625,1038.0
2022-11-21,28.95692253112793,1106.0
2022-11-22,28.61423683166504,1064.0
2022-11-23,28.95692253112793,1007.0
2022-11-24,30.84169578552246,1118.0
2022-11-25,29.299610137939453,1095.0
2022-11-28,28.442895889282227,989.0
2022-11-29,28.785579681396484,1024.0
2022-11-30,29.213937759399414,1056.0
2022-12-01,26.558124542236328,983.0
2022-12-02,27.757522583007812,967.0
2022-12-05,26.386783599853516,900.0
2022-12-06,26.729467391967773,907.0
2022-12-07,25.187381744384766,898.0
2022-12-08,24.330669403076172,860.0
2022-12-09,23.98798370361328,837.0
2022-12-12,23.98798370361328,845.0
2022-12-13,23.98798370361328,838.0
2022-12-14,22.531570434570312,814.0
2022-12-15,22.27455711364746,798.0
2022-12-16,20.304115295410156,735.0
2022-12-19,22.3602294921875,828.0
2022-12-20,24.159326553344727,876.0
2022-12-21,22.3602294921875,882.0
2022-12-22,22.27455711364746,906.0
2022-12-23,22.95992660522461,918.0
2022-12-26,22.788583755493164,934.0
2022-12-27,21.58918571472168,916.0
2022-12-28,23.04559898376465,972.0
2022-12-29,23.473953247070312,965.0
2023-01-02,22.188884735107422,903.0
2023-01-03,21.760526657104492,852.0
2023-01-04,21.84619903564453,873.0
2023-01-05,22.788583755493164,969.0
2023-01-06,23.64529800415039,1041.0
2023-01-09,24.244997024536133,1108.0
2023-01-10,26.12976837158203,1191.0
2023-01-11,25.958423614501953,1200.0
2023-01-12,27.32916831970215,272.0
2023-01-13,29.38528060913086,315.0
2023-01-16,32.98347854614258,194.0
2023-01-17,32.46944808959961,190.0
2023-01-18,30.499006271362305,174.0
2023-01-19,32.64078903198242,100.0
2023-01-20,32.726463317871094,71.0
2023-01-23,34.611236572265625,80.0
2023-01-24,37.6097297668457,80.0
2023-01-25,37.26704406738281,94.0
2023-01-26,36.6673469543457,103.0
2023-01-27,38.80913162231445,120.0
2023-01-30,37.352718353271484,145.0
2023-01-31,37.95241928100586,175.0
2023-02-01,36.75301742553711,209.0
2023-02-02,37.181373596191406,168.0
2023-02-03,36.5816764831543,163.0
2023-02-06,35.38227462768555,173.0
2023-02-07,34.696903228759766,136.0
2023-02-08,36.1533203125,107.0
2023-02-09,35.21092987060547,99.0
2023-02-10,34.18287658691406,110.0
2023-02-13,35.38227462768555,113.0
2023-02-14,34.78257751464844,111.0
2023-02-15,33.3261604309082,113.0
2023-02-16,32.64078903198242,122.0
2023-02-17,31.355724334716797,117.0
2023-02-22,30.156322479248047,111.0
2023-02-23,30.499006271362305,111.0
2023-02-24,30.927364349365234,105.0
2023-02-27,31.270048141479492,102.0
2023-02-28,30.756023406982422,100.0
2023-03-01,27.671852111816406,94.0
2023-03-02,26.986480712890625,106.0
2023-03-03,25.87275505065918,102.0
2023-03-06,27.32916831970215,104.0
2023-03-07,27.586181640625,107.0
2023-03-08,29.38528060913086,110.0
2023-03-09,29.04259490966797,107.0
2023-03-10,29.128265380859375,105.0
2023-03-13,31.869749069213867,105.0
2023-03-14,31.95542335510254,104.0
2023-03-15,32.64078903198242,103.0
2023-03-16,33.3261604309082,105.0
2023-03-17,32.3837776184082,104.0
2023-03-20,31.784080505371094,108.0
2023-03-21,31.69840431213379,111.0
2023-03-22,30.756023406982422,106.0
2023-03-23,26.643796920776367,102.0
2023-03-24,27.671852111816406,102.0
2023-03-27,28.61423683166504,101.0
2023-03-28,28.95692253112793,101.0
2023-03-29,28.699909210205078,99.0
2023-03-30,29.470951080322266,101.0
2023-03-31,28.35722541809082,100.0
2023-04-03,28.35722541809082,101.0
2023-04-04,27.586181640625,100.0
2023-04-05,28.100208282470703,100.0
2023-04-06,28.871252059936523,101.0
2023-04-10,28.699909210205078,100.0
2023-04-11,32.3837776184082,103.0
2023-04-12,33.2404899597168,120.0
2023-04-13,33.069149017333984,115.0
2023-04-14,32.04109191894531,110.0
2023-04-17,31.355724334716797,114.0
2023-04-18,30.327665328979492,115.0
2023-04-19,27.84319496154785,110.0
2023-04-20,28.27155303955078,114.0
2023-04-24,29.04259490966797,112.0
2023-04-25,28.100208282470703,107.0
2023-04-26,26.643796920776367,103.0
2023-04-27,27.414838790893555,103.0
2023-04-28,28.61423683166504,104.0
2023-05-02,27.757522583007812,103.0
2023-05-03,28.61423683166504,104.0
2023-05-04,30.584678649902344,105.0
2023-05-05,32.64078903198242,107.0
2023-05-08,33.154823303222656,110.0
2023-05-09,35.46794891357422,112.0
2023-05-10,36.75301742553711,114.0
2023-05-11,37.26704406738281,110.0
2023-05-12,36.92436218261719,112.0
2023-05-15,37.5240592956543,113.0
2023-05-16,28.95692253112793,106.0
2023-05-17,28.785579681396484,106.0
2023-05-18,30.327665328979492,110.0
2023-05-19,31.18437957763672,111.0
2023-05-22,32.55512237548828,113.0
2023-05-23,31.355724334716797,112.0
2023-05-24,31.09870719909668,110.0
2023-05-25,32.21243667602539,109.0
2023-05-26,32.726463317871094,109.0
2023-05-29,32.46944808959961,109.0
2023-05-30,31.95542335510254,109.0
2023-05-31,32.55512237548828,108.0
2023-06-01,34.78257751464844,112.0
2023-06-02,34.78257751464844,110.0
2023-06-05,33.3261604309082,110.0
2023-06-06,34.18287658691406,111.0
2023-06-07,33.2404899597168,109.0
2023-06-09,34.01153564453125,109.0
2023-06-12,33.92586135864258,116.0
2023-06-13,32.21243667602539,123.0
2023-06-14,32.64078903198242,124.0
2023-06-15,32.126766204833984,120.0
2023-06-16,31.784080505371094,119.0
2023-06-19,31.95542335510254,121.0
2023-06-20,31.527063369750977,121.0
2023-06-21,32.21243667602539,121.0
2023-06-22,30.584678649902344,117.0
2023-06-23,30.670351028442383,117.0
2023-06-26,29.128265380859375,115.0
2023-06-27,28.95692253112793,113.0
2023-06-28,28.699909210205078,113.0
2023-06-29,29.556621551513672,116.0
2023-06-30,28.871252059936523,117.0
2023-07-03,29.470951080322266,119.0
2023-07-04,28.871252059936523,116.0
2023-07-05,29.213937759399414,117.0
2023-07-06,26.986480712890625,114.0
2023-07-07,27.24349594116211,116.0
2023-07-10,26.12976837158203,113.0
2023-07-11,26.215438842773438,114.0
2023-07-12,25.530067443847656,114.0
2023-07-13,25.87275505065918,113.0
2023-07-14,25.273054122924805,112.0
2023-07-17,25.358726501464844,113.0
2023-07-18,25.358726501464844,113.0
2023-07-19,25.187381744384766,112.0
2023-07-20,24.844697952270508,111.0
2023-07-21,25.87275505065918,113.0
2023-07-24,25.78708267211914,113.0
2023-07-25,26.301111221313477,115.0
2023-07-26,26.47245216369629,115.0
2023-07-27,27.15782356262207,113.0
2023-07-28,27.15782356262207,113.0
2023-07-31,28.699909210205078,113.0
2023-08-01,29.38528060913086,113.0
2023-08-02,28.528564453125,112.0
2023-08-03,27.072153091430664,111.0
2023-08-04,26.215438842773438,111.0
2023-08-07,25.78708267211914,111.0
2023-08-08,25.615739822387695,110.0
2023-08-09,25.444395065307617,109.0
2023-08-10,24.416337966918945,106.0
2023-08-11,24.67335319519043,106.0
2023-08-14,24.330669403076172,107.0
2023-08-15,23.73097038269043,106.0
2023-08-16,25.444395065307617,103.0
2023-08-17,24.159326553344727,102.0
2023-08-18,25.7014102935791,103.0
2023-08-21,26.12976837158203,101.0
2023-08-22,26.044095993041992,102.0
2023-08-23,26.215438842773438,100.0
2023-08-24,25.87275505065918,97.0
2023-08-25,25.016040802001953,92.0
2023-08-28,25.10171127319336,91.0
2023-08-29,25.10171127319336,93.0
2023-08-30,25.016040802001953,91.0
2023-08-31,23.64529800415039,87.0
2023-09-01,24.502010345458984,98.0
2023-09-04,23.816640853881836,96.0
2023-09-05,23.04559898376465,97.0
2023-09-06,22.188884735107422,98.0
2023-09-08,21.50351333618164,95.0
2023-09-11,21.84619903564453,94.0
2023-09-12,22.445899963378906,93.0
2023-09-13,22.445899963378906,92.0
2023-09-14,22.103212356567383,86.0
2023-09-15,21.24650001525879,82.0
2023-09-18,22.103212356567383,80.0
2023-09-19,21.58918571472168,81.0
2023-09-20,21.58918571472168,81.0
2023-09-21,20.13277244567871,78.0
2023-09-22,19.190385818481445,76.0
2023-09-25,18.419342041015625,73.0
2023-09-26,17.99098777770996,72.0
2023-09-27,17.476957321166992,69.0
2023-09-28,17.56262969970703,78.0
2023-09-29,18.162330627441406,95.0
2023-10-02,17.219945907592773,82.0
2023-10-03,15.763531684875488,77.0
2023-10-04,16.1918888092041,75.0
2023-10-05,15.50651741027832,76.0
2023-10-06,15.249503135681152,74.0
2023-10-09,15.934874534606934,77.0
2023-10-10,17.048603057861328,80.0
2023-10-11,16.363229751586914,85.0
2023-10-13,15.59218978881836,79.0
2023-10-16,15.335174560546875,77.0
2023-10-17,14.478460311889648,77.0
2023-10-18,14.821146965026855,79.0
2023-10-19,13.7930908203125,78.0
2023-10-20,13.193390846252441,80.0
2023-10-23,12.93637752532959,78.0
2023-10-24,12.079663276672363,78.0
2023-10-25,12.336676597595215,76.0
2023-10-26,12.593690872192383,78.0
2023-10-27,12.508020401000977,77.0
2023-10-30,11.736976623535156,85.0
2023-10-31,11.394291877746582,85.0
2023-11-01,11.394291877746582,83.0
2023-11-03,12.765033721923828,85.0
2023-11-06,12.251005172729492,83.0
2023-11-07,15.163832664489746,85.0
2023-11-08,15.249503135681152,84.0
2023-11-09,14.64980411529541,79.0
2023-11-10,15.42084789276123,82.0
2023-11-13,14.821146965026855,80.0
2023-11-14,14.9924898147583,80.0
2023-11-16,18.76202964782715,85.0
2023-11-17,19.019044876098633,93.0
2023-11-20,19.533071517944336,101.0
2023-11-21,18.248003005981445,118.0
2023-11-22,17.819644927978516,109.0
2023-11-23,18.590686798095703,109.0
2023-11-24,17.048603057861328,110.0
2023-11-27,16.791587829589844,104.0
2023-11-28,16.363229751586914,93.0
2023-11-29,16.106216430664062,93.0
2023-11-30,17.305618286132812,92.0
2023-12-01,18.590686798095703,93.0
2023-12-04,17.134273529052734,92.0
2023-12-05,18.33367347717285,91.0
2023-12-06,18.590686798095703,90.0
2023-12-07,19.36172866821289,93.0
2023-12-08,18.248003005981445,92.0
2023-12-11,19.104717254638672,92.0
2023-12-12,19.533071517944336,91.0
2023-12-13,21.67485809326172,93.0
2023-12-14,20.818143844604492,90.0
2023-12-15,18.933372497558594,90.0
2023-12-18,18.676359176635742,95.0
2023-12-19,18.505014419555664,90.0
2023-12-20,17.99098777770996,95.0
2023-12-21,17.905315399169922,93.0
2023-12-22,18.162330627441406,92.0
2023-12-26,18.07666015625,91.0
2023-12-27,19.276058197021484,92.0
2023-12-28,18.505014419555664,91.0
2024-01-02,17.56262969970703,90.0
2024-01-03,17.134273529052734,90.0
2024-01-04,16.534574508666992,88.0
2024-01-05,16.87725830078125,87.0
2024-01-08,17.905315399169922,87.0
2024-01-09,18.33367347717285,87.0
2024-01-10,18.676359176635742,84.0
2024-01-11,18.676359176635742,79.0
2024-01-12,19.36172866821289,82.0
2024-01-15,19.533071517944336,85.0
2024-01-16,18.676359176635742,84.0
2024-01-17,18.419342041015625,80.0
2024-01-18,17.134273529052734,81.0
2024-01-19,17.391286849975586,83.0
2024-01-22,16.705917358398438,82.0
2024-01-23,16.6202449798584,82.0
2024-01-24,16.448902130126953,80.0
2024-01-25,17.73397445678711,80.0
2024-01-26,17.819644927978516,83.0
2024-01-29,17.73397445678711,83.0
2024-01-30,16.96293067932129,80.0
2024-01-31,17.99098777770996,82.0
2024-02-01,18.868663787841797,81.0
2024-02-02,18.04430389404297,79.0
2024-02-05,17.861114501953125,72.0
2024-02-06,18.777069091796875,73.0
2024-02-07,19.051855087280273,71.0
2024-02-08,18.96025848388672,68.0
2024-02-09,19.051855087280273,65.0
2024-02-14,18.502281188964844,60.0
2024-02-15,18.868663787841797,57.0
2024-02-16,18.685474395751953,59.0
2024-02-19,19.143449783325195,60.0
2024-02-20,18.502281188964844,59.0
2024-02-21,17.952709197998047,53.0
2024-02-22,19.326641082763672,52.0
2024-02-23,19.693023681640625,52.0
2024-02-26,19.326641082763672,50.0
2024-02-27,20.150999069213867,52.0
2024-02-28,19.87621307373047,51.0
2024-02-29,19.50983238220215,51.0
2024-03-01,20.334190368652344,54.0
2024-03-04,19.50983238220215,54.0
2024-03-05,19.418235778808594,56.0
2024-03-06,18.868663787841797,58.0
2024-03-07,18.685474395751953,56.0
2024-03-08,18.777069091796875,55.0
2024-03-11,18.319091796875,55.0
2024-03-12,18.502281188964844,55.0
2024-03-13,18.5938777923584,55.0
2024-03-14,18.410686492919922,54.0
2024-03-15,17.952709197998047,53.0
2024-03-18,19.23504638671875,53.0
2024-03-19,18.04430389404297,52.0
2024-03-20,18.777069091796875,55.0
2024-03-21,18.227495193481445,56.0
2024-03-22,17.586326599121094,53.0
2024-03-25,17.494731903076172,54.0
2024-03-26,16.303991317749023,55.0
2024-03-27,16.670372009277344,55.0
2024-03-28,16.4871826171875,65.0
2024-04-01,16.303991317749023,61.0
2024-04-02,15.93760871887207,59.0
2024-04-03,15.479632377624512,57.0
2024-04-04,16.21239471435547,57.0
2024-04-05,15.662822723388672,56.0
2024-04-08,16.303991317749023,56.0
2024-04-09,16.670372009277344,58.0
2024-04-10,16.21239471435547,56.0
2024-04-11,15.846015930175781,56.0
2024-04-12,15.204845428466797,53.0
2024-04-15,14.014105796813965,50.0
2024-04-16,13.92250919342041,52.0
2024-04-17,13.92250919342041,53.0
2024-04-18,13.73931884765625,52.0
2024-04-19,14.10569953918457,52.0
2024-04-22,14.014105796813965,53.0
2024-04-23,13.189745903015137,52.0
2024-04-24,13.098150253295898,53.0
2024-04-25,12.731769561767578,55.0
2024-04-26,13.098150253295898,56.0
2024-04-29,13.281340599060059,55.0
2024-04-30,12.456981658935547,56.0
2024-05-02,13.372936248779297,56.0
2024-05-03,14.380486488342285,54.0
2024-05-06,14.380486488342285,54.0
2024-05-07,14.746869087219238,54.0
2024-05-08,15.113249778747559,54.0
2024-05-09,15.296441078186035,53.0
2024-05-10,14.10569953918457,53.0
2024-05-13,14.47208309173584,53.0
2024-05-14,14.47208309173584,54.0
2024-05-15,14.746869087219238,53.0
2024-05-16,14.563676834106445,53.0
2024-05-17,14.563676834106445,53.0
2024-05-20,14.380486488342285,53.0
2024-05-21,14.197295188903809,53.0
2024-05-22,13.464532852172852,53.0
2024-05-23,13.006555557250977,52.0
2024-05-24,12.090600967407227,55.0
2024-05-27,12.044803619384766,55.0
2024-05-28,11.257081031799316,53.0
2024-05-29,11.064730644226074,52.0
2024-05-31,11.348677635192871,46.0
2024-06-03,11.614303588867188,41.0
2024-06-04,10.670870780944824,36.0
2024-06-05,11.165485382080078,37.0
2024-06-06,11.632622718811035,37.0
2024-06-07,10.75330638885498,34.0
2024-06-10,10.551796913146973,34.0
2024-06-11,11.394474983215332,36.0
2024-06-12,10.487679481506348,36.0
2024-06-13,10.277009963989258,39.0
2024-06-14,10.478520393371582,40.0
2024-06-17,10.066340446472168,43.0
2024-06-18,10.029702186584473,42.0
2024-06-19,10.148775100708008,41.0
2024-06-20,9.773235321044922,40.0
2024-06-21,9.919787406921387,40.0
2024-06-24,11.138007164001465,41.0
2024-06-25,10.80826473236084,41.0
2024-06-26,10.515158653259277,40.0
2024-06-27,11.183804512023926,40.0
2024-06-28,11.037252426147461,39.0
2024-07-01,11.119688034057617,40.0
2024-07-02,11.147167205810547,39.0
2024-07-03,11.522708892822266,39.0
2024-07-04,12.072280883789062,40.0
2024-07-05,12.539419174194336,45.0
2024-07-08,11.80665397644043,50.0
2024-07-09,12.374545097351074,69.0
2024-07-10,12.337907791137695,76.0
2024-07-11,12.557737350463867,77.0
2024-07-12,12.704289436340332,69.0
2024-07-15,13.125629425048828,62.0
2024-07-16,12.484460830688477,67.0
2024-07-17,12.32874870300293,73.0
2024-07-18,11.605143547058105,75.0
2024-07-19,11.513548851013184,70.0
2024-07-22,11.293720245361328,77.0
2024-07-23,11.156327247619629,78.0
2024-07-24,10.689189910888672,76.0
2024-07-25,10.625073432922363,76.0
2024-07-26,10.89069938659668,70.0
2024-07-29,10.25869083404541,63.0
2024-07-30,10.148775100708008,62.0
2024-07-31,10.139616966247559,55.0
2024-08-01,9.89231014251709,62.0
2024-08-02,10.597594261169434,62.0
2024-08-05,10.57011604309082,61.0
2024-08-06,10.350286483764648,60.0
2024-08-07,11.165485382080078,60.0
2024-08-08,11.48607063293457,59.0
2024-08-09,11.870771408081055,54.0
2024-08-12,11.861611366271973,46.0
2024-08-13,12.173035621643066,41.0
2024-08-14,11.66926097869873,33.0
2024-08-15,12.173035621643066,14.0
2024-08-16,11.522708892822266,14.0
2024-08-19,12.75008773803711,10.0
2024-08-20,12.640172958374023,9.0
2024-08-21,12.6859712600708,8.0
2024-08-22,12.072280883789062,7.0
2024-08-23,12.475300788879395,6.0
2024-08-26,12.22799301147461,5.0
2024-08-27,12.337907791137695,7.0
2024-08-28,12.072280883789062,7.099999904632568
2024-08-29,11.80665397644043,6.0
2024-08-30,11.138007164001465,5.769999980926514
2024-09-02,10.96397590637207,6.980000019073486
2024-09-03,10.698348999023438,6.440000057220459
2024-09-04,11.028093338012695,6.510000228881836
2024-09-05,11.266241073608398,6.590000152587891
2024-09-06,10.80826473236084,6.639999866485596
2024-09-09,10.551796913146973,6.889999866485596
2024-09-10,10.377765655517578,6.579999923706055
2024-09-11,10.322808265686035,6.590000152587891
2024-09-12,10.231212615966797,6.639999866485596
2024-09-13,10.625073432922363,6.579999923706055
2024-09-16,10.70750904083252,6.630000114440918
2024-09-17,10.881539344787598,6.579999923706055
2024-09-18,10.551796913146973,6.519999980926514
2024-09-19,10.222052574157715,6.230000019073486
2024-09-20,9.48012924194336,5.78000020980835
2024-09-23,9.177865028381348,5.429999828338623
2024-09-24,9.333576202392578,5.550000190734863
2024-09-25,9.1595458984375,5.320000171661377
2024-09-26,8.976354598999023,5.150000095367432
2024-09-27,9.1595458984375,5.150000095367432
2024-09-30,8.884759902954102,4.650000095367432
2024-10-01,8.903078079223633,4.559999942779541
2024-10-02,9.022151947021484,4.460000038146973
2024-10-03,8.912238121032715,4.309999942779541
2024-10-04,8.857280731201172,4.329999923706055
2024-10-07,8.71072769165039,4.150000095367432
2024-10-08,8.765685081481934,4.039999961853027
2024-10-09,8.463419914245605,3.8399999141693115
2024-10-10,8.435940742492676,3.9700000286102295
2024-10-11,8.655771255493164,4.159999847412109
2024-10-14,8.976354598999023,3.9700000286102295
2024-10-15,8.884759902954102,3.880000114440918
2024-10-16,8.976354598999023,3.809999942779541
2024-10-17,8.765685081481934,3.950000047683716
2024-10-18,8.609972953796387,3.8499999046325684
2024-10-21,8.857280731201172,3.869999885559082
2024-10-22,8.518377304077148,3.8399999141693115
2024-10-23,8.38098430633545,3.7699999809265137
2024-10-24,8.683248519897461,3.7799999713897705
2024-10-25,8.362666130065918,3.859999895095825
2024-10-28,8.674088478088379,3.880000114440918
2024-10-29,8.454259872436523,3.859999895095825
2024-10-30,8.793163299560547,3.880000114440918
2024-10-31,8.66493034362793,3.700000047683716
2024-11-01,8.115357398986816,3.4800000190734863
2024-11-04,8.958035469055176,3.5799999237060547
2024-11-05,9.141225814819336,3.4000000953674316
2024-11-06,8.912238121032715,3.2699999809265137
2024-11-07,8.591654777526855,3.240000009536743
2024-11-08,8.793163299560547,3.130000114440918
2024-11-11,8.609972953796387,3.4700000286102295
2024-11-12,8.454259872436523,3.3399999141693115
2024-11-13,8.481739044189453,3.359999895095825
2024-11-14,8.24359130859375,9.40999984741211
2024-11-18,8.454259872436523,9.520000457763672
2024-11-19,8.591654777526855,9.100000381469727
2024-11-21,8.371824264526367,7.579999923706055
2024-11-22,8.628292083740234,8.699999809265137
2024-11-25,9.168704986572266,8.899999618530273
2024-11-26,9.745757102966309,9.069999694824219
2024-11-27,8.829802513122559,8.90999984741211
2024-11-28,8.234431266784668,7.900000095367432
2024-11-29,8.27107048034668,8.270000457763672
2024-12-02,8.42678165435791,8.0
2024-12-03,8.527536392211914,8.039999961853027
2024-12-04,8.463419914245605,7.960000038146973
2024-12-05,8.417622566223145,8.0
2024-12-06,7.82225227355957,7.820000171661377
2024-12-09,7.74897575378418,7.690000057220459
2024-12-10,7.987123012542725,9.510000228881836
2024-12-11,8.435940742492676,8.899999618530273
2024-12-12,7.675698757171631,8.220000267028809
2024-12-13,7.51082706451416,8.039999961853027
2024-12-16,7.107807636260986,7.610000133514404
2024-12-17,6.842180252075195,7.099999904632568
2024-12-18,6.155215263366699,6.400000095367432
2024-12-19,6.530755996704102,6.599999904632568
2024-12-20,6.68646764755249,6.630000114440918
2024-12-23,6.393362998962402,5.960000038146973
2024-12-26,5.981183052062988,5.199999809265137
2024-12-27,5.962864398956299,5.150000095367432
2024-12-30,5.953704357147217,6.199999809265137
2025-01-02,5.88958740234375,5.730000019073486
2025-01-03,5.733875274658203,5.739999771118164
2025-01-06,6.091097831726074,5.869999885559082
2025-01-07,6.045300483703613,5.710000038146973
2025-01-08,5.651439666748047,5.599999904632568
2025-01-09,5.504886627197266,5.610000133514404
2025-01-10,5.5232062339782715,5.519999980926514
2025-01-13,5.321695327758789,5.480000019073486
2025-01-14,5.4132914543151855,5.550000190734863
2025-01-15,5.834630012512207,5.71999979019165
2025-01-16,5.440769672393799,5.579999923706055
2025-01-17,5.550684452056885,5.710000038146973
2025-01-20,5.596481800079346,5.800000190734863
2025-01-21,5.642279624938965,6.510000228881836
2025-01-22,5.834630012512207,6.699999809265137
2025-01-23,5.761354446411133,6.400000095367432
2025-01-24,5.834630012512207,6.349999904632568
2025-01-27,6.420841217041016,6.639999866485596
2025-01-28,6.191853046417236,6.5
2025-01-29,6.036140441894531,6.320000171661377
2025-01-30,6.658989429473877,6.5
2025-01-31,6.8330206871032715,6.510000228881836
2025-02-03,6.613192081451416,6.420000076293945
2025-02-04,6.631511211395264,6.380000114440918
2025-02-05,6.301766395568848,6.239999771118164
2025-02-06,6.768904685974121,6.199999809265137
2025-02-07,6.475798606872559,5.96999979019165
2025-02-10,6.649829864501953,5.78000020980835
2025-02-11,6.658989429473877,5.670000076293945
2025-02-12,6.494117259979248,5.309999942779541
2025-02-13,6.420841217041016,5.440000057220459
2025-02-14,6.759744644165039,5.360000133514404
2025-02-17,7.290998458862305,5.53000020980835
2025-02-18,7.034530162811279,5.559999942779541
2025-02-19,6.823861598968506,5.559999942779541
2025-02-20,6.750584602355957,5.739999771118164
2025-02-21,6.668148994445801,5.539999961853027
2025-02-24,6.29260778427124,5.320000171661377
2025-02-25,6.759744644165039,5.550000190734863
2025-02-26,6.741425037384033,5.369999885559082
2025-02-27,6.695627212524414,5.480000019073486
2025-02-28,6.549074649810791,5.420000076293945
2025-03-05,6.668148994445801,5.400000095367432
2025-03-06,6.512436866760254,5.559999942779541
2025-03-07,7.199402809143066,6.070000171661377
2025-03-10,7.556624412536621,6.210000038146973
2025-03-11,7.60242223739624,6.5
2025-03-12,7.858889579772949,6.570000171661377
2025-03-13,7.74897575378418,5.849999904632568
2025-03-14,8.793163299560547,6.269999980926514
2025-03-17,9.287778854370117,6.400000095367432
2025-03-18,9.187023162841797,6.420000076293945
2025-03-19,9.553406715393066,7.050000190734863
2025-03-20,9.498448371887207,7.010000228881836
2025-03-21,9.251140594482422,7.199999809265137
2025-03-24,9.351896286010742,8.510000228881836
2025-03-25,9.580883979797363,8.3100004196167
2025-03-26,9.608363151550293,9.050000190734863
2025-03-27,9.956424713134766,6.699999809265137
2025-03-28,9.672479629516602,6.099999904632568
2025-03-31,9.2969388961792,5.699999809265137
2025-04-01,9.571724891662598,6.0
2025-04-02,10.249530792236328,5.849999904632568
2025-04-03,10.80826473236084,6.389999866485596
2025-04-04,9.919787406921387,5.980000019073486
2025-04-07,9.287778854370117,5.78000020980835
2025-04-08,8.042080879211426,5.599999904632568
2025-04-09,8.948875427246094,5.820000171661377
2025-04-10,9.351896286010742,5.769999980926514
2025-04-11,9.590044021606445,6.010000228881836
2025-04-14,9.608363151550293,6.119999885559082
2025-04-15,9.571724891662598,6.0
2025-04-16,9.48012924194336,5.809999942779541
2025-04-17,9.34273624420166,5.800000190734863
2025-04-22,9.287778854370117,5.920000076293945
2025-04-23,8.73820686340332,5.78000020980835
2025-04-24,9.681638717651367,6.079999923706055
2025-04-25,9.571724891662598,5.860000133514404
2025-04-28,9.43508243560791,5.769999980926514
2025-04-29,9.416211128234863,5.929999828338623
2025-04-30,8.793496131896973,5.659999847412109
2025-05-02,8.80293083190918,5.570000171661377
2025-05-05,8.359482765197754,5.559999942779541
2025-05-06,8.246260643005371,5.309999942779541
2025-05-07,8.057559967041016,5.409999847412109
2025-05-08,8.510443687438965,5.5
2025-05-09,7.916033744812012,5.349999904632568
2025-05-12,8.284001350402832,5.460000038146973
2025-05-13,8.642535209655762,5.71999979019165
2025-05-14,8.82180118560791,5.739999771118164
2025-05-15,9.152029991149902,5.269999980926514
2025-05-16,9.227509498596191,5.119999885559082
2025-05-19,9.340730667114258,5.199999809265137
2025-05-20,9.05767822265625,5.309999942779541
2025-05-21,8.689709663391113,5.119999885559082
2025-05-22,8.93502140045166,5.150000095367432
2025-05-23,8.491573333740234,5.119999885559082
2025-05-26,8.529313087463379,5.239999771118164
2025-05-27,8.812366485595703,5.179999828338623
2025-05-28,9.010502815246582,5.239999771118164
2025-05-29,8.567054748535156,5.190000057220459
2025-05-30,8.699145317077637,5.130000114440918
2025-06-02,9.001068115234375,5.119999885559082
2025-06-03,9.670958518981934,5.679999828338623
2025-06-04,9.472821235656738,5.730000019073486
2025-06-05,9.491691589355469,5.389999866485596
2025-06-06,8.963327407836914,5.800000190734863
2025-06-09,8.944457054138184,5.849999904632568
2025-06-10,8.963327407836914,5.659999847412109
2025-06-11,9.001068115234375,5.420000076293945
2025-06-12,9.07654857635498,5.420000076293945
2025-06-13,8.434962272644043,5.340000152587891
2025-06-16,9.001068115234375,5.440000057220459
2025-06-17,8.80293083190918,5.699999809265137
2025-06-18,8.82180118560791,5.849999904632568
2025-06-20,8.35004711151123,5.829999923706055
2025-06-23,8.406658172607422,6.650000095367432
2025-06-24,8.58592414855957,6.059999942779541
2025-06-25,8.614230155944824,5.900000095367432
2025-06-26,8.887846946716309,5.860000133514404
2025-06-27,8.774625778198242,5.929999828338623
2025-06-30,9.29355525970459,5.670000076293945
2025-07-01,9.16146469116211,5.420000076293945
2025-07-02,8.557619094848633,5.340000152587891
2025-07-03,8.6708402633667,5.400000095367432
2025-07-04,8.727449417114258,5.360000133514404
2025-07-07,8.595359802246094,5.340000152587891
2025-07-08,8.397222518920898,5.320000171661377
2025-07-09,8.066994667053223,5.170000076293945
2025-07-10,7.8688578605651855,5.190000057220459
2025-07-11,7.585805416107178,5.159999847412109
2025-07-14,7.500889301300049,5.179999828338623
2025-07-15,7.595240592956543,5.119999885559082
2025-07-16,7.651850700378418,5.070000171661377
2025-07-17,7.736766815185547,5.099999904632568
2025-07-18,7.434844017028809,5.099999904632568
2025-07-21,7.170661926269531,5.0
2025-07-22,7.0763115882873535,4.940000057220459
2025-07-23,7.359364032745361,5.059999942779541
2025-07-24,7.114051342010498,5.070000171661377
2025-07-25,7.0763115882873535,5.239999771118164
2025-07-28,6.774388790130615,5.159999847412109
2025-07-29,6.585687160491943,5.300000190734863
2025-07-30,6.925350189208984,5.260000228881836
2025-07-31,6.661167144775391,5.179999828338623
2025-08-01,6.812129020690918,5.150000095367432
2025-08-04,6.774388790130615,5.170000076293945
2025-08-05,6.793258190155029,5.159999847412109
2025-08-06,6.925350189208984,5.170000076293945
2025-08-07,7.000830173492432,5.389999866485596
2025-08-08,6.64229679107666,5.570000171661377
2025-08-11,6.623426914215088,5.760000228881836
2025-08-12,6.632862567901611,5.670000076293945
2025-08-13,6.349809646606445,5.269999980926514
2025-08-14,6.302634239196777,5.139999866485596
2025-08-15,6.246023178100586,4.940000057220459
2025-08-18,6.519641399383545,4.96999979019165
2025-08-19,6.472465991973877,4.929999828338623
2025-08-20,6.302634239196777,4.980000019073486
2025-08-21,6.302634239196777,4.929999828338623
2025-08-22,6.5102057456970215,5.099999904632568
2025-08-25,6.717778205871582,5.260000228881836
2025-08-26,6.604557037353516,5.380000114440918
2025-08-27,6.774388790130615,5.599999904632568
2025-08-28,7.397103786468506,6.019999980926514
2025-08-29,7.727332592010498,6.579999923706055
2025-09-01,7.8122477531433105,6.139999866485596
2025-09-02,7.689590930938721,6.840000152587891
2025-09-03,7.755636692047119,6.199999809265137
2025-09-04,8.161346435546875,6.400000095367432
2025-09-05,8.746320724487305,6.170000076293945
2025-09-08,8.406658172607422,6.579999923706055
2025-09-09,8.416093826293945,6.5
2025-09-10,8.727449417114258,6.630000114440918
2025-09-11,9.43508243560791,6.730000019073486
2025-09-12,9.29355525970459,6.829999923706055
2025-09-15,9.982316017150879,6.829999923706055
2025-09-16,10.133277893066406,7.420000076293945
2025-09-17,10.671077728271484,7.989999771118164
2025-09-18,10.595597267150879,8.069999694824219
2025-09-19,10.482375144958496,7.449999809265137
2025-09-22,10.227627754211426,7.099999904632568
2025-09-23,10.378589630126953,7.050000190734863
2025-09-24,10.265368461608887,7.130000114440918
2025-09-25,10.3974609375,6.559999942779541
2025-09-26,10.557855606079102,6.760000228881836
2025-09-29,10.02005672454834,6.539999961853027
2025-09-30,9.05767822265625,6.110000133514404
2025-10-01,9.05767822265625,6.110000133514404
2025-10-02,8.642535209655762,6.170000076293945
2025-10-03,8.633099555969238,5.889999866485596
2025-10-06,8.453832626342773,6.010000228881836
2025-10-07,8.472702026367188,5.579999923706055
2025-10-08,8.576488494873047,5.760000228881836
2025-10-09,8.463268280029297,5.789999961853027
2025-10-10,8.312307357788086,5.480000019073486
2025-10-13,8.114171028137207,5.349999904632568
2025-10-14,8.284001350402832,5.349999904632568
2025-10-15,8.406658172607422,5.300000190734863
2025-10-16,7.736766815185547,5.090000152587891
2025-10-17,7.925468921661377,5.059999942779541
2025-10-20,7.8688578605651855,5.199999809265137
2025-10-21,7.887727737426758,5.230000019073486
2025-10-22,7.8688578605651855,5.329999923706055
2025-10-23,7.425409317016602,5.269999980926514
2025-10-24,7.623546123504639,5.380000114440918
2025-10-27,8.038689613342285,5.429999828338623
2025-10-28,8.170781135559082,5.420000076293945
2025-10-29,8.048124313354492,5.5
2025-10-30,8.019819259643555,5.78000020980835
2025-10-31,7.991513252258301,5.5
2025-11-03,7.8688578605651855,5.269999980926514
2025-11-04,7.906598091125488,5.099999904632568
2025-11-05,8.246260643005371,5.289999961853027
2025-11-06,7.538629531860352,5.099999904632568
2025-11-07,7.6801557540893555,5.170000076293945
2025-11-10,7.944338321685791,5.320000171661377
2025-11-11,8.576488494873047,5.570000171661377
2025-11-12,8.633099555969238,5.550000190734863
2025-11-13,8.54818344116211,5.199999809265137
2025-11-14,9.048243522644043,5.130000114440918
2025-11-17,8.614230155944824,5.210000038146973
2025-11-18,8.93502140045166,5.489999771118164
2025-11-19,8.80293083190918,5.619999885559082
2025-11-21,9.085983276367188,5.610000133514404
2025-11-24,9.340730667114258,5.650000095367432
2025-11-25,9.680394172668457,6.130000114440918
2025-11-26,9.538866996765137,5.980000019073486
2025-11-27,9.54830265045166,6.019999980926514
2025-11-28,9.699263572692871,5.940000057220459
2025-12-01,9.755874633789062,6.150000095367432
2025-12-02,9.991751670837402,6.659999847412109
2025-12-03,10.60503101348877,6.949999809265137
2025-12-04,10.991869926452637,7.119999885559082
2025-12-05,9.916271209716797,6.71999979019165
2025-12-08,9.944576263427734,6.75
2025-12-09,9.453951835632324,6.329999923706055
2025-12-10,9.425646781921387,6.480000019073486
2025-12-11,9.03880786895752,6.170000076293945
2025-12-12,9.31242561340332,5.989999771118164
2025-12-15,9.284119606018066,5.809999942779541
2025-12-16,8.963327407836914,5.420000076293945
2025-12-17,8.680274963378906,5.349999904632568
2025-12-18,8.82180118560791,5.329999923706055
2025-12-19,8.727449417114258,5.269999980926514
2025-12-22,8.482137680053711,5.269999980926514
2025-12-23,8.765191078186035,5.360000133514404
2025-12-26,8.727449417114258,5.349999904632568
2025-12-29,8.82180118560791,5.239999771118164
2025-12-30,8.856711387634277,5.130000114440918
2026-01-02,8.747735977172852,5.019999980926514
2026-01-05,8.866618156433105,5.0
2026-01-06,9.064754486083984,5.039999961853027
2026-01-07,9.203451156616211,4.949999809265137
2026-01-08,9.134102821350098,5.0
2026-01-09,8.797270774841309,4.960000038146973
2026-01-12,8.500065803527832,4.980000019073486
2026-01-13,8.123605728149414,4.880000114440918
2026-01-14,8.321742057800293,4.840000152587891
2026-01-15,8.658574104309082,4.800000190734863
2026-01-16,8.381183624267578,4.75
2026-01-19,8.28211498260498,4.699999809265137
2026-01-20,8.321742057800293,4.650000095367432
2026-01-21,8.727923393249512,4.760000228881836
2026-01-22,8.876524925231934,5.010000228881836
2026-01-23,9.282705307006836,5.179999828338623
2026-01-26,9.381773948669434,5.369999885559082
2026-01-27,9.550189971923828,5.619999885559082
2026-01-28,9.986090660095215,5.789999961853027
2026-01-29,9.62944507598877,5.630000114440918
2026-01-30,9.698792457580566,5.730000019073486
2026-02-02,9.738419532775879,5.699999809265137
2026-02-03,10.025717735290527,5.739999771118164
2026-02-04,9.639350891113281,5.449999809265137
2026-02-05,9.560096740722656,5.349999904632568
2026-02-06,10.104972839355469,5.28000020980835
2026-02-09,10.867799758911133,5.619999885559082
2026-02-10,10.501246452331543,5.53000020980835
2026-02-11,10.996588706970215,5.550000190734863
2026-02-12,10.055438041687012,5.420000076293945
2026-02-13,10.134693145751953,5.539999961853027
2026-02-18,10.184226989746094,5.579999923706055
2026-02-19,10.481432914733887,5.679999828338623
2026-02-20,10.699382781982422,5.690000057220459
2026-02-23,10.273388862609863,5.659999847412109
2026-02-24,10.035625457763672,5.670000076293945
2026-02-25,9.40158748626709,5.579999923706055
2026-02-26,9.49074935913086,5.619999885559082
2026-02-27,9.26289176940918,5.619999885559082
2026-03-02,9.104381561279297,5.460000038146973
2026-03-03,8.916152954101562,5.179999828338623
2026-03-04,9.441214561462402,5.150000095367432
2026-03-05,9.074662208557129,5.099999904632568
2026-03-06,9.243078231811523,4.989999771118164
2026-03-09,9.43130874633789,5.159999847412109
2026-03-10,10.0455322265625,5.269999980926514
2026-03-11,9.946463584899902,5.210000038146973
2026-03-12,9.31242561340332,4.980000019073486
2026-03-13,9.252985000610352,4.900000095367432
2026-03-16,9.748327255249023,5.0
2026-03-17,8.955780029296875,4.949999809265137
2026-03-18,8.767550468444824,4.929999828338623
2026-03-19,8.688295364379883,5.050000190734863
2026-03-20,8.262301445007324,4.929999828338623
2026-03-23,8.678388595581055,5.159999847412109
2026-03-24,8.609040260314941,5.210000038146973
2026-03-25,8.807177543640137,5.150000095367432
2026-03-26,8.361369132995605,5.800000190734863
2026-03-27,8.014630317687988,5.420000076293945
2026-03-30,7.925468921661377,5.230000019073486
2026-03-31,8.688295364379883,5.179999828338623
2026-04-01,8.757643699645996,5.510000228881836
2026-04-02,8.668481826782227,5.400000095367432
2026-04-06,8.737829208374023,5.579999923706055
2026-04-07,8.698202133178711,5.630000114440918
2026-04-08,8.866618156433105,5.880000114440918
2026-04-09,9.144009590148926,5.900000095367432
2026-04-10,9.064754486083984,6.079999923706055
2026-04-13,9.12419605255127,6.260000228881836
2026-04-14,9.163823127746582,7.239999771118164
2026-04-15,9.302519798278809,7.400000095367432
2026-04-16,9.163823127746582,7.610000133514404
2026-04-17,9.203451156616211,6.980000019073486
2026-04-20,9.26289176940918,6.940000057220459
2026-04-22,8.866618156433105,6.46999979019165
2026-04-23,8.569413185119629,6.019999980926514
2026-04-24,8.648667335510254,5.980000019073486
2026-04-27,8.529999732971191,6.090000152587891
2026-04-28,8.539999961853027,5.960000038146973
2026-04-29,8.079999923706055,5.690000057220459
2026-04-30,8.229999542236328,5.739999771118164
2026-05-04,8.0,5.590000152587891
2026-05-05,8.0,5.590000152587891
2026-05-06,8.029999732971191,5.599999904632568
2026-05-07,7.940000057220459,5.539999961853027
2026-05-08,7.150000095367432,5.449999809265137
2026-05-11,6.929999828338623,5.360000133514404
2026-05-12,7.159999847412109,5.46999979019165
2026-05-13,6.960000038146973,5.639999866485596
2026-05-14,6.909999847412109,5.25
2026-05-15,6.789999961853027,4.96999979019165
2026-05-18,6.610000133514404,5.0
2026-05-19,6.489999771118164,4.96999979019165
2026-05-20,6.730000019073486,5.21999979019165
2026-05-21,6.769999980926514,5.489999771118164
2026-05-22,6.630000114440918,5.139999866485596
2026-05-25,6.769999980926514,5.130000114440918
2026-05-26,6.650000095367432,5.010000228881836
2026-05-27,6.599999904632568,5.199999809265137
2026-05-28,6.349999904632568,5.170000076293945
2026-05-29,5.980000019073486,5.050000190734863
2026-06-01,5.820000171661377,5.090000152587891
2026-06-02,5.679999828338623,5.110000133514404
2026-06-03,5.340000152587891,4.880000114440918
2026-06-05,5.440000057220459,4.800000190734863
2026-06-08,5.340000152587891,4.710000038146973
2026-06-09,5.489999771118164,4.820000171661377
2026-06-10,5.119999885559082,4.619999885559082
2026-06-11,5.329999923706055,4.639999866485596
2026-06-12,5.21999979019165,4.599999904632568
2026-06-15,5.349999904632568,4.78000020980835
2026-06-16,5.0,4.550000190734863
2026-06-17,4.739999771118164,4.510000228881836
2026-06-18,4.5,4.349999904632568
2026-06-19,4.619999885559082,4.380000114440918
2026-06-22,4.659999847412109,4.429999828338623
2026-06-23,4.420000076293945,4.289999961853027
2026-06-24,4.360000133514404,4.28000020980835
2026-06-25,4.420000076293945,4.050000190734863
2026-06-26,4.440000057220459,4.019999980926514
2026-06-29,4.639999866485596,4.139999866485596
2026-06-30,4.679999828338623,3.8399999141693115
2026-07-01,4.429999828338623,3.390000104904175
2026-07-02,4.269999980926514,3.5
2026-07-03,4.449999809265137,3.5799999237060547
2026-07-06,4.349999904632568,3.8499999046325684
2026-07-07,4.420000076293945,3.700000047683716
2026-07-08,4.510000228881836,3.7699999809265137
2026-07-09,4.860000133514404,4.079999923706055
2026-07-10,5.21999979019165,4.099999904632568
2026-07-13,5.059999942779541,3.7799999713897705
2026-07-14,5.050000190734863,3.75
2026-07-15,5.03000020980835,3.690000057220459
2026-07-16,4.920000076293945,3.75
2026-07-17,4.920000076293945,4.0
2026-07-20,4.860000133514404,3.890000104904175
2026-07-21,4.820000171661377,3.9200000762939453
2026-07-22,4.909999847412109,4.019999980926514
2026-07-23,4.710000038146973,4.010000228881836
2026-07-24,4.650000095367432,4.019999980926514
2026-07-27,4.829999923706055,4.329999923706055
2026-07-28,4.829999923706055,4.699999809265137
2026-07-29,4.760000228881836,4.449999809265137
2026-07-30,5.019999980926514,4.53000020980835
2026-07-31,5.03000020980835,4.639999866485596
2026-08-03,5.159999847412109,4.650000095367432
2026-08-04,4.920000076293945,4.829999923706055
2026-08-05,4.789999961853027,4.71999979019165
2026-08-06,4.570000171661377,4.610000133514404
2026-08-07,4.400000095367432,4.150000095367432
2026-08-10,4.320000171661377,4.050000190734863
2026-08-11,4.260000228881836,4.0
2026-08-12,4.239999771118164,3.9100000858306885
2026-08-13,3.9800000190734863,3.759999990463257
2026-08-14,3.9100000858306885,3.740000009536743
2026-08-17,4.230000019073486,3.799999952316284
2026-08-18,4.28000020980835,4.019999980926514
2026-08-19,4.050000190734863,4.070000171661377
2026-08-20,3.880000114440918,4.25
2026-08-21,4.159999847412109,4.659999847412109
2026-08-24,4.159999847412109,4.639999866485596
2026-08-25,4.539999961853027,4.800000190734863
2026-08-26,4.710000038146973,4.800000190734863
2026-08-27,4.840000152587891,4.920000076293945
2026-08-28,4.619999885559082,4.690000057220459
2026-08-31,4.809999942779541,5.099999904632568
2026-09-01,4.619999885559082,5.010000228881836
2026-09-02,5.400000095367432,5.239999771118164
2026-09-03,5.559999942779541,5.320000171661377
2026-09-04,5.789999961853027,5.550000190734863
2026-09-08,5.829999923706055,5.420000076293945
2026-09-09,5.570000171661377,5.269999980926514
2026-09-10,5.940000057220459,5.269999980926514
2026-09-11,5.760000228881836,4.909999847412109
2026-09-14,5.570000171661377,4.989999771118164
2026-09-15,5.570000171661377,4.980000019073486
2026-09-16,5.940000057220459,5.010000228881836
2026-09-17,5.789999961853027,4.940000057220459
2026-09-18,5.849999904632568,4.739999771118164
