Date,PETR4.SA,PETR3.SA
2011-09-21,4.495499610900879,5.721362113952637
2011-09-22,4.255446910858154,5.398461818695068
2011-09-23,4.181249618530273,5.297557353973389
2011-09-26,4.3165507316589355,5.479187488555908
2011-09-27,4.266358375549316,5.413600444793701
2011-09-28,4.222712516784668,5.350532531738281
2011-09-29,4.2336249351501465,5.3253068923950195
2011-09-30,4.168155670166016,5.2723307609558105
2011-10-03,4.017577648162842,5.060429573059082
2011-10-04,4.048130035400391,5.0806097984313965
2011-10-05,3.9739341735839844,4.994840145111084
2011-10-06,4.113598346710205,5.194128036499023
2011-10-07,3.9935739040374756,5.020066261291504
2011-10-10,4.126691818237305,5.211787700653076
2011-10-11,4.181249618530273,5.247105121612549
2011-10-13,4.231441497802734,5.307649612426758
2011-10-14,4.285999774932861,5.400986194610596
2011-10-17,4.211801528930664,5.284945964813232
2011-10-18,4.211801528930664,5.327829360961914
2011-10-19,4.196524620056152,5.284945964813232
2011-10-20,4.107050895690918,5.161334991455078
2011-10-21,4.205255031585693,5.297557353973389
2011-10-24,4.205255031585693,5.423689365386963
2011-10-25,4.205255031585693,5.423689365386963
2011-10-26,4.205255031585693,5.423689365386963
2011-10-27,4.205255031585693,5.423689365386963
2011-10-28,4.56969690322876,5.872720241546631
2011-10-31,4.7093610763549805,5.822270393371582
2011-11-01,4.611158847808838,5.739020824432373
2011-11-03,4.783559322357178,5.971106052398682
2011-11-04,4.822841644287109,6.0291242599487305
2011-11-07,4.949413299560547,6.210758209228516
2011-11-08,4.890490531921387,6.155259132385254
2011-11-09,4.6831746101379395,5.865153789520264
2011-11-10,4.6831746101379395,5.865153789520264
2011-11-11,4.7922892570495605,6.016512393951416
2011-11-14,4.827525615692139,6.041951656341553
2011-11-16,4.869370937347412,6.138622283935547
2011-11-17,4.739430904388428,5.960546016693115
2011-11-18,4.790085792541504,6.011423110961914
2011-11-21,4.801096439361572,5.978353500366211
2011-11-22,4.7746710777282715,5.978353500366211
2011-11-23,4.750443458557129,5.93001651763916
2011-11-24,4.772468090057373,5.960546016693115
2011-11-25,4.627112865447998,5.802818298339844
2011-11-28,4.735026836395264,5.973264217376709
2011-11-29,4.71520471572876,5.919841766357422
2011-11-30,4.856156826019287,6.13607931137085
2011-12-01,4.9596662521362305,6.283630847930908
2011-12-02,4.9618682861328125,6.2658233642578125
2011-12-05,5.05877161026001,6.4031982421875
2011-12-06,5.135853290557861,6.459165573120117
2011-12-07,5.129248142242432,6.443901062011719
2011-12-08,4.9596662521362305,6.192046165466309
2011-12-09,5.069782257080078,6.296351432800293
2011-12-12,5.069782257080078,6.296351432800293
2011-12-13,4.937641620635986,6.130991458892822
2011-12-14,4.8055033683776855,5.92747163772583
2011-12-15,4.737229347229004,5.866417407989502
2011-12-16,4.690981388092041,5.800273418426514
2011-12-19,4.65133810043335,5.774835586547852
2011-12-20,4.8671698570251465,6.0394086837768555
2011-12-21,4.827525615692139,5.96563196182251
2011-12-22,4.87817907333374,6.052128314971924
2011-12-23,4.893594741821289,6.080110549926758
2011-12-26,4.8825836181640625,6.0495829582214355
2011-12-27,4.889191627502441,6.047039031982422
2011-12-28,4.71960973739624,5.797729969024658
2011-12-29,4.732824802398682,5.851153373718262
2012-01-02,4.785680770874023,5.904577255249023
2012-01-03,4.976041793823242,6.158453464508057
2012-01-04,5.01156759262085,6.196913242340088
2012-01-05,4.953835964202881,6.158453464508057
2012-01-06,4.958277702331543,6.153324604034424
2012-01-09,5.024890899658203,6.276391983032227
2012-01-10,5.08484411239624,6.363565921783447
2012-01-11,5.087063312530518,6.3712568283081055
2012-01-12,5.12481164932251,6.4507365226745605
2012-01-13,5.118150234222412,6.504578590393066
2012-01-16,5.251376628875732,6.65841007232666
2012-01-17,5.251376628875732,6.65841007232666
2012-01-18,5.411252021789551,6.778913974761963
2012-01-19,5.3757243156433105,6.766092777252197
2012-01-20,5.377943992614746,6.755840301513672
2012-01-23,5.580005645751953,6.9994072914123535
2012-01-24,5.639956951141357,7.109654426574707
2012-01-26,5.533374309539795,6.971205234527588
2012-01-27,5.4778642654418945,6.8865966796875
2012-01-30,5.455660343170166,6.871214389801025
2012-01-31,5.455660343170166,6.899417400360107
2012-02-01,5.540036678314209,6.9737701416015625
2012-02-02,5.446776390075684,6.871214389801025
2012-02-03,5.464540004730225,6.8865966796875
2012-02-06,5.520052433013916,6.9686408042907715
2012-02-07,5.6843671798706055,7.114782810211182
2012-02-08,5.6466169357299805,7.073760986328125
2012-02-09,5.662164688110352,7.058376789093018
2012-02-10,5.2180705070495605,6.473810195922852
2012-02-13,5.2180705070495605,6.473810195922852
2012-02-14,5.1536760330200195,6.381511211395264
2012-02-15,5.1292524337768555,6.325108051300049
2012-02-16,5.3024468421936035,6.535345077514648
2012-02-17,5.3401947021484375,6.502012729644775
2012-02-23,5.311327934265137,6.499450206756592
2012-02-24,5.435675621032715,6.65328311920166
2012-02-27,5.4068098068237305,6.550728797912598
2012-02-28,5.402369022369385,6.5763678550720215
2012-02-29,5.397927284240723,6.589186191558838
2012-03-01,5.524491310119629,6.717381000518799
2012-03-02,5.617751121520996,6.819934368133545
2012-03-05,5.460100173950195,6.619953155517578
2012-03-06,5.273582935333252,6.368691444396973
2012-03-07,5.324651718139648,6.422534465789795
2012-03-08,5.3490777015686035,6.4302263259887695
2012-03-09,5.264698505401611,6.376384258270264
2012-03-12,5.2025275230407715,6.327670097351074
2012-03-13,5.424575328826904,6.5763678550720215
2012-03-14,5.513391017913818,6.6071319580078125
2012-03-15,5.377943992614746,6.435351848602295
2012-03-16,5.4068098068237305,6.460992336273193
2012-03-19,5.4068098068237305,6.473810195922852
2012-03-20,5.41671895980835,6.410529613494873
2012-03-21,5.381008148193359,6.377034664154053
2012-03-22,5.381008148193359,6.271395683288574
2012-03-23,5.289501667022705,6.292008876800537
2012-03-26,5.403326988220215,6.436296463012695
2012-03-27,5.3118205070495605,6.351269245147705
2012-03-28,5.220315456390381,6.227592945098877
2012-03-29,5.204692840576172,6.22501802444458
2012-03-30,5.211389064788818,6.2610883712768555
2012-04-02,5.184606075286865,6.268817901611328
2012-04-03,5.032838821411133,6.085882663726807
2012-04-04,4.856522560119629,5.923557281494141
2012-04-05,4.910086631774902,5.941592216491699
2012-04-09,4.818581581115723,5.815340995788574
2012-04-10,4.729306221008301,5.709700584411621
2012-04-11,4.765016555786133,5.758656024932861
2012-04-12,4.912317752838135,5.931285858154297
2012-04-13,4.836435317993164,5.781846523284912
2012-04-16,4.800724029541016,5.763809680938721
2012-04-17,4.816349029541016,5.761231899261475
2012-04-18,4.856522560119629,5.8539886474609375
2012-04-19,4.787335395812988,5.75607967376709
2012-04-20,4.789566516876221,5.76638650894165
2012-04-23,4.749393939971924,5.707125186920166
2012-04-24,4.740464210510254,5.72000789642334
2012-04-25,4.715914726257324,5.686512470245361
2012-04-26,4.740464210510254,5.740618705749512
2012-04-27,4.67127799987793,5.694240570068359
2012-04-30,4.751626491546631,5.7689619064331055
2012-05-02,4.751626491546631,5.941592216491699
2012-05-03,4.776175498962402,5.75607967376709
2012-05-04,4.570842266082764,5.513880729675293
2012-05-07,4.5931620597839355,5.539646148681641
2012-05-08,4.5217437744140625,5.436581611633301
2012-05-09,4.499424934387207,5.40566349029541
2012-05-10,4.445860862731934,5.354132652282715
2012-05-11,4.3588175773620605,5.253644943237305
2012-05-14,4.261855125427246,5.154766082763672
2012-05-15,4.169402599334717,5.016855239868164
2012-05-16,4.349798679351807,5.19900369644165
2012-05-17,4.155873775482178,4.996038913726807
2012-05-18,4.30018949508667,5.146961212158203
2012-05-21,4.30018949508667,5.146961212158203
2012-05-22,4.444505214691162,5.3421173095703125
2012-05-23,4.336268424987793,5.209410190582275
2012-05-24,4.216756343841553,5.071499347686768
2012-05-25,4.2032270431518555,5.027263164520264
2012-05-28,4.237052917480469,5.074100971221924
2012-05-29,4.250580310821533,5.115734100341797
2012-05-30,4.137834072113037,4.998641014099121
2012-05-31,4.313718318939209,5.152164936065674
2012-06-01,4.239304065704346,5.1261420249938965
2012-06-04,4.309208869934082,5.196399688720703
2012-06-05,4.239304065704346,5.100122451782227
2012-06-06,4.3047003746032715,5.204206943511963
2012-06-08,4.257345199584961,5.136552810668945
2012-06-11,4.146852970123291,4.983026504516602
2012-06-12,4.19420862197876,5.009048938751221
2012-06-13,4.261855125427246,5.1079277992248535
2012-06-14,4.097244739532471,4.910167694091797
2012-06-15,4.182931423187256,4.98042631149292
2012-06-18,4.182931423187256,4.98042631149292
2012-06-19,4.4309773445129395,5.318698406219482
2012-06-20,4.4873504638671875,5.388953685760498
2012-06-21,4.3452887535095215,5.196399688720703
2012-06-22,4.408427715301514,5.245840549468994
2012-06-25,4.013811111450195,4.80868673324585
2012-06-26,4.058909893035889,4.826901435852051
2012-06-27,3.977731466293335,4.746235370635986
2012-06-28,3.9912619590759277,4.761848449707031
2012-06-29,4.115283489227295,4.917974948883057
2012-07-02,4.140088081359863,4.930985927581787
2012-07-03,4.282149314880371,5.123540878295898
2012-07-04,4.273130893707275,5.100122451782227
2012-07-05,4.419702053070068,5.292677879333496
2012-07-06,4.329504489898682,5.172979354858398
2012-07-10,4.146852970123291,4.930985927581787
2012-07-11,4.18067741394043,4.967414379119873
2012-07-12,4.189698219299316,4.988232612609863
2012-07-13,4.408427715301514,5.269258975982666
2012-07-16,4.408427715301514,5.191195011138916
2012-07-17,4.340778350830078,5.175583362579346
2012-07-18,4.358816623687744,5.178184509277344
2012-07-19,4.424211025238037,5.274463176727295
2012-07-20,4.324995040893555,5.139153957366943
2012-07-23,4.275384902954102,5.061089992523193
2012-07-24,4.237052917480469,5.022059917449951
2012-07-25,4.28440523147583,5.08711051940918
2012-07-26,4.343033313751221,5.139153957366943
2012-07-27,4.548233509063721,5.412374973297119
2012-07-30,4.579803943634033,5.464416027069092
2012-07-31,4.397153377532959,5.217216491699219
2012-08-01,4.469310283660889,5.308290481567383
2012-08-02,4.419702053070068,5.245840549468994
2012-08-03,4.4963698387146,5.378546714782715
2012-08-06,4.491860389709473,5.386353492736816
2012-08-07,4.566273212432861,5.464416027069092
2012-08-08,4.775982856750488,5.7610554695129395
2012-08-09,4.7353949546813965,5.729831218719482
2012-08-10,4.7353949546813965,5.727228164672852
2012-08-13,4.742160320281982,5.711617946624756
2012-08-14,4.699316501617432,5.677787780761719
2012-08-15,4.746669292449951,5.724628448486328
2012-08-16,4.839122772216797,5.844322681427002
2012-08-17,4.859416961669922,5.85993766784668
2012-08-20,4.859416961669922,5.85993766784668
2012-08-21,4.78951358795166,5.758454322814941
2012-08-22,4.845886707305908,5.820905685424805
2012-08-23,4.782748699188232,5.755851745605469
2012-08-24,4.787258148193359,5.714217662811279
2012-08-27,4.8188276290893555,5.763659477233887
2012-08-28,4.830102920532227,5.737636566162109
2012-08-29,4.782748699188232,5.716820240020752
2012-08-30,4.744414806365967,5.649166107177734
2012-08-31,4.681275844573975,5.542479038238525
2012-09-03,4.6542158126831055,5.568500518798828
2012-09-04,4.606863498687744,5.490435600280762
2012-09-05,4.642941951751709,5.542479038238525
2012-09-06,4.7353949546813965,5.6829938888549805
2012-09-10,4.787258148193359,5.6829938888549805
2012-09-11,4.895495891571045,5.849527835845947
2012-09-12,4.9586358070373535,5.953610897064209
2012-09-13,5.163836479187012,6.219024181365967
2012-09-14,5.254034519195557,6.336120128631592
2012-09-17,5.247268199920654,6.284079074859619
2012-09-18,5.231485366821289,6.260660648345947
2012-09-19,5.111972332000732,6.088922023773193
2012-09-20,5.1886396408081055,6.140963554382324
2012-09-21,5.1187357902526855,6.101932048797607
2012-09-24,5.177364349365234,6.169586181640625
2012-09-25,5.111972332000732,6.114941596984863
2012-09-26,5.134521961212158,6.140963554382324
2012-09-27,5.120991230010986,6.135758876800537
2012-09-28,5.0443220138549805,6.062900543212891
2012-10-01,5.075892448425293,6.075911521911621
2012-10-02,5.1187357902526855,6.122745990753174
2012-10-03,5.037557601928711,6.029071807861328
2012-10-04,5.051087379455566,6.049890518188477
2012-10-05,5.017263889312744,6.010857582092285
2012-10-08,5.0443220138549805,6.065501689910889
2012-10-09,5.010498046875,6.010857582092285
2012-10-10,4.987949371337891,5.971827983856201
2012-10-11,5.073636531829834,6.075911521911621
2012-10-15,5.141285419464111,6.161779880523682
2012-10-16,5.141285419464111,6.161779880523682
2012-10-17,5.107460975646973,6.101932048797607
2012-10-18,5.073636531829834,6.114941596984863
2012-10-19,5.017263889312744,5.992642879486084
2012-10-22,5.017263889312744,5.971827983856201
2012-10-23,4.886476516723633,5.854732036590576
2012-10-24,4.857162952423096,5.7948832511901855
2012-10-25,4.904516696929932,5.85993766784668
2012-10-26,5.017263889312744,5.956212997436523
2012-10-29,4.814317226409912,5.750647068023682
2012-10-30,4.854907035827637,5.802689552307129
2012-10-31,4.690295696258545,5.5945210456848145
2012-11-01,4.701570510864258,5.633553981781006
2012-11-05,4.78951358795166,5.724628448486328
2012-11-06,4.888731479644775,5.839120388031006
2012-11-07,4.775982856750488,5.696002960205078
2012-11-08,4.647452354431152,5.532071113586426
2012-11-09,4.685785293579102,5.578909873962402
2012-11-12,4.60911750793457,5.482630252838135
2012-11-13,4.615882873535156,5.493041038513184
2012-11-14,4.464800834655762,5.308290481567383
2012-11-16,4.291170597076416,5.105327606201172
2012-11-19,4.313718318939209,5.139153957366943
2012-11-21,4.198716163635254,4.996038913726807
2012-11-22,4.20548152923584,5.009048938751221
2012-11-23,4.3227386474609375,5.1573686599731445
2012-11-26,4.2438154220581055,5.040273666381836
2012-11-27,4.17391300201416,4.962211608886719
2012-11-28,4.20548152923584,4.996038913726807
2012-11-29,4.3182291984558105,5.081906795501709
2012-11-30,4.207737922668457,4.970016002655029
2012-12-03,4.28440523147583,5.0558857917785645
2012-12-04,4.2438154220581055,4.985630035400391
2012-12-05,4.270874977111816,5.019455909729004
2012-12-06,4.216756343841553,4.954404830932617
2012-12-07,4.3024444580078125,5.061089992523193
2012-12-10,4.412937641143799,5.185991287231445
2012-12-11,4.507645130157471,5.266657829284668
2012-12-12,4.476076602935791,5.219818592071533
2012-12-13,4.412937641143799,5.144357681274414
2012-12-14,4.557253360748291,5.347322463989258
2012-12-17,4.491860389709473,5.261451721191406
2012-12-18,4.548233509063721,5.308290481567383
2012-12-19,4.719609260559082,5.4982428550720215
2012-12-20,4.746669292449951,5.53467321395874
2012-12-21,4.665492057800293,5.43319034576416
2012-12-26,4.523428916931152,5.2536468505859375
2012-12-27,4.376857757568359,5.074100971221924
2012-12-28,4.401662349700928,5.08711051940918
2013-01-02,4.439996242523193,5.162572383880615
2013-01-03,4.600096702575684,5.35512638092041
2013-01-04,4.606863498687744,5.373343467712402
2013-01-07,4.527939319610596,5.3030853271484375
2013-01-08,4.397153377532959,5.152164936065674
2013-01-09,4.437740802764893,5.204206943511963
2013-01-10,4.471565246582031,5.238033771514893
2013-01-11,4.4828410148620605,5.251043319702148
2013-01-14,4.446761131286621,5.219818592071533
2013-01-15,4.469310283660889,5.238033771514893
2013-01-16,4.47382116317749,5.256247043609619
2013-01-17,4.444505214691162,5.219818592071533
2013-01-18,4.415192127227783,5.178184509277344
2013-01-21,4.372347354888916,5.128745079040527
2013-01-22,4.415192127227783,5.196399688720703
2013-01-23,4.408427715301514,5.159970283508301
2013-01-24,4.421957492828369,5.1833882331848145
2013-01-28,4.367839336395264,5.100122451782227
2013-01-29,4.309208869934082,5.032466888427734
2013-01-30,4.10400915145874,4.774859428405762
2013-01-31,4.076950550079346,4.743633270263672
2013-02-01,4.162636756896973,4.84511661529541
2013-02-04,4.058909893035889,4.709806442260742
2013-02-05,4.076950550079346,4.319491386413574
2013-02-06,3.968712091445923,4.264847755432129
2013-02-07,3.9461612701416016,4.189385414123535
2013-02-08,4.00028133392334,4.163364887237549
2013-02-13,4.013811111450195,4.1295366287231445
2013-02-14,3.984496593475342,4.108720779418945
2013-02-15,3.9754767417907715,4.085301876068115
2013-02-18,4.036361217498779,4.1555585861206055
2013-02-19,4.081459045410156,4.150354385375977
2013-02-20,3.973222017288208,4.038463592529297
2013-02-21,3.905574083328247,3.94739031791687
2013-02-22,3.8672385215759277,3.9291749000549316
2013-02-25,3.822141170501709,3.877133369445801
2013-02-26,3.7747857570648193,3.825092315673828
2013-02-27,3.7905707359313965,3.832897663116455
2013-02-28,3.745471239089966,3.770447015762329
2013-03-01,3.8108654022216797,3.819887161254883
2013-03-04,3.7206664085388184,3.7027926445007324
2013-03-05,3.7341978549957275,3.7079968452453613
2013-03-06,4.070184707641602,4.2700514793396
2013-03-07,4.273130893707275,4.48082160949707
2013-03-08,4.142343997955322,4.345513343811035
2013-03-11,4.268620491027832,4.473016262054443
2013-03-12,4.225774765014648,4.407962799072266
2013-03-13,4.228031635284424,4.397553443908691
2013-03-14,4.349798679351807,4.535466194152832
2013-03-15,4.3047003746032715,4.631744384765625
2013-03-18,4.329504489898682,4.587507724761963
2013-03-19,4.306952953338623,4.545872211456299
2013-03-20,4.250580310821533,4.488627910614014
2013-03-21,4.178421974182129,4.410564422607422
2013-03-22,4.200970649719238,4.426177978515625
2013-03-25,4.191950798034668,4.394951820373535
2013-03-26,4.191950798034668,4.397553443908691
2013-03-27,4.153617858886719,4.397553443908691
2013-03-28,4.153617858886719,4.397553443908691
2013-04-01,4.065674304962158,4.306480407714844
2013-04-02,3.9912619590759277,4.204998970031738
2013-04-03,4.058909893035889,4.319491386413574
2013-04-04,3.993516683578491,4.23622465133667
2013-04-05,4.013811111450195,4.246632099151611
2013-04-08,3.9168484210968018,4.163364887237549
2013-04-09,4.0927348136901855,4.384544372558594
2013-04-10,4.153617858886719,4.423574924468994
2013-04-11,4.0566558837890625,4.3220930099487305
2013-04-12,4.049890995025635,4.2700514793396
2013-04-15,3.8852782249450684,4.072289943695068
2013-04-16,3.9912619590759277,4.150354385375977
2013-04-17,3.871748924255371,4.0202484130859375
2013-04-18,4.018320083618164,4.186783313751221
2013-04-19,4.146852970123291,4.355920314788818
2013-04-22,4.237052917480469,4.457402229309082
2013-04-23,4.311464786529541,4.579701900482178
2013-04-24,4.383622169494629,4.699398994445801
2013-04-25,4.3227386474609375,4.649959087371826
2013-04-26,4.3227386474609375,4.649959087371826
2013-04-29,4.604606628417969,4.985630035400391
2013-04-30,4.710111141204834,4.993436813354492
2013-05-02,4.747621536254883,5.009048938751221
2013-05-03,4.681976795196533,4.943996906280518
2013-05-06,4.766378879547119,5.0558857917785645
2013-05-07,4.834369659423828,5.097519397735596
2013-05-08,4.75700044631958,5.009048938751221
2013-05-09,4.759344577789307,5.019455909729004
2013-05-10,4.67963171005249,4.996038913726807
2013-05-13,4.5694403648376465,4.878942012786865
2013-05-14,4.583508014678955,4.891953945159912
2013-05-15,4.588197231292725,4.920576095581055
2013-05-16,4.630398273468018,4.894556522369385
2013-05-17,4.6632208824157715,4.967414379119873
2013-05-20,4.735899925231934,5.02986478805542
2013-05-21,4.747621536254883,5.042874336242676
2013-05-22,4.670253753662109,4.90236234664917
2013-05-23,4.656187057495117,4.865933418273926
2013-05-24,4.710111141204834,4.863331317901611
2013-05-27,4.672598838806152,4.826901435852051
2013-05-28,4.69838809967041,4.923178672790527
2013-05-29,4.653844356536865,4.873740196228027
2013-05-31,4.703075885772705,4.936189651489258
2013-06-03,4.75700044631958,4.949200630187988
2013-06-04,4.70542049407959,4.925782203674316
2013-06-05,4.553028583526611,4.709806442260742
2013-06-06,4.562407493591309,4.715012073516846
2013-06-07,4.417048454284668,4.584905624389648
2013-06-10,4.426425933837891,4.613527774810791
2013-06-11,4.344367504119873,4.478219985961914
2013-06-12,4.248241901397705,4.3507161140441895
2013-06-13,4.407668113708496,4.514649391174316
2013-06-14,4.302166938781738,4.301276683807373
2013-06-17,4.241209506988525,4.348113536834717
2013-06-18,4.180251121520996,4.2830610275268555
2013-06-19,4.032548904418945,4.176374912261963
2013-06-20,3.9598684310913086,4.176374912261963
2013-06-21,3.847332000732422,3.978616237640381
2013-06-24,3.730107307434082,3.838101387023926
2013-06-25,3.774653911590576,3.825092315673828
2013-06-26,3.786375045776367,3.8511130809783936
2013-06-27,3.840299606323242,3.8745312690734863
2013-06-28,3.791065216064453,3.8511130809783936
2013-07-01,3.779341220855713,3.830296516418457
2013-07-02,3.608193874359131,3.679372787475586
2013-07-03,3.727762460708618,3.754835844039917
2013-07-04,3.7418301105499268,3.791264295578003
2013-07-05,3.5519251823425293,3.559678077697754
2013-07-08,3.516756772994995,3.5414628982543945
2013-07-10,3.5753698348999023,3.5909018516540527
2013-07-11,3.694939613342285,3.8589179515838623
2013-07-12,3.6175718307495117,3.786060333251953
2013-07-15,3.6339833736419678,3.8355002403259277
2013-07-16,3.6925952434539795,3.895348310470581
2013-07-17,3.765275239944458,3.9942283630371094
2013-07-18,3.774653911590576,4.041067123413086
2013-07-19,3.746518611907959,4.048872470855713
2013-07-22,3.8215441703796387,4.111323356628418
2013-07-23,3.847332000732422,4.189385414123535
2013-07-24,3.842644214630127,4.152956962585449
2013-07-25,3.9481468200683594,4.2232136726379395
2013-07-26,3.9481468200683594,4.2232136726379395
2013-07-29,3.910634756088257,4.132140159606934
2013-07-30,3.8590550422668457,4.030657768249512
2013-07-31,3.8191988468170166,4.002033710479736
2013-08-01,3.9715914726257324,4.189385414123535
2013-08-02,3.941112995147705,4.163364887237549
2013-08-05,3.903599739074707,4.106119632720947
2013-08-06,3.81685471534729,3.9890241622924805
2013-08-07,3.8098208904266357,3.986421585083008
2013-08-08,3.903599739074707,4.113924503326416
2013-08-09,4.004412651062012,4.184181213378906
2013-08-12,3.891878843307495,4.121731281280518
2013-08-13,3.8379547595977783,4.121731281280518
2013-08-14,3.973935842514038,4.194589614868164
2013-08-15,4.180251121520996,4.441789627075195
2013-08-16,4.16853141784668,4.473016262054443
2013-08-19,4.180251121520996,4.405361175537109
2013-08-20,4.016137599945068,4.246632099151611
2013-08-21,4.065371990203857,4.296072959899902
2013-08-22,4.28106689453125,4.5250563621521
2013-08-23,4.349056243896484,4.553679466247559
2013-08-26,4.264654636383057,4.4600043296813965
2013-08-27,4.091160774230957,4.311684608459473
2013-08-28,4.0231709480285645,4.207601547241211
2013-08-29,3.9622135162353516,4.1555585861206055
2013-08-30,3.9833128452301025,4.176374912261963
2013-09-02,3.9622135162353516,4.202397346496582
2013-09-03,3.93407940864563,4.137343406677246
2013-09-04,3.950490951538086,4.204998970031738
2013-09-05,4.11226224899292,4.342911720275879
2013-09-06,4.163841247558594,4.384544372558594
2013-09-09,4.2599663734436035,4.501637935638428
2013-09-10,4.2998223304748535,4.553679466247559
2013-09-11,4.278722286224365,4.545872211456299
2013-09-12,4.184942722320557,4.387146472930908
2013-09-13,4.250586986541748,4.467812538146973
2013-09-16,4.3256120681762695,4.538067817687988
2013-09-17,4.344367504119873,4.579701900482178
2013-09-18,4.4311137199401855,4.644753456115723
2013-09-19,4.492071628570557,4.670773506164551
2013-09-20,4.440492630004883,4.610926628112793
2013-09-23,4.489727020263672,4.584905624389648
2013-09-24,4.400635719299316,4.527660369873047
2013-09-25,4.407668113708496,4.519853591918945
2013-09-26,4.358433723449707,4.530261039733887
2013-09-27,4.332645416259766,4.509446620941162
2013-09-30,4.304512023925781,4.4131669998168945
2013-10-01,4.374847412109375,4.512045383453369
2013-10-02,4.402980327606201,4.496433734893799
2013-10-03,4.346712589263916,4.467812538146973
2013-10-04,4.377190113067627,4.5250563621521
2013-10-07,4.365467548370361,4.501637935638428
2013-10-08,4.292788028717041,4.40275764465332
2013-10-09,4.236521244049072,4.379339218139648
2013-10-10,4.255277633666992,4.428779602050781
2013-10-11,4.243553161621094,4.423574924468994
2013-10-14,4.283410549163818,4.441789627075195
2013-10-15,4.318578243255615,4.462605953216553
2013-10-16,4.302166938781738,4.418370723724365
2013-10-17,4.269343376159668,4.426177978515625
2013-10-18,4.206042289733887,4.387146472930908
2013-10-21,4.426425933837891,4.603119850158691
2013-10-22,4.349056243896484,4.527660369873047
2013-10-23,4.2974772453308105,4.446995258331299
2013-10-24,4.276376724243164,4.439188480377197
2013-10-25,4.334990501403809,4.501637935638428
2013-10-28,4.6632208824157715,4.943996906280518
2013-10-29,4.6186747550964355,4.910167694091797
2013-10-30,4.67728853225708,4.933587074279785
2013-10-31,4.75700044631958,5.084510803222656
2013-11-01,4.656187057495117,4.954404830932617
2013-11-04,4.740589141845703,5.074100971221924
2013-11-05,4.747621536254883,5.048080921173096
2013-11-06,4.7851362228393555,5.100122451782227
2013-11-07,4.689008712768555,4.983026504516602
2013-11-08,4.604608058929443,4.878942012786865
2013-11-11,4.710111141204834,5.022059917449951
2013-11-12,4.583508014678955,4.842514514923096
2013-11-13,4.674942493438721,4.967414379119873
2013-11-14,4.794512748718262,5.100122451782227
2013-11-18,5.026618480682373,5.292677879333496
2013-11-19,4.949249744415283,5.214615345001221
2013-11-21,4.900015830993652,5.206809043884277
2013-11-22,4.846092224121094,5.1573686599731445
2013-11-25,4.773414134979248,5.061089992523193
2013-11-26,4.473316192626953,4.735828876495361
2013-11-27,4.447525978088379,4.743633270263672
2013-11-28,4.374847412109375,4.613527774810791
2013-11-29,4.482694625854492,4.767051696777344
2013-12-02,4.0700602531433105,4.272653579711914
2013-12-03,4.105228424072266,4.311684608459473
2013-12-04,4.093505382537842,4.306480407714844
2013-12-05,4.133362293243408,4.293469429016113
2013-12-06,4.039581775665283,4.202397346496582
2013-12-09,4.091160774230957,4.233623027801514
2013-12-10,4.05599308013916,4.194589614868164
2013-12-11,3.93407940864563,4.074893474578857
2013-12-12,3.9528350830078125,4.085301876068115
2013-12-13,4.037238121032715,4.152956962585449
2013-12-16,4.065371990203857,4.189385414123535
2013-12-17,3.938767671585083,4.0514750480651855
2013-12-18,3.9481468200683594,4.08790397644043
2013-12-19,4.044270992279053,4.176374912261963
2013-12-20,3.9645566940307617,4.111323356628418
2013-12-23,3.999724864959717,4.1295366287231445
2013-12-26,3.9669032096862793,4.111323356628418
2013-12-27,3.9692459106445312,4.1399455070495605
2013-12-30,4.004412651062012,4.160762786865234
2014-01-02,3.927046298980713,4.116527080535889
2014-01-03,3.8684325218200684,4.03325891494751
2014-01-06,3.8965671062469482,4.082698822021484
2014-01-07,3.78872013092041,3.9551970958709717
2014-01-08,3.795755386352539,3.957799196243286
2014-01-09,3.680873155593872,3.8511130809783936
2014-01-10,3.744175434112549,3.9057557582855225
2014-01-13,3.69728422164917,3.8276939392089844
2014-01-14,3.680873155593872,3.8120806217193604
2014-01-15,3.7605860233306885,3.934380054473877
2014-01-16,3.655082941055298,3.8276939392089844
2014-01-17,3.6363272666931152,3.801671266555786
2014-01-20,3.5589582920074463,3.721007823944092
2014-01-21,3.5964713096618652,3.734017848968506
2014-01-22,3.713696002960205,3.848510503768921
2014-01-23,3.626948833465576,3.760039806365967
2014-01-24,3.5402026176452637,3.6637611389160156
2014-01-27,3.5425467491149902,3.648148536682129
2014-01-28,3.5284807682037354,3.648148536682129
2014-01-29,3.469867467880249,3.577890634536743
2014-01-30,3.446422815322876,3.549268960952759
2014-01-31,3.446422815322876,3.5830957889556885
2014-02-03,3.2471394538879395,3.4087555408477783
2014-02-04,3.303408622741699,3.4529902935028076
2014-02-05,3.2424497604370117,3.3723249435424805
2014-02-06,3.331542491912842,3.460796594619751
2014-02-07,3.3878095149993896,3.5206453800201416
2014-02-10,3.425321102142334,3.5440635681152344
2014-02-11,3.5073792934417725,3.6507511138916016
2014-02-12,3.5073792934417725,3.642944097518921
2014-02-13,3.425321102142334,3.570084810256958
2014-02-14,3.4182887077331543,3.572687864303589
2014-02-17,3.3831214904785156,3.505033254623413
2014-02-18,3.3080971240997314,3.458195686340332
2014-02-19,3.329197406768799,3.4868180751800537
2014-02-20,3.319819927215576,3.476409912109375
2014-02-21,3.317473888397217,3.4868180751800537
2014-02-24,3.3995327949523926,3.549268960952759
2014-02-25,3.3245084285736084,3.4555935859680176
2014-02-26,3.2119715213775635,3.356713056564331
2014-02-27,3.2916853427886963,3.4686036109924316
2014-02-28,3.1861815452575684,3.380131959915161
2014-03-05,3.11584734916687,3.3072736263275146
2014-03-06,3.148670196533203,3.364518642425537
2014-03-07,3.1228809356689453,3.3046703338623047
2014-03-10,3.050201892852783,3.247424602508545
2014-03-11,3.07364559173584,3.247424602508545
2014-03-12,3.1228809356689453,3.2734456062316895
2014-03-13,3.0548899173736572,3.229210376739502
2014-03-14,2.996277093887329,3.148545265197754
2014-03-17,2.947042942047119,3.1277287006378174
2014-03-18,3.040822744369507,3.2188005447387695
2014-03-19,3.1275699138641357,3.3306925296783447
2014-03-20,3.2799618244171143,3.4946250915527344
2014-03-21,3.286996603012085,3.5128378868103027
2014-03-24,3.3807764053344727,3.627331495285034
2014-03-25,3.394843101501465,3.655954122543335
2014-03-26,3.376086950302124,3.5856969356536865
2014-03-27,3.6503939628601074,3.856316328048706
2014-03-28,3.671494960784912,3.9057557582855225
2014-03-31,3.6996283531188965,3.892746686935425
2014-04-01,3.706662654876709,3.916166305541992
2014-04-02,3.6480493545532227,3.934380054473877
2014-04-03,3.857869863510132,4.06067419052124
2014-04-04,3.8678901195526123,4.020201683044434
2014-04-07,4.123411178588867,4.276523590087891
2014-04-08,4.005671977996826,4.155107021331787
2014-04-09,3.970599889755249,4.10923957824707
2014-04-10,3.928014039993286,4.093050956726074
2014-04-11,4.0557756423950195,4.211768627166748
2014-04-14,3.9906420707702637,4.14431619644165
2014-04-15,3.8378286361694336,4.001314640045166
2014-04-16,3.953063726425171,4.06876802444458
2014-04-17,4.103371620178223,4.217164039611816
2014-04-22,3.998156785964966,4.1119384765625
2014-04-23,4.018197536468506,4.106541633605957
2014-04-24,4.040742874145508,4.125428676605225
2014-04-25,4.015692234039307,4.07956075668335
2014-04-28,4.148463249206543,4.222561359405518
2014-04-29,4.181028842926025,4.249542236328125
2014-04-30,4.148463249206543,4.230654239654541
2014-05-02,4.434046268463135,4.376353740692139
2014-05-05,4.401480197906494,4.424920082092285
2014-05-06,4.5693206787109375,4.600297927856445
2014-05-07,4.654496192932129,4.694731712341309
2014-05-08,4.479137897491455,4.538241386413574
2014-05-09,4.4265313148498535,4.495071887969971
2014-05-12,4.516714096069336,4.608392715454102
2014-05-13,4.499178886413574,4.597599983215332
2014-05-14,4.581847190856934,4.675846576690674
2014-05-15,4.516714096069336,4.594900608062744
2014-05-16,4.511703968048096,4.559825897216797
2014-05-19,4.49416971206665,4.540937900543213
2014-05-20,4.333841323852539,4.381750583648682
2014-05-21,4.373922348022461,4.441108226776123
2014-05-22,4.42903470993042,4.468089580535889
2014-05-23,4.434046268463135,4.478883266448975
2014-05-26,4.474127292633057,4.527448654174805
2014-05-27,4.3814377784729,4.427617073059082
2014-05-28,4.434046268463135,4.465392112731934
2014-05-29,4.333841323852539,4.379051685333252
2014-05-30,4.181028842926025,4.211768627166748
2014-06-02,4.145957946777344,4.225260257720947
2014-06-03,4.233636379241943,4.306201934814453
2014-06-04,4.158483982086182,4.249542236328125
2014-06-05,4.0883402824401855,4.176693439483643
2014-06-06,4.42903470993042,4.497768878936768
2014-06-09,4.526735305786133,4.559825897216797
2014-06-10,4.677041053771973,4.6326751708984375
2014-06-11,4.729649066925049,4.767581939697266
2014-06-13,4.757204532623291,4.816147804260254
2014-06-16,4.694575786590576,4.75678825378418
2014-06-17,4.589362144470215,4.665052890777588
2014-06-18,4.759710311889648,4.8350348472595215
2014-06-20,4.6845574378967285,4.7379021644592285
2014-06-23,4.584352493286133,4.654261112213135
2014-06-24,4.419015407562256,4.530147552490234
2014-06-25,4.3313374519348145,4.379051685333252
2014-06-26,4.3388519287109375,4.3709588050842285
2014-06-27,4.308790683746338,4.330485820770264
2014-06-30,4.3313374519348145,4.381750583648682
2014-07-01,4.3062849044799805,4.330485820770264
2014-07-02,4.288749694824219,4.34127950668335
2014-07-03,4.388953685760498,4.408731460571289
2014-07-04,4.383942127227783,4.406031608581543
2014-07-07,4.3388519287109375,4.352070331573486
2014-07-08,4.3413567543029785,4.354768753051758
2014-07-10,4.536755561828613,4.581410884857178
2014-07-11,4.5693206787109375,4.589506149291992
2014-07-14,4.784759998321533,4.764883518218994
2014-07-15,4.824842929840088,4.789167881011963
2014-07-16,4.837369918823242,4.816147804260254
2014-07-17,4.899997234344482,4.905184745788574
2014-07-18,5.140487194061279,5.172299861907959
2014-07-21,5.245701789855957,5.2532429695129395
2014-07-22,5.273258209228516,5.255941390991211
2014-07-23,5.072847843170166,5.129130840301514
2014-07-24,5.087879657745361,5.129130840301514
2014-07-25,5.132972240447998,5.191184997558594
2014-07-28,5.047799110412598,5.115639686584473
2014-07-29,4.915027141571045,4.972639560699463
2014-07-30,4.972646236419678,5.0400919914245605
2014-07-31,4.784759998321533,4.853921890258789
2014-08-01,4.759710311889648,4.81884765625
2014-08-04,4.897491931915283,4.929468631744385
2014-08-05,4.935067653656006,4.956450939178467
2014-08-06,5.087879657745361,5.1372246742248535
2014-08-07,5.047799110412598,5.072469234466553
2014-08-08,4.837369918823242,4.894392967224121
2014-08-11,5.045292854309082,5.064374923706055
2014-08-12,4.927552700042725,4.980732440948486
2014-08-13,4.682050704956055,4.724411487579346
2014-08-14,4.6595072746276855,4.716317653656006
2014-08-15,5.025251865386963,5.083261489868164
2014-08-18,5.110424518585205,5.148016452789307
2014-08-19,5.238186359405518,5.312601566314697
2014-08-20,5.350915431976318,5.428622722625732
2014-08-21,5.3358869552612305,5.423225402832031
2014-08-22,5.240691184997559,5.3206963539123535
2014-08-25,5.521263599395752,5.59860372543335
2014-08-26,5.471161842346191,5.571621894836426
2014-08-27,5.721672534942627,5.833338737487793
2014-08-28,5.721672534942627,5.787473678588867
2014-08-29,5.851936340332031,5.957454204559326
2014-09-01,5.969677925109863,6.065377235412598
2014-09-02,6.152552127838135,6.283926010131836
2014-09-03,5.9997406005859375,6.146321773529053
2014-09-04,5.709146499633789,5.854925632476807
2014-09-05,5.716663360595703,5.863018989562988
2014-09-08,5.436090469360352,5.58241605758667
2014-09-09,5.380977630615234,5.501471042633057
2014-09-10,5.24820613861084,5.369261264801025
2014-09-11,5.3133392333984375,5.431318759918213
2014-09-12,5.045292854309082,5.158809185028076
2014-09-15,5.155517578125,5.25054407119751
2014-09-16,5.398513317108154,5.479886531829834
2014-09-17,5.541304588317871,5.6282830238342285
2014-09-18,5.333381652832031,5.452904224395752
2014-09-19,5.238186359405518,5.355772018432617
2014-09-22,5.158022403717041,5.2343573570251465
2014-09-23,5.042787551879883,5.14262056350708
2014-09-24,5.067838668823242,5.1507158279418945
2014-09-25,4.9701409339904785,5.077864646911621
2014-09-26,5.245701789855957,5.347676753997803
2014-09-29,4.6595072746276855,4.789167881011963
2014-09-30,4.531745433807373,4.654261112213135
2014-10-01,4.2812347412109375,4.424920082092285
2014-10-02,4.333841323852539,4.476184844970703
2014-10-03,4.596879005432129,4.721713542938232
2014-10-06,5.107919216156006,5.180394172668457
2014-10-07,5.3133392333984375,5.382753372192383
2014-10-08,5.223155498504639,5.282924175262451
2014-10-09,5.310833930969238,5.3854498863220215
2014-10-10,5.022747039794922,5.072469234466553
2014-10-13,5.5438103675842285,5.59860372543335
2014-10-14,5.411038398742676,5.509566307067871
2014-10-15,5.047799110412598,5.131827354431152
2014-10-16,4.672031402587891,4.759488105773926
2014-10-17,4.782257080078125,4.905184745788574
2014-10-20,4.489157199859619,4.64616584777832
2014-10-21,4.233636379241943,4.414127826690674
2014-10-22,4.1609883308410645,4.330485820770264
2014-10-23,3.8854265213012695,4.06067419052124
2014-10-24,4.163494110107422,4.236051559448242
2014-10-27,3.637420177459717,3.7962582111358643
2014-10-28,3.765181541442871,3.9149749279022217
2014-10-29,3.5121653079986572,3.650559186935425
2014-10-30,3.587318181991577,3.7180118560791016
2014-10-31,3.8278098106384277,3.9527480602264404
2014-11-03,3.72009015083313,3.84482479095459
2014-11-04,3.712573766708374,3.84482479095459
2014-11-05,3.607358932495117,3.7395973205566406
2014-11-06,3.5221855640411377,3.6559548377990723
2014-11-07,3.574794054031372,3.7153141498565674
2014-11-10,3.5021448135375977,3.6181817054748535
2014-11-11,3.507154941558838,3.6397664546966553
2014-11-12,3.5347111225128174,3.653256893157959
2014-11-13,3.4069509506225586,3.5426347255706787
2014-11-14,3.306746244430542,3.448200225830078
2014-11-17,3.1564393043518066,3.272822618484497
2014-11-18,3.1188621520996094,3.221557378768921
2014-11-19,3.201530933380127,3.3078978061676025
2014-11-21,3.5823075771331787,3.677539825439453
2014-11-24,3.559762954711914,3.623577833175659
2014-11-25,3.5447311401367188,3.5831053256988525
2014-11-26,3.549741506576538,3.5804080963134766
2014-11-27,3.366868734359741,3.4401047229766846
2014-11-28,3.216562032699585,3.2863118648529053
2014-12-01,3.086296796798706,3.121727228164673
2014-12-02,3.048720121383667,3.092048406600952
2014-12-03,3.1839959621429443,3.2377471923828125
2014-12-04,3.0737712383270264,3.083953857421875
2014-12-05,3.051224708557129,3.0893497467041016
2014-12-08,2.883382797241211,2.8923864364624023
2014-12-09,2.8608362674713135,2.8465182781219482
2014-12-10,2.725560426712036,2.7278010845184326
2014-12-11,2.662932872772217,2.7089152336120605
2014-12-12,2.5527079105377197,2.5524234771728516
2014-12-15,2.269629716873169,2.298799991607666
2014-12-16,2.347287893295288,2.3473658561706543
2014-12-17,2.3723397254943848,2.4391024112701416
2014-12-18,2.3973910808563232,2.4337053298950195
2014-12-19,2.462523937225342,2.547027349472046
2014-12-22,2.597799301147461,2.6738383769989014
2014-12-23,2.7330758571624756,2.8330278396606445
2014-12-26,2.5852737426757812,2.6576502323150635
2014-12-29,2.575253486633301,2.663046360015869
2014-12-30,2.5126259326934814,2.587498903274536
2015-01-02,2.344783067703247,2.428309202194214
2015-01-05,2.1443748474121094,2.231346845626831
2015-01-06,2.0742316246032715,2.1746861934661865
2015-01-07,2.171931266784668,2.2799129486083984
2015-01-08,2.3122167587280273,2.4337053298950195
2015-01-09,2.3823604583740234,2.5065550804138184
2015-01-12,2.21451735496521,2.366252899169922
2015-01-13,2.277146100997925,2.382441759109497
2015-01-14,2.232053279876709,2.293403387069702
2015-01-15,2.3322575092315674,2.4957635402679443
2015-01-16,2.3648245334625244,2.490366220474243
2015-01-19,2.2971863746643066,2.3959319591522217
2015-01-20,2.3322575092315674,2.3986310958862305
2015-01-21,2.480059862136841,2.5524234771728516
2015-01-22,2.5627281665802,2.646857261657715
2015-01-23,2.5001003742218018,2.5686123371124268
2015-01-26,2.462523937225342,2.5740082263946533
2015-01-27,2.54018235206604,2.600990056991577
2015-01-28,2.2821552753448486,2.328479290008545
2015-01-29,2.171931266784668,2.285309314727783
2015-01-30,2.079241991043091,2.169290542602539
2015-02-02,2.201991558074951,2.312290906906128
2015-02-03,2.4975948333740234,2.6414620876312256
2015-02-04,2.5101211071014404,2.671140670776367
2015-02-05,2.462523937225342,2.6063859462738037
2015-02-06,2.2846603393554688,2.436404228210449
2015-02-09,2.3548033237457275,2.482271909713745
2015-02-10,2.232053279876709,2.382441759109497
2015-02-11,2.274639844894409,2.3878378868103027
2015-02-12,2.3673293590545654,2.5281403064727783
2015-02-13,2.5126259326934814,2.638763189315796
2015-02-18,2.5151312351226807,2.6846306324005127
2015-02-19,2.432462453842163,2.600990056991577
2015-02-20,2.414926528930664,2.5740082263946533
2015-02-23,2.379855155944824,2.53083872795105
2015-02-24,2.480059862136841,2.6279706954956055
2015-02-25,2.3548033237457275,2.5092527866363525
2015-02-26,2.3122167587280273,2.482271909713745
2015-02-27,2.3923799991607666,2.5578198432922363
2015-03-02,2.3598148822784424,2.503857374191284
2015-03-03,2.3973910808563232,2.565913677215576
2015-03-04,2.322237730026245,2.4687817096710205
2015-03-05,2.3147220611572266,2.4849703311920166
2015-03-06,2.317227363586426,2.452592372894287
2015-03-09,2.234558343887329,2.3716487884521484
2015-03-10,2.1343541145324707,2.244837760925293
2015-03-11,2.1894664764404297,2.285309314727783
2015-03-12,2.121828317642212,2.2340447902679443
2015-03-13,2.0892624855041504,2.1989693641662598
2015-03-16,2.101787805557251,2.225950241088867
2015-03-17,2.2195279598236084,2.350064277648926
2015-03-18,2.3047008514404297,2.452592372894287
2015-03-19,2.234558343887329,2.344667911529541
2015-03-20,2.3097121715545654,2.471479654312134
2015-03-23,2.337268829345703,2.487668752670288
2015-03-24,2.3598148822784424,2.4930646419525146
2015-03-25,2.4550082683563232,2.6225745677948
2015-03-26,2.337268829345703,2.490366220474243
2015-03-27,2.344783067703247,2.487668752670288
2015-03-30,2.432462453842163,2.587498903274536
2015-03-31,2.4199371337890625,2.584800958633423
2015-04-01,2.5702435970306396,2.7197067737579346
2015-04-02,2.677962303161621,2.8600096702575684
2015-04-06,2.6829731464385986,2.8546128273010254
2015-04-07,2.7355809211730957,2.9220657348632812
2015-04-08,2.6479012966156006,2.849216938018799
2015-04-09,2.9009175300598145,3.1136326789855957
2015-04-10,2.9585349559783936,3.1918795108795166
2015-04-13,3.0737712383270264,3.3510680198669434
2015-04-14,3.1213674545288086,3.359161376953125
2015-04-15,3.3418173789978027,3.623577833175659
2015-04-16,3.251633882522583,3.526444435119629
2015-04-17,3.244117498397827,3.5804080963134766
2015-04-20,3.274179220199585,3.5723133087158203
2015-04-22,3.256643533706665,3.591200113296509
2015-04-23,3.2240772247314453,3.7935593128204346
2015-04-24,3.3117547035217285,3.9662387371063232
2015-04-27,3.1363983154296875,3.677539825439453
2015-04-28,3.199026346206665,3.677539825439453
2015-04-29,3.2115519046783447,3.7045211791992188
2015-04-30,3.271674394607544,3.84482479095459
2015-05-04,3.454547643661499,4.0579752922058105
2015-05-05,3.614875316619873,4.225260257720947
2015-05-06,3.454547643661499,3.9959192276000977
2015-05-07,3.4219810962677,3.9527480602264404
2015-05-08,3.384404420852661,3.912276029586792
2015-05-11,3.449537754058838,3.9581451416015625
2015-05-12,3.4395179748535156,3.9662387371063232
2015-05-13,3.5021448135375977,4.02559757232666
2015-05-14,3.4821038246154785,3.9959192276000977
2015-05-15,3.5171754360198975,4.06067419052124
2015-05-18,3.4320011138916016,3.9500515460968018
2015-05-19,3.2290878295898438,3.7099173069000244
2015-05-20,3.216562032699585,3.6964266300201416
2015-05-21,3.376887798309326,3.8906915187835693
2015-05-22,3.274179220199585,3.804351329803467
2015-05-25,3.2140560150146484,3.731503963470459
2015-05-26,3.1038317680358887,3.60469126701355
2015-05-27,3.141408920288086,3.647861957550049
2015-05-28,3.1689648628234863,3.6721439361572266
2015-05-29,3.0888020992279053,3.5750114917755127
2015-06-01,3.0963170528411865,3.5750114917755127
2015-06-02,3.2265822887420654,3.7369000911712646
2015-06-03,3.2040367126464844,3.731503963470459
2015-06-05,3.1489243507385254,3.647861957550049
2015-06-08,3.1489243507385254,3.6559548377990723
2015-06-09,3.256643533706665,3.790860414505005
2015-06-10,3.276684522628784,3.8178422451019287
2015-06-11,3.2816948890686035,3.8178422451019287
2015-06-12,3.2616543769836426,3.825936794281006
2015-06-15,3.2591495513916016,3.8313324451446533
2015-06-16,3.3518385887145996,3.960843086242676
2015-06-17,3.2917160987854004,3.909578561782837
2015-06-18,3.3693737983703613,3.993220567703247
2015-06-19,3.2942216396331787,3.9149749279022217
2015-06-22,3.2992303371429443,3.9257678985595703
2015-06-23,3.2491281032562256,3.871805429458618
2015-06-24,3.3117547035217285,3.9446542263031006
2015-06-25,3.1564393043518066,3.77197527885437
2015-06-26,3.3092522621154785,3.9527480602264404
2015-06-29,3.219067096710205,3.790860414505005
2015-06-30,3.178985357284546,3.7854647636413574
2015-07-01,3.0462136268615723,3.647861957550049
2015-07-02,3.0938117504119873,3.680238723754883
2015-07-03,2.946009635925293,3.494068145751953
2015-07-06,2.883382797241211,3.4670863151550293
2015-07-07,2.9485161304473877,3.5507283210754395
2015-07-08,2.8708560466766357,3.5021612644195557
2015-07-10,2.9585349559783936,3.5804080963134766
2015-07-13,2.953526020050049,3.5804080963134766
2015-07-14,3.0036280155181885,3.645162582397461
2015-07-15,2.951019525527954,3.5561251640319824
2015-07-16,3.0036280155181885,3.5804080963134766
2015-07-17,2.8583316802978516,3.405029296875
2015-07-20,2.703014373779297,3.1999733448028564
2015-07-21,2.687983751296997,3.1972742080688477
2015-07-22,2.59529447555542,3.070462942123413
2015-07-23,2.5351719856262207,3.046180486679077
2015-07-24,2.5126259326934814,2.9922170639038086
2015-07-27,2.379855155944824,2.811443328857422
2015-07-28,2.5101211071014404,2.962538242340088
2015-07-29,2.680468797683716,3.183783531188965
2015-07-30,2.610325813293457,3.10823655128479
2015-07-31,2.6278610229492188,3.1244254112243652
2015-08-03,2.5126259326934814,2.962538242340088
2015-08-04,2.5451927185058594,2.9976143836975098
2015-08-05,2.507615804672241,2.9652364253997803
2015-08-06,2.5902841091156006,3.092048406600952
2015-08-07,2.4274518489837646,2.8627076148986816
2015-08-10,2.502605438232422,2.970632791519165
2015-08-11,2.5001003742218018,2.959839105606079
2015-08-12,2.4600188732147217,2.9760286808013916
2015-08-13,2.379855155944824,2.8546128273010254
2015-08-14,2.3297536373138428,2.7925565242767334
2015-08-17,2.2921762466430664,2.7520837783813477
2015-08-18,2.2520945072174072,2.7035186290740967
2015-08-19,2.1894664764404297,2.636065721511841
2015-08-20,2.176941156387329,2.6144802570343018
2015-08-21,2.079241991043091,2.482271909713745
2015-08-24,1.9765318632125854,2.3473658561706543
2015-08-25,1.9665120840072632,2.3959319591522217
2015-08-26,2.0366549491882324,2.4633848667144775
2015-08-27,2.234558343887329,2.7412917613983154
2015-08-28,2.2596096992492676,2.773669481277466
2015-08-31,2.302196502685547,2.865405321121216
2015-09-01,2.1518895626068115,2.6846306324005127
2015-09-02,2.209507703781128,2.7520837783813477
2015-09-03,2.194476842880249,2.7628767490386963
2015-09-04,2.1318488121032715,2.671140670776367
2015-09-08,2.164415121078491,2.7116127014160156
2015-09-09,2.101787805557251,2.6117820739746094
2015-09-10,1.9965734481811523,2.5119516849517822
2015-09-11,1.9189143180847168,2.3770453929901123
2015-09-14,1.9339450597763062,2.382441759109497
2015-09-15,1.9164098501205444,2.3554599285125732
2015-09-16,2.0391604900360107,2.5578198432922363
2015-09-17,1.9690169095993042,2.503857374191284
2015-09-18,1.903883457183838,2.404027223587036
2015-09-21,1.828730821609497,2.3257808685302734
2015-09-22,1.74606192111969,2.252931833267212
2015-09-23,1.7084851264953613,2.2286489009857178
2015-09-24,1.7435569763183594,2.2394416332244873
2015-09-25,1.7084851264953613,2.1800825595855713
2015-09-28,1.6132911443710327,2.069459915161133
2015-09-29,1.6508674621582031,2.118025779724121
2015-09-30,1.8137000799179077,2.304196357727051
2015-10-01,1.7585877180099487,2.2583277225494385
2015-10-02,1.946470856666565,2.4687817096710205
2015-10-05,1.9589968919754028,2.5362346172332764
2015-10-06,2.0516858100891113,2.668442964553833
2015-10-07,2.121828317642212,2.806046724319458
2015-10-08,2.1919710636138916,2.9004805088043213
2015-10-09,2.2044975757598877,2.889688491821289
2015-10-13,2.0366549491882324,2.654951572418213
2015-10-14,1.9940685033798218,2.579404592514038
2015-10-15,2.0040886402130127,2.6063859462738037
2015-10-16,1.9915626049041748,2.6171786785125732
2015-10-19,1.9915626049041748,2.609084367752075
2015-10-20,2.0166146755218506,2.6441597938537598
2015-10-21,1.9414609670639038,2.560516834259033
2015-10-22,2.009098768234253,2.638763189315796
2015-10-23,2.0015830993652344,2.6144802570343018
2015-10-26,1.9665120840072632,2.5928955078125
2015-10-27,1.903883457183838,2.4930646419525146
2015-10-28,1.9915626049041748,2.5362346172332764
2015-10-29,1.9063897132873535,2.5092527866363525
2015-10-30,1.9314405918121338,2.53083872795105
2015-11-03,2.124333381652832,2.849216938018799
2015-11-04,2.0241293907165527,2.668442964553833
2015-11-05,2.031644582748413,2.671140670776367
2015-11-06,1.9589968919754028,2.584800958633423
2015-11-09,1.9815424680709839,2.50115966796875
2015-11-10,1.9063897132873535,2.4849703311920166
2015-11-11,1.9339450597763062,2.4984607696533203
2015-11-12,1.8988741636276245,2.4337053298950195
2015-11-13,1.8212153911590576,2.3689510822296143
2015-11-16,1.928934931755066,2.53083872795105
2015-11-17,1.9439659118652344,2.541630744934082
2015-11-18,1.9589968919754028,2.5686123371124268
2015-11-19,1.964007019996643,2.565913677215576
2015-11-23,2.0241293907165527,2.6576502323150635
2015-11-24,2.1293435096740723,2.8195369243621826
2015-11-25,1.9790377616882324,2.6063859462738037
2015-11-26,1.9840476512908936,2.6171786785125732
2015-11-27,1.903883457183838,2.517347812652588
2015-11-30,1.9214202165603638,2.5389323234558105
2015-12-01,1.8763281106948853,2.4930646419525146
2015-12-02,1.8838430643081665,2.555121421813965
2015-12-03,1.999078392982483,2.6441597938537598
2015-12-04,1.8838430643081665,2.4633848667144775
2015-12-07,1.8011747598648071,2.3311777114868164
2015-12-08,1.7861435413360596,2.304196357727051
2015-12-09,1.9164098501205444,2.5524234771728516
2015-12-10,1.8663071393966675,2.482271909713745
2015-12-11,1.8162052631378174,2.3878378868103027
2015-12-14,1.8061844110488892,2.366252899169922
2015-12-15,1.8587923049926758,2.4552910327911377
2015-12-16,1.826225757598877,2.4148192405700684
2015-12-17,1.8036794662475586,2.379744052886963
2015-12-18,1.7585877180099487,2.336574077606201
2015-12-21,1.6633933782577515,2.2421393394470215
2015-12-22,1.7009706497192383,2.304196357727051
2015-12-23,1.7360414266586304,2.3959319591522217
2015-12-28,1.6784242391586304,2.32308292388916
2015-12-29,1.6759192943572998,2.312290906906128
2015-12-30,1.6784242391586304,2.312290906906128
2016-01-04,1.7210108041763306,2.3392717838287354
2016-01-05,1.673413872718811,2.2799129486083984
2016-01-06,1.6032710075378418,2.1746861934661865
2016-01-07,1.5681991577148438,2.1126301288604736
2016-01-08,1.570704460144043,2.1207234859466553
2016-01-11,1.5256123542785645,2.0451762676239014
2016-01-12,1.3853261470794678,1.8886851072311401
2016-01-13,1.3201929330825806,1.8347232341766357
2016-01-14,1.425407886505127,1.9507420063018799
2016-01-15,1.2951420545578003,1.8104398250579834
2016-01-18,1.2024531364440918,1.6998169422149658
2016-01-19,1.1673815250396729,1.6593446731567383
2016-01-20,1.1097639799118042,1.5999866724014282
2016-01-21,1.1273000240325928,1.6971187591552734
2016-01-22,1.104753851890564,1.6755340099334717
2016-01-26,1.052146077156067,1.6080806255340576
2016-01-27,1.1448357105255127,1.764572262763977
2016-01-28,1.1523504257202148,1.7591757774353027
2016-01-29,1.2124735116958618,1.8697986602783203
2016-02-01,1.1824122667312622,1.7753641605377197
2016-02-02,1.0771976709365845,1.624268889427185
2016-02-03,1.1247947216033936,1.6674392223358154
2016-02-04,1.1849173307418823,1.799647331237793
2016-02-05,1.1373199224472046,1.724100112915039
2016-02-10,1.0797024965286255,1.651250958442688
2016-02-11,1.059661865234375,1.5945900678634644
2016-02-12,1.1147741079330444,1.7025146484375
2016-02-15,1.1448357105255127,1.7348922491073608
2016-02-16,1.1122690439224243,1.6971187591552734
2016-02-17,1.1723915338516235,1.82932710647583
2016-02-18,1.1498459577560425,1.7807607650756836
2016-02-19,1.1172791719436646,1.721401572227478
2016-02-22,1.2625759840011597,1.9993083477020264
2016-02-23,1.2325143814086914,1.9102702140808105
2016-02-24,1.2199888229370117,1.8967796564102173
2016-02-25,1.2249993085861206,1.883289098739624
2016-02-26,1.2199888229370117,1.8590059280395508
2016-02-29,1.2876267433166504,1.9831193685531616
2016-03-01,1.3302136659622192,2.042478322982788
2016-03-02,1.4153878688812256,2.1854794025421143
2016-03-03,1.6458580493927002,2.4579885005950928
2016-03-04,1.8086894750595093,2.6927249431610107
2016-03-07,1.8462661504745483,2.6738383769989014
2016-03-08,1.8713172674179077,2.603687047958374
2016-03-09,1.903883457183838,2.579404592514038
2016-03-10,1.9915626049041748,2.646857261657715
2016-03-11,2.026634931564331,2.722404718399048
2016-03-14,1.8537819385528564,2.5740082263946533
2016-03-15,1.6558773517608643,2.404027223587036
2016-03-16,1.811194896697998,2.5901970863342285
2016-03-17,2.029139757156372,2.8168389797210693
2016-03-18,2.0341501235961914,2.7790653705596924
2016-03-21,2.0191190242767334,2.7655749320983887
2016-03-22,2.031644582748413,2.827632188796997
2016-03-23,1.9489758014678955,2.676536798477173
2016-03-24,1.956491470336914,2.6954240798950195
2016-03-28,2.114313840866089,2.8681037425994873
2016-03-29,2.1268389225006104,2.8681037425994873
2016-03-30,2.114313840866089,2.8869900703430176
2016-03-31,2.081747055053711,2.8681037425994873
2016-04-01,2.0942721366882324,2.8411221504211426
2016-04-04,1.8888533115386963,2.5901970863342285
2016-04-05,1.9539861679077148,2.6495559215545654
2016-04-06,1.8988741636276245,2.625272035598755
2016-04-07,1.928934931755066,2.6819326877593994
2016-04-08,2.0692217350006104,2.8303298950195312
2016-04-11,2.101787805557251,2.811443328857422
2016-04-12,2.264620542526245,3.0623695850372314
2016-04-13,2.377350091934204,3.1918795108795166
2016-04-14,2.2946810722351074,3.0947463512420654
2016-04-15,2.4274518489837646,3.2242558002471924
2016-04-18,2.3147220611572266,3.1756906509399414
2016-04-19,2.407411813735962,3.334878444671631
2016-04-20,2.374844551086426,3.329482078552246
2016-04-22,2.44248366355896,3.480577230453491
2016-04-25,2.337268829345703,3.334878444671631
2016-04-26,2.4224417209625244,3.448200225830078
2016-04-27,2.5677380561828613,3.6154825687408447
2016-04-28,2.5627281665802,3.6613521575927734
2016-04-29,2.5627281665802,3.5804080963134766
2016-05-02,2.5476977825164795,3.5804080963134766
2016-05-03,2.449998617172241,3.4589920043945312
2016-05-04,2.4850704669952393,3.4967668056488037
2016-05-05,2.4575135707855225,3.410426139831543
2016-05-06,2.5251519680023193,3.4886720180511475
2016-05-09,2.374844551086426,3.2566332817077637
2016-05-10,2.557717800140381,3.4670863151550293
2016-05-11,2.5677380561828613,3.4832751750946045
2016-05-12,2.4525036811828613,3.4293129444122314
2016-05-13,2.3698346614837646,3.2701239585876465
2016-05-16,2.44248366355896,3.3834447860717773
2016-05-17,2.379855155944824,3.3456714153289795
2016-05-18,2.3347630500793457,3.2404446601867676
2016-05-19,2.2445785999298096,3.1055386066436768
2016-05-20,2.229548215866089,3.056971788406372
2016-05-23,2.1293435096740723,2.978727102279663
2016-05-24,2.1368589401245117,2.9922170639038086
2016-05-25,2.171931266784668,2.994915723800659
2016-05-27,2.0617055892944336,2.8303298950195312
2016-05-30,2.09928297996521,2.8546128273010254
2016-05-31,2.0141091346740723,2.7466893196105957
2016-06-01,2.049180746078491,2.8087449073791504
2016-06-02,2.08425235748291,2.8869900703430176
2016-06-03,2.1468801498413086,2.9166693687438965
2016-06-06,2.11932373046875,2.9139721393585205
2016-06-07,2.159404993057251,3.0030088424682617
2016-06-08,2.3522984981536865,3.251237154006958
2016-06-09,2.299691915512085,3.170293092727661
2016-06-10,2.1994874477386475,2.9760286808013916
2016-06-13,2.159404993057251,2.919368028640747
2016-06-14,2.079241991043091,2.827632188796997
2016-06-15,2.1318488121032715,2.870802164077759
2016-06-16,2.1293435096740723,2.905877113342285
2016-06-17,2.242074489593506,3.0731608867645264
2016-06-20,2.299691915512085,3.1648967266082764
2016-06-21,2.3873701095581055,3.221557378768921
2016-06-22,2.3397727012634277,3.143312454223633
2016-06-23,2.4224417209625244,3.251237154006958
2016-06-24,2.317227363586426,3.083953857421875
2016-06-27,2.1994874477386475,2.9139721393585205
2016-06-28,2.3047008514404297,3.0353875160217285
2016-06-29,2.379855155944824,3.121727228164673
2016-06-30,2.3598148822784424,3.1055386066436768
2016-07-01,2.4600188732147217,3.2539350986480713
2016-07-04,2.4725444316864014,3.243142604827881
2016-07-05,2.3272480964660645,3.0596704483032227
2016-07-06,2.379855155944824,3.154104471206665
2016-07-07,2.394886016845703,3.229652166366577
2016-07-08,2.465028762817383,3.3186893463134766
2016-07-11,2.59529447555542,3.4778800010681152
2016-07-12,2.6679434776306152,3.585803985595703
2016-07-13,2.662932872772217,3.5048601627349854
2016-07-14,2.738085985183716,3.5938992500305176
2016-07-15,2.760631799697876,3.566917657852173
2016-07-18,2.8934035301208496,3.6856346130371094
2016-07-19,2.951019525527954,3.731503963470459
2016-07-20,2.9610402584075928,3.682936906814575
2016-07-21,2.9685561656951904,3.723409414291382
2016-07-22,2.9911015033721924,3.7099173069000244
2016-07-25,3.013648509979248,3.712615966796875
2016-07-26,2.9760725498199463,3.7072196006774902
2016-07-27,2.883382797241211,3.6694464683532715
2016-07-28,2.865846633911133,3.599294662475586
2016-07-29,2.9735658168792725,3.7800681591033936
2016-08-01,2.818248987197876,3.5588228702545166
2016-08-02,2.8458051681518555,3.499464750289917
2016-08-03,2.981081247329712,3.6559548377990723
2016-08-04,3.0086379051208496,3.6613521575927734
2016-08-05,2.9184536933898926,3.577709197998047
2016-08-08,2.9835870265960693,3.7099173069000244
2016-08-09,2.9760725498199463,3.691030979156494
2016-08-10,2.8959078788757324,3.5507283210754395
2016-08-11,3.0311837196350098,3.691030979156494
2016-08-12,3.0061326026916504,3.753087282180786
2016-08-15,3.0837910175323486,3.917673110961914
2016-08-16,3.1288833618164062,3.9554474353790283
2016-08-17,3.1965208053588867,4.022899627685547
2016-08-18,3.2265822887420654,4.095749855041504
2016-08-19,3.2040367126464844,4.063372611999512
2016-08-22,3.0938117504119873,3.9041824340820312
2016-08-23,3.1739745140075684,4.028296947479248
2016-08-24,3.106336832046509,3.9500515460968018
2016-08-25,3.1389026641845703,4.006711006164551
2016-08-26,3.1439146995544434,4.036391258239746
2016-08-29,3.2240772247314453,4.098447322845459
2016-08-30,3.2791895866394043,4.095749855041504
2016-08-31,3.219067096710205,3.97703218460083
2016-09-01,3.256643533706665,4.0121073722839355
2016-09-02,3.399435520172119,4.217164039611816
2016-09-05,3.4645676612854004,4.338581085205078
2016-09-06,3.5021448135375977,4.316996097564697
2016-09-08,3.5622684955596924,4.4222211837768555
2016-09-09,3.384404420852661,4.182089805603027
2016-09-12,3.494629144668579,4.325089931488037
2016-09-13,3.2591495513916016,3.9959192276000977
2016-09-14,3.2841999530792236,4.030994415283203
2016-09-15,3.384404420852661,4.125428676605225
2016-09-16,3.296725273132324,4.020201683044434
2016-09-19,3.2691688537597656,4.017503261566162
2016-09-20,3.38189959526062,4.06067419052124
2016-09-21,3.4219810962677,4.138919830322266
2016-09-22,3.507154941558838,4.192882537841797
2016-09-23,3.429497480392456,4.039089202880859
2016-09-26,3.3568484783172607,3.9662387371063232
2016-09-27,3.2867050170898438,3.9527480602264404
2016-09-28,3.469578742980957,4.136220932006836
2016-09-29,3.364363431930542,4.066070079803467
2016-09-30,3.399435520172119,4.084956645965576
2016-10-03,3.4996395111083984,4.206372261047363
2016-10-04,3.5121653079986572,4.211768627166748
2016-10-05,3.652451515197754,4.343975067138672
2016-10-06,3.782717227935791,4.5328450202941895
2016-10-07,3.8227994441986084,4.57331657409668
2016-10-10,3.940538167953491,4.719015598297119
2016-10-11,3.8553659915924072,4.608392715454102
2016-10-13,3.9480538368225098,4.721713542938232
2016-10-14,4.073309898376465,4.829638481140137
2016-10-17,4.233636379241943,4.96724271774292
2016-10-18,4.363903999328613,5.069770812988281
2016-10-19,4.414004802703857,5.123734951019287
2016-10-20,4.444066524505615,5.115639686584473
2016-10-21,4.496673583984375,5.212771892547607
2016-10-24,4.559300899505615,5.2289605140686035
2016-10-25,4.509200096130371,5.118335723876953
2016-10-26,4.534249305725098,5.1830925941467285
2016-10-27,4.531745433807373,5.19388484954834
2016-10-28,4.531745433807373,5.161508083343506
2016-10-31,4.431541919708252,5.029299259185791
2016-11-01,4.223616123199463,4.837732791900635
2016-11-03,4.040742874145508,4.6326751708984375
2016-11-04,4.005671977996826,4.627278804779053
2016-11-07,4.3112945556640625,4.942959308624268
2016-11-08,4.268708229064941,4.878204822540283
2016-11-09,4.171008110046387,4.924072265625
2016-11-10,3.8829219341278076,4.678543567657471
2016-11-11,3.509659767150879,4.406031608581543
2016-11-14,3.507154941558838,4.3898444175720215
2016-11-16,3.6925323009490967,4.57331657409668
2016-11-17,3.579802989959717,4.441108226776123
2016-11-18,3.637420177459717,4.430315971374512
2016-11-21,3.9029619693756104,4.65695858001709
2016-11-22,3.9906420707702637,4.77297830581665
2016-11-23,3.970599889755249,4.802657127380371
2016-11-24,3.9029619693756104,4.7379021644592285
2016-11-25,3.832819700241089,4.743297576904297
2016-11-28,3.872901439666748,4.75678825378418
2016-11-29,3.6724917888641357,4.505863666534424
2016-11-30,4.008177280426025,4.983430862426758
2016-12-01,3.8678901195526123,4.913279056549072
2016-12-02,3.965590000152588,5.031997203826904
2016-12-05,3.923003673553467,4.862015724182129
2016-12-06,4.04575252532959,5.021204471588135
2016-12-07,3.973104953765869,4.942959308624268
2016-12-08,3.9330241680145264,4.953752517700195
2016-12-09,3.9029619693756104,4.9078826904296875
2016-12-12,3.9079723358154297,4.951053619384766
2016-12-13,3.870396375656128,4.918676853179932
2016-12-14,3.6925323009490967,4.745996475219727
2016-12-15,3.72009015083313,4.702826976776123
2016-12-16,3.6975433826446533,4.64616584777832
2016-12-19,3.597337484359741,4.497768878936768
2016-12-20,3.5948328971862793,4.489675521850586
2016-12-21,3.5923285484313965,4.465392112731934
2016-12-22,3.509659767150879,4.411429405212402
2016-12-23,3.567277431488037,4.470788478851318
2016-12-26,3.6123688220977783,4.5139570236206055
2016-12-27,3.6098639965057373,4.503166198730469
2016-12-28,3.7025530338287354,4.581410884857178
2016-12-29,3.7251009941101074,4.570618629455566
2017-01-02,3.6724917888641357,4.459994792938232
2017-01-03,3.8829219341278076,4.743297576904297
2017-01-04,3.8829219341278076,4.6866374015808105
2017-01-05,3.9455487728118896,4.791863918304443
2017-01-06,3.923003673553467,4.719015598297119
2017-01-09,3.840334892272949,4.673148155212402
2017-01-10,3.877911329269409,4.751391887664795
2017-01-11,3.923003673553467,4.870110511779785
2017-01-12,3.9831252098083496,4.951053619384766
2017-01-13,3.928014039993286,4.9159770011901855
2017-01-16,3.9455487728118896,4.924072265625
2017-01-17,3.9630849361419678,4.902489185333252
2017-01-18,3.9555699825286865,4.864713668823242
2017-01-19,3.950559139251709,4.837732791900635
2017-01-20,4.008177280426025,4.810751914978027
2017-01-23,4.005671977996826,4.851222515106201
2017-01-24,4.018197536468506,4.783770561218262
2017-01-26,3.958075523376465,4.692033767700195
2017-01-27,3.912982940673828,4.608392715454102
2017-01-30,3.7175846099853516,4.354768753051758
2017-01-31,3.762676239013672,4.368258953094482
2017-02-01,3.762676239013672,4.349372386932373
2017-02-02,3.730109214782715,4.290012836456299
2017-02-03,3.8428404331207275,4.408731460571289
2017-02-06,3.747645378112793,4.308899879455566
2017-02-07,3.6825127601623535,4.254939556121826
2017-02-08,3.782717227935791,4.343975067138672
2017-02-09,3.7701923847198486,4.306201934814453
2017-02-10,3.9029619693756104,4.411429405212402
2017-02-13,3.912982940673828,4.468089580535889
2017-02-14,3.9630849361419678,4.535543918609619
2017-02-15,3.968095302581787,4.5490336418151855
2017-02-16,3.973104953765869,4.57871150970459
2017-02-17,3.9104771614074707,4.511260986328125
2017-02-20,3.9881370067596436,4.608392715454102
2017-02-21,4.0307230949401855,4.629976272583008
2017-02-22,3.9330241680145264,4.478883266448975
2017-02-23,3.897951602935791,4.446504592895508
2017-02-24,3.802757740020752,4.306201934814453
2017-03-01,3.8879318237304688,4.4330153465271
2017-03-02,3.785222053527832,4.276523590087891
2017-03-03,3.8378286361694336,4.303503513336182
2017-03-06,3.782717227935791,4.2846174240112305
2017-03-07,3.802757740020752,4.2846174240112305
2017-03-08,3.644937038421631,4.020201683044434
2017-03-09,3.6324105262756348,3.9959192276000977
2017-03-10,3.5848138332366943,3.990522623062134
2017-03-13,3.5998435020446777,4.028296947479248
2017-03-14,3.404444456100464,3.8772010803222656
2017-03-15,3.5572571754455566,3.979729652404785
2017-03-16,3.4345061779022217,3.879899501800537
2017-03-17,3.296725273132324,3.7369000911712646
2017-03-20,3.4069509506225586,3.825936794281006
2017-03-21,3.256643533706665,3.6964266300201416
2017-03-22,3.4219810962677,3.8178422451019287
2017-03-23,3.399435520172119,3.8151438236236572
2017-03-24,3.376887798309326,3.8232388496398926
2017-03-27,3.449537754058838,3.8933894634246826
2017-03-28,3.494629144668579,3.960843086242676
2017-03-29,3.619884490966797,4.090352535247803
2017-03-30,3.619884490966797,4.074164867401123
2017-03-31,3.6299049854278564,4.087655544281006
2017-04-03,3.674997329711914,4.1335225105285645
2017-04-04,3.72009015083313,4.163201332092285
2017-04-05,3.6499454975128174,4.136220932006836
2017-04-06,3.6399269104003906,4.1227312088012695
2017-04-07,3.6825127601623535,4.147013187408447
2017-04-10,3.7426345348358154,4.217164039611816
2017-04-11,3.6775035858154297,4.114634990692139
2017-04-12,3.669987201690674,4.098447322845459
2017-04-13,3.527195692062378,3.9149749279022217
2017-04-17,3.577296733856201,3.9527480602264404
2017-04-18,3.5322070121765137,3.9014840126037598
2017-04-19,3.4069509506225586,3.790860414505005
2017-04-20,3.477092981338501,3.8502185344696045
2017-04-24,3.5146701335906982,3.8825979232788086
2017-04-25,3.5923285484313965,3.960843086242676
2017-04-26,3.507154941558838,3.8906915187835693
2017-04-27,3.4395179748535156,3.8313324451446533
2017-04-28,3.4996395111083984,3.8745033740997314
2017-05-02,3.5046489238739014,3.8745033740997314
2017-05-03,3.5472371578216553,3.898787021636963
2017-05-04,3.4069509506225586,3.7935593128204346
2017-05-05,3.559762954711914,3.9959192276000977
2017-05-08,3.527195692062378,3.9716360569000244
2017-05-09,3.5422275066375732,4.014805316925049
2017-05-10,3.6900277137756348,4.1416168212890625
2017-05-11,3.712573766708374,4.1335225105285645
2017-05-12,3.870396375656128,4.298108100891113
2017-05-15,3.928014039993286,4.368258953094482
2017-05-16,3.9330241680145264,4.368258953094482
2017-05-17,3.9104771614074707,4.343975067138672
2017-05-18,3.2942216396331787,3.8502185344696045
2017-05-19,3.4119606018066406,3.8879940509796143
2017-05-22,3.3568484783172607,3.8610124588012695
2017-05-23,3.3793931007385254,3.8906915187835693
2017-05-24,3.5196802616119385,3.9959192276000977
2017-05-25,3.442021608352661,3.9014840126037598
2017-05-26,3.426992177963257,3.9257678985595703
2017-05-29,3.426992177963257,3.9257678985595703
2017-05-30,3.346827745437622,3.8232388496398926
2017-05-31,3.2466230392456055,3.674842357635498
2017-06-01,3.2115519046783447,3.653256893157959
2017-06-02,3.2691688537597656,3.7072196006774902
2017-06-05,3.3017349243164062,3.77197527885437
2017-06-06,3.3017349243164062,3.7746732234954834
2017-06-07,3.2240772247314453,3.691030979156494
2017-06-08,3.216562032699585,3.6964266300201416
2017-06-09,3.219067096710205,3.7180118560791016
2017-06-12,3.231593132019043,3.7180118560791016
2017-06-13,3.2416133880615234,3.742295265197754
2017-06-14,3.161449432373047,3.653256893157959
2017-06-15,3.161449432373047,3.653256893157959
2017-06-16,3.0762760639190674,3.6397664546966553
2017-06-19,3.07878041267395,3.5965964794158936
2017-06-20,2.971061944961548,3.51025652885437
2017-06-21,2.9159488677978516,3.448200225830078
2017-06-22,3.016153335571289,3.5210494995117188
2017-06-23,2.9885964393615723,3.4778800010681152
2017-06-26,3.0737712383270264,3.531841993331909
2017-06-27,3.0587399005889893,3.5048601627349854
2017-06-28,3.0261738300323486,3.4751803874969482
2017-06-29,3.051224708557129,3.51025652885437
2017-06-30,3.0988216400146484,3.561521530151367
2017-07-03,3.0963170528411865,3.5831053256988525
2017-07-04,3.1138522624969482,3.5938992500305176
2017-07-05,3.0587399005889893,3.523746967315674
2017-07-06,3.048720121383667,3.4886720180511475
2017-07-07,2.9885964393615723,3.4212193489074707
2017-07-10,3.00112247467041,3.426614999771118
2017-07-11,3.0888020992279053,3.526444435119629
2017-07-12,3.2416133880615234,3.6640491485595703
2017-07-13,3.2240772247314453,3.6559548377990723
2017-07-14,3.2691688537597656,3.674842357635498
2017-07-17,3.2290878295898438,3.628973960876465
2017-07-18,3.2416133880615234,3.6694464683532715
2017-07-19,3.3142611980438232,3.734201192855835
2017-07-20,3.2816948890686035,3.677539825439453
2017-07-21,3.178985357284546,3.585803985595703
2017-07-24,3.2265822887420654,3.623577833175659
2017-07-25,3.3117547035217285,3.7153141498565674
2017-07-26,3.271674394607544,3.653256893157959
2017-07-27,3.256643533706665,3.6721439361572266
2017-07-28,3.289210557937622,3.680238723754883
2017-07-31,3.3292925357818604,3.723409414291382
2017-08-01,3.2867050170898438,3.691030979156494
2017-08-02,3.384404420852661,3.7854647636413574
2017-08-03,3.3343021869659424,3.728804111480713
2017-08-04,3.3568484783172607,3.7503888607025146
2017-08-07,3.3944251537323,3.7827675342559814
2017-08-08,3.3793931007385254,3.7503888607025146
2017-08-09,3.3869104385375977,3.7692770957946777
2017-08-10,3.3042407035827637,3.674842357635498
2017-08-11,3.244117498397827,3.645162582397461
2017-08-14,3.276684522628784,3.6694464683532715
2017-08-15,3.2942216396331787,3.674842357635498
2017-08-16,3.289210557937622,3.6640491485595703
2017-08-17,3.2691688537597656,3.6694464683532715
2017-08-18,3.4069509506225586,3.7881627082824707
2017-08-21,3.3418173789978027,3.723409414291382
2017-08-22,3.454547643661499,3.8610124588012695
2017-08-23,3.4470314979553223,3.863710403442383
2017-08-24,3.4570529460906982,3.8852968215942383
2017-08-25,3.477092981338501,3.9068808555603027
2017-08-28,3.474588632583618,3.8852968215942383
2017-08-29,3.469578742980957,3.8583147525787354
2017-08-30,3.3693737983703613,3.7449936866760254
2017-08-31,3.419475793838501,3.7692770957946777
2017-09-01,3.5121653079986572,3.939258575439453
2017-09-04,3.549741506576538,3.9716360569000244
2017-09-05,3.6098639965057373,4.006711006164551
2017-09-06,3.762676239013672,4.182089805603027
2017-09-07,3.762676239013672,4.182089805603027
2017-09-08,3.685016632080078,4.098447322845459
2017-09-11,3.7551610469818115,4.1874847412109375
2017-09-12,3.7251009941101074,4.155107021331787
2017-09-13,3.765181541442871,4.230654239654541
2017-09-14,3.767686128616333,4.222561359405518
2017-09-15,3.767686128616333,4.203673839569092
2017-09-18,3.767686128616333,4.244146347045898
2017-09-19,3.7927374839782715,4.257636547088623
2017-09-20,3.9756107330322266,4.4195237159729
2017-09-21,3.9255075454711914,4.365562438964844
2017-09-22,3.9305179119110107,4.3709588050842285
2017-09-25,3.968095302581787,4.4033355712890625
2017-09-26,3.897951602935791,4.354768753051758
2017-09-27,3.835325241088867,4.2846174240112305
2017-09-28,3.8428404331207275,4.29271125793457
2017-09-29,3.832819700241089,4.265731334686279
2017-10-02,3.857869863510132,4.290012836456299
2017-10-03,4.003166198730469,4.489675521850586
2017-10-04,3.923003673553467,4.400637149810791
2017-10-05,3.9831252098083496,4.470788478851318
2017-10-06,3.9305179119110107,4.416824817657471
2017-10-09,3.9806201457977295,4.446504592895508
2017-10-10,4.0557756423950195,4.511260986328125
2017-10-11,4.0282182693481445,4.489675521850586
2017-10-12,4.0282182693481445,4.489675521850586
2017-10-13,4.0282182693481445,4.47348690032959
2017-10-16,4.038238048553467,4.489675521850586
2017-10-17,4.040742874145508,4.4815802574157715
2017-10-18,4.0482587814331055,4.4815802574157715
2017-10-19,4.04575252532959,4.451900482177734
2017-10-20,4.063289165496826,4.465392112731934
2017-10-23,4.058279514312744,4.451900482177734
2017-10-24,4.135937690734863,4.546335697174072
2017-10-25,4.188544273376465,4.5922040939331055
2017-10-26,4.191050052642822,4.613788604736328
2017-10-27,4.266204357147217,4.694731712341309
2017-10-30,4.203575611114502,4.681241035461426
2017-10-31,4.201070785522461,4.700128555297852
2017-11-01,4.233636379241943,4.732505798339844
2017-11-02,4.233636379241943,4.732505798339844
2017-11-03,4.243656635284424,4.778373718261719
2017-11-06,4.366408348083496,4.883599758148193
2017-11-07,4.133432388305664,4.659656524658203
2017-11-08,4.2461628913879395,4.786468505859375
2017-11-09,4.188544273376465,4.721713542938232
2017-11-10,4.188544273376465,4.729808330535889
2017-11-13,4.16850471496582,4.716317653656006
2017-11-14,3.8453447818756104,4.330485820770264
2017-11-15,3.8453447818756104,4.330485820770264
2017-11-16,3.9605801105499268,4.411429405212402
2017-11-17,4.013186931610107,4.4572978019714355
2017-11-20,4.013186931610107,4.4572978019714355
2017-11-21,3.9831252098083496,4.414127826690674
2017-11-22,4.035733222961426,4.451900482177734
2017-11-23,4.0557756423950195,4.489675521850586
2017-11-24,4.033229351043701,4.465392112731934
2017-11-27,3.9756107330322266,4.4033355712890625
2017-11-28,3.968095302581787,4.392542839050293
2017-11-29,3.840334892272949,4.29271125793457
2017-11-30,3.852860450744629,4.303503513336182
2017-12-01,3.9104771614074707,4.346674919128418
2017-12-04,3.877911329269409,4.34127950668335
2017-12-05,3.835325241088867,4.29541015625
2017-12-06,3.8879318237304688,4.316996097564697
2017-12-07,3.8227994441986084,4.279221057891846
2017-12-08,3.8453447818756104,4.287315845489502
2017-12-11,3.852860450744629,4.308899879455566
2017-12-12,3.880415678024292,4.368258953094482
2017-12-13,3.802757740020752,4.300806045532227
2017-12-14,3.760171890258789,4.265731334686279
2017-12-15,3.745140552520752,4.198277950286865
2017-12-18,3.812779426574707,4.273824691772461
2017-12-19,3.7927374839782715,4.252240180969238
2017-12-20,3.8177878856658936,4.306201934814453
2017-12-21,3.973104953765869,4.492372512817383
2017-12-22,3.9455487728118896,4.476184844970703
2017-12-25,3.9455487728118896,4.476184844970703
2017-12-26,4.000662326812744,4.505863666534424
2017-12-27,4.020702362060547,4.522053241729736
2017-12-28,4.033229351043701,4.562523365020752
2017-12-29,4.033229351043701,4.562523365020752
2018-01-02,4.145957946777344,4.675846576690674
2018-01-03,4.183534145355225,4.735202789306641
2018-01-04,4.191050052642822,4.7756757736206055
2018-01-05,4.21610164642334,4.813449859619141
2018-01-08,4.266204357147217,4.888998508453369
2018-01-09,4.266204357147217,4.888998508453369
2018-01-10,4.208584308624268,4.797262191772461
2018-01-11,4.321315288543701,4.9159770011901855
2018-01-12,4.333841323852539,4.953752517700195
2018-01-15,4.346366882324219,4.980732440948486
2018-01-16,4.421521186828613,5.069770812988281
2018-01-17,4.59938383102417,5.2532429695129395
2018-01-18,4.564310550689697,5.2451491355896
2018-01-19,4.574331760406494,5.210071563720703
2018-01-22,4.62693977355957,5.264036178588867
2018-01-23,4.5693206787109375,5.21816873550415
2018-01-24,4.844883441925049,5.566226005554199
2018-01-25,4.844883441925049,5.566226005554199
2018-01-26,4.9926862716674805,5.857624053955078
2018-01-29,4.972646236419678,5.857624053955078
2018-01-30,4.882460117340088,5.714622974395752
2018-01-31,4.935067653656006,5.746999740600586
2018-02-01,5.140487194061279,5.970944404602051
2018-02-02,5.002706527709961,5.81175422668457
2018-02-05,4.769730567932129,5.550036907196045
2018-02-06,5.007716178894043,5.827944278717041
2018-02-07,4.869935035705566,5.6606597900390625
2018-02-08,4.7722344398498535,5.4906768798828125
2018-02-09,4.70209264755249,5.42052698135376
2018-02-14,4.8223371505737305,5.498772621154785
2018-02-15,4.859914779663086,5.593205451965332
2018-02-16,4.864924907684326,5.590508460998535
2018-02-19,5.022747039794922,5.746999740600586
2018-02-20,5.120446681976318,5.849529266357422
2018-02-21,5.072847843170166,5.784772872924805
2018-02-22,5.195598602294922,5.957454204559326
2018-02-23,5.290794372558594,6.111246109008789
2018-02-26,5.390998363494873,6.254246234893799
2018-02-27,5.385987281799316,6.2380571365356445
2018-02-28,5.375967502593994,6.246152400970459
2018-03-01,5.268248081207275,6.1436238288879395
2018-03-02,5.388490200042725,6.254246234893799
2018-03-05,5.541304588317871,6.4323225021362305
2018-03-06,5.486192226409912,6.389153003692627
2018-03-07,5.428575038909912,6.302814960479736
2018-03-08,5.436090469360352,6.31090784072876
2018-03-09,5.60894250869751,6.475494384765625
2018-03-12,5.593912124633789,6.448511600494385
2018-03-13,5.53879976272583,6.386454105377197
2018-03-14,5.606436729431152,6.370265960693359
2018-03-15,5.338389873504639,6.2380571365356445
2018-03-16,5.368452548980713,6.305511474609375
2018-03-19,5.243195533752441,6.095057487487793
2018-03-20,5.300815105438232,6.1760029792785645
2018-03-21,5.523769378662109,6.410737991333008
2018-03-22,5.441099166870117,6.375661849975586
2018-03-23,5.4486165046691895,6.397246837615967
2018-03-26,5.518758296966553,6.451209545135498
2018-03-27,5.370956897735596,6.292019844055176
2018-03-28,5.310833930969238,6.21377420425415
2018-03-29,5.36344051361084,6.302814960479736
2018-04-02,5.235681533813477,6.135529041290283
2018-04-03,5.188083648681641,6.151718616485596
2018-04-04,5.1054158210754395,6.130133628845215
2018-04-05,5.298307418823242,6.297417163848877
2018-04-06,5.33087682723999,6.362171173095703
2018-04-09,5.14299201965332,6.178699493408203
2018-04-10,5.360937595367432,6.421530723571777
2018-04-11,5.461140155792236,6.56992769241333
2018-04-12,5.431080341339111,6.580718994140625
2018-04-13,5.310833930969238,6.402642726898193
2018-04-16,5.165538787841797,6.1760029792785645
2018-04-17,5.268248081207275,6.2893218994140625
2018-04-18,5.461140155792236,6.494378566741943
2018-04-19,5.561345100402832,6.575321197509766
2018-04-20,5.6014275550842285,6.5915117263793945
2018-04-23,5.631488800048828,6.56992769241333
2018-04-24,5.611447334289551,6.548342704772949
2018-04-25,5.443606376647949,6.340586185455322
2018-04-26,5.669064521789551,6.596907615661621
2018-04-27,5.689106464385986,6.615795612335205
2018-04-30,5.754237651824951,6.6454758644104
2018-05-02,5.661551475524902,6.6292877197265625
2018-05-03,5.623973846435547,6.559134483337402
2018-05-04,5.578880786895752,6.4458136558532715
2018-05-07,5.674075603485107,6.67515230178833
2018-05-08,5.739208698272705,6.67515230178833
2018-05-09,6.207663536071777,7.344287872314453
2018-05-10,6.450660228729248,7.781383037567139
2018-05-11,6.373003005981445,7.811062812805176
2018-05-14,6.5734100341796875,8.13483715057373
2018-05-15,6.7111897468566895,8.339896202087402
2018-05-16,6.861496925354004,8.534160614013672
2018-05-17,6.500761032104492,8.15102481842041
2018-05-18,6.425607681274414,8.13483715057373
2018-05-21,6.275303363800049,7.862328052520752
2018-05-22,6.20250940322876,7.681244850158691
2018-05-23,5.841050148010254,7.337991237640381
2018-05-24,5.0403218269348145,6.2704033851623535
2018-05-25,4.970039367675781,6.224456310272217
2018-05-28,4.244614124298096,5.348761081695557
2018-05-29,4.844532489776611,6.010937690734863
2018-05-30,4.764209270477295,5.997424602508545
2018-06-01,4.0563554763793945,5.102809429168701
2018-06-04,4.400242328643799,5.400112628936768
2018-06-05,4.164290428161621,5.237948417663574
2018-06-06,4.099026679992676,5.208218574523926
2018-06-07,3.955949544906616,5.113620758056641
2018-06-08,3.8279337882995605,4.864966869354248
2018-06-11,3.8680973052978516,4.970375061035156
2018-06-12,3.8806467056274414,4.929833889007568
2018-06-13,3.8078536987304688,4.862265110015869
2018-06-14,3.7902815341949463,4.859561443328857
2018-06-15,3.75765061378479,4.810911655426025
2018-06-18,3.639674663543701,4.651449680328369
2018-06-19,3.870605707168579,4.82442569732666
2018-06-20,4.068905830383301,5.021727085113525
2018-06-21,3.7902815341949463,4.7703704833984375
2018-06-22,3.792792320251465,4.800100326538086
2018-06-25,3.940889358520508,4.889292240142822
2018-06-26,4.0262346267700195,5.005509853363037
2018-06-27,4.15424919128418,5.14064884185791
2018-06-28,4.166799545288086,5.110917568206787
2018-06-29,4.314898490905762,5.248758792877197
2018-07-02,4.385180950164795,5.319030284881592
2018-07-03,4.392711639404297,5.337950229644775
2018-07-04,4.420322895050049,5.597414970397949
2018-07-05,4.483077049255371,5.429843425750732
2018-07-06,4.503157138824463,5.4649786949157715
2018-07-10,4.4554643630981445,5.45687198638916
2018-07-11,4.370120525360107,5.410923957824707
2018-07-12,4.505666732788086,5.567684173583984
2018-07-13,4.545828819274902,5.562279224395752
2018-07-16,4.488096237182617,5.508223533630371
2018-07-17,4.591010093688965,5.69201135635376
2018-07-18,4.530767917633057,5.581197738647461
2018-07-19,4.61862325668335,5.646064758300781
2018-07-20,4.84202241897583,5.789309978485107
2018-07-23,4.834493160247803,5.816339015960693
2018-07-24,4.934896469116211,5.919042110443115
2018-07-25,5.010200500488281,5.994719982147217
2018-07-26,4.872143268585205,5.843366622924805
2018-07-27,4.962510108947754,5.973099708557129
2018-07-30,4.992629528045654,5.962287425994873
2018-07-31,4.949957370758057,5.929853916168213
2018-08-01,5.0227508544921875,5.964991092681885
2018-08-02,5.123155117034912,6.064993858337402
2018-08-03,5.298863887786865,6.2758073806762695
2018-08-06,5.281293869018555,6.29742956161499
2018-08-07,5.198459148406982,6.273103713989258
2018-08-08,5.05538272857666,6.1460747718811035
2018-08-09,5.105586528778076,6.151480674743652
2018-08-10,4.917326927185059,5.989314556121826
2018-08-13,5.030282020568848,6.05418062210083
2018-08-14,5.027766227722168,6.029800891876221
2018-08-15,4.793740749359131,5.791426181793213
2018-08-16,4.7685770988464355,5.76704740524292
2018-08-17,4.645272254943848,5.674949645996094
2018-08-20,4.620108127593994,5.688492774963379
2018-08-21,4.459059238433838,5.593685150146484
2018-08-22,4.617591381072998,5.758921146392822
2018-08-23,4.516936302185059,5.6803669929504395
2018-08-24,4.605010986328125,5.71287202835083
2018-08-27,4.708182334899902,5.810389041900635
2018-08-28,4.617591381072998,5.753503799438477
2018-08-29,4.856650352478027,6.005422115325928
2018-08-30,4.73082971572876,5.8726911544799805
2018-08-31,4.846584796905518,5.981042861938477
2018-09-03,4.781157970428467,5.8916521072387695
2018-09-04,4.693085193634033,5.829350471496582
2018-09-05,4.7182488441467285,5.886235237121582
2018-09-06,4.778642177581787,5.937703609466553
2018-09-10,4.846584796905518,6.0135498046875
2018-09-11,4.655338287353516,5.8456010818481445
2018-09-12,4.7685770988464355,6.002714157104492
2018-09-13,4.708182334899902,5.918740272521973
2018-09-14,4.728313446044922,5.959372520446777
2018-09-17,4.881814956665039,6.0866875648498535
2018-09-18,5.095708847045898,6.306098461151123
2018-09-19,5.027766227722168,6.27088737487793
2018-09-20,5.000085830688477,6.227544784545898
2018-09-21,5.068027973175049,6.3033905029296875
2018-09-24,5.032798767089844,6.27088737487793
2018-09-25,5.052928924560547,6.3033905029296875
2018-09-26,5.080610752105713,6.327770233154297
2018-09-27,5.400191783905029,6.6365742683410645
2018-09-28,5.307085990905762,6.563436985015869
2018-10-01,5.284437656402588,6.549893856048584
2018-10-02,5.742422580718994,6.991427898406982
2018-10-03,5.986514091491699,7.172917366027832
2018-10-04,6.044389724731445,7.2487664222717285
2018-10-05,6.029290199279785,7.221675395965576
2018-10-08,6.69362211227417,7.907003402709961
2018-10-09,6.748983383178711,8.0532808303833
2018-10-10,6.5552191734313965,7.755312442779541
2018-10-11,6.3639750480651855,7.611745834350586
2018-10-15,6.4847612380981445,7.787817478179932
2018-10-16,6.726334571838379,8.07224178314209
2018-10-17,6.655876159667969,8.01806640625
2018-10-18,6.467146396636963,7.7607293128967285
2018-10-19,6.5225067138671875,7.839285373687744
2018-10-22,6.67600679397583,8.050570487976074
2018-10-23,6.592965126037598,7.898878574371338
2018-10-24,6.462111949920654,7.671338081359863
2018-10-25,6.623162746429443,7.8311591148376465
2018-10-26,6.945261478424072,8.12641716003418
2018-10-29,6.648327350616455,7.833867073059082
2018-10-30,7.04591703414917,8.267276763916016
2018-10-31,6.950292587280273,8.21310043334961
2018-11-01,6.874802112579346,8.064115524291992
2018-11-05,7.086181163787842,8.302490234375
2018-11-06,6.842090606689453,8.088495254516602
2018-11-07,6.618129253387451,7.909715175628662
2018-11-08,6.3790717124938965,7.649669170379639
2018-11-09,6.40675163269043,7.619873046875
2018-11-12,6.3740386962890625,7.5819478034973145
2018-11-13,6.099750518798828,7.232512474060059
2018-11-14,6.316162586212158,7.365243434906006
2018-11-16,6.492308139801025,7.598200798034668
2018-11-19,6.542637825012207,7.592782974243164
2018-11-21,6.333776950836182,7.416712284088135
2018-11-22,6.353987693786621,7.430301666259766
2018-11-23,6.156925678253174,7.256303787231445
2018-11-26,6.126609802246094,7.36777400970459
2018-11-27,6.449993133544922,7.617898464202881
2018-11-28,6.412095069885254,7.522740840911865
2018-11-29,6.359040260314941,7.57167911529541
2018-11-30,6.432307720184326,7.647805690765381
2018-12-03,6.553576469421387,7.865301609039307
2018-12-04,6.401989936828613,7.726644515991211
2018-12-05,6.457571506500244,7.772864818572998
2018-12-06,6.2125067710876465,7.449336051940918
2018-12-07,6.257984161376953,7.57167911529541
2018-12-10,5.921967506408691,7.1964921951293945
2018-12-11,5.884069442749023,7.150274276733398
2018-12-12,5.886595726013184,7.17474365234375
2018-12-13,5.901755332946777,7.21280574798584
2018-12-14,5.823434829711914,7.158430099487305
2018-12-17,5.777960300445557,7.082306861877441
2018-12-18,5.55816125869751,6.843058109283447
2018-12-19,5.621320724487305,6.731589317321777
2018-12-20,5.4293107986450195,6.568465709686279
2018-12-21,5.444471836090088,6.573902606964111
2018-12-26,5.66570520401001,6.696826934814453
2018-12-27,5.663091659545898,6.658684253692627
2018-12-28,5.927038192749023,6.920235633850098
2019-01-02,6.287680625915527,7.260799407958984
2019-01-03,6.441866874694824,7.410648822784424
2019-01-04,6.460158348083496,7.495105743408203
2019-01-07,6.562079906463623,7.737587928771973
2019-01-08,6.522878170013428,7.696719169616699
2019-01-09,6.65877103805542,7.852015972137451
2019-01-10,6.6012797355651855,7.813873767852783
2019-01-11,6.530717372894287,7.764832973480225
2019-01-14,6.494131565093994,7.737587928771973
2019-01-15,6.4889044761657715,7.713066101074219
2019-01-16,6.486292839050293,7.775731086730957
2019-01-17,6.575146675109863,7.841117858886719
2019-01-18,6.6378655433654785,7.941924571990967
2019-01-21,6.671840190887451,7.980067729949951
2019-01-22,6.567305088043213,7.860189437866211
2019-01-23,6.645704746246338,7.941924571990967
2019-01-24,6.674452304840088,8.026382446289062
2019-01-28,6.473226547241211,7.743034362792969
2019-01-29,6.630026340484619,7.911956310272217
2019-01-30,6.695356845855713,8.020936012268066
2019-01-31,6.6849045753479,8.0509033203125
2019-02-01,6.742398262023926,8.178956985473633
2019-02-04,6.802505970001221,8.271590232849121
2019-02-05,6.815573692321777,8.323354721069336
2019-02-06,6.661386489868164,8.176231384277344
2019-02-07,6.5568528175354,8.03183364868164
2019-02-08,6.567305088043213,7.9746198654174805
2019-02-11,6.491519927978516,7.873812675476074
2019-02-12,6.721491813659668,8.157160758972168
2019-02-13,6.807732582092285,8.350601196289062
2019-02-14,7.042932510375977,8.5249662399292
2019-02-15,7.014186859130859,8.459580421447754
2019-02-18,6.993278980255127,8.36149787902832
2019-02-19,7.155307292938232,8.516794204711914
2019-02-20,7.0664520263671875,8.516794204711914
2019-02-21,7.160532474517822,8.563112258911133
2019-02-22,7.0899739265441895,8.514071464538574
2019-02-25,6.977599620819092,8.309731483459473
2019-02-26,6.946238994598389,8.312457084655762
2019-02-27,7.076905250549316,8.356049537658691
2019-02-28,7.071678161621094,8.135364532470703
2019-03-01,6.977599620819092,7.955549716949463
2019-03-06,6.993278980255127,8.03183364868164
2019-03-07,6.99589204788208,7.960997104644775
2019-03-08,6.969759941101074,7.90105676651001
2019-03-11,7.251998424530029,8.347874641418457
2019-03-12,7.1866655349731445,8.208925247192383
2019-03-13,7.3434672355651855,8.429611206054688
2019-03-14,7.3669843673706055,8.5249662399292
2019-03-15,7.38266658782959,8.614875793457031
2019-03-18,7.510718822479248,8.789246559143066
2019-03-19,7.630932331085205,8.928194999694824
2019-03-20,7.570825099945068,8.982686042785645
2019-03-21,7.463678359985352,8.802867889404297
2019-03-22,7.056000709533691,8.383294105529785
2019-03-25,7.1448540687561035,8.350601196289062
2019-03-26,7.481973648071289,8.699336051940918
2019-03-27,7.1448540687561035,8.296112060546875
2019-03-28,7.33301305770874,8.435059547424316
2019-03-29,7.33301305770874,8.48682689666748
2019-04-01,7.3173322677612305,8.410539627075195
2019-04-02,7.393120288848877,8.445956230163574
2019-04-03,7.197118759155273,8.268865585327148
2019-04-04,7.440158367156982,8.541316986083984
2019-04-05,7.521172523498535,8.732030868530273
2019-04-08,7.6439995765686035,8.920021057128906
2019-04-09,7.620481491088867,8.841012001037598
2019-04-10,7.521172523498535,8.791971206665039
2019-04-11,7.3173322677612305,8.677541732788086
2019-04-12,6.750238418579102,7.936476230621338
2019-04-15,6.776372909545898,7.931026935577393
2019-04-16,6.9828267097473145,8.214376449584961
2019-04-17,6.990665912628174,8.222549438476562
2019-04-18,7.212798595428467,8.380570411682129
2019-04-22,7.170984268188477,8.410539627075195
2019-04-23,7.233706951141357,8.478653907775879
2019-04-24,7.212798595428467,8.331528663635254
2019-04-25,7.265066623687744,8.353325843811035
2019-04-26,7.126330852508545,8.279763221740723
2019-04-29,7.157712459564209,8.241620063781738
2019-04-30,7.089715480804443,8.16260814666748
2019-05-02,6.990340709686279,8.040007591247559
2019-05-03,7.021722793579102,8.053627967834473
2019-05-06,7.0008015632629395,8.04818058013916
2019-05-07,6.890965938568115,7.960997104644775
2019-05-08,7.157712459564209,8.233447074890137
2019-05-09,7.01649284362793,7.999140739440918
2019-05-10,6.977264881134033,7.996414661407471
2019-05-13,6.773281097412109,7.767558574676514
2019-05-14,6.799434661865234,7.770281791687012
2019-05-15,6.768051624298096,7.71579122543335
2019-05-16,6.608526229858398,7.568669319152832
2019-05-17,6.4542317390441895,7.508728981018066
2019-05-20,6.673905372619629,7.647679328918457
2019-05-21,6.927577018737793,7.846566200256348
2019-05-22,6.901327610015869,7.865705966949463
2019-05-23,6.783198356628418,7.729006290435791
2019-05-24,6.848824977874756,7.745411396026611
2019-05-27,6.8882012367248535,7.85750150680542
2019-05-28,7.035205364227295,7.964128494262695
2019-05-29,6.956453323364258,7.901247024536133
2019-05-30,6.864574432373047,7.887577533721924
2019-05-31,6.707070827484131,7.718070030212402
2019-06-03,6.822575092315674,7.887577533721924
2019-06-04,6.877700328826904,7.934056758880615
2019-06-05,6.788447380065918,7.82196044921875
2019-06-06,6.898700714111328,7.944991111755371
2019-06-07,7.024704456329346,8.160977363586426
2019-06-10,6.995829105377197,8.024275779724121
2019-06-11,7.129709243774414,8.18831729888916
2019-06-12,7.048329830169678,8.068021774291992
2019-06-13,7.134958744049072,8.177380561828613
2019-06-14,7.103458404541016,8.253931999206543
2019-06-17,7.116582870483398,8.242998123168945
2019-06-18,7.205836772918701,8.36876106262207
2019-06-19,7.2242112159729,8.43164348602295
2019-06-21,7.423717021942139,8.69137191772461
2019-06-24,7.415839672088623,8.655830383300781
2019-06-25,7.221586227416992,8.393363952636719
2019-06-26,7.26358699798584,8.352356910705566
2019-06-27,7.14808464050293,8.17191219329834
2019-06-28,7.195335865020752,8.207454681396484
2019-07-01,7.15595817565918,8.180115699768066
2019-07-02,7.040453910827637,8.057084083557129
2019-07-03,7.134958744049072,8.139105796813965
2019-07-04,7.190082550048828,8.245731353759766
2019-07-05,7.192708969116211,8.210189819335938
2019-07-08,7.258338451385498,8.36876106262207
2019-07-10,7.368590831756592,8.398832321166992
2019-07-11,7.455216884613037,8.557404518127441
2019-07-12,7.489345550537109,8.612086296081543
2019-07-15,7.397465705871582,8.467184066772461
2019-07-16,7.3055877685546875,8.366025924682617
2019-07-17,7.266211986541748,8.311347961425781
2019-07-18,7.221586227416992,8.221124649047852
2019-07-19,7.20320987701416,8.218389511108398
2019-07-22,7.216335773468018,8.229328155517578
2019-07-23,7.2242112159729,8.27033519744873
2019-07-24,7.179586410522461,8.201986312866211
2019-07-25,7.058831691741943,8.054350852966309
2019-07-26,6.86195182800293,7.802824020385742
2019-07-29,6.924951076507568,7.8985137939453125
2019-07-30,6.8882012367248535,7.846567630767822
2019-07-31,6.846198081970215,7.871174335479736
2019-08-01,6.890826225280762,7.750877857208252
2019-08-02,6.961703300476074,7.986001014709473
2019-08-05,6.707070827484131,7.655187129974365
2019-08-06,6.793696403503418,7.783683776855469
2019-08-07,6.720196723937988,7.70986795425415
2019-08-08,6.917077541351318,7.893046855926514
2019-08-09,6.898700714111328,7.824695587158203
2019-08-12,6.733320236206055,7.614177227020264
2019-08-13,6.823276042938232,7.699544429779053
2019-08-14,6.593099117279053,7.462721347808838
2019-08-15,6.410545349121094,7.297492980957031
2019-08-16,6.3258819580078125,7.264449119567871
2019-08-19,6.357632160186768,7.363584995269775
2019-08-20,6.354987621307373,7.294740200042725
2019-08-21,6.733321189880371,7.683021068572998
2019-08-22,6.6724700927734375,7.608672142028809
2019-08-23,6.423773765563965,7.369091510772705
2019-08-26,6.339110374450684,7.272711277008057
2019-08-27,6.439648151397705,7.410398006439209
2019-08-28,6.505792140960693,7.462721347808838
2019-08-29,6.7465500831604,7.743605136871338
2019-08-30,6.7465500831604,7.784912586212158
2019-09-02,6.6936354637146,7.702299118041992
2019-09-03,6.773006916046143,7.740851402282715
2019-09-04,6.9476237297058105,7.936368942260742
2019-09-05,6.982019424438477,7.985937595367432
2019-09-06,7.016412258148193,8.03825855255127
2019-09-09,7.124884128570557,8.197978019714355
2019-09-10,7.169863224029541,8.261314392089844
2019-09-11,7.109012126922607,8.115363121032715
2019-09-12,7.159278392791748,8.214500427246094
2019-09-13,7.1116557121276855,8.167686462402344
2019-09-16,7.423850059509277,8.536690711975098
2019-09-17,7.325960636138916,8.404510498046875
2019-09-18,7.201610565185547,8.26682186126709
2019-09-19,7.220130920410156,8.327404022216797
2019-09-20,7.143405437469482,8.349434852600098
2019-09-23,7.270399570465088,8.385234832763672
2019-09-24,7.214839458465576,8.277835845947266
2019-09-25,7.233360290527344,8.28885269165039
2019-09-26,7.328606605529785,8.357695579528809
2019-09-27,7.31802225112915,8.376974105834961
2019-09-30,7.2889180183410645,8.302621841430664
2019-10-01,7.278337001800537,8.255806922912598
2019-10-02,7.069325923919678,7.958399295806885
2019-10-03,7.0746169090271,8.01898193359375
2019-10-04,7.013768196105957,7.9446306228637695
2019-10-07,6.923811435699463,7.820710182189941
2019-10-08,6.884126663208008,7.771142482757568
2019-10-09,7.016412258148193,7.96666145324707
2019-10-10,7.0746169090271,8.005210876464844
2019-10-11,7.212193965911865,8.123626708984375
2019-10-14,7.225421905517578,8.170439720153809
2019-10-15,7.302147388458252,8.280591011047363
2019-10-16,7.3894548416137695,8.396248817443848
2019-10-17,7.31802225112915,8.316390037536621
2019-10-18,7.302147388458252,8.247546195983887
2019-10-21,7.347126483917236,8.357695579528809
2019-10-22,7.558780670166016,8.613797187805176
2019-10-23,7.659318447113037,8.65510368347168
2019-10-24,7.492640018463135,8.484368324279785
2019-10-25,7.738691329956055,8.732208251953125
2019-10-28,7.831289291381836,8.798298835754395
2019-10-29,7.889492511749268,8.878158569335938
2019-10-30,7.95828104019165,8.985557556152344
2019-10-31,8.040300369262695,9.00483226776123
2019-11-01,8.050884246826172,9.015846252441406
2019-11-04,8.03236198425293,9.07918643951416
2019-11-05,7.844518661499023,8.96352481842041
2019-11-06,7.860390663146973,8.924971580505371
2019-11-07,8.175230979919434,9.211365699768066
2019-11-08,7.942410469055176,9.062664031982422
2019-11-11,8.05617618560791,9.125999450683594
2019-11-12,7.9951653480529785,9.009892463684082
2019-11-13,7.9632062911987305,8.976643562316895
2019-11-14,7.803410053253174,8.785475730895996
2019-11-18,7.744817733764648,8.782703399658203
2019-11-19,7.664918899536133,8.658029556274414
2019-11-21,7.949889659881592,8.887985229492188
2019-11-22,7.984511375427246,8.926773071289062
2019-11-25,7.917930603027344,8.871363639831543
2019-11-26,7.774112224578857,8.696818351745605
2019-11-27,7.811399936676025,8.713441848754883
2019-11-28,7.8646650314331055,8.752226829528809
2019-11-29,7.763460159301758,8.64417552947998
2019-12-02,7.742152690887451,8.63309383392334
2019-12-03,7.718183994293213,8.60815715789795
2019-12-04,7.899285316467285,8.713441848754883
2019-12-05,8.003155708312988,8.827033996582031
2019-12-06,8.083054542541504,8.885213851928711
2019-12-09,8.04576587677002,8.929543495178223
2019-12-10,8.107023239135742,8.984955787658691
2019-12-11,8.096368789672852,8.987726211547852
2019-12-12,8.248177528381348,9.106861114501953
2019-12-13,7.984511375427246,8.680191993713379
2019-12-16,7.832703590393066,8.613700866699219
2019-12-17,7.949889659881592,8.732834815979004
2019-12-18,8.13365650177002,8.962790489196777
2019-12-19,8.152300834655762,8.94893741607666
2019-12-20,8.059083938598633,8.846426010131836
2019-12-23,8.123002052307129,8.976643562316895
2019-12-26,8.232196807861328,9.056989669799805
2019-12-27,8.240822792053223,8.912917137145996
2019-12-30,8.149017333984375,8.865821838378906
2020-01-02,8.289426803588867,9.087467193603516
2020-01-03,8.221922874450684,8.863051414489746
2020-01-06,8.31912612915039,9.151188850402832
2020-01-07,8.286725044250488,9.026514053344727
2020-01-08,8.235421180725098,8.87967300415039
2020-01-09,8.208418846130371,8.929543495178223
2020-01-10,8.173319816589355,8.893525123596191
2020-01-13,8.189519882202148,8.890756607055664
2020-01-14,8.100414276123047,8.818721771240234
2020-01-15,7.978909969329834,8.622011184692383
2020-01-16,7.970808506011963,8.649714469909668
2020-01-17,8.05991268157959,8.824262619018555
2020-01-20,8.100414276123047,8.860279083251953
2020-01-21,7.997809410095215,8.594304084777832
2020-01-22,7.908703804016113,8.594304084777832
2020-01-23,8.005911827087402,8.652487754821777
2020-01-24,7.91140604019165,8.619240760803223
2020-01-27,7.568487167358398,8.256294250488281
2020-01-28,7.776398181915283,8.450235366821289
2020-01-29,7.789900302886963,8.411447525024414
2020-01-30,7.814200401306152,8.585992813110352
2020-01-31,7.681893348693848,8.408679008483887
2020-02-03,7.6089887619018555,8.314477920532227
2020-02-04,7.730495929718018,8.519497871398926
2020-02-05,7.665692329406738,8.444693565368652
2020-02-06,7.879006385803223,8.671882629394531
2020-02-07,7.811500549316406,8.716211318969727
2020-02-10,7.865504264831543,8.749458312988281
2020-02-11,7.9600090980529785,8.868590354919434
2020-02-12,8.135516166687012,9.018200874328613
2020-02-13,8.024809837341309,8.846426010131836
2020-02-14,7.943807125091553,8.760538101196289
2020-02-17,7.927608013153076,8.782703399658203
2020-02-18,8.032913208007812,8.849199295043945
2020-02-19,8.248923301696777,9.02374267578125
2020-02-20,8.078814506530762,8.79655933380127
2020-02-21,7.868201732635498,8.54720401763916
2020-02-26,7.077060699462891,7.69664192199707
2020-02-27,6.831348419189453,7.433435916900635
2020-02-28,6.84214973449707,7.522097110748291
2020-03-02,7.163466930389404,7.785301685333252
2020-03-03,7.033860683441162,7.6190643310546875
2020-03-04,7.260672092437744,7.818546295166016
2020-03-05,6.828649044036865,7.427894115447998
2020-03-06,6.164414405822754,6.665989398956299
2020-03-09,4.33372163772583,4.687803745269775
2020-03-10,4.7414422035217285,5.086765289306641
2020-03-11,4.279718399047852,4.535421848297119
2020-03-12,3.4021739959716797,3.579575538635254
2020-03-13,4.1582136154174805,4.3941216468811035
2020-03-16,3.5344810485839844,3.6377573013305664
2020-03-17,3.5101799964904785,3.623903751373291
2020-03-18,3.0484561920166016,3.061478853225708
2020-03-19,3.2968690395355225,3.4493587017059326
2020-03-20,3.240166187286377,3.3856353759765625
2020-03-23,3.105159282684326,3.2194013595581055
2020-03-24,3.577683925628662,3.731956720352173
2020-03-25,3.866598606109619,4.031177520751953
2020-03-26,3.8854990005493164,4.0450310707092285
2020-03-27,3.591184377670288,3.6100523471832275
2020-03-30,3.612785577774048,3.723644256591797
2020-03-31,3.777493476867676,3.9175846576690674
2020-04-01,3.8611974716186523,3.9369781017303467
2020-04-02,4.1879143714904785,4.27498722076416
2020-04-03,4.142011642456055,4.244511127471924
2020-04-06,4.258117198944092,4.47446870803833
2020-04-07,4.428227424621582,4.588061809539795
2020-04-08,4.676638603210449,4.8484954833984375
2020-04-09,4.541632175445557,4.67117977142334
2020-04-13,4.571334362030029,4.793084621429443
2020-04-14,4.517331123352051,4.759837627410889
2020-04-15,4.422826766967773,4.604686737060547
2020-04-16,4.244617938995361,4.468926906585693
2020-04-17,4.355323791503906,4.626850605010986
2020-04-20,4.30672025680542,4.585292339324951
2020-04-22,4.522731304168701,4.75152587890625
2020-04-23,4.5767340660095215,4.804166793823242
2020-04-24,4.30672025680542,4.452304363250732
2020-04-27,4.441727161407471,4.654555320739746
2020-04-28,4.657738208770752,4.992565631866455
2020-04-29,4.914251804351807,5.264081954956055
2020-04-30,4.873749256134033,5.167110443115234
2020-05-04,4.6928391456604,5.0008769035339355
2020-05-05,4.844048976898193,5.1726531982421875
2020-05-06,4.665839195251465,4.970400810241699
2020-05-07,4.709042072296143,5.070140838623047
2020-05-08,4.989855766296387,5.416462421417236
2020-05-11,4.900749683380127,5.2723917961120605
2020-05-12,4.8980512619018555,5.228063106536865
2020-05-13,4.749542713165283,5.023040771484375
2020-05-14,4.698240280151367,4.9011359214782715
2020-05-15,4.630736827850342,4.903906345367432
2020-05-18,5.006056785583496,5.380444526672363
2020-05-19,5.043858051300049,5.347198009490967
2020-05-20,5.211267471313477,5.507890701293945
2020-05-21,5.181565761566162,5.527286052703857
2020-05-22,5.041158199310303,5.408150672912598
2020-05-25,5.2598700523376465,5.635336875915527
2020-05-26,5.3111724853515625,5.693519115447998
2020-05-27,5.381375312805176,5.721225738525391
2020-05-28,5.338172912597656,5.696290493011475
2020-05-29,5.492080211639404,5.773865699768066
2020-06-01,5.489381313323975,5.8043413162231445
2020-06-02,5.778295040130615,6.056465148925781
2020-06-03,5.797196388244629,6.111875534057617
2020-06-04,5.78639554977417,6.139581680297852
2020-06-05,5.967306137084961,6.330750942230225
2020-06-08,6.0834126472473145,6.4692792892456055
2020-06-09,5.864699840545654,6.2864203453063965
2020-06-10,5.778295040130615,6.100793838500977
2020-06-12,5.56228494644165,5.884688854217529
2020-06-15,5.5892863273620605,5.906852722167969
2020-06-16,5.770195007324219,6.150662899017334
2020-06-17,5.789097309112549,6.164515972137451
2020-06-18,5.8322978019714355,6.261486530303955
2020-06-19,5.797196388244629,6.172828674316406
2020-06-22,5.656791687011719,6.059233665466309
2020-06-23,5.845799922943115,6.236549377441406
2020-06-24,5.670290470123291,6.070315837860107
2020-06-25,5.797196388244629,6.197763919830322
2020-06-26,5.627087593078613,6.062005043029785
2020-06-29,5.848499774932861,6.250404357910156
2020-06-30,5.818799018859863,6.189450263977051
2020-07-01,5.861998558044434,6.1949920654296875
2020-07-02,5.956504821777344,6.272568702697754
2020-07-03,5.934903144836426,6.233780860900879
2020-07-06,6.078010559082031,6.413867473602295
2020-07-07,6.002407550811768,6.305816650390625
2020-07-08,6.1158127784729,6.460967063903809
2020-07-09,5.978105068206787,6.275338172912598
2020-07-10,6.078010559082031,6.372308254241943
2020-07-13,5.983504772186279,6.330750942230225
2020-07-14,6.183316707611084,6.549624443054199
2020-07-15,6.302123069763184,6.70477819442749
2020-07-16,6.134713649749756,6.546854496002197
2020-07-17,6.140113830566406,6.55239725112915
2020-07-20,6.140113830566406,6.510837078094482
2020-07-21,6.310224533081055,6.646596431732178
2020-07-22,6.223818778991699,6.577332019805908
2020-07-23,6.094334125518799,6.501731872558594
2020-07-24,6.13753604888916,6.529720306396484
2020-07-27,6.264445781707764,6.652869701385498
2020-07-28,6.15643835067749,6.546514511108398
2020-07-29,6.256345748901367,6.669663906097412
2020-07-30,6.161839008331299,6.526921272277832
2020-07-31,5.994426250457764,6.353394031524658
2020-08-03,5.886417865753174,6.2526350021362305
2020-08-04,5.8810200691223145,6.24423885345459
2020-08-05,6.25904655456543,6.647272109985352
2020-08-06,6.2698445320129395,6.669663906097412
2020-08-07,6.153738975524902,6.524124622344971
2020-08-10,6.33195161819458,6.745232582092285
2020-08-11,6.232044696807861,6.63047981262207
2020-08-12,6.340053558349609,6.73123836517334
2020-08-13,6.167237758636475,6.532519817352295
2020-08-14,6.121336460113525,6.50732946395874
2020-08-17,6.102434158325195,6.510129451751709
2020-08-18,6.21584415435791,6.608090400695801
2020-08-19,6.1807403564453125,6.580100059509277
2020-08-20,6.13753604888916,6.510129451751709
2020-08-21,6.0916337966918945,6.4597487449646
2020-08-24,6.202341556549072,6.588498115539551
2020-08-25,6.17534065246582,6.557709693908691
2020-08-26,5.999826431274414,6.370187759399414
2020-08-27,5.980926036834717,6.3393988609313965
2020-08-28,6.086234092712402,6.468145847320557
2020-08-31,5.910719871520996,6.247035503387451
2020-09-01,6.17534065246582,6.538115978240967
2020-09-02,6.15643835067749,6.52132511138916
2020-09-03,6.178040504455566,6.52132511138916
2020-09-04,6.188840389251709,6.529720306396484
2020-09-08,6.010626792907715,6.303014278411865
2020-09-09,6.13753604888916,6.442956447601318
2020-09-10,5.972824573516846,6.199456691741943
2020-09-11,5.908020973205566,6.168669700622559
2020-09-14,5.85401725769043,6.1070942878723145
2020-09-15,5.851316452026367,6.121087551116943
2020-09-16,5.867516994476318,6.143479347229004
2020-09-17,5.980926036834717,6.280622959136963
2020-09-18,5.845917224884033,6.140681743621826
2020-09-21,5.643400192260742,5.955955505371094
2020-09-22,5.61639928817749,5.953157424926758
2020-09-23,5.462488651275635,5.807617664337158
2020-09-24,5.508392333984375,5.849600791931152
2020-09-25,5.435486316680908,5.788025379180908
2020-09-28,5.300478458404541,5.648082733154297
2020-09-29,5.214071273803711,5.48854923248291
2020-09-30,5.2950758934021,5.533329963684082
2020-10-01,5.359882831573486,5.583709716796875
2020-10-02,5.135766983032227,5.368196487426758
2020-10-05,5.40848445892334,5.631290435791016
2020-10-06,5.38148307800293,5.594904899597168
2020-10-07,5.343680381774902,5.57251501083374
2020-10-08,5.519192218780518,5.76283597946167
2020-10-09,5.346380710601807,5.57251501083374
2020-10-13,5.435486316680908,5.634089469909668
2020-10-14,5.392283916473389,5.600502967834473
2020-10-15,5.332880020141602,5.5389275550842285
2020-10-16,5.219472885131836,5.401782989501953
2020-10-19,5.270774841308594,5.460560321807861
2020-10-20,5.4489874839782715,5.648082733154297
2020-10-21,5.4435882568359375,5.645284175872803
2020-10-22,5.627201557159424,5.8244099617004395
2020-10-23,5.554296493530273,5.734847068786621
2020-10-26,5.467889308929443,5.65368127822876
2020-10-27,5.367982387542725,5.558518886566162
2020-10-28,5.041258811950684,5.217058181762695
2020-10-29,5.2086710929870605,5.410180568695068
2020-10-30,5.114163875579834,5.317817687988281
2020-11-03,5.305877685546875,5.527732849121094
2020-11-04,5.324779033660889,5.552920341491699
2020-11-05,5.370682239532471,5.5809102058410645
2020-11-06,5.332880020141602,5.561317443847656
2020-11-09,5.835115909576416,6.129485130310059
2020-11-10,6.232044696807861,6.616485118865967
2020-11-11,6.178040504455566,6.610888957977295
2020-11-12,5.9161200523376465,6.3393988609313965
2020-11-13,6.110534191131592,6.487738609313965
2020-11-16,6.288748264312744,6.697651386260986
2020-11-17,6.396754264831543,6.773222923278809
2020-11-18,6.358952522277832,6.781618118286133
2020-11-19,6.431857585906982,6.843190670013428
2020-11-23,6.777482986450195,7.131474018096924
2020-11-24,7.079903602600098,7.512118339538574
2020-11-25,7.088006019592285,7.461739540100098
2020-11-26,6.971895694732666,7.346985816955566
2020-11-27,6.885490894317627,7.249025821685791
2020-11-30,6.7234787940979,7.151065349578857
2020-12-01,6.9124932289123535,7.36098051071167
2020-12-02,6.996196746826172,7.461739540100098
2020-12-03,7.193312644958496,7.612878799438477
2020-12-04,7.433628082275391,7.864774703979492
2020-12-07,7.290519714355469,7.688446044921875
2020-12-08,7.198714256286621,7.621272087097168
2020-12-09,7.274317264556885,7.629668712615967
2020-12-10,7.511935234069824,7.906756401062012
2020-12-11,7.444430351257324,7.839583396911621
2020-12-14,7.457930088043213,7.805997371673584
2020-12-15,7.5200347900390625,7.906756401062012
2020-12-16,7.611843109130859,7.9935221672058105
2020-12-17,7.6253437995910645,8.094278335571289
2020-12-18,7.587540626525879,8.010313034057617
2020-12-21,7.295919418334961,7.713635444641113
2020-12-22,7.366123676300049,7.792003154754639
2020-12-23,7.547037601470947,7.959935188293457
2020-12-28,7.609141826629639,8.018708229064941
2020-12-29,7.633444786071777,8.024308204650879
2020-12-30,7.652345180511475,8.074687957763672
2021-01-04,7.806255340576172,8.256612777709961
2021-01-05,8.111377716064453,8.508508682250977
2021-01-06,8.127578735351562,8.606468200683594
2021-01-07,8.370595932006836,8.858366012573242
2021-01-08,8.402998924255371,8.841571807861328
2021-01-11,8.332793235778809,8.75760555267334
2021-01-12,8.270689010620117,8.72681999206543
2021-01-13,7.871059417724609,8.323786735534668
2021-01-14,7.952067852020264,8.357370376586914
2021-01-15,7.592942237854004,8.063490867614746
2021-01-18,7.579440116882324,8.049497604370117
2021-01-19,7.746851921081543,8.150256156921387
2021-01-20,7.617242336273193,8.01311206817627
2021-01-21,7.439030647277832,7.861974239349365
2021-01-22,7.314822196960449,7.761215686798096
2021-01-26,7.290519714355469,7.7248311042785645
2021-01-27,7.398526668548584,7.831188678741455
2021-01-28,7.495732307434082,8.004716873168945
2021-01-29,7.206812858581543,7.649260997772217
2021-02-01,7.433628082275391,7.867575645446777
2021-02-02,7.7387518882751465,8.139060020446777
2021-02-03,7.814355850219727,8.200634002685547
2021-02-04,7.781953811645508,8.192238807678223
2021-02-05,7.787353515625,8.306992530822754
2021-02-08,7.590240955352783,7.962732315063477
2021-02-09,7.436328887939453,7.755617141723633
2021-02-10,7.506533145904541,7.850778579711914
2021-02-11,7.582139015197754,7.923549175262451
2021-02-12,7.679347515106201,7.976727485656738
2021-02-17,7.989870071411133,8.306992530822754
2021-02-18,7.903462886810303,8.237021446228027
2021-02-19,7.37962532043457,7.584888935089111
2021-02-22,5.851316452026367,6.031525135040283
2021-02-23,6.496662139892578,6.571702480316162
2021-02-24,6.588470458984375,6.655669689178467
2021-02-25,6.26174783706665,6.420566558837891
2021-02-26,6.005228042602539,6.199456691741943
2021-03-01,5.940423011779785,6.160273551940918
2021-03-02,5.937722682952881,6.132283687591553
2021-03-03,5.721706867218018,5.869193077087402
2021-03-04,5.999826431274414,6.121087551116943
2021-03-05,6.045730113983154,6.174266815185547
2021-03-08,5.69740629196167,5.877588748931885
2021-03-09,5.829714775085449,5.986743927001953
2021-03-10,6.032229900360107,6.238640785217285
2021-03-11,6.288748264312744,6.423364639282227
2021-03-12,6.256345748901367,6.353394031524658
2021-03-15,6.385955333709717,6.510129451751709
2021-03-16,6.286048889160156,6.412169933319092
2021-03-17,6.502063751220703,6.616485118865967
2021-03-18,6.275247573852539,6.428962230682373
2021-03-19,6.480462074279785,6.582899570465088
2021-03-22,6.350851058959961,6.4597487449646
2021-03-23,6.15643835067749,6.3114094734191895
2021-03-24,6.161839008331299,6.305814743041992
2021-03-25,6.264445781707764,6.426163673400879
2021-03-26,6.334650993347168,6.52132511138916
2021-03-29,6.434558391571045,6.6192851066589355
2021-03-30,6.434558391571045,6.599692344665527
2021-03-31,6.507464408874512,6.700451850891113
2021-04-01,6.45075798034668,6.610888957977295
2021-04-05,6.4912614822387695,6.680859565734863
2021-04-06,6.485864162445068,6.63047981262207
2021-04-07,6.480462074279785,6.661266803741455
2021-04-08,6.399456977844238,6.549313068389893
2021-04-09,6.385955333709717,6.577301502227783
2021-04-12,6.45075798034668,6.644473552703857
2021-04-13,6.472361087799072,6.644473552703857
2021-04-14,6.574968338012695,6.750829219818115
2021-04-15,6.444578647613525,6.632997035980225
2021-04-16,6.40550422668457,6.554858207702637
2021-04-19,6.776719093322754,6.884772777557373
2021-04-20,6.648326396942139,6.7140302658081055
2021-04-22,6.617625713348389,6.716922760009766
2021-04-23,6.612041473388672,6.734286308288574
2021-04-26,6.637164115905762,6.7429680824279785
2021-04-27,6.4473724365234375,6.580905437469482
2021-04-28,6.681821346282959,6.815317630767822
2021-04-29,6.592505931854248,6.6793012619018555
2021-04-30,6.592505931854248,6.685090065002441
2021-05-03,6.53947639465332,6.659043312072754
2021-05-04,6.388757228851318,6.505662441253662
2021-05-05,6.65111780166626,6.771908760070801
2021-05-06,6.559012413024902,6.676406383514404
2021-05-07,6.804627418518066,6.925288200378418
2021-05-10,6.893942832946777,7.012108325958252
2021-05-11,7.019540786743164,7.104715824127197
2021-05-12,6.916269779205322,7.015003204345703
2021-05-13,6.974880695343018,7.090245246887207
2021-05-14,7.340510368347168,7.4201579093933105
2021-05-17,7.4409918785095215,7.506978988647461
2021-05-18,7.354468822479248,7.408584117889404
2021-05-19,7.298646450042725,7.385432720184326
2021-05-20,7.23724365234375,7.284142971038818
2021-05-21,7.242825031280518,7.356491565704346
2021-05-24,7.3656325340271,7.431734561920166
2021-05-25,7.212124347686768,7.29861307144165
2021-05-26,7.281900882720947,7.365172863006592
2021-05-27,7.231658935546875,7.3072943687438965
2021-05-28,7.533094882965088,7.729815483093262
2021-05-31,7.499602317810059,7.712451457977295
2021-06-01,7.616829872131348,7.880301475524902
2021-06-02,7.778711318969727,8.270989418029785
2021-06-04,7.954546928405762,8.372278213500977
2021-06-07,7.895936012268066,8.311504364013672
2021-06-08,7.999204635620117,8.511190414428711
2021-06-09,7.999204635620117,8.540129661560059
2021-06-10,8.004786491394043,8.557493209838867
2021-06-11,7.97408390045166,8.479355812072754
2021-06-14,8.024323463439941,8.467778205871582
2021-06-15,8.102474212646484,8.528552055358887
2021-06-16,8.133177757263184,8.557493209838867
2021-06-17,7.851277828216553,8.29414176940918
2021-06-18,7.904307842254639,8.317292213439941
2021-06-21,8.080144882202148,8.490930557250977
2021-06-22,8.1220121383667,8.499614715576172
2021-06-23,8.177834510803223,8.519872665405273
2021-06-24,8.275521278381348,8.650099754333496
2021-06-25,8.1220121383667,8.511190414428711
2021-06-28,8.10805606842041,8.473566055297852
2021-06-29,8.144341468811035,8.589326858520508
2021-06-30,8.214116096496582,8.765859603881836
2021-07-01,8.110846519470215,8.612479209899902
2021-07-02,8.144341468811035,8.690616607666016
2021-07-05,8.05223560333252,8.592219352722168
2021-07-06,7.722890377044678,8.270989418029785
2021-07-07,7.828947067260742,8.314398765563965
2021-07-08,7.672649383544922,8.149441719055176
2021-07-12,7.739635944366455,8.233366012573242
2021-07-13,7.787082195281982,8.265201568603516
2021-07-14,7.722890377044678,8.21021556854248
2021-07-15,7.558216571807861,8.016319274902344
2021-07-16,7.446572780609131,7.86293888092041
2021-07-19,7.323767185211182,7.770331382751465
2021-07-20,7.421452045440674,7.8976664543151855
2021-07-21,7.524720668792725,8.025001525878906
2021-07-22,7.5079755783081055,8.036576271057129
2021-07-23,7.46331787109375,7.929501056671143
2021-07-26,7.667067050933838,8.088667869567871
2021-07-27,7.577752113342285,8.053939819335938
2021-07-28,7.7340545654296875,8.201532363891602
2021-07-29,7.761963367462158,8.169699668884277
2021-07-30,7.510766506195068,7.958438873291016
2021-08-02,7.371214389801025,7.883195877075195
2021-08-03,7.494021892547607,8.016319274902344
2021-08-04,7.334929943084717,7.726921081542969
2021-08-05,7.912681579589844,8.470671653747559
2021-08-06,7.92384672164917,8.424369812011719
2021-08-09,7.868023872375488,8.346232414245605
2021-08-10,7.8931450843811035,8.349125862121582
2021-08-11,8.001995086669922,8.479355812072754
2021-08-12,8.1220121383667,8.525659561157227
2021-08-13,8.191787719726562,8.65877914428711
2021-08-16,7.993622303009033,8.493825912475586
2021-08-17,7.99359655380249,8.49686050415039
2021-08-18,7.92262077331543,8.395816802978516
2021-08-19,7.878260135650635,8.316206932067871
2021-08-20,7.866431713104248,8.313145637512207
2021-08-23,7.99063777923584,8.591779708862305
2021-08-24,8.156246185302734,8.6897611618042
2021-08-25,8.200607299804688,8.711197853088379
2021-08-26,8.129631996154785,8.640769958496094
2021-08-27,8.425362586975098,8.904097557067871
2021-08-30,8.369173049926758,8.793867111206055
2021-08-31,8.040911674499512,8.548913955688477
2021-09-01,7.996553421020508,8.502984046936035
2021-09-02,7.866431713104248,8.356011390686035
2021-09-03,7.786585330963135,8.3590726852417
2021-09-06,7.82503080368042,8.380507469177246
2021-09-08,7.384389877319336,7.915093898773193
2021-09-09,7.541128158569336,7.988579750061035
2021-09-10,7.493812084197998,7.982455253601074
2021-09-13,7.757011413574219,8.23047161102295
2021-09-14,7.653506278991699,8.169232368469238
2021-09-15,7.786585330963135,8.258028030395508
2021-09-16,7.718566417694092,8.18148136138916
2021-09-17,7.372561931610107,7.807925224304199
2021-09-20,7.289758205413818,7.725254535675049
2021-09-21,7.455365180969238,7.84773063659668
2021-09-22,7.644634246826172,8.1018705368042
2021-09-23,7.937408447265625,8.438682556152344
2021-09-24,7.9551496505737305,8.438682556152344
2021-09-27,8.026126861572266,8.570347785949707
2021-09-28,7.9728922843933105,8.49686050415039
2021-09-29,8.100058555603027,8.625460624694824
2021-09-30,8.052741050720215,8.61933708190918
2021-10-01,8.280454635620117,8.781620025634766
2021-10-04,8.514081001281738,8.995953559875488
2021-10-05,8.700389862060547,9.145990371704102
2021-10-06,8.469721794128418,8.922469139099121
2021-10-07,8.457891464233398,8.940840721130371
2021-10-08,8.611672401428223,9.121496200561523
2021-10-11,8.670817375183105,9.11536979675293
2021-10-13,8.762495994567871,9.277652740478516
2021-10-14,8.77728271484375,9.262343406677246
2021-10-15,8.753623008728027,9.234783172607422
2021-10-18,8.709264755249023,9.247035026550293
2021-10-19,8.28341293334961,8.84285831451416
2021-10-20,8.428319931030273,9.032699584960938
2021-10-21,8.117802619934082,8.714255332946777
2021-10-22,8.037957191467285,8.542789459228516
2021-10-25,8.58801555633545,9.066378593444824
2021-10-26,8.505209922790527,8.962274551391602
2021-10-27,8.484509468078613,8.974520683288574
2021-10-28,8.56435489654541,9.060253143310547
2021-10-29,8.029082298278809,8.47236442565918
2021-11-01,8.280454635620117,8.787742614746094
2021-11-03,7.940365314483643,8.414188385009766
2021-11-04,7.688994407653809,8.16617202758789
2021-11-05,7.644634246826172,8.172294616699219
2021-11-08,7.724481105804443,8.307022094726562
2021-11-09,7.878260135650635,8.43562126159668
2021-11-10,7.816158294677734,8.365198135375977
2021-11-11,7.8220720291137695,8.365198135375977
2021-11-12,7.9817657470703125,8.518293380737305
2021-11-16,8.064570426940918,8.646893501281738
2021-11-17,7.860517978668213,8.447869300842285
2021-11-18,7.848686218261719,8.441742897033691
2021-11-19,7.718566417694092,8.325392723083496
2021-11-22,7.7954559326171875,8.401941299438477
2021-11-23,8.221306800842285,8.796928405761719
2021-11-24,8.389874458312988,8.968398094177246
2021-11-25,8.759537696838379,9.338891983032227
2021-11-26,8.41944694519043,8.931653022766113
2021-11-29,8.715177536010742,9.234783172607422
2021-11-30,8.703349113464355,9.228660583496094
2021-12-01,8.753623008728027,9.292961120605469
2021-12-02,9.421529769897461,10.122994422912598
2021-12-03,9.554417610168457,10.311601638793945
2021-12-06,9.597601890563965,10.407618522644043
2021-12-07,9.753744125366211,10.695672988891602
2021-12-08,9.750421524047852,10.657950401306152
2021-12-09,9.730489730834961,10.657950401306152
2021-12-10,9.850086212158203,10.798547744750977
2021-12-13,9.79028606414795,10.78825855255127
2021-12-14,9.674010276794434,10.637374877929688
2021-12-15,9.733811378479004,10.603082656860352
2021-12-16,9.863373756408691,10.822553634643555
2021-12-17,9.63082218170166,10.558504104614258
2021-12-20,9.35508918762207,10.356184005737305
2021-12-21,9.368375778198242,10.404191017150879
2021-12-22,9.35508918762207,10.363040924072266
2021-12-23,9.411564826965332,10.438482284545898
2021-12-27,9.551093101501465,10.644233703613281
2021-12-28,9.56105899810791,10.651092529296875
2021-12-29,9.481329917907715,10.613370895385742
2021-12-30,9.451431274414062,10.527641296386719
2022-01-03,9.664045333862305,10.808833122253418
2022-01-04,9.70058822631836,10.946001052856445
2022-01-05,9.325189590454102,10.496777534484863
2022-01-06,9.31854248046875,10.486489295959473
2022-01-07,9.361733436584473,10.572219848632812
2022-01-10,9.305258750915527,10.534499168395996
2022-01-11,9.580992698669434,10.97000789642334
2022-01-12,9.873337745666504,11.333500862121582
2022-01-13,10.072665214538574,11.60783863067627
2022-01-14,10.44806957244873,11.851312637329102
2022-01-17,10.464674949645996,11.813591957092285
2022-01-18,10.511185646057129,11.85473918914795
2022-01-19,10.46135425567627,11.74500560760498
2022-01-20,10.537763595581055,11.820449829101562
2022-01-21,10.554374694824219,11.861601829528809
2022-01-24,10.614171981811523,11.882177352905273
2022-01-25,10.959672927856445,12.276532173156738
2022-01-26,11.252019882202148,12.636595726013184
2022-01-27,11.255341529846191,12.684609413146973
2022-01-28,10.810176849365234,12.30739688873291
2022-01-31,10.747055053710938,12.0947847366333
2022-02-01,10.962995529174805,12.451421737670898
2022-02-02,10.803532600402832,12.228524208068848
2022-02-03,10.654036521911621,12.098213195800781
2022-02-04,10.84007740020752,12.314254760742188
2022-02-07,10.680614471435547,12.166799545288086
2022-02-08,10.574310302734375,11.99190902709961
2022-02-09,10.614171981811523,12.002195358276367
2022-02-10,10.776954650878906,12.207951545715332
2022-02-11,11.215475082397461,12.756623268127441
2022-02-14,10.962995529174805,12.427417755126953
2022-02-15,10.790245056152344,12.170228958129883
2022-02-16,10.939740180969238,12.437705993652344
2022-02-17,10.896551132202148,12.379405975341797
2022-02-18,10.962995529174805,12.300539016723633
2022-02-21,11.245372772216797,12.633172035217285
2022-02-22,11.208829879760742,12.437705993652344
2022-02-23,11.368293762207031,12.44113540649414
2022-02-24,11.092558860778809,12.2456693649292
2022-02-25,11.295207023620605,12.47199535369873
2022-03-02,11.517789840698242,12.866355895996094
2022-03-03,11.37493896484375,12.763480186462402
2022-03-04,11.37161636352539,12.677748680114746
2022-03-07,10.56434154510498,11.707283020019531
2022-03-08,10.783600807189941,11.895890235900879
2022-03-09,10.816824913024902,11.892461776733398
2022-03-10,11.195542335510254,12.225096702575684
2022-03-11,10.79356861114502,11.937042236328125
2022-03-14,10.587594032287598,11.786157608032227
2022-03-15,10.331793785095215,11.566688537597656
2022-03-16,10.242095947265625,11.576973915100098
2022-03-17,9.969681739807129,11.271778106689453
2022-03-18,10.1690092086792,11.371221542358398
2022-03-21,10.55105209350586,11.751864433288574
2022-03-22,10.504544258117676,11.676423072814941
2022-03-23,10.647392272949219,11.789588928222656
2022-03-24,10.770309448242188,11.99190902709961
2022-03-25,10.730447769165039,12.002195358276367
2022-03-28,10.49789810180664,11.6867094039917
2022-03-29,10.730447769165039,11.830738067626953
2022-03-30,10.959672927856445,12.039917945861816
2022-03-31,11.112491607666016,12.084495544433594
2022-04-01,10.966318130493164,12.081068992614746
2022-04-04,10.863329887390137,11.95761775970459
2022-04-05,10.760343551635742,11.94389820098877
2022-04-06,10.750377655029297,11.981619834899902
2022-04-07,11.308497428894043,12.581729888916016
2022-04-08,11.364970207214355,12.718900680541992
2022-04-11,11.278595924377441,12.550867080688477
2022-04-12,11.245372772216797,12.56458568572998
2022-04-13,11.484565734863281,12.873215675354004
2022-04-14,11.36472225189209,12.940336227416992
2022-04-18,11.164831161499023,12.705732345581055
2022-04-19,11.50283145904541,12.925440788269043
2022-04-20,11.557347297668457,13.07811450958252
2022-04-22,11.106685638427734,12.42644214630127
2022-04-25,10.943134307861328,12.340797424316406
2022-04-26,10.924962043762207,12.32217788696289
2022-04-27,10.924962043762207,12.359416007995605
2022-04-28,10.997649192810059,12.448787689208984
2022-04-29,11.004919052124023,12.45251178741455
2022-05-02,10.89588737487793,12.229082107543945
2022-05-03,10.99401569366455,12.311006546020508
2022-05-04,11.655472755432129,12.891924858093262
2022-05-05,11.633667945861816,12.80627727508545
2022-05-06,12.015280723571777,13.290374755859375
2022-05-09,11.688183784484863,12.757866859436035
2022-05-10,11.789946556091309,12.917990684509277
2022-05-11,12.20063304901123,13.569663047790527
2022-05-12,12.295126914978027,13.621795654296875
2022-05-13,12.45504093170166,13.640413284301758
2022-05-16,12.578609466552734,14.023974418640137
2022-05-17,12.415060997009277,14.03514289855957
2022-05-18,12.211533546447754,13.718620300292969
2022-05-19,12.418693542480469,13.834057807922363
2022-05-20,12.658568382263184,14.027694702148438
2022-05-23,13.156476020812988,14.545308113098145
2022-05-24,12.798242568969727,14.1566162109375
2022-05-25,12.98049545288086,14.444687843322754
2022-05-26,13.012895584106445,14.489954948425293
2022-05-27,12.393234252929688,13.885007858276367
2022-05-30,12.14617919921875,13.584589958190918
2022-05-31,12.174528121948242,13.687470436096191
2022-06-01,12.158330917358398,13.675125122070312
2022-06-02,12.05302906036377,13.547550201416016
2022-06-03,12.263631820678711,13.893234252929688
2022-06-06,12.271730422973633,13.885007858276367
2022-06-07,12.417534828186035,13.9343900680542
2022-06-08,12.356783866882324,13.880891799926758
2022-06-09,12.178582191467285,13.716279029846191
2022-06-10,12.008477210998535,13.543436050415039
2022-06-13,11.854572296142578,13.337671279907227
2022-06-14,11.988225936889648,13.457016944885254
2022-06-15,11.777624130249023,13.280057907104492
2022-06-17,11.060755729675293,12.317079544067383
2022-06-20,11.186311721801758,12.424076080322266
2022-06-21,10.963556289672852,12.292387962341309
2022-06-22,10.931156158447266,12.234773635864258
2022-06-23,10.728653907775879,11.975509643554688
2022-06-24,10.647650718688965,11.897317886352539
2022-06-27,11.332114219665527,12.699800491333008
2022-06-28,11.473865509033203,12.884989738464355
2022-06-29,11.372612953186035,12.70803165435791
2022-06-30,11.311864852905273,12.56811237335205
2022-07-01,11.554868698120117,12.802682876586914
2022-07-04,11.801922798156738,13.107213020324707
2022-07-05,11.352363586425781,12.54753303527832
2022-07-06,11.206562995910645,12.358235359191895
2022-07-07,11.534618377685547,12.72449016571045
2022-07-08,11.664217948913574,12.839723587036133
2022-07-11,11.607519149780273,12.83149242401123
2022-07-12,11.433365821838379,12.58045482635498
2022-07-13,11.4414644241333,12.633957862854004
2022-07-14,11.133661270141602,12.230657577514648
2022-07-15,11.324014663696289,12.473458290100098
2022-07-18,11.583218574523926,12.889105796813965
2022-07-19,11.818122863769531,13.033141136169434
2022-07-20,11.814072608947754,13.144253730773926
2022-07-21,11.753321647644043,13.000219345092773
2022-07-22,11.878873825073242,13.14013671875
2022-07-25,12.433734893798828,13.708047866821289
2022-07-26,12.559289932250977,13.905583381652832
2022-07-27,12.696990013122559,13.99611759185791
2022-07-28,13.077696800231934,14.29241943359375
2022-07-29,13.831013679504395,15.210131645202637
2022-08-01,13.64065933227539,15.020827293395996
2022-08-02,13.701409339904785,15.029056549072266
2022-08-03,13.709508895874023,14.94675350189209
2022-08-04,13.855311393737793,15.177209854125977
2022-08-05,14.122614860534668,15.44058895111084
2022-08-08,14.835429191589355,16.185455322265625
2022-08-09,15.078436851501465,16.399450302124023
2022-08-10,15.029833793640137,16.341840744018555
2022-08-11,14.681530952453613,16.033191680908203
2022-08-12,15.771773338317871,17.352540969848633
2022-08-15,15.776752471923828,17.29283905029297
2022-08-16,15.920989036560059,17.491840362548828
2022-08-17,16.29401969909668,18.07390785217285
2022-08-18,16.622285842895508,18.31270408630371
2022-08-19,15.781720161437988,17.566465377807617
2022-08-22,16.119937896728516,17.84505844116211
2022-08-23,16.632232666015625,18.516674041748047
2022-08-24,16.731712341308594,18.641050338745117
2022-08-25,16.552654266357422,18.45199966430664
2022-08-26,16.731712341308594,18.63607406616211
2022-08-29,17.14950180053711,19.03904151916504
2022-08-30,16.129886627197266,17.964458465576172
2022-08-31,16.527788162231445,18.491796493530273
2022-09-01,16.83616065979004,18.825119018554688
2022-09-02,16.622285842895508,18.551498413085938
2022-09-05,16.582496643066406,18.51169776916504
2022-09-06,15.965751647949219,17.859983444213867
2022-09-08,15.816540718078613,17.68088722229004
2022-09-09,15.811563491821289,17.651039123535156
2022-09-12,15.657379150390625,17.576414108276367
2022-09-13,15.244559288024902,17.04409408569336
2022-09-14,15.478324890136719,17.253042221069336
2022-09-15,15.44848346710205,17.213239669799805
2022-09-16,15.30921745300293,17.11871910095215
2022-09-19,15.552928924560547,17.322694778442383
2022-09-20,15.46340274810791,17.29283905029297
2022-09-21,15.503194808959961,17.258014678955078
2022-09-22,15.886174201965332,17.611238479614258
2022-09-23,14.891424179077148,16.367507934570312
2022-09-26,14.568124771118164,16.158557891845703
2022-09-27,14.75713062286377,16.352581024169922
2022-09-28,14.558177947998047,16.2381591796875
2022-09-29,14.578078269958496,16.253084182739258
2022-09-30,14.821791648864746,16.457054138183594
2022-10-03,16.005542755126953,17.914701461791992
2022-10-04,15.602667808532715,17.56148910522461
2022-10-05,16.189571380615234,18.18335723876953
2022-10-06,16.741657257080078,18.720643997192383
2022-10-07,16.726736068725586,18.626123428344727
2022-10-10,16.537734985351562,18.45697021484375
2022-10-11,16.41339111328125,18.277877807617188
2022-10-13,16.88092041015625,18.849994659423828
2022-10-14,16.622285842895508,18.481855392456055
2022-10-17,16.607364654541016,18.362451553344727
2022-10-18,17.015214920043945,18.77536964416504
2022-10-19,17.617036819458008,19.47186279296875
2022-10-20,18.139286041259766,19.994226455688477
2022-10-21,18.761005401611328,20.67579460144043
2022-10-24,17.03510856628418,18.631099700927734
2022-10-25,16.677000045776367,18.35250473022461
2022-10-26,16.26915168762207,18.019182205200195
2022-10-27,16.39349365234375,18.07390785217285
2022-10-28,16.199520111083984,17.80027961730957
2022-10-31,14.826762199401855,16.546600341796875
2022-11-01,14.851633071899414,16.601327896118164
2022-11-03,14.896395683288574,16.646100997924805
2022-11-04,14.075725555419922,15.77548885345459
2022-11-07,13.503744125366211,15.238198280334473
2022-11-08,13.603219985961914,15.238198280334473
2022-11-09,13.37939739227295,14.95462703704834
2022-11-10,12.991449356079102,14.770554542541504
2022-11-11,13.424163818359375,15.273021697998047
2022-11-14,13.777300834655762,15.69588851928711
2022-11-16,13.503744125366211,15.521770477294922
2022-11-17,13.508716583251953,15.402371406555176
2022-11-18,13.279927253723145,15.11880111694336
2022-11-21,13.319717407226562,15.064075469970703
2022-11-22,12.414420127868652,15.136176109313965
2022-11-23,12.472951889038086,15.141769409179688
2022-11-24,12.903971672058105,15.729095458984375
2022-11-25,12.696444511413574,15.376701354980469
2022-11-28,12.962504386901855,15.757059097290039
2022-11-29,13.505270957946777,16.433879852294922
2022-11-30,14.18638801574707,16.99883270263672
2022-12-01,13.617015838623047,16.361167907714844
2022-12-02,13.7872953414917,16.57371711730957
2022-12-05,13.632981300354004,16.349977493286133
2022-12-06,13.643622398376465,16.32200813293457
2022-12-07,13.489306449890137,16.07589340209961
2022-12-08,13.185997009277344,15.729095458984375
2022-12-09,13.148748397827148,15.695531845092773
2022-12-12,12.72304916381836,15.27042007446289
2022-12-13,12.409098625183105,15.063458442687988
2022-12-14,11.42467212677002,13.586762428283691
2022-12-15,11.727983474731445,13.933562278747559
2022-12-16,11.733301162719727,13.9727144241333
2022-12-19,11.908903121948242,14.291548728942871
2022-12-20,12.276067733764648,14.638350486755371
2022-12-21,12.542129516601562,15.02430248260498
2022-12-22,12.765620231628418,15.19770622253418
2022-12-23,13.36691951751709,15.975212097167969
2022-12-26,13.271135330200195,15.92486572265625
2022-12-27,13.361599922180176,16.031145095825195
2022-12-28,13.196640968322754,15.941646575927734
2022-12-29,13.037003517150879,15.684347152709961
2023-01-02,12.196249008178711,14.638350486755371
2023-01-03,11.887618064880371,14.431386947631836
2023-01-04,12.265423774719238,14.671907424926758
2023-01-05,12.707087516784668,15.147364616394043
2023-01-06,12.632589340209961,15.05227279663086
2023-01-09,12.701766014099121,15.152956008911133
2023-01-10,12.818831443786621,15.242454528808594
2023-01-11,12.919936180114746,15.438226699829102
2023-01-12,13.106180191040039,15.522130966186523
2023-01-13,13.074252128601074,15.488571166992188
2023-01-16,12.792226791381836,15.10261344909668
2023-01-17,13.5797700881958,16.165388107299805
2023-01-18,13.340310096740723,15.958431243896484
2023-01-19,13.776654243469238,16.501007080078125
2023-01-20,14.032073974609375,16.685592651367188
2023-01-23,14.255563735961914,17.071550369262695
2023-01-24,14.154459953308105,16.942895889282227
2023-01-25,14.335382461547852,17.015613555908203
2023-01-26,13.968216896057129,16.540159225463867
2023-01-27,13.632981300354004,16.165388107299805
2023-01-30,13.702157020568848,16.21573257446289
2023-01-31,13.87243366241455,16.4786319732666
2023-02-01,13.680869102478027,16.15420150756836
2023-02-02,13.047645568847656,15.387887954711914
2023-02-03,13.191317558288574,15.572473526000977
2023-02-06,13.718122482299805,16.137422561645508
2023-02-07,13.632981300354004,16.053524017333984
2023-02-08,13.86178970336914,16.377946853637695
2023-02-09,13.797938346862793,16.377946853637695
2023-02-10,14.218314170837402,16.825428009033203
2023-02-13,14.260883331298828,16.909337997436523
2023-02-14,14.207674026489258,16.808650970458984
2023-02-15,14.22895622253418,16.88136863708496
2023-02-16,14.287491798400879,16.864587783813477
2023-02-17,14.069321632385254,16.607282638549805
2023-02-22,13.707478523254395,16.193359375
2023-02-23,14.127856254577637,16.79746437072754
2023-02-24,13.78197193145752,16.545751571655273
2023-02-27,13.915005683898926,16.81983757019043
2023-02-28,13.430770874023438,16.08148765563965
2023-03-01,13.462699890136719,16.08148765563965
2023-03-02,13.111501693725586,15.639596939086914
2023-03-03,13.675548553466797,16.210140228271484
2023-03-06,13.813899993896484,16.450660705566406
2023-03-07,13.356278419494629,15.952838897705078
2023-03-08,13.526554107666016,16.198951721191406
2023-03-09,13.468024253845215,15.99758529663086
2023-03-10,13.292420387268066,15.88571548461914
2023-03-13,12.872044563293457,15.382295608520508
2023-03-14,12.643231391906738,15.108210563659668
2023-03-15,12.419742584228516,14.739032745361328
2023-03-16,12.377168655395508,14.683100700378418
2023-03-17,12.510202407836914,14.744626998901367
2023-03-20,12.201571464538574,14.3978271484375
2023-03-21,12.451667785644531,14.716660499572754
2023-03-22,12.414420127868652,14.588007926940918
2023-03-23,12.132393836975098,14.302733421325684
2023-03-24,12.127074241638184,14.35307788848877
2023-03-27,12.334600448608398,14.571224212646484
2023-03-28,12.552772521972656,14.82293701171875
2023-03-29,12.717728614807129,14.979555130004883
2023-03-30,12.754977226257324,15.147364616394043
2023-03-31,12.47827434539795,14.817342758178711
2023-04-03,13.031681060791016,15.522130966186523
2023-04-04,12.914613723754883,15.303985595703125
2023-04-05,12.957184791564941,15.326358795166016
2023-04-06,12.770940780639648,15.147364616394043
2023-04-10,13.042323112487793,15.550100326538086
2023-04-11,13.654267311096191,16.232513427734375
2023-04-12,13.755370140075684,16.243701934814453
2023-04-13,13.851152420043945,16.433879852294922
2023-04-14,13.994824409484863,16.67999839782715
2023-04-17,14.212994575500488,16.752717971801758
2023-04-18,14.574835777282715,17.177825927734375
2023-04-19,14.106571197509766,16.629657745361328
2023-04-20,14.202349662780762,16.67999839782715
2023-04-24,14.473736763000488,16.937301635742188
2023-04-25,14.415199279785156,16.847808837890625
2023-04-26,14.23427963256836,16.607282638549805
2023-04-27,13.888399124145508,16.165388107299805
2023-04-28,14.206188201904297,16.601219177246094
2023-05-02,13.630748748779297,15.860483169555664
2023-05-03,13.582793235778809,15.773337364196777
2023-05-04,13.798583984375,16.00364875793457
2023-05-05,14.386013984680176,16.67591667175293
2023-05-08,14.691717147827148,16.949800491333008
2023-05-09,14.739670753479004,17.080522537231445
2023-05-10,14.703703880310059,17.111642837524414
2023-05-11,15.243181228637695,17.522472381591797
2023-05-12,15.734702110290527,18.138715744018555
2023-05-15,15.381046295166016,17.777685165405273
2023-05-16,15.764671325683594,18.17606544494629
2023-05-17,15.381046295166016,18.06401824951172
2023-05-18,15.470959663391113,18.144939422607422
2023-05-19,15.44698429107666,18.232086181640625
2023-05-22,15.357071876525879,17.958200454711914
2023-05-23,15.734702110290527,18.331682205200195
2023-05-24,15.974467277526855,18.530872344970703
2023-05-25,15.854584693908691,18.39392852783203
2023-05-26,16.06437873840332,18.698938369750977
2023-05-29,15.998446464538574,18.58066749572754
2023-05-30,15.818617820739746,18.4063777923584
2023-05-31,15.656781196594238,18.182287216186523
2023-06-01,16.160287857055664,18.711387634277344
2023-06-02,16.292158126831055,18.935476303100586
2023-06-05,16.46599006652832,19.05374526977539
2023-06-06,16.813650131225586,19.439672470092773
2023-06-07,17.30517578125,20.04347038269043
2023-06-09,18.150354385375977,21.008296966552734
2023-06-12,18.468042373657227,21.27595329284668
2023-06-13,18.4320068359375,21.28489875793457
2023-06-14,19.223957061767578,22.200876235961914
2023-06-15,18.7705020904541,21.871383666992188
2023-06-16,18.9301700592041,22.003185272216797
2023-06-19,19.428333282470703,22.55013656616211
2023-06-20,19.524131774902344,22.60944175720215
2023-06-21,20.341630935668945,23.512239456176758
2023-06-22,20.086164474487305,23.123437881469727
2023-06-23,19.262279510498047,22.339263916015625
2023-06-26,19.69657325744629,22.774185180664062
2023-06-27,19.543292999267578,22.576488494873047
2023-06-28,19.728506088256836,22.741230010986328
2023-06-29,19.81791877746582,22.991647720336914
2023-06-30,18.85991859436035,21.81208038330078
2023-07-03,19.211185455322266,22.187698364257812
2023-07-04,19.25589370727539,22.240419387817383
2023-07-05,19.230344772338867,22.233829498291016
2023-07-06,18.93655776977539,21.950468063354492
2023-07-07,18.84075355529785,21.83184814453125
2023-07-10,18.87268829345703,21.83184814453125
2023-07-11,18.61722183227539,21.6605167388916
2023-07-12,18.629993438720703,21.594619750976562
2023-07-13,18.923782348632812,21.910924911499023
2023-07-14,18.553354263305664,21.449642181396484
2023-07-17,18.515033721923828,21.456235885620117
2023-07-18,18.4128475189209,21.2717227935791
2023-07-19,18.585290908813477,21.39033317565918
2023-07-20,18.604446411132812,21.555076599121094
2023-07-21,18.955717086791992,21.950468063354492
2023-07-24,19.3516902923584,22.4051570892334
2023-07-25,19.798765182495117,22.8071346282959
2023-07-26,19.798765182495117,22.708284378051758
2023-07-27,18.7705020904541,21.429874420166016
2023-07-28,19.006811141967773,21.792314529418945
2023-07-31,19.869014739990234,22.93893051147461
2023-08-01,19.543292999267578,22.4578800201416
2023-08-02,19.498584747314453,22.299728393554688
2023-08-03,19.747669219970703,22.616029739379883
2023-08-04,19.16009521484375,21.66710662841797
2023-08-07,19.281436920166016,21.81208038330078
2023-08-08,19.30059814453125,21.79890251159668
2023-08-09,19.45387840270996,22.049312591552734
2023-08-10,19.562454223632812,22.042720794677734
2023-08-11,19.51774787902832,22.055904388427734
2023-08-14,19.568838119506836,22.161340713500977
2023-08-15,19.709346771240234,22.115211486816406
2023-08-16,20.143644332885742,22.76759910583496
2023-08-17,20.079771041870117,22.596263885498047
2023-08-18,20.13086700439453,22.72806167602539
2023-08-21,19.9903621673584,22.50400733947754
2023-08-22,20.294885635375977,22.84449577331543
2023-08-23,21.37560272216797,24.146968841552734
2023-08-24,21.342449188232422,24.085594177246094
2023-08-25,21.19658660888672,23.894657135009766
2023-08-28,21.435274124145508,24.140153884887695
2023-08-29,21.481687545776367,24.22879981994629
2023-08-30,21.627546310424805,24.208343505859375
2023-08-31,21.17669677734375,23.553695678710938
2023-09-01,21.634178161621094,24.337907791137695
2023-09-04,21.408750534057617,24.003765106201172
2023-09-05,22.124807357788086,25.10848617553711
2023-09-06,22.224258422851562,25.231231689453125
2023-09-08,22.144699096679688,25.033470153808594
2023-09-11,22.124807357788086,24.862991333007812
2023-09-12,22.23089027404785,25.13576316833496
2023-09-13,21.899383544921875,24.808433532714844
2023-09-14,22.456314086914062,25.538097381591797
2023-09-15,22.469573974609375,25.163042068481445
2023-09-18,22.628700256347656,25.476726531982422
2023-09-19,22.681737899780273,25.476726531982422
2023-09-20,22.734783172607422,25.510822296142578
2023-09-21,22.38338279724121,25.142581939697266
2023-09-22,22.562397003173828,25.326702117919922
2023-09-25,22.708263397216797,25.490360260009766
2023-09-26,22.184480667114258,24.787975311279297
2023-09-27,22.887277603149414,25.70857810974121
2023-09-28,22.840866088867188,25.579010009765625
2023-09-29,22.96683692932129,25.838146209716797
2023-10-02,22.6220645904541,25.347158432006836
2023-10-03,22.522615432739258,25.047109603881836
2023-10-04,21.627546310424805,24.290176391601562
2023-10-05,21.700475692749023,24.194705963134766
2023-10-06,22.217626571655273,24.80161476135254
2023-10-09,23.17237663269043,25.817689895629883
2023-10-10,23.344755172729492,26.083637237548828
2023-10-11,23.285083770751953,25.994983673095703
2023-10-13,24.05417823791504,26.813297271728516
2023-10-16,24.319387435913086,27.07925033569336
2023-10-17,24.97576904296875,27.692975997924805
2023-10-18,25.539335250854492,28.340810775756836
2023-10-19,25.41999053955078,28.13623046875
2023-10-20,25.09511375427246,27.829370498657227
2023-10-23,23.437576293945312,26.15182876586914
2023-10-24,23.788976669311523,26.554168701171875
2023-10-25,23.91495132446289,26.62917709350586
2023-10-26,23.669631958007812,26.43141746520996
2023-10-27,23.49724769592285,26.240482330322266
2023-10-30,23.258563995361328,26.02907943725586
2023-10-31,23.03313636779785,25.804044723510742
2023-11-01,23.285083770751953,26.10409164428711
2023-11-03,23.563549041748047,26.32230567932129
2023-11-06,23.543659210205078,26.254114151000977
2023-11-07,23.152477264404297,25.674484252929688
2023-11-08,22.65521812438965,25.067567825317383
2023-11-09,23.125961303710938,25.599472045898438
2023-11-10,23.01987648010254,25.517637252807617
2023-11-13,23.663002014160156,26.090456008911133
2023-11-14,23.987878799438477,26.390506744384766
2023-11-16,23.570178985595703,25.858598709106445
2023-11-17,24.339277267456055,26.94968032836914
2023-11-20,24.359169006347656,26.861034393310547
2023-11-21,24.107219696044922,26.59507942199707
2023-11-22,24.22521209716797,26.63837242126465
2023-11-23,24.232101440429688,26.758522033691406
2023-11-24,24.301002502441406,26.68077278137207
2023-11-27,24.163204193115234,26.504079818725586
2023-11-28,24.52836799621582,26.751449584960938
2023-11-29,24.273441314697266,26.39806365966797
2023-11-30,24.741962432861328,26.645437240600586
2023-12-01,24.576601028442383,26.292049407958984
2023-12-04,24.052959442138672,25.77610206604004
2023-12-05,23.94272232055664,25.58527183532715
2023-12-06,23.081472396850586,24.97744369506836
2023-12-07,23.026351928710938,25.05518913269043
2023-12-08,23.76358413696289,25.9103946685791
2023-12-11,23.67401123046875,25.83264923095703
2023-12-12,23.481094360351562,25.43685531616211
2023-12-13,23.81869888305664,25.77610206604004
2023-12-14,24.335453033447266,26.376867294311523
2023-12-15,24.39057159423828,26.17189598083496
2023-12-18,24.693729400634766,26.709043502807617
2023-12-19,24.976224899291992,26.885738372802734
2023-12-20,25.065792083740234,26.93521499633789
2023-12-21,25.072683334350586,26.93521499633789
2023-12-22,25.313831329345703,27.295671463012695
2023-12-26,25.72034454345703,27.705604553222656
2023-12-27,25.741010665893555,27.66319465637207
2023-12-28,25.658327102661133,27.55010986328125
2024-01-02,26.03038787841797,27.818681716918945
2024-01-03,26.84341049194336,28.765771865844727
2024-01-04,26.616044998168945,28.29929542541504
2024-01-05,26.67804718017578,28.546661376953125
2024-01-08,26.47824478149414,28.016582489013672
2024-01-09,26.250869750976562,27.861087799072266
2024-01-10,26.009721755981445,27.58544921875
2024-01-11,26.230201721191406,27.868160247802734
2024-01-12,26.299104690551758,28.016582489013672
2024-01-15,26.581594467163086,28.29929542541504
2024-01-16,26.250869750976562,27.988306045532227
2024-01-17,26.099292755126953,27.755075454711914
2024-01-18,25.995939254760742,27.55010986328125
2024-01-19,25.85814094543457,27.52890968322754
2024-01-22,25.97526741027832,27.59251594543457
2024-01-23,26.299104690551758,27.995376586914062
2024-01-24,26.099292755126953,27.733869552612305
2024-01-25,27.06389045715332,29.020204544067383
2024-01-26,27.532407760620117,29.656295776367188
2024-01-29,27.952701568603516,29.93901252746582
2024-01-30,27.780445098876953,29.804718017578125
2024-01-31,28.083608627319336,29.797651290893555
2024-02-01,28.641698837280273,30.363075256347656
2024-02-02,28.26963996887207,29.917804718017578
2024-02-05,28.393651962280273,29.917804718017578
2024-02-06,28.655479431152344,30.370149612426758
2024-02-07,29.07577133178711,30.659921646118164
2024-02-08,28.841508865356445,30.553903579711914
2024-02-09,28.455665588378906,30.20758819580078
2024-02-14,28.242082595825195,29.903671264648438
2024-02-15,29.144668579101562,30.75180435180664
2024-02-16,29.413381576538086,31.31015396118164
2024-02-19,29.558067321777344,31.444446563720703
2024-02-20,29.248022079467773,30.815414428710938
2024-02-21,29.289356231689453,30.89315414428711
2024-02-22,29.06887435913086,30.91436195373535
2024-02-23,28.86907386779785,30.82954978942871
2024-02-26,29.413381576538086,31.1546688079834
2024-02-27,29.372041702270508,31.07691764831543
2024-02-28,27.856237411499023,29.401857376098633
2024-02-29,27.656429290771484,29.13328742980957
2024-03-01,27.683988571166992,29.126220703125
2024-03-04,27.615093231201172,29.01313591003418
2024-03-05,27.532407760620117,28.836441040039062
2024-03-06,28.13872718811035,29.331186294555664
2024-03-07,27.828683853149414,29.161556243896484
2024-03-08,25.286270141601562,26.13655662536621
2024-03-11,24.562822341918945,25.634746551513672
2024-03-12,25.368953704833984,26.412200927734375
2024-03-13,25.065792083740234,26.15069580078125
2024-03-14,24.955551147460938,25.973997116088867
2024-03-15,25.02445411682129,25.917457580566406
2024-03-18,25.038230895996094,26.13655662536621
2024-03-19,24.852203369140625,25.846782684326172
2024-03-20,25.286270141601562,26.383928298950195
2024-03-21,24.597270965576172,25.846782684326172
2024-03-22,24.838424682617188,26.05174446105957
2024-03-25,25.217370986938477,26.376867294311523
2024-03-26,24.983112335205078,26.087087631225586
2024-03-27,25.182920455932617,26.405136108398438
2024-03-28,25.741010665893555,27.05536460876465
2024-04-01,25.940818786621094,27.25326919555664
2024-04-02,26.609146118164062,27.995376586914062
2024-04-03,26.47134780883789,27.776275634765625
2024-04-04,26.16818618774414,27.64906120300293
2024-04-05,26.250869750976562,27.59251594543457
2024-04-08,26.616044998168945,27.988306045532227
2024-04-09,26.684940338134766,28.129663467407227
2024-04-10,27.277481079101562,28.97779655456543
2024-04-11,27.077667236328125,28.716293334960938
2024-04-12,26.82962989807129,28.483057022094727
2024-04-15,27.084562301635742,28.900049209594727
2024-04-16,27.208580017089844,29.04140281677246
2024-04-17,27.40838623046875,29.08380889892578
2024-04-18,27.456621170043945,29.01313591003418
2024-04-19,27.925134658813477,30.193449020385742
2024-04-22,28.593469619750977,30.928497314453125
2024-04-23,28.538347244262695,30.716463088989258
2024-04-24,28.40743637084961,30.582176208496094
2024-04-25,29.089548110961914,31.274805068969727
2024-04-26,29.5003719329834,31.746492385864258
2024-04-29,29.854522705078125,32.31974411010742
2024-04-30,29.762449264526367,32.1165657043457
2024-05-02,29.87576675415039,32.23992919921875
2024-05-03,29.495723724365234,31.75318145751953
2024-05-06,29.695369720458984,31.91190528869629
2024-05-07,30.057687759399414,32.68286895751953
2024-05-08,30.516128540039062,33.03056335449219
2024-05-09,30.811899185180664,33.61256408691406
2024-05-10,30.74534797668457,33.35557556152344
2024-05-13,30.77492332458496,33.363136291503906
2024-05-14,30.220359802246094,32.44855499267578
2024-05-15,28.39397621154785,30.249040603637695
2024-05-16,27.565814971923828,29.69727897644043
2024-05-17,27.129552841186523,29.153060913085938
2024-05-20,27.173921585083008,29.25132179260254
2024-05-21,27.122161865234375,29.032127380371094
2024-05-22,27.49187469482422,29.304224014282227
2024-05-23,27.21828842163086,29.054798126220703
2024-05-24,27.07040023803711,28.956541061401367
2024-05-27,27.36617088317871,29.25132179260254
2024-05-28,27.950313568115234,29.765300750732422
2024-05-29,27.913349151611328,29.83332633972168
2024-05-31,28.682357788085938,30.763019561767578
2024-06-03,28.527074813842773,30.422880172729492
2024-06-04,28.20911979675293,30.249040603637695
2024-06-05,28.2460880279541,30.196134567260742
2024-06-06,28.379188537597656,30.188570022583008
2024-06-07,27.314411163330078,29.168174743652344
2024-06-10,27.728490829467773,29.704830169677734
2024-06-11,27.846797943115234,29.68215560913086
2024-06-12,27.240867614746094,29.125608444213867
2024-06-13,26.967090606689453,28.745132446289062
2024-06-14,26.373905181884766,28.442310333251953
2024-06-17,26.4727725982666,28.45783805847168
2024-06-18,27.301708221435547,29.412906646728516
2024-06-19,27.324525833129883,29.226547241210938
2024-06-20,27.758005142211914,29.816673278808594
2024-06-21,27.90250015258789,29.746788024902344
2024-06-24,28.18387794494629,30.313610076904297
2024-06-25,28.16107177734375,30.204912185668945
2024-06-26,28.206701278686523,30.360198974609375
2024-06-27,28.678205490112305,30.973621368408203
2024-06-28,28.9367733001709,31.35409927368164
2024-07-01,29.37786293029785,31.734569549560547
2024-07-02,29.28659439086914,31.819976806640625
2024-07-03,28.777067184448242,31.159976959228516
2024-07-04,28.381608963012695,30.740676879882812
2024-07-05,28.533708572387695,31.27644920349121
2024-07-08,29.233356475830078,32.0063362121582
2024-07-09,29.225757598876953,31.750091552734375
2024-07-10,28.951976776123047,31.65691566467285
2024-07-11,29.14971160888672,31.920927047729492
2024-07-12,29.012821197509766,31.74233055114746
2024-07-15,29.278995513916016,32.19268798828125
2024-07-16,29.202945709228516,32.029624938964844
2024-07-17,29.355037689208984,32.262569427490234
2024-07-18,29.30180549621582,32.3013916015625
2024-07-19,29.42348289489746,32.38680648803711
2024-07-22,28.837907791137695,31.88986587524414
2024-07-23,28.465267181396484,31.439510345458984
2024-07-24,28.693410873413086,31.75786590576172
2024-07-25,28.655385971069336,31.625858306884766
2024-07-26,28.624969482421875,31.719038009643555
2024-07-29,28.046993255615234,30.919267654418945
2024-07-30,27.872081756591797,30.6940860748291
2024-07-31,28.450057983398438,31.52490997314453
2024-08-01,28.016572952270508,30.942554473876953
2024-08-02,27.17242431640625,30.003023147583008
2024-08-05,27.149612426757812,29.75455093383789
2024-08-06,27.621118545532227,30.375736236572266
2024-08-07,27.58309555053711,30.329145431518555
2024-08-08,28.024179458618164,30.82608985900879
2024-08-09,27.76561164855957,30.562088012695312
2024-08-12,28.396820068359375,31.416210174560547
2024-08-13,28.22191047668457,31.253149032592773
2024-08-14,28.716222763061523,31.819976806640625
2024-08-15,29.157312393188477,32.14610290527344
2024-08-16,29.278995513916016,32.27033615112305
2024-08-19,29.233356475830078,32.02186584472656
2024-08-20,29.119291305541992,31.905391693115234
2024-08-21,28.944372177124023,31.625858306884766
2024-08-22,29.032915115356445,31.708120346069336
2024-08-23,28.8530216217041,31.397253036499023
2024-08-26,30.949148178100586,34.210975646972656
2024-08-27,30.53461265563965,33.74069595336914
2024-08-28,30.972610473632812,34.50589370727539
2024-08-29,30.761438369750977,34.09938049316406
2024-08-30,30.792722702026367,34.2269172668457
2024-09-02,30.503332138061523,34.083438873291016
2024-09-03,30.13572883605957,33.724754333496094
2024-09-04,30.143550872802734,33.59721755981445
2024-09-05,29.955835342407227,33.397945404052734
2024-09-06,29.369232177734375,32.7841911315918
2024-09-09,29.689903259277344,33.22257995605469
2024-09-10,29.197168350219727,32.51318359375
2024-09-11,29.16588020324707,32.656654357910156
2024-09-12,28.837379455566406,32.27405548095703
2024-09-13,28.704418182373047,32.17839813232422
2024-09-16,29.10330581665039,32.49723815917969
2024-09-17,28.9703426361084,32.29796600341797
2024-09-18,28.27424430847168,31.740001678466797
2024-09-19,28.368099212646484,31.644351959228516
2024-09-20,28.360273361206055,31.644351959228516
2024-09-23,28.649669647216797,32.04290008544922
2024-09-24,28.76698875427246,32.28202819824219
2024-09-25,28.978164672851562,32.30593490600586
2024-09-26,28.352453231811523,31.628408432006836
2024-09-27,28.242956161499023,31.50088119506836
2024-09-30,28.16473960876465,31.301607131958008
2024-10-01,28.915597915649414,32.138545989990234
2024-10-02,29.31447982788086,32.51318359375
2024-10-03,29.674264907836914,32.951576232910156
2024-10-04,29.59604835510254,32.96751403808594
2024-10-07,30.010583877563477,33.525482177734375
2024-10-08,29.40833854675293,32.80012893676758
2024-10-09,29.111125946044922,32.54505920410156
2024-10-10,29.447446823120117,33.08707809448242
2024-10-11,29.423982620239258,33.03128433227539
2024-10-14,29.49437713623047,32.975486755371094
2024-10-15,29.25191307067871,32.600860595703125
2024-10-16,29.10330581665039,32.50520324707031
2024-10-17,28.884305953979492,32.35376739501953
2024-10-18,28.806095123291016,32.17839813232422
2024-10-21,28.352453231811523,31.58855438232422
2024-10-22,28.242956161499023,31.43711280822754
2024-10-23,27.890995025634766,30.990739822387695
2024-10-24,28.078706741333008,31.09436798095703
2024-10-25,28.27424430847168,31.40523338317871
2024-10-28,28.227313995361328,31.341463088989258
2024-10-29,28.16473960876465,31.261754989624023
2024-10-30,28.039596557617188,30.990739822387695
2024-10-31,28.08652687072754,31.134218215942383
2024-11-01,27.70328140258789,30.528432846069336
2024-11-04,27.76584815979004,30.56031608581543
2024-11-05,27.679819107055664,30.40886878967285
2024-11-06,27.687639236450195,30.376983642578125
2024-11-07,27.773672103881836,30.59219741821289
2024-11-08,28.297706604003906,31.150161743164062
2024-11-11,28.352453231811523,31.197978973388672
2024-11-12,28.884305953979492,31.50088119506836
2024-11-13,28.84520149230957,31.827686309814453
2024-11-14,29.150238037109375,32.28998565673828
2024-11-18,29.877622604370117,33.11896514892578
2024-11-19,29.56476402282715,32.69650650024414
2024-11-21,29.650806427001953,32.75230407714844
2024-11-22,30.83182716369629,34.46604537963867
2024-11-25,30.644115447998047,34.13126754760742
2024-11-26,30.605009078979492,33.955909729003906
2024-11-27,30.49551010131836,33.84431457519531
2024-11-28,30.182655334472656,33.27838134765625
2024-11-29,30.42511558532715,33.97184753417969
2024-12-02,30.620651245117188,34.05952453613281
2024-12-03,30.894397735595703,34.09938049316406
2024-12-04,30.69886589050293,33.77257537841797
2024-12-05,31.003896713256836,34.27473831176758
2024-12-06,30.52679443359375,33.56534194946289
2024-12-09,31.31675148010254,34.450096130371094
2024-12-10,31.4340763092041,34.745018005371094
2024-12-11,31.746929168701172,34.992122650146484
2024-12-12,31.179086685180664,34.10116195678711
2024-12-13,30.983911514282227,33.93589782714844
2024-12-16,30.853796005249023,33.605377197265625
2024-12-17,31.146554946899414,34.12594985961914
2024-12-18,30.341468811035156,33.36576461791992
2024-12-19,30.2194766998291,33.06003189086914
2024-12-20,29.96738052368164,32.820404052734375
2024-12-23,29.975513458251953,33.068294525146484
2024-12-26,30.200851440429688,33.595916748046875
2024-12-27,30.10797882080078,33.21958923339844
2024-12-30,30.55545425415039,33.70710372924805
2025-01-02,31.04515838623047,34.65648651123047
2025-01-03,30.715879440307617,34.5367431640625
2025-01-06,30.572341918945312,34.211727142333984
2025-01-07,31.222461700439453,35.169654846191406
2025-01-08,30.969173431396484,34.83608627319336
2025-01-09,31.10425567626953,34.82754135131836
2025-01-10,31.18869400024414,34.99859619140625
2025-01-13,31.298446655273438,35.02425765991211
2025-01-14,31.087371826171875,35.169654846191406
2025-01-15,31.48419761657715,35.63151550292969
2025-01-16,31.281570434570312,35.605857849121094
2025-01-17,31.408206939697266,35.58019256591797
2025-01-20,31.48419761657715,35.83678436279297
2025-01-21,31.49264144897461,35.53742980957031
2025-01-22,31.315340042114258,35.17820739746094
2025-01-23,31.095815658569336,34.85319900512695
2025-01-24,30.935400009155273,34.75056457519531
2025-01-27,31.39132308959961,35.13544845581055
2025-01-28,31.3491153717041,35.0499153137207
2025-01-29,31.15492057800293,34.699241638183594
2025-01-30,31.56862449645996,35.383480072021484
2025-01-31,31.82192039489746,35.62296676635742
2025-02-03,31.661502838134766,35.18675994873047
2025-02-04,31.3491153717041,34.742008209228516
2025-02-05,31.12114906311035,34.39133834838867
2025-02-06,31.062047958374023,34.18606948852539
2025-02-07,30.884740829467773,33.95513916015625
2025-02-10,31.095815658569336,34.23738479614258
2025-02-11,31.095815658569336,34.42555236816406
2025-02-12,30.63144302368164,33.630130767822266
2025-02-13,30.665220260620117,33.72421646118164
2025-02-14,31.610843658447266,34.93872833251953
2025-02-17,31.805030822753906,35.33216094970703
2025-02-18,32.387603759765625,35.9907341003418
2025-02-19,32.45514678955078,36.136138916015625
2025-02-20,32.50580978393555,36.34995651245117
2025-02-21,32.41292953491211,36.14468765258789
2025-02-24,32.184974670410156,35.90520477294922
2025-02-25,32.041439056396484,35.5973014831543
2025-02-26,32.041439056396484,35.53742980957031
2025-02-27,30.910066604614258,33.56170654296875
2025-02-28,30.335935592651367,33.39920425415039
2025-03-05,29.22989845275879,31.85966682434082
2025-03-06,28.92594337463379,31.620195388793945
2025-03-07,29.23834800720215,32.00507354736328
2025-03-10,29.22989845275879,31.94520378112793
2025-03-11,28.79085922241211,31.28662872314453
2025-03-12,28.79085922241211,31.397817611694336
2025-03-13,29.077924728393555,31.620195388793945
2025-03-14,29.972888946533203,32.851806640625
2025-03-17,30.530128479003906,33.61302185058594
2025-03-18,30.55545425415039,33.6386833190918
2025-03-19,30.530128479003906,33.80118942260742
2025-03-20,30.597675323486328,33.95513916015625
2025-03-21,31.070486068725586,34.502525329589844
2025-03-24,31.02827262878418,34.416996002197266
2025-03-25,31.273120880126953,34.75056457519531
2025-03-26,31.56862449645996,35.11833572387695
2025-03-27,31.805030822753906,35.47755813598633
2025-03-28,31.602401733398438,35.126888275146484
2025-03-31,31.374433517456055,34.91306686401367
2025-04-01,31.49264144897461,35.09267807006836
2025-04-02,31.408206939697266,34.91306686401367
2025-04-03,30.395042419433594,33.68144989013672
2025-04-04,29.17079734802246,32.270206451416016
2025-04-07,28.014097213745117,30.47409439086914
2025-04-08,27.01781463623047,29.49906349182129
2025-04-09,28.115415573120117,30.422779083251953
2025-04-10,26.367700576782227,28.447050094604492
2025-04-11,26.891170501708984,29.011539459228516
2025-04-14,26.78985023498535,29.071420669555664
2025-04-15,26.173507690429688,28.532581329345703
2025-04-16,26.173507690429688,28.2845458984375
2025-04-17,26.691001892089844,29.026737213134766
2025-04-22,26.751564025878906,28.869218826293945
2025-04-23,26.448749542236328,28.659196853637695
2025-04-24,26.327625274658203,28.449174880981445
2025-04-25,26.40549087524414,28.589187622070312
2025-04-28,26.301664352416992,28.405420303344727
2025-04-29,26.44009780883789,28.484180450439453
2025-04-30,25.94693946838379,28.046634674072266
2025-05-02,26.65639305114746,28.606691360473633
2025-05-05,25.661428451538086,27.801612854003906
2025-05-06,26.085371017456055,28.239158630371094
2025-05-07,26.206499099731445,28.422924041748047
2025-05-08,26.569875717163086,28.90422248840332
2025-05-09,26.74291229248047,29.052989959716797
2025-05-12,27.38315200805664,29.84056854248047
2025-05-13,27.79844093322754,30.01558494567871
2025-05-14,27.60809898376465,29.82306671142578
2025-05-15,27.5734920501709,29.919328689575195
2025-05-16,27.703269958496094,29.884328842163086
2025-05-19,27.668663024902344,29.805566787719727
2025-05-20,27.781137466430664,29.901826858520508
2025-05-21,27.469669342041016,29.648054122924805
2025-05-22,27.106290817260742,29.254257202148438
2025-05-23,27.166852951049805,29.29801368713379
2025-05-26,27.08033561706543,29.306764602661133
2025-05-27,27.279327392578125,29.586795806884766
2025-05-28,27.19281005859375,29.219255447387695
2025-05-29,27.02842140197754,29.18425178527832
2025-05-30,26.7342586517334,28.799211502075195
2025-06-02,26.88999366760254,28.886720657348633
2025-06-03,26.898162841796875,29.0749454498291
2025-06-04,26.158418655395508,28.229063034057617
2025-06-05,26.167333602905273,28.07608413696289
2025-06-06,26.44362449645996,28.40903663635254
2025-06-09,25.99799346923828,28.112079620361328
2025-06-10,26.782299041748047,29.137935638427734
2025-06-11,27.67355728149414,29.992816925048828
2025-06-12,28.297439575195312,30.820701599121094
2025-06-13,28.992618560791016,31.477609634399414
2025-06-16,28.707420349121094,31.42361831665039
2025-06-17,29.358034133911133,32.350486755371094
2025-06-18,29.331300735473633,32.17051315307617
2025-06-20,29.25108528137207,32.314491271972656
2025-06-23,28.520254135131836,31.405620574951172
2025-06-24,27.958763122558594,30.74871063232422
2025-06-25,27.816158294677734,30.56873893737793
2025-06-26,28.038972854614258,30.7937068939209
2025-06-27,27.816158294677734,30.41575813293457
2025-06-30,27.96767234802246,30.676721572875977
2025-07-01,28.065711975097656,30.802703857421875
2025-07-02,28.564815521240234,31.450611114501953
2025-07-03,28.66285514831543,31.594593048095703
2025-07-04,28.6272029876709,31.63058853149414
2025-07-07,28.573732376098633,31.414613723754883
2025-07-08,28.983707427978516,32.20650863647461
2025-07-09,28.80545425415039,31.738571166992188
2025-07-10,28.734159469604492,31.792564392089844
2025-07-11,29.08174705505371,31.918548583984375
2025-07-14,28.69850730895996,31.576597213745117
2025-07-15,28.475690841674805,31.216644287109375
2025-07-16,28.33308982849121,30.94668197631836
2025-07-17,28.047887802124023,30.7307186126709
2025-07-18,27.620084762573242,30.27177619934082
2025-07-21,27.67355728149414,30.352767944335938
2025-07-22,27.94093894958496,30.667720794677734
2025-07-23,28.511341094970703,31.35162925720215
2025-07-24,28.466777801513672,31.38762664794922
2025-07-25,28.502429962158203,31.531604766845703
2025-07-28,28.53807830810547,31.51360511779785
2025-07-29,28.912405014038086,32.02653503417969
2025-07-30,29.206523895263672,32.38648223876953
2025-07-31,29.090656280517578,32.20650863647461
2025-08-01,28.707420349121094,31.74757194519043
2025-08-04,28.66285514831543,31.639585494995117
2025-08-05,28.796545028686523,31.891550064086914
2025-08-06,28.832191467285156,31.819564819335938
2025-08-07,28.992618560791016,32.04452896118164
2025-08-08,27.210105895996094,29.49788475036621
2025-08-11,27.37944221496582,29.63286590576172
2025-08-12,27.450742721557617,29.785844802856445
2025-08-13,27.24575424194336,29.641864776611328
2025-08-14,26.898162841796875,29.36290740966797
2025-08-15,26.889249801635742,29.335905075073242
2025-08-18,27.058591842651367,29.56987762451172
2025-08-19,26.773386001586914,29.164932250976562
2025-08-20,26.933813095092773,29.407896041870117
2025-08-21,26.996204376220703,29.380903244018555
2025-08-22,27.7727108001709,30.338205337524414
2025-08-25,27.936777114868164,30.374954223632812
2025-08-26,27.73625373840332,30.218761444091797
2025-08-27,27.945890426635742,30.393333435058594
2025-08-28,28.191991806030273,30.76084327697754
2025-08-29,28.346942901611328,31.008914947509766
2025-09-01,28.41074562072754,30.87109375
2025-09-02,28.556581497192383,31.109981536865234
2025-09-03,28.310482025146484,30.779220581054688
2025-09-04,28.310482025146484,30.926225662231445
2025-09-05,27.88208770751953,30.22795295715332
2025-09-08,27.991464614868164,30.494394302368164
2025-09-09,28.210222244262695,30.825157165527344
2025-09-10,28.72064781188965,31.61530876159668
2025-09-11,28.611270904541016,31.2845516204834
2025-09-12,28.419858932495117,31.008914947509766
2025-09-15,28.665958404541016,31.459117889404297
2025-09-16,28.73887825012207,31.403989791870117
2025-09-17,28.91205596923828,31.642871856689453
2025-09-18,28.629501342773438,31.403989791870117
2025-09-19,28.310482025146484,30.944599151611328
2025-09-22,28.593040466308594,31.275358200073242
2025-09-23,29.07612419128418,32.102264404296875
2025-09-24,29.73238754272461,32.91998291015625
2025-09-25,29.495405197143555,32.34115219116211
2025-09-26,29.395139694213867,32.13901901245117
2025-09-29,28.994089126586914,31.53261947631836
2025-09-30,28.675071716308594,31.03647804260254
2025-10-01,28.602153778076172,30.999727249145508
2025-10-02,28.328712463378906,30.61383628845215
2025-10-03,28.255794525146484,30.38414192199707
2025-10-06,28.000579833984375,30.209571838378906
2025-10-07,28.100841522216797,30.24632453918457
2025-10-08,27.936777114868164,29.943126678466797
2025-10-09,27.53572654724121,29.538864135742188
2025-10-10,27.289627075195312,29.318355560302734
2025-10-13,27.553956985473633,29.5939884185791
2025-10-14,27.362546920776367,29.575613021850586
2025-10-15,27.11644744873047,29.162160873413086
2025-10-16,26.84300422668457,28.932464599609375
2025-10-17,27.098215103149414,29.070281982421875
2025-10-20,27.11644744873047,28.99677848815918
2025-10-21,26.89769172668457,28.69358253479004
2025-10-22,27.207597732543945,29.171348571777344
2025-10-23,27.517498016357422,29.382667541503906
2025-10-24,27.1984806060791,29.171348571777344
2025-10-27,27.344316482543945,29.37348175048828
2025-10-28,27.335201263427734,29.401044845581055
2025-10-29,27.362546920776367,29.34592056274414
2025-10-30,27.24405288696289,29.088661193847656
2025-10-31,27.11644744873047,28.95083999633789
2025-11-03,27.43546485900879,29.208101272583008
2025-11-04,27.572185516357422,29.483734130859375
2025-11-05,28.11907196044922,30.016626358032227
2025-11-06,28.264907836914062,30.044191360473633
2025-11-07,29.331336975097656,31.495866775512695
2025-11-10,29.495405197143555,31.771503448486328
2025-11-11,30.261045455932617,32.53409194946289
2025-11-12,29.486286163330078,31.5601806640625
2025-11-13,29.6138973236084,31.84500503540039
2025-11-14,29.8053035736084,32.09307861328125
2025-11-17,29.969371795654297,32.111454010009766
2025-11-18,30.06963539123535,32.111454010009766
2025-11-19,29.914684295654297,32.02876663208008
2025-11-21,29.68681526184082,31.753128051757812
2025-11-24,29.659469604492188,31.59693717956543
2025-11-25,29.422483444213867,31.293737411499023
2025-11-26,29.376911163330078,31.192670822143555
2025-11-27,29.531864166259766,31.44074249267578
2025-11-28,28.975862503051758,30.668964385986328
2025-12-01,29.030550003051758,30.861909866333008
2025-12-02,29.2310733795166,31.027292251586914
2025-12-03,29.449831008911133,31.413177490234375
2025-12-04,29.641237258911133,31.58774757385254
2025-12-05,28.593040466308594,30.172819137573242
2025-12-08,28.85736846923828,30.57708740234375
2025-12-09,29.03966522216797,30.770029067993164
2025-12-10,29.112581253051758,30.834348678588867
2025-12-11,28.629501342773438,30.209571838378906
2025-12-12,28.79356575012207,30.57708740234375
2025-12-15,28.893827438354492,30.52195930480957
2025-12-16,28.018810272216797,29.685867309570312
2025-12-17,28.328712463378906,29.887998580932617
2025-12-18,28.16464614868164,29.814496994018555
2025-12-19,28.264907836914062,30.025814056396484
2025-12-22,28.346942901611328,30.172819137573242
2025-12-23,28.49938201904297,30.2978458404541
2025-12-26,28.59341049194336,30.39246368408203
2025-12-29,28.8942928314209,30.59117317199707
2025-12-30,28.978918075561523,30.818260192871094
2026-01-02,28.87548828125,30.56278419494629
2026-01-05,28.39595603942871,30.051828384399414
2026-01-06,27.869407653808594,29.47463607788086
2026-01-07,28.048057556152344,29.503023147583008
2026-01-08,28.39595603942871,30.241071701049805
2026-01-09,28.489980697631836,30.184297561645508
2026-01-12,28.546398162841797,30.231609344482422
2026-01-13,29.279800415039062,31.262985229492188
2026-01-14,30.07902717590332,32.39844512939453
2026-01-15,29.890975952148438,32.06726837158203
2026-01-16,30.126041412353516,32.15242385864258
2026-01-19,30.248273849487305,32.32274627685547
2026-01-20,30.361106872558594,32.59714889526367
2026-01-21,31.433006286621094,34.092166900634766
2026-01-22,31.574047088623047,34.3287239074707
2026-01-23,32.94683074951172,35.691280364990234
2026-01-26,33.24771499633789,35.81428146362305
2026-01-27,33.971717834472656,36.81727600097656
2026-01-28,35.10943603515625,37.88650131225586
2026-01-29,35.447933197021484,38.13251876831055
2026-01-30,35.50434494018555,38.21767044067383
2026-02-02,35.015411376953125,37.46070098876953
2026-02-03,35.33510208129883,37.924346923828125
2026-02-04,35.2786865234375,37.70671463012695
2026-02-05,34.78974533081055,37.16737365722656
2026-02-06,34.460655212402344,36.77942657470703
2026-02-09,35.09062957763672,37.52693557739258
2026-02-10,35.118839263916016,37.7161750793457
2026-02-11,35.805233001708984,38.85163879394531
2026-02-12,34.8931770324707,37.64994430541992
2026-02-13,34.686317443847656,37.564781188964844
2026-02-18,34.9683952331543,37.98112106323242
2026-02-19,35.551361083984375,38.97464370727539
2026-02-20,35.701805114746094,38.73809051513672
2026-02-23,36.284767150878906,39.49506759643555
2026-02-24,37.20622253417969,40.39396667480469
2026-02-25,37.20622253417969,40.50751876831055
2026-02-26,37.243839263916016,40.45074462890625
2026-02-27,36.98056411743164,40.431819915771484
2026-03-02,38.673038482666016,42.305328369140625
2026-03-03,38.503787994384766,41.99307632446289
2026-03-04,38.080665588378906,41.69028854370117
2026-03-05,38.259315490722656,41.605133056640625
2026-03-06,39.64150619506836,43.317779541015625
2026-03-09,40.58177185058594,44.23561096191406
2026-03-10,40.365509033203125,44.150447845458984
2026-03-11,42.12379837036133,46.30781936645508
2026-03-12,42.311851501464844,46.979637145996094
2026-03-13,42.001564025878906,46.72415542602539
2026-03-16,43.1204833984375,47.424354553222656
2026-03-17,43.60941696166992,48.001548767089844
2026-03-18,44.192378997802734,48.8531494140625
2026-03-19,43.98551940917969,48.79637145996094
2026-03-20,42.94182586669922,47.63252639770508
2026-03-23,43.28032302856445,47.95423889160156
2026-03-24,44.44625473022461,49.15593719482422
2026-03-25,44.66250991821289,49.430335998535156
2026-03-26,45.151451110839844,50.49956130981445
2026-03-27,46.458412170410156,51.37954330444336
2026-03-30,46.702880859375,51.71072006225586
2026-03-31,45.76262283325195,51.01051712036133
2026-04-01,44.54027557373047,49.13700866699219
2026-04-02,45.273685455322266,50.244083404541016
2026-04-06,46.0164909362793,50.82127380371094
2026-04-07,45.61217498779297,50.679344177246094
2026-04-08,43.82567596435547,48.43680953979492
2026-04-09,45.03861618041992,49.85613250732422
2026-04-10,46.10111618041992,51.09567642211914
2026-04-13,46.80630874633789,52.00404357910156
2026-04-14,45.019813537597656,49.695274353027344
2026-04-15,44.088951110839844,48.73013687133789
2026-04-16,45.67799758911133,50.773963928222656
2026-04-17,43.45897674560547,48.077247619628906
2026-04-20,44.211185455322266,48.95722961425781
2026-04-22,44.82235336303711,49.86559295654297
2026-04-23,45.54999542236328,50.54894256591797
2026-04-24,44.968345642089844,50.06022644042969
2026-04-27,45.168582916259766,50.23271179199219
2026-04-28,45.31161880493164,50.59685516357422
2026-04-29,46.6846923828125,52.19717788696289
2026-04-30,46.79912185668945,52.446327209472656
2026-05-04,47.047035217285156,52.024688720703125
2026-05-05,46.39863586425781,51.30598068237305
2026-05-06,45.07323455810547,49.370269775390625
2026-05-07,44.0720329284668,48.44074249267578
2026-05-08,43.54758834838867,48.01910400390625
2026-05-11,44.27227020263672,48.68989562988281
2026-05-12,43.55712890625,48.12451171875
2026-05-13,42.49871063232422,46.93625259399414
2026-05-14,42.90872573852539,47.31956100463867
2026-05-15,43.35688781738281,48.344913482666016
2026-05-18,44.28180694580078,49.62900161743164
2026-05-19,43.94807434082031,49.51400375366211
2026-05-20,42.527313232421875,47.6070442199707
2026-05-21,42.86104965209961,48.201171875
2026-05-22,42.41289520263672,48.05743408203125
2026-05-25,41.38308334350586,46.65835189819336
2026-05-26,41.42122268676758,46.850006103515625
2026-05-27,40.83003616333008,46.09296798706055
2026-05-28,40.53444290161133,45.556339263916016
2026-05-29,40.04814529418945,44.78013610839844
2026-06-01,40.40094757080078,45.364681243896484
2026-06-02,40.304935455322266,45.20027542114258
2026-06-03,39.99467468261719,44.69448471069336
2026-06-05,39.6456298828125,44.46104049682617
2026-06-08,39.96559143066406,44.78202438354492
2026-06-09,39.91710662841797,44.85983657836914
2026-06-10,40.382503509521484,45.53098678588867
2026-06-11,40.48915481567383,45.52125549316406
2026-06-12,39.92680740356445,44.92792510986328
2026-06-15,37.87132263183594,42.54486846923828
2026-06-16,37.367149353027344,42.13634490966797
2026-06-17,37.39623260498047,41.89317321777344
2026-06-18,37.66770935058594,41.9515380859375
2026-06-19,37.619232177734375,42.15579605102539
2026-06-22,37.97797393798828,42.447601318359375
2026-06-23,38.13310623168945,42.7783088684082
2026-06-24,37.124755859375,41.630550384521484
2026-06-25,37.27988815307617,41.58191680908203
2026-06-26,36.901756286621094,41.0955810546875
2026-06-29,36.97932052612305,41.1539421081543
2026-06-30,36.64966583251953,40.63842010498047
2026-07-01,36.67875671386719,40.43415832519531
2026-07-02,36.8047981262207,40.949676513671875
2026-07-03,37.08597183227539,41.231754302978516
2026-07-06,36.62057876586914,40.70650863647461
2026-07-07,37.27018737792969,41.78617858886719
2026-07-08,38.44336700439453,42.953392028808594
2026-07-09,38.01675796508789,42.340606689453125
2026-07-10,38.44336700439453,42.98257064819336
2026-07-13,39.422630310058594,44.46104049682617
2026-07-14,39.422630310058594,44.23732376098633
2026-07-15,39.354759216308594,44.28595733642578
2026-07-16,38.676063537597656,43.4202766418457
2026-07-17,39.65532684326172,44.558311462402344
2026-07-20,39.89772033691406,44.85983657836914
2026-07-21,40.39219665527344,45.50180435180664
2026-07-22,41.284202575683594,46.59120559692383
2026-07-23,41.642940521240234,47.36934280395508
2026-07-24,40.92546081542969,46.250762939453125
2026-07-27,39.76197814941406,44.791751861572266
2026-07-28,39.95589065551758,45.15163803100586
2026-07-29,40.72185134887695,46.211856842041016
2026-07-30,41.53628921508789,47.22344207763672
2026-07-31,42.098636627197266,47.70005416870117
2026-08-03,41.739898681640625,47.291526794433594
2026-08-04,41.206634521484375,46.834373474121094
2026-08-05,40.65398025512695,45.861698150634766
2026-08-06,40.847896575927734,46.01732635498047
2026-08-07,39.62623977661133,44.441585540771484
2026-08-10,40.94485092163086,45.9200553894043
2026-08-11,40.39219665527344,45.25863265991211
2026-08-12,40.18859100341797,45.05437469482422
2026-08-13,40.62489700317383,45.45317077636719
2026-08-14,40.809112548828125,45.55044174194336
2026-08-17,41.17755126953125,46.16322326660156
2026-08-18,41.303592681884766,46.2313117980957
2026-08-19,41.798072814941406,46.824642181396484
2026-08-20,42.971248626708984,48.05994415283203
2026-08-21,42.95185852050781,47.99185562133789
2026-08-24,42.11000061035156,46.939998626708984
2026-08-25,41.349998474121094,45.97999954223633
2026-08-26,41.45000076293945,45.93000030517578
2026-08-27,42.70000076293945,47.310001373291016
2026-08-28,43.54999923706055,48.25
2026-08-31,45.02000045776367,50.290000915527344
2026-09-01,46.869998931884766,52.369998931884766
2026-09-02,48.20000076293945,53.540000915527344
2026-09-03,47.560001373291016,52.58000183105469
2026-09-04,47.11000061035156,52.0099983215332
2026-09-08,48.09000015258789,53.2400016784668
2026-09-09,48.41999816894531,53.689998626708984
2026-09-10,49.119998931884766,54.63999938964844
2026-09-11,49.0,54.52000045776367
2026-09-14,48.91999816894531,54.2599983215332
2026-09-15,50.43000030517578,56.22999954223633
2026-09-16,48.650001525878906,53.83000183105469
2026-09-17,48.61000061035156,54.0
2026-09-18,48.5,53.40999984741211
