Date,PRIO3.SA,PETR4.SA
2011-09-21,18.370492935180664,4.495499610900879
2011-09-22,16.673219680786133,4.255446910858154
2011-09-23,16.473541259765625,4.181249618530273
2011-09-26,16.77286148071289,4.3165507316589355
2011-09-27,16.97273826599121,4.266358375549316
2011-09-28,14.556619644165039,4.222712516784668
2011-09-29,15.674822807312012,4.2336249351501465
2011-09-30,14.975946426391602,4.168155670166016
2011-10-03,14.148076057434082,4.017577648162842
2011-10-04,12.97915267944336,4.048130035400391
2011-10-05,14.137292861938477,3.9739341735839844
2011-10-06,15.574984550476074,4.113598346710205
2011-10-07,14.476747512817383,3.9935739040374756
2011-10-10,15.455175399780273,4.126691818237305
2011-10-11,15.375304222106934,4.181249618530273
2011-10-13,15.674822807312012,4.231441497802734
2011-10-14,15.874502182006836,4.285999774932861
2011-10-17,14.975946426391602,4.211801528930664
2011-10-18,15.435208320617676,4.211801528930664
2011-10-19,16.333765029907227,4.196524620056152
2011-10-20,16.369707107543945,4.107050895690918
2011-10-21,16.074182510375977,4.205255031585693
2011-10-24,14.676426887512207,4.205255031585693
2011-10-25,15.754694938659668,4.205255031585693
2011-10-26,15.974342346191406,4.205255031585693
2011-10-27,16.77305793762207,4.205255031585693
2011-10-28,16.473541259765625,4.56969690322876
2011-10-31,17.092546463012695,4.7093610763549805
2011-11-01,16.373701095581055,4.611158847808838
2011-11-03,16.573381423950195,4.783559322357178
2011-11-04,17.27225685119629,4.822841644287109
2011-11-07,18.070974349975586,4.949413299560547
2011-11-08,14.975946426391602,4.890490531921387
2011-11-09,14.734333992004395,4.6831746101379395
2011-11-10,12.97915267944336,4.6831746101379395
2011-11-11,13.779867172241211,4.7922892570495605
2011-11-14,12.941014289855957,4.827525615692139
2011-11-16,12.937020301818848,4.869370937347412
2011-11-17,12.679634094238281,4.739430904388428
2011-11-18,12.78147029876709,4.790085792541504
2011-11-21,12.78147029876709,4.801096439361572
2011-11-22,11.880916595458984,4.7746710777282715
2011-11-23,11.980756759643555,4.750443458557129
2011-11-24,11.980756759643555,4.772468090057373
2011-11-25,11.581398963928223,4.627112865447998
2011-11-28,11.78107738494873,4.735026836395264
2011-11-29,12.300243377685547,4.71520471572876
2011-11-30,13.278672218322754,4.856156826019287
2011-12-01,12.959184646606445,4.9596662521362305
2011-12-02,13.638094902038574,4.9618682861328125
2011-12-05,13.51828670501709,5.05877161026001
2011-12-06,12.72276496887207,5.135853290557861
2011-12-07,12.293654441833496,5.129248142242432
2011-12-08,12.274484634399414,4.9596662521362305
2011-12-09,12.02169132232666,5.069782257080078
2011-12-12,11.940621376037598,5.069782257080078
2011-12-13,11.830997467041016,4.937641620635986
2011-12-14,11.231959342956543,4.8055033683776855
2011-12-15,11.299650192260742,4.737229347229004
2011-12-16,10.967384338378906,4.690981388092041
2011-12-19,10.505526542663574,4.65133810043335
2011-12-20,11.182039260864258,4.8671698570251465
2011-12-21,11.042264938354492,4.827525615692139
2011-12-22,10.98236083984375,4.87817907333374
2011-12-23,11.072416305541992,4.893594741821289
2011-12-26,11.241943359375,4.8825836181640625
2011-12-27,11.381718635559082,4.889191627502441
2011-12-28,11.481758117675781,4.71960973739624
2011-12-29,11.341782569885254,4.732824802398682
2012-01-02,11.581398963928223,4.785680770874023
2012-01-03,10.0838041305542,4.976041793823242
2012-01-04,8.087210655212402,5.01156759262085
2012-01-05,8.286690711975098,4.953835964202881
2012-01-06,8.116962432861328,4.958277702331543
2012-01-09,7.916484832763672,5.024890899658203
2012-01-10,7.747556209564209,5.08484411239624
2012-01-11,7.967203140258789,5.087063312530518
2012-01-12,7.987171173095703,5.12481164932251
2012-01-13,8.186850547790527,5.118150234222412
2012-01-16,8.186850547790527,5.251376628875732
2012-01-17,8.576225280761719,5.251376628875732
2012-01-18,9.235166549682617,5.411252021789551
2012-01-19,9.125343322753906,5.3757243156433105
2012-01-20,9.283089637756348,5.377943992614746
2012-01-23,9.205215454101562,5.580005645751953
2012-01-24,9.145310401916504,5.639956951141357
2012-01-26,9.205015182495117,5.533374309539795
2012-01-27,9.185246467590332,5.4778642654418945
2012-01-30,9.444829940795898,5.455660343170166
2012-01-31,9.145310401916504,5.455660343170166
2012-02-01,9.484766006469727,5.540036678314209
2012-02-02,9.185446739196777,5.446776390075684
2012-02-03,9.22917652130127,5.464540004730225
2012-02-06,9.425061225891113,5.520052433013916
2012-02-07,9.424861907958984,5.6843671798706055
2012-02-08,9.519709587097168,5.6466169357299805
2012-02-09,9.963995933532715,5.662164688110352
2012-02-10,10.483161926269531,5.2180705070495605
2012-02-13,10.483161926269531,5.2180705070495605
2012-02-14,10.98236083984375,5.1536760330200195
2012-02-15,11.06223201751709,5.1292524337768555
2012-02-16,11.281879425048828,5.3024468421936035
2012-02-17,11.3345947265625,5.3401947021484375
2012-02-23,12.023688316345215,5.311327934265137
2012-02-24,11.941020965576172,5.435675621032715
2012-02-27,12.543652534484863,5.4068098068237305
2012-02-28,13.057427406311035,5.402369022369385
2012-02-29,13.61812686920166,5.397927284240723
2012-03-01,13.997517585754395,5.524491310119629
2012-03-02,13.68002700805664,5.617751121520996
2012-03-05,13.588174819946289,5.460100173950195
2012-03-06,13.478351593017578,5.273582935333252
2012-03-07,13.478351593017578,5.324651718139648
2012-03-08,13.478550910949707,5.3490777015686035
2012-03-09,13.51828670501709,5.264698505401611
2012-03-12,13.678030014038086,5.2025275230407715
2012-03-13,13.578191757202148,5.424575328826904
2012-03-14,13.578191757202148,5.513391017913818
2012-03-15,13.619125366210938,5.377943992614746
2012-03-16,13.977349281311035,5.4068098068237305
2012-03-19,13.977349281311035,5.4068098068237305
2012-03-20,13.578191757202148,5.41671895980835
2012-03-21,13.378511428833008,5.381008148193359
2012-03-22,12.380114555358887,5.381008148193359
2012-03-23,12.779474258422852,5.289501667022705
2012-03-26,12.679834365844727,5.403326988220215
2012-03-27,12.779273986816406,5.3118205070495605
2012-03-28,12.160468101501465,5.220315456390381
2012-03-29,12.579794883728027,5.204692840576172
2012-03-30,12.624921798706055,5.211389064788818
2012-04-02,12.380114555358887,5.184606075286865
2012-04-03,12.380114555358887,5.032838821411133
2012-04-04,11.880916595458984,4.856522560119629
2012-04-05,11.840980529785156,4.910086631774902
2012-04-09,11.603363037109375,4.818581581115723
2012-04-10,10.682841300964355,4.729306221008301
2012-04-11,10.682841300964355,4.765016555786133
2012-04-12,11.341782569885254,4.912317752838135
2012-04-13,11.182039260864258,4.836435317993164
2012-04-16,10.98236083984375,4.800724029541016
2012-04-17,10.205608367919922,4.816349029541016
2012-04-18,10.283483505249023,4.856522560119629
2012-04-19,10.183443069458008,4.787335395812988
2012-04-20,10.243146896362305,4.789566516876221
2012-04-23,9.884123802185059,4.749393939971924
2012-04-24,9.884123802185059,4.740464210510254
2012-04-25,9.754531860351562,4.715914726257324
2012-04-26,10.263514518737793,4.740464210510254
2012-04-27,10.98236083984375,4.67127799987793
2012-04-30,10.942424774169922,4.751626491546631
2012-05-02,10.742745399475098,4.751626491546631
2012-05-03,9.924260139465332,4.776175498962402
2012-05-04,10.233563423156738,4.570842266082764
2012-05-07,10.383321762084961,4.5931620597839355
2012-05-08,9.684444427490234,4.5217437744140625
2012-05-09,9.353775978088379,4.499424934387207
2012-05-10,9.187443733215332,4.445860862731934
2012-05-11,9.684444427490234,4.3588175773620605
2012-05-14,8.286690711975098,4.261855125427246
2012-05-15,8.266921997070312,4.169402599334717
2012-05-16,8.266921997070312,4.349798679351807
2012-05-17,7.808058738708496,4.155873775482178
2012-05-18,7.485376834869385,4.30018949508667
2012-05-21,7.485376834869385,4.30018949508667
2012-05-22,5.990378379821777,4.444505214691162
2012-05-23,6.172286033630371,4.336268424987793
2012-05-24,6.349801063537598,4.216756343841553
2012-05-25,6.863176345825195,4.2032270431518555
2012-05-28,7.487973213195801,4.237052917480469
2012-05-29,7.737572193145752,4.250580310821533
2012-05-30,6.789095878601074,4.137834072113037
2012-05-31,6.739175796508789,4.313718318939209
2012-06-01,6.000362396240234,4.239304065704346
2012-06-04,5.44126033782959,4.309208869934082
2012-06-05,5.291501045227051,4.239304065704346
2012-06-06,5.890538692474365,4.3047003746032715
2012-06-08,5.84061861038208,4.257345199584961
2012-06-11,5.710827350616455,4.146852970123291
2012-06-12,5.890538692474365,4.19420862197876
2012-06-13,5.850603103637695,4.261855125427246
2012-06-14,6.289897441864014,4.097244739532471
2012-06-15,6.389737129211426,4.182931423187256
2012-06-18,6.389737129211426,4.182931423187256
2012-06-19,7.388133525848389,4.4309773445129395
2012-06-20,6.858983039855957,4.4873504638671875
2012-06-21,6.499560832977295,4.3452887535095215
2012-06-22,6.858983039855957,4.408427715301514
2012-06-25,6.329833507537842,4.013811111450195
2012-06-26,6.030313968658447,4.058909893035889
2012-06-27,5.780714988708496,3.977731466293335
2012-06-28,6.020330429077148,3.9912619590759277
2012-06-29,6.249961853027344,4.115283489227295
2012-07-02,6.279913425445557,4.140088081359863
2012-07-03,6.259945392608643,4.282149314880371
2012-07-04,6.1800737380981445,4.273130893707275
2012-07-05,6.2299933433532715,4.419702053070068
2012-07-06,6.2399773597717285,4.329504489898682
2012-07-10,6.130153656005859,4.146852970123291
2012-07-11,5.940458297729492,4.18067741394043
2012-07-12,5.780714988708496,4.189698219299316
2012-07-13,5.740779399871826,4.408427715301514
2012-07-16,5.740779399871826,4.408427715301514
2012-07-17,5.591019630432129,4.340778350830078
2012-07-18,5.670891284942627,4.358816623687744
2012-07-19,5.780714988708496,4.424211025238037
2012-07-20,5.561068058013916,4.324995040893555
2012-07-23,5.241580963134766,4.275384902954102
2012-07-24,5.30148458480835,4.237052917480469
2012-07-25,5.0818376541137695,4.28440523147583
2012-07-26,5.051885604858398,4.343033313751221
2012-07-27,5.0019659996032715,4.548233509063721
2012-07-30,5.0219340324401855,4.579803943634033
2012-07-31,4.9720139503479,4.397153377532959
2012-08-01,4.822254657745361,4.469310283660889
2012-08-02,4.8721747398376465,4.419702053070068
2012-08-03,4.792303085327148,4.4963698387146
2012-08-06,5.1317572593688965,4.491860389709473
2012-08-07,5.1317572593688965,4.566273212432861
2012-08-08,5.1317572593688965,4.775982856750488
2012-08-09,4.8721747398376465,4.7353949546813965
2012-08-10,4.3929443359375,4.7353949546813965
2012-08-13,3.9137139320373535,4.742160320281982
2012-08-14,3.9137139320373535,4.699316501617432
2012-08-15,3.9137139320373535,4.746669292449951
2012-08-16,3.9137139320373535,4.839122772216797
2012-08-17,3.9137139320373535,4.859416961669922
2012-08-20,3.9137139320373535,4.859416961669922
2012-08-21,4.323056221008301,4.78951358795166
2012-08-22,4.442863941192627,4.845886707305908
2012-08-23,4.682479381561279,4.782748699188232
2012-08-24,4.862190246582031,4.787258148193359
2012-08-27,4.672494888305664,4.8188276290893555
2012-08-28,4.313072681427002,4.830102920532227
2012-08-29,4.672494888305664,4.782748699188232
2012-08-30,5.730794906616211,4.744414806365967
2012-08-31,4.642543315887451,4.681275844573975
2012-09-03,4.942061901092529,4.6542158126831055
2012-09-04,4.253169059753418,4.606863498687744
2012-09-05,4.372976303100586,4.642941951751709
2012-09-06,4.472815990447998,4.7353949546813965
2012-09-10,3.9137139320373535,4.787258148193359
2012-09-11,3.8837621212005615,4.895495891571045
2012-09-12,4.333040714263916,4.9586358070373535
2012-09-13,4.382959842681885,5.163836479187012
2012-09-14,4.592623233795166,5.254034519195557
2012-09-17,4.582639694213867,5.247268199920654
2012-09-18,4.662511348724365,5.231485366821289
2012-09-19,4.832238674163818,5.111972332000732
2012-09-20,4.552687644958496,5.1886396408081055
2012-09-21,4.382959842681885,5.1187357902526855
2012-09-24,4.742383003234863,5.177364349365234
2012-09-25,4.642543315887451,5.111972332000732
2012-09-26,4.542703628540039,5.134521961212158
2012-09-27,4.552687644958496,5.120991230010986
2012-09-28,4.442863941192627,5.0443220138549805
2012-10-01,4.482799530029297,5.075892448425293
2012-10-02,4.333040714263916,5.1187357902526855
2012-10-03,4.163312911987305,5.037557601928711
2012-10-04,4.07345724105835,5.051087379455566
2012-10-05,4.243184566497803,5.017263889312744
2012-10-08,4.372976303100586,5.0443220138549805
2012-10-09,4.442863941192627,5.010498046875
2012-10-10,4.372976303100586,4.987949371337891
2012-10-11,4.452847957611084,5.073636531829834
2012-10-15,5.311469078063965,5.141285419464111
2012-10-16,5.241580963134766,5.141285419464111
2012-10-17,5.30148458480835,5.107460975646973
2012-10-18,5.670891284942627,5.073636531829834
2012-10-19,5.990378379821777,5.017263889312744
2012-10-22,5.80068302154541,5.017263889312744
2012-10-23,5.990378379821777,4.886476516723633
2012-10-24,6.2399773597717285,4.857162952423096
2012-10-25,6.190057277679443,4.904516696929932
2012-10-26,6.279913425445557,5.017263889312744
2012-10-29,6.210025310516357,4.814317226409912
2012-10-30,6.080234050750732,4.854907035827637
2012-10-31,6.0902180671691895,4.690295696258545
2012-11-01,6.030313968658447,4.701570510864258
2012-11-05,5.880554676055908,4.78951358795166
2012-11-06,5.960426330566406,4.888731479644775
2012-11-07,5.850603103637695,4.775982856750488
2012-11-08,5.421292304992676,4.647452354431152
2012-11-09,5.940458297729492,4.685785293579102
2012-11-12,5.900522708892822,4.60911750793457
2012-11-13,5.990378379821777,4.615882873535156
2012-11-14,5.491180419921875,4.464800834655762
2012-11-16,5.571051597595215,4.291170597076416
2012-11-19,5.521132469177246,4.313718318939209
2012-11-21,4.842222213745117,4.198716163635254
2012-11-22,5.1916608810424805,4.20548152923584
2012-11-23,5.30148458480835,4.3227386474609375
2012-11-26,5.1916608810424805,4.2438154220581055
2012-11-27,5.321452617645264,4.17391300201416
2012-11-28,5.501164436340332,4.20548152923584
2012-11-29,5.391340732574463,4.3182291984558105
2012-11-30,5.091821670532227,4.207737922668457
2012-12-03,4.942061901092529,4.28440523147583
2012-12-04,4.912110328674316,4.2438154220581055
2012-12-05,4.662511348724365,4.270874977111816
2012-12-06,5.181677341461182,4.216756343841553
2012-12-07,5.0419020652771,4.3024444580078125
2012-12-10,4.981997966766357,4.412937641143799
2012-12-11,4.942061901092529,4.507645130157471
2012-12-12,4.8721747398376465,4.476076602935791
2012-12-13,4.762350559234619,4.412937641143799
2012-12-14,4.9919819831848145,4.557253360748291
2012-12-17,4.882158279418945,4.491860389709473
2012-12-18,4.912110328674316,4.548233509063721
2012-12-19,4.9919819831848145,4.719609260559082
2012-12-20,4.942061901092529,4.746669292449951
2012-12-21,4.912110328674316,4.665492057800293
2012-12-26,4.742383003234863,4.523428916931152
2012-12-27,4.642543315887451,4.376857757568359
2012-12-28,4.722414970397949,4.401662349700928
2013-01-02,4.981997966766357,4.439996242523193
2013-01-03,5.22161340713501,4.600096702575684
2013-01-04,5.411308765411377,4.606863498687744
2013-01-07,5.640939712524414,4.527939319610596
2013-01-08,5.051885604858398,4.397153377532959
2013-01-09,5.111789226531982,4.437740802764893
2013-01-10,5.091821670532227,4.471565246582031
2013-01-11,5.091821670532227,4.4828410148620605
2013-01-14,5.2116289138793945,4.446761131286621
2013-01-15,4.9520463943481445,4.469310283660889
2013-01-16,4.942061901092529,4.47382116317749
2013-01-17,4.762350559234619,4.444505214691162
2013-01-18,4.722414970397949,4.415192127227783
2013-01-21,4.622575283050537,4.372347354888916
2013-01-22,4.622575283050537,4.415192127227783
2013-01-23,4.682479381561279,4.408427715301514
2013-01-24,4.592623233795166,4.421957492828369
2013-01-28,4.472815990447998,4.367839336395264
2013-01-29,4.452847957611084,4.309208869934082
2013-01-30,4.263152599334717,4.10400915145874
2013-01-31,3.7439866065979004,4.076950550079346
2013-02-01,4.07345724105835,4.162636756896973
2013-02-04,4.133360862731934,4.058909893035889
2013-02-05,3.8737781047821045,4.076950550079346
2013-02-06,3.8238580226898193,3.968712091445923
2013-02-07,3.8338420391082764,3.9461612701416016
2013-02-08,3.8238580226898193,4.00028133392334
2013-02-13,3.9436657428741455,4.013811111450195
2013-02-14,3.9935855865478516,3.984496593475342
2013-02-15,3.8438260555267334,3.9754767417907715
2013-02-18,3.7140345573425293,4.036361217498779
2013-02-19,3.7240185737609863,4.081459045410156
2013-02-20,3.6441469192504883,3.973222017288208
2013-02-21,3.594226837158203,3.905574083328247
2013-02-22,3.7439866065979004,3.8672385215759277
2013-02-25,3.60421085357666,3.822141170501709
2013-02-26,3.534323215484619,3.7747857570648193
2013-02-27,3.524339199066162,3.7905707359313965
2013-02-28,3.6740987300872803,3.745471239089966
2013-03-01,3.6341629028320312,3.8108654022216797
2013-03-04,3.7839221954345703,3.7206664085388184
2013-03-05,3.594226837158203,3.7341978549957275
2013-03-06,3.584243059158325,4.070184707641602
2013-03-07,3.7739384174346924,4.273130893707275
2013-03-08,3.8338420391082764,4.142343997955322
2013-03-11,3.6940667629241943,4.268620491027832
2013-03-12,3.6641149520874023,4.225774765014648
2013-03-13,3.574259042739868,4.228031635284424
2013-03-14,3.594226837158203,4.349798679351807
2013-03-15,3.6940667629241943,4.3047003746032715
2013-03-18,3.7939062118530273,4.329504489898682
2013-03-19,3.7639544010162354,4.306952953338623
2013-03-20,3.7140345573425293,4.250580310821533
2013-03-21,3.6641149520874023,4.178421974182129
2013-03-22,3.504371404647827,4.200970649719238
2013-03-25,3.474419593811035,4.191950798034668
2013-03-26,3.544307231903076,4.191950798034668
2013-03-27,3.464435577392578,4.153617858886719
2013-03-28,3.464435577392578,4.153617858886719
2013-04-01,3.9137139320373535,4.065674304962158
2013-04-02,3.8038902282714844,3.9912619590759277
2013-04-03,3.9935855865478516,4.058909893035889
2013-04-04,4.43287992477417,3.993516683578491
2013-04-05,4.382959842681885,4.013811111450195
2013-04-08,4.502768039703369,3.9168484210968018
2013-04-09,4.502768039703369,4.0927348136901855
2013-04-10,4.532719612121582,4.153617858886719
2013-04-11,4.492783546447754,4.0566558837890625
2013-04-12,4.542703628540039,4.049890995025635
2013-04-15,4.512751579284668,3.8852782249450684
2013-04-16,4.323056221008301,3.9912619590759277
2013-04-17,4.273136615753174,3.871748924255371
2013-04-18,4.263152599334717,4.018320083618164
2013-04-19,4.552687644958496,4.146852970123291
2013-04-22,4.65252685546875,4.237052917480469
2013-04-23,4.602607727050781,4.311464786529541
2013-04-24,4.602607727050781,4.383622169494629
2013-04-25,4.692462921142578,4.3227386474609375
2013-04-26,4.692462921142578,4.3227386474609375
2013-04-29,4.642543315887451,4.604606628417969
2013-04-30,4.323056221008301,4.710111141204834
2013-05-02,4.183280944824219,4.747621536254883
2013-05-03,3.9037299156188965,4.681976795196533
2013-05-06,4.083441257476807,4.766378879547119
2013-05-07,4.063473701477051,4.834369659423828
2013-05-08,4.083441257476807,4.75700044631958
2013-05-09,4.143345355987549,4.759344577789307
2013-05-10,4.592623233795166,4.67963171005249
2013-05-13,3.7939062118530273,4.5694403648376465
2013-05-14,3.614194869995117,4.583508014678955
2013-05-15,3.324659824371338,4.588197231292725
2013-05-16,3.0650768280029297,4.630398273468018
2013-05-17,3.194868564605713,4.6632208824157715
2013-05-20,3.274740219116211,4.735899925231934
2013-05-21,2.8454296588897705,4.747621536254883
2013-05-22,2.7256221771240234,4.670253753662109
2013-05-23,2.7455902099609375,4.656187057495117
2013-05-24,2.7455902099609375,4.710111141204834
2013-05-27,2.6956703662872314,4.672598838806152
2013-05-28,2.6257827281951904,4.69838809967041
2013-05-29,2.37618350982666,4.653844356536865
2013-05-31,2.30629563331604,4.703075885772705
2013-06-03,2.30629563331604,4.75700044631958
2013-06-04,2.146552324295044,4.70542049407959
2013-06-05,2.186488151550293,4.553028583526611
2013-06-06,2.216439962387085,4.562407493591309
2013-06-07,2.146552324295044,4.417048454284668
2013-06-10,2.166520357131958,4.426425933837891
2013-06-11,2.036728620529175,4.344367504119873
2013-06-12,1.9768248796463013,4.248241901397705
2013-06-13,1.9568569660186768,4.407668113708496
2013-06-14,1.8670012950897217,4.302166938781738
2013-06-17,1.9069371223449707,4.241209506988525
2013-06-18,2.296311616897583,4.180251121520996
2013-06-19,2.356215476989746,4.032548904418945
2013-06-20,2.286327600479126,3.9598684310913086
2013-06-21,2.0167605876922607,3.847332000732422
2013-06-24,1.8370493650436401,3.730107307434082
2013-06-25,2.296311616897583,3.774653911590576
2013-06-26,2.186488151550293,3.786375045776367
2013-06-27,2.266359806060791,3.840299606323242
2013-06-28,2.5858466625213623,3.791065216064453
2013-07-01,2.4760231971740723,3.779341220855713
2013-07-02,2.396151542663574,3.608193874359131
2013-07-03,2.216439962387085,3.727762460708618
2013-07-04,2.166520357131958,3.7418301105499268
2013-07-05,2.216439962387085,3.5519251823425293
2013-07-08,2.276343822479248,3.516756772994995
2013-07-10,2.396151542663574,3.5753698348999023
2013-07-11,2.5459108352661133,3.694939613342285
2013-07-12,2.19647216796875,3.6175718307495117
2013-07-15,2.296311616897583,3.6339833736419678
2013-07-16,2.166520357131958,3.6925952434539795
2013-07-17,2.086648464202881,3.765275239944458
2013-07-18,1.9967927932739258,3.774653911590576
2013-07-19,2.0167605876922607,3.746518611907959
2013-07-22,1.707257866859436,3.8215441703796387
2013-07-23,1.6872899532318115,3.847332000732422
2013-07-24,1.6972739696502686,3.842644214630127
2013-07-25,1.6972739696502686,3.9481468200683594
2013-07-26,1.6972739696502686,3.9481468200683594
2013-07-29,1.7272257804870605,3.910634756088257
2013-07-30,1.6872899532318115,3.8590550422668457
2013-07-31,1.6872899532318115,3.8191988468170166
2013-08-01,1.6872899532318115,3.9715914726257324
2013-08-02,1.6872899532318115,3.941112995147705
2013-08-05,1.5974342823028564,3.903599739074707
2013-08-06,1.577466368675232,3.81685471534729
2013-08-07,1.4676427841186523,3.8098208904266357
2013-08-08,1.4476748704910278,3.903599739074707
2013-08-09,1.4376908540725708,4.004412651062012
2013-08-12,1.65733802318573,3.891878843307495
2013-08-13,1.5574983358383179,3.8379547595977783
2013-08-14,1.647354006767273,3.973935842514038
2013-08-15,1.6273860931396484,4.180251121520996
2013-08-16,1.567482352256775,4.16853141784668
2013-08-19,1.5574983358383179,4.180251121520996
2013-08-20,1.5275464057922363,4.016137599945068
2013-08-21,1.5475143194198608,4.065371990203857
2013-08-22,1.5375304222106934,4.28106689453125
2013-08-23,1.577466368675232,4.349056243896484
2013-08-26,1.5175625085830688,4.264654636383057
2013-08-27,1.4476748704910278,4.091160774230957
2013-08-28,1.5275464057922363,4.0231709480285645
2013-08-29,1.4975945949554443,3.9622135162353516
2013-08-30,1.4876106977462769,3.9833128452301025
2013-09-02,1.5475143194198608,3.9622135162353516
2013-09-03,1.567482352256775,3.93407940864563
2013-09-04,1.6972739696502686,3.950490951538086
2013-09-05,1.5375304222106934,4.11226224899292
2013-09-06,1.5874502658843994,4.163841247558594
2013-09-09,1.5574983358383179,4.2599663734436035
2013-09-10,1.2779473066329956,4.2998223304748535
2013-09-11,1.198075771331787,4.278722286224365
2013-09-12,1.168123722076416,4.184942722320557
2013-09-13,1.2380115985870361,4.250586986541748
2013-09-16,1.2479954957962036,4.3256120681762695
2013-09-17,1.18809175491333,4.344367504119873
2013-09-18,1.198075771331787,4.4311137199401855
2013-09-19,1.18809175491333,4.492071628570557
2013-09-20,1.18809175491333,4.440492630004883
2013-09-23,1.1481558084487915,4.489727020263672
2013-09-24,1.1182039976119995,4.400635719299316
2013-09-25,1.098236083984375,4.407668113708496
2013-09-26,1.128187894821167,4.358433723449707
2013-09-27,1.198075771331787,4.332645416259766
2013-09-30,1.1581398248672485,4.304512023925781
2013-10-01,1.128187894821167,4.374847412109375
2013-10-02,1.098236083984375,4.402980327606201
2013-10-03,1.1082199811935425,4.346712589263916
2013-10-04,1.0682841539382935,4.377190113067627
2013-10-07,1.0183643102645874,4.365467548370361
2013-10-08,0.9285086393356323,4.292788028717041
2013-10-09,0.8686048984527588,4.236521244049072
2013-10-10,0.8785887956619263,4.255277633666992
2013-10-11,0.8486369848251343,4.243553161621094
2013-10-14,0.828669011592865,4.283410549163818
2013-10-15,0.8686048984527588,4.318578243255615
2013-10-16,0.8486369848251343,4.302166938781738
2013-10-17,0.7987171411514282,4.269343376159668
2013-10-18,0.7787491679191589,4.206042289733887
2013-10-21,0.7487972974777222,4.426425933837891
2013-10-22,0.7188454270362854,4.349056243896484
2013-10-23,0.7188454270362854,4.2974772453308105
2013-10-24,0.6789095401763916,4.276376724243164
2013-10-25,0.7587812542915344,4.334990501403809
2013-10-28,0.7088614106178284,4.6632208824157715
2013-10-29,0.6888934969902039,4.6186747550964355
2013-10-30,0.6789095401763916,4.67728853225708
2013-10-31,0.6589416265487671,4.75700044631958
2013-11-01,0.7088614106178284,4.656187057495117
2013-11-04,0.7787491679191589,4.740589141845703
2013-11-05,0.7587812542915344,4.747621536254883
2013-11-06,0.8087010979652405,4.7851362228393555
2013-11-07,0.7987171411514282,4.689008712768555
2013-11-08,0.7787491679191589,4.604608058929443
2013-11-11,0.7687652111053467,4.710111141204834
2013-11-12,0.7787491679191589,4.583508014678955
2013-11-13,0.788733184337616,4.674942493438721
2013-11-14,0.7987171411514282,4.794512748718262
2013-11-18,0.7987171411514282,5.026618480682373
2013-11-19,0.7587812542915344,4.949249744415283
2013-11-21,0.788733184337616,4.900015830993652
2013-11-22,0.8186850547790527,4.846092224121094
2013-11-25,0.8087010979652405,4.773414134979248
2013-11-26,0.7587812542915344,4.473316192626953
2013-11-27,0.7188454270362854,4.447525978088379
2013-11-28,0.7388133406639099,4.374847412109375
2013-11-29,0.7388133406639099,4.482694625854492
2013-12-02,0.7088614106178284,4.0700602531433105
2013-12-03,0.6988774538040161,4.105228424072266
2013-12-04,0.6988774538040161,4.093505382537842
2013-12-05,0.7088614106178284,4.133362293243408
2013-12-06,0.7388133406639099,4.039581775665283
2013-12-09,0.7288293838500977,4.091160774230957
2013-12-10,0.7487972974777222,4.05599308013916
2013-12-11,0.7587812542915344,3.93407940864563
2013-12-12,0.7487972974777222,3.9528350830078125
2013-12-13,0.7587812542915344,4.037238121032715
2013-12-16,0.7787491679191589,4.065371990203857
2013-12-17,0.8586209416389465,3.938767671585083
2013-12-18,0.8985567092895508,3.9481468200683594
2013-12-19,0.9384925961494446,4.044270992279053
2013-12-20,0.9484765529632568,3.9645566940307617
2013-12-23,0.9085407257080078,3.999724864959717
2013-12-26,0.8785887956619263,3.9669032096862793
2013-12-27,0.9085407257080078,3.9692459106445312
2013-12-30,0.9085407257080078,4.004412651062012
2014-01-02,0.828669011592865,3.927046298980713
2014-01-03,0.8686048984527588,3.8684325218200684
2014-01-06,0.8686048984527588,3.8965671062469482
2014-01-07,0.9185246825218201,3.78872013092041
2014-01-08,0.9983963966369629,3.795755386352539
2014-01-09,1.0083802938461304,3.680873155593872
2014-01-10,0.9983963966369629,3.744175434112549
2014-01-13,0.9784284830093384,3.69728422164917
2014-01-14,1.0083802938461304,3.680873155593872
2014-01-15,1.088252067565918,3.7605860233306885
2014-01-16,1.0583001375198364,3.655082941055298
2014-01-17,1.1581398248672485,3.6363272666931152
2014-01-20,1.228027582168579,3.5589582920074463
2014-01-21,1.088252067565918,3.5964713096618652
2014-01-22,1.2180436849594116,3.713696002960205
2014-01-23,1.198075771331787,3.626948833465576
2014-01-24,1.2979152202606201,3.5402026176452637
2014-01-27,1.2080596685409546,3.5425467491149902
2014-01-28,1.1581398248672485,3.5284807682037354
2014-01-29,1.1082199811935425,3.469867467880249
2014-01-30,1.2180436849594116,3.446422815322876
2014-01-31,1.1581398248672485,3.446422815322876
2014-02-03,1.038332223892212,3.2471394538879395
2014-02-04,1.0682841539382935,3.303408622741699
2014-02-05,1.138171911239624,3.2424497604370117
2014-02-06,1.098236083984375,3.331542491912842
2014-02-07,1.0782681703567505,3.3878095149993896
2014-02-10,1.0782681703567505,3.425321102142334
2014-02-11,1.1082199811935425,3.5073792934417725
2014-02-12,1.0782681703567505,3.5073792934417725
2014-02-13,1.098236083984375,3.425321102142334
2014-02-14,1.0782681703567505,3.4182887077331543
2014-02-17,1.088252067565918,3.3831214904785156
2014-02-18,1.0782681703567505,3.3080971240997314
2014-02-19,1.088252067565918,3.329197406768799
2014-02-20,1.1182039976119995,3.319819927215576
2014-02-21,1.0782681703567505,3.317473888397217
2014-02-24,1.098236083984375,3.3995327949523926
2014-02-25,1.0682841539382935,3.3245084285736084
2014-02-26,1.0782681703567505,3.2119715213775635
2014-02-27,1.0782681703567505,3.2916853427886963
2014-02-28,1.0682841539382935,3.1861815452575684
2014-03-05,1.0283482074737549,3.11584734916687
2014-03-06,1.038332223892212,3.148670196533203
2014-03-07,0.9684445261955261,3.1228809356689453
2014-03-10,0.9484765529632568,3.050201892852783
2014-03-11,0.9484765529632568,3.07364559173584
2014-03-12,0.9484765529632568,3.1228809356689453
2014-03-13,0.9684445261955261,3.0548899173736572
2014-03-14,0.9285086393356323,2.996277093887329
2014-03-17,0.9285086393356323,2.947042942047119
2014-03-18,0.9584605097770691,3.040822744369507
2014-03-19,0.9584605097770691,3.1275699138641357
2014-03-20,0.9484765529632568,3.2799618244171143
2014-03-21,0.9285086393356323,3.286996603012085
2014-03-24,0.9285086393356323,3.3807764053344727
2014-03-25,0.9684445261955261,3.394843101501465
2014-03-26,0.9484765529632568,3.376086950302124
2014-03-27,0.9484765529632568,3.6503939628601074
2014-03-28,0.9484765529632568,3.671494960784912
2014-03-31,0.9285086393356323,3.6996283531188965
2014-04-01,0.9484765529632568,3.706662654876709
2014-04-02,0.9384925961494446,3.6480493545532227
2014-04-03,0.9484765529632568,3.857869863510132
2014-04-04,0.9584605097770691,3.8678901195526123
2014-04-07,0.9584605097770691,4.123411178588867
2014-04-08,0.9584605097770691,4.005671977996826
2014-04-09,0.9584605097770691,3.970599889755249
2014-04-10,0.9484765529632568,3.928014039993286
2014-04-11,0.9384925961494446,4.0557756423950195
2014-04-14,0.9584605097770691,3.9906420707702637
2014-04-15,0.8985567092895508,3.8378286361694336
2014-04-16,0.8885727524757385,3.953063726425171
2014-04-17,0.8885727524757385,4.103371620178223
2014-04-22,0.8985567092895508,3.998156785964966
2014-04-23,0.8885727524757385,4.018197536468506
2014-04-24,0.828669011592865,4.040742874145508
2014-04-25,0.7388133406639099,4.015692234039307
2014-04-28,0.6789095401763916,4.148463249206543
2014-04-29,0.6289896965026855,4.181028842926025
2014-04-30,0.6389736533164978,4.148463249206543
2014-05-02,0.6289896965026855,4.434046268463135
2014-05-05,0.7487972974777222,4.401480197906494
2014-05-06,0.6789095401763916,4.5693206787109375
2014-05-07,0.7088614106178284,4.654496192932129
2014-05-08,0.7188454270362854,4.479137897491455
2014-05-09,0.7388133406639099,4.4265313148498535
2014-05-12,0.7388133406639099,4.516714096069336
2014-05-13,0.6988774538040161,4.499178886413574
2014-05-14,0.7088614106178284,4.581847190856934
2014-05-15,0.788733184337616,4.516714096069336
2014-05-16,0.7288293838500977,4.511703968048096
2014-05-19,0.6988774538040161,4.49416971206665
2014-05-20,0.6988774538040161,4.333841323852539
2014-05-21,0.7388133406639099,4.373922348022461
2014-05-22,0.7487972974777222,4.42903470993042
2014-05-23,0.7587812542915344,4.434046268463135
2014-05-26,0.7687652111053467,4.474127292633057
2014-05-27,0.7687652111053467,4.3814377784729
2014-05-28,0.8486369848251343,4.434046268463135
2014-05-29,0.8386529684066772,4.333841323852539
2014-05-30,0.8087010979652405,4.181028842926025
2014-06-02,0.8186850547790527,4.145957946777344
2014-06-03,0.7987171411514282,4.233636379241943
2014-06-04,0.7987171411514282,4.158483982086182
2014-06-05,0.8386529684066772,4.0883402824401855
2014-06-06,0.8586209416389465,4.42903470993042
2014-06-09,0.8486369848251343,4.526735305786133
2014-06-10,0.8785887956619263,4.677041053771973
2014-06-11,0.8985567092895508,4.729649066925049
2014-06-13,0.8586209416389465,4.757204532623291
2014-06-16,0.9584605097770691,4.694575786590576
2014-06-17,0.9484765529632568,4.589362144470215
2014-06-18,1.0283482074737549,4.759710311889648
2014-06-20,1.0283482074737549,4.6845574378967285
2014-06-23,1.0782681703567505,4.584352493286133
2014-06-24,1.0483161211013794,4.419015407562256
2014-06-25,1.0583001375198364,4.3313374519348145
2014-06-26,1.0682841539382935,4.3388519287109375
2014-06-27,1.1481558084487915,4.308790683746338
2014-06-30,1.18809175491333,4.3313374519348145
2014-07-01,1.138171911239624,4.3062849044799805
2014-07-02,1.098236083984375,4.288749694824219
2014-07-03,1.1182039976119995,4.388953685760498
2014-07-04,1.098236083984375,4.383942127227783
2014-07-07,1.038332223892212,4.3388519287109375
2014-07-08,1.0583001375198364,4.3413567543029785
2014-07-10,0.9983963966369629,4.536755561828613
2014-07-11,1.1182039976119995,4.5693206787109375
2014-07-14,1.198075771331787,4.784759998321533
2014-07-15,1.1581398248672485,4.824842929840088
2014-07-16,1.1082199811935425,4.837369918823242
2014-07-17,1.1481558084487915,4.899997234344482
2014-07-18,1.198075771331787,5.140487194061279
2014-07-21,1.178107738494873,5.245701789855957
2014-07-22,1.2080596685409546,5.273258209228516
2014-07-23,1.2879313230514526,5.072847843170166
2014-07-24,1.3278672695159912,5.087879657745361
2014-07-25,1.2779473066329956,5.132972240447998
2014-07-28,1.198075771331787,5.047799110412598
2014-07-29,1.128187894821167,4.915027141571045
2014-07-30,1.168123722076416,4.972646236419678
2014-07-31,1.3278672695159912,4.784759998321533
2014-08-01,1.3977549076080322,4.759710311889648
2014-08-04,1.4476748704910278,4.897491931915283
2014-08-05,1.3278672695159912,4.935067653656006
2014-08-06,1.2819410562515259,5.087879657745361
2014-08-07,1.3757902383804321,5.047799110412598
2014-08-08,1.3827790021896362,4.837369918823242
2014-08-11,1.4027469158172607,5.045292854309082
2014-08-12,1.4396876096725464,4.927552700042725
2014-08-13,1.418721318244934,4.682050704956055
2014-08-14,1.4227148294448853,4.6595072746276855
2014-08-15,1.2979152202606201,5.025251865386963
2014-08-18,1.2559826374053955,5.110424518585205
2014-08-19,1.3378511667251587,5.238186359405518
2014-08-20,1.3278672695159912,5.350915431976318
2014-08-21,1.3478351831436157,5.3358869552612305
2014-08-22,1.3059024810791016,5.240691184997559
2014-08-25,1.2969169616699219,5.521263599395752
2014-08-26,1.3059024810791016,5.471161842346191
2014-08-27,1.3178832530975342,5.721672534942627
2014-08-28,1.3098961114883423,5.721672534942627
2014-08-29,1.3887693881988525,5.851936340332031
2014-09-01,1.350830316543579,5.969677925109863
2014-09-02,1.3628110885620117,6.152552127838135
2014-09-03,1.336852788925171,5.9997406005859375
2014-09-04,1.31089448928833,5.709146499633789
2014-09-05,1.2509907484054565,5.716663360595703
2014-09-08,1.213051676750183,5.436090469360352
2014-09-09,1.1511510610580444,5.380977630615234
2014-09-10,1.1581398248672485,5.24820613861084
2014-09-11,1.138171911239624,5.3133392333984375
2014-09-12,1.1541461944580078,5.045292854309082
2014-09-15,1.1321814060211182,5.155517578125
2014-09-16,1.1331799030303955,5.398513317108154
2014-09-17,1.1301846504211426,5.541304588317871
2014-09-18,1.1301846504211426,5.333381652832031
2014-09-19,1.1581398248672485,5.238186359405518
2014-09-22,1.098236083984375,5.158022403717041
2014-09-23,1.0672857761383057,5.042787551879883
2014-09-24,1.0742745399475098,5.067838668823242
2014-09-25,1.0902488231658936,4.9701409339904785
2014-09-26,1.098236083984375,5.245701789855957
2014-09-29,1.1291863918304443,4.6595072746276855
2014-09-30,1.0932440757751465,4.531745433807373
2014-10-01,1.0712792873382568,4.2812347412109375
2014-10-02,1.0782681703567505,4.333841323852539
2014-10-03,1.0672857761383057,4.596879005432129
2014-10-06,1.0782681703567505,5.107919216156006
2014-10-07,1.0972375869750977,5.3133392333984375
2014-10-08,1.0972375869750977,5.223155498504639
2014-10-09,1.1112152338027954,5.310833930969238
2014-10-10,1.098236083984375,5.022747039794922
2014-10-13,1.1022295951843262,5.5438103675842285
2014-10-14,1.1082199811935425,5.411038398742676
2014-10-15,1.13118314743042,5.047799110412598
2014-10-16,1.1481558084487915,4.672031402587891
2014-10-17,1.1481558084487915,4.782257080078125
2014-10-20,1.1012312173843384,4.489157199859619
2014-10-21,1.020361065864563,4.233636379241943
2014-10-22,1.0483161211013794,4.1609883308410645
2014-10-23,1.0183643102645874,3.8854265213012695
2014-10-24,1.0033884048461914,4.163494110107422
2014-10-27,0.965449333190918,3.637420177459717
2014-10-28,0.980425238609314,3.765181541442871
2014-10-29,0.9784284830093384,3.5121653079986572
2014-10-30,0.9774300456047058,3.587318181991577
2014-10-31,0.9684445261955261,3.8278098106384277
2014-11-03,0.9554653763771057,3.72009015083313
2014-11-04,0.9225183129310608,3.712573766708374
2014-11-05,0.9075422883033752,3.607358932495117
2014-11-06,0.8985567092895508,3.5221855640411377
2014-11-07,0.926511824131012,3.574794054031372
2014-11-10,0.9025503396987915,3.5021448135375977
2014-11-11,0.8835808038711548,3.507154941558838
2014-11-12,0.897558331489563,3.5347111225128174
2014-11-13,0.8985567092895508,3.4069509506225586
2014-11-14,0.8885727524757385,3.306746244430542
2014-11-17,0.8795872330665588,3.1564393043518066
2014-11-18,0.8166882991790771,3.1188621520996094
2014-11-19,0.7957219481468201,3.201530933380127
2014-11-21,0.8047074675559998,3.5823075771331787
2014-11-24,0.7817443609237671,3.559762954711914
2014-11-25,0.7298277616500854,3.5447311401367188
2014-11-26,0.7647716403007507,3.549741506576538
2014-11-27,0.7388133406639099,3.366868734359741
2014-11-28,0.7587812542915344,3.216562032699585
2014-12-01,0.6988774538040161,3.086296796798706
2014-12-02,0.6948838829994202,3.048720121383667
2014-12-03,0.7088614106178284,3.1839959621429443
2014-12-04,0.74979567527771,3.0737712383270264
2014-12-05,0.7468005418777466,3.051224708557129
2014-12-08,0.7388133406639099,2.883382797241211
2014-12-09,0.7048678398132324,2.8608362674713135
2014-12-10,0.6369768977165222,2.725560426712036
2014-12-11,0.5890538692474365,2.662932872772217
2014-12-12,0.5770730972290039,2.5527079105377197
2014-12-15,0.4482799768447876,2.269629716873169
2014-12-16,0.49220943450927734,2.347287893295288
2014-12-17,0.5131757259368896,2.3723397254943848
2014-12-18,0.4812270700931549,2.3973910808563232
2014-12-19,0.4742382764816284,2.462523937225342
2014-12-22,0.45926234126091003,2.597799301147461
2014-12-23,0.47124311327934265,2.7330758571624756
2014-12-26,0.4602607488632202,2.5852737426757812
2014-12-29,0.45926234126091003,2.575253486633301
2014-12-30,0.4612591564655304,2.5126259326934814
2015-01-02,0.43929439783096313,2.344783067703247
2015-01-05,0.4063473343849182,2.1443748474121094
2015-01-06,0.3664114773273468,2.0742316246032715
2015-01-07,0.3654130697250366,2.171931266784668
2015-01-08,0.37739384174346924,2.3122167587280273
2015-01-09,0.43729761242866516,2.3823604583740234
2015-01-12,0.3783922493457794,2.21451735496521
2015-01-13,0.3724018633365631,2.277146100997925
2015-01-14,0.34444674849510193,2.232053279876709
2015-01-15,0.3454451262950897,2.3322575092315674
2015-01-16,0.3174900412559509,2.3648245334625244
2015-01-19,0.2855413854122162,2.2971863746643066
2015-01-20,0.3254772424697876,2.3322575092315674
2015-01-21,0.4422895908355713,2.480059862136841
2015-01-22,0.6279913187026978,2.5627281665802
2015-01-23,0.62699294090271,2.5001003742218018
2015-01-26,0.573079526424408,2.462523937225342
2015-01-27,0.4402928352355957,2.54018235206604
2015-01-28,0.42931047081947327,2.2821552753448486
2015-01-29,0.40335217118263245,2.171931266784668
2015-01-30,0.38937458395957947,2.079241991043091
2015-02-02,0.4812270700931549,2.201991558074951
2015-02-03,0.49819982051849365,2.4975948333740234
2015-02-04,0.49919819831848145,2.5101211071014404
2015-02-05,0.501194953918457,2.462523937225342
2015-02-06,0.4772334694862366,2.2846603393554688
2015-02-09,0.490212619304657,2.3548033237457275
2015-02-10,0.48522064089775085,2.232053279876709
2015-02-11,0.47823187708854675,2.274639844894409
2015-02-12,0.4892142415046692,2.3673293590545654
2015-02-13,0.5421292185783386,2.5126259326934814
2015-02-18,0.5541099905967712,2.5151312351226807
2015-02-19,0.5521131753921509,2.432462453842163
2015-02-20,0.5591019988059998,2.414926528930664
2015-02-23,0.5561067461967468,2.379855155944824
2015-02-24,0.5591019988059998,2.480059862136841
2015-02-25,0.540132462978363,2.3548033237457275
2015-02-26,0.544126033782959,2.3122167587280273
2015-02-27,0.5371372699737549,2.3923799991607666
2015-03-02,0.48522064089775085,2.3598148822784424
2015-03-03,0.49919819831848145,2.3973910808563232
2015-03-04,0.49919819831848145,2.322237730026245
2015-03-05,0.4872174561023712,2.3147220611572266
2015-03-06,0.488215833902359,2.317227363586426
2015-03-09,0.4742382764816284,2.234558343887329
2015-03-10,0.4482799768447876,2.1343541145324707
2015-03-11,0.4602607488632202,2.1894664764404297
2015-03-12,0.4492783546447754,2.121828317642212
2015-03-13,0.43030884861946106,2.0892624855041504
2015-03-16,0.4153329133987427,2.101787805557251
2015-03-17,0.49121102690696716,2.2195279598236084
2015-03-18,0.5091821551322937,2.3047008514404297
2015-03-19,0.47124311327934265,2.234558343887329
2015-03-20,0.4612591564655304,2.3097121715545654
2015-03-23,0.4832238554954529,2.337268829345703
2015-03-24,0.49720141291618347,2.3598148822784424
2015-03-25,0.5061870217323303,2.4550082683563232
2015-03-26,0.5001965761184692,2.337268829345703
2015-03-27,0.4812270700931549,2.344783067703247
2015-03-30,0.47124311327934265,2.432462453842163
2015-03-31,0.45027679204940796,2.4199371337890625
2015-04-01,0.4602607488632202,2.5702435970306396
2015-04-02,0.48621904850006104,2.677962303161621
2015-04-06,0.4832238554954529,2.6829731464385986
2015-04-07,0.46425431966781616,2.7355809211730957
2015-04-08,0.4682479202747345,2.6479012966156006
2015-04-09,0.4562671482563019,2.9009175300598145
2015-04-10,0.463255912065506,2.9585349559783936
2015-04-13,0.4562671482563019,3.0737712383270264
2015-04-14,0.45027679204940796,3.1213674545288086
2015-04-15,0.4602607488632202,3.3418173789978027
2015-04-16,0.44428637623786926,3.251633882522583
2015-04-17,0.4562671482563019,3.244117498397827
2015-04-20,0.4492783546447754,3.274179220199585
2015-04-22,0.4462831914424896,3.256643533706665
2015-04-23,0.4353008270263672,3.2240772247314453
2015-04-24,0.4482799768447876,3.3117547035217285
2015-04-27,0.4343024492263794,3.1363983154296875
2015-04-28,0.43030884861946106,3.199026346206665
2015-04-29,0.4412912130355835,3.2115519046783447
2015-04-30,0.46425431966781616,3.271674394607544
2015-05-04,0.47124311327934265,3.454547643661499
2015-05-05,0.4692462980747223,3.614875316619873
2015-05-06,0.4482799768447876,3.454547643661499
2015-05-07,0.43230563402175903,3.4219810962677
2015-05-08,0.45027679204940796,3.384404420852661
2015-05-11,0.4492783546447754,3.449537754058838
2015-05-12,0.45027679204940796,3.4395179748535156
2015-05-13,0.44528481364250183,3.5021448135375977
2015-05-14,0.4492783546447754,3.4821038246154785
2015-05-15,0.48422226309776306,3.5171754360198975
2015-05-18,0.5041901469230652,3.4320011138916016
2015-05-19,0.45127516984939575,3.2290878295898438
2015-05-20,0.43929439783096313,3.216562032699585
2015-05-21,0.45726555585861206,3.376887798309326
2015-05-22,0.44428637623786926,3.274179220199585
2015-05-25,0.44428637623786926,3.2140560150146484
2015-05-26,0.43629923462867737,3.1038317680358887
2015-05-27,0.4462831914424896,3.141408920288086
2015-05-28,0.4552687704563141,3.1689648628234863
2015-05-29,0.45726555585861206,3.0888020992279053
2015-06-01,0.45227357745170593,3.0963170528411865
2015-06-02,0.45027679204940796,3.2265822887420654
2015-06-03,0.4462831914424896,3.2040367126464844
2015-06-05,0.43829602003097534,3.1489243507385254
2015-06-08,0.4333040118217468,3.1489243507385254
2015-06-09,0.43629923462867737,3.256643533706665
2015-06-10,0.43629923462867737,3.276684522628784
2015-06-11,0.43929439783096313,3.2816948890686035
2015-06-12,0.43629923462867737,3.2616543769836426
2015-06-15,0.4353008270263672,3.2591495513916016
2015-06-16,0.4343024492263794,3.3518385887145996
2015-06-17,0.4412912130355835,3.2917160987854004
2015-06-18,0.44328799843788147,3.3693737983703613
2015-06-19,0.43629923462867737,3.2942216396331787
2015-06-22,0.43130725622177124,3.2992303371429443
2015-06-23,0.43030884861946106,3.2491281032562256
2015-06-24,0.43230563402175903,3.3117547035217285
2015-06-25,0.42431849241256714,3.1564393043518066
2015-06-26,0.43929439783096313,3.3092522621154785
2015-06-29,0.42431849241256714,3.219067096710205
2015-06-30,0.40934252738952637,3.178985357284546
2015-07-01,0.39636337757110596,3.0462136268615723
2015-07-02,0.43230563402175903,3.0938117504119873
2015-07-03,0.4153329133987427,2.946009635925293
2015-07-06,0.407345712184906,2.883382797241211
2015-07-07,0.40534892678260803,2.9485161304473877
2015-07-08,0.3993585705757141,2.8708560466766357
2015-07-10,0.41732969880104065,2.9585349559783936
2015-07-13,0.4193264842033386,2.953526020050049
2015-07-14,0.4133360981941223,3.0036280155181885
2015-07-15,0.4083441495895386,2.951019525527954
2015-07-16,0.41233769059181213,3.0036280155181885
2015-07-17,0.4213232696056366,2.8583316802978516
2015-07-20,0.3993585705757141,2.703014373779297
2015-07-21,0.39736175537109375,2.687983751296997
2015-07-22,0.4023537337779999,2.59529447555542
2015-07-23,0.39636337757110596,2.5351719856262207
2015-07-24,0.38338422775268555,2.5126259326934814
2015-07-27,0.37040504813194275,2.379855155944824
2015-07-28,0.38338422775268555,2.5101211071014404
2015-07-29,0.3793906271457672,2.680468797683716
2015-07-30,0.37639543414115906,2.610325813293457
2015-07-31,0.34244996309280396,2.6278610229492188
2015-08-03,0.3394547700881958,2.5126259326934814
2015-08-04,0.3264756202697754,2.5451927185058594
2015-08-05,0.34943872690200806,2.507615804672241
2015-08-06,0.3394547700881958,2.5902841091156006
2015-08-07,0.3404531478881836,2.4274518489837646
2015-08-10,0.34444674849510193,2.502605438232422
2015-08-11,0.3614194989204407,2.5001003742218018
2015-08-12,0.3594227135181427,2.4600188732147217
2015-08-13,0.3803890347480774,2.379855155944824
2015-08-14,0.34943872690200806,2.3297536373138428
2015-08-17,0.3254772424697876,2.2921762466430664
2015-08-18,0.3264756202697754,2.2520945072174072
2015-08-19,0.3264756202697754,2.1894664764404297
2015-08-20,0.32947081327438354,2.176941156387329
2015-08-21,0.33546119928359985,2.079241991043091
2015-08-24,0.2795509994029999,1.9765318632125854
2015-08-25,0.2695670425891876,1.9665120840072632
2015-08-26,0.2655734419822693,2.0366549491882324
2015-08-27,0.2795509994029999,2.234558343887329
2015-08-28,0.2925301492214203,2.2596096992492676
2015-08-31,0.2775541841983795,2.302196502685547
2015-09-01,0.2655734419822693,2.1518895626068115
2015-09-02,0.26157984137535095,2.209507703781128
2015-09-03,0.2525942921638489,2.194476842880249
2015-09-04,0.24261032044887543,2.1318488121032715
2015-09-08,0.2246391773223877,2.164415121078491
2015-09-09,0.1976824849843979,2.101787805557251
2015-09-10,0.19269050657749176,1.9965734481811523
2015-09-11,0.17771455645561218,1.9189143180847168
2015-09-14,0.18670013546943665,1.9339450597763062
2015-09-15,0.20766645669937134,1.9164098501205444
2015-09-16,0.23462314903736115,2.0391604900360107
2015-09-17,0.22563758492469788,1.9690169095993042
2015-09-18,0.21864880621433258,1.903883457183838
2015-09-21,0.21265843510627747,1.828730821609497
2015-09-22,0.1976824849843979,1.74606192111969
2015-09-23,0.19269050657749176,1.7084851264953613
2015-09-24,0.1837049424648285,1.7435569763183594
2015-09-25,0.18570172786712646,1.7084851264953613
2015-09-28,0.1827065348625183,1.6132911443710327
2015-09-29,0.17971135675907135,1.6508674621582031
2015-09-30,0.17471936345100403,1.8137000799179077
2015-10-01,0.17971135675907135,1.7585877180099487
2015-10-02,0.1896953135728836,1.946470856666565
2015-10-05,0.19368889927864075,1.9589968919754028
2015-10-06,0.2166520059108734,2.0516858100891113
2015-10-07,0.21964719891548157,2.121828317642212
2015-10-08,0.21465523540973663,2.1919710636138916
2015-10-09,0.2106616348028183,2.2044975757598877
2015-10-13,0.19868087768554688,2.0366549491882324
2015-10-14,0.203672856092453,1.9940685033798218
2015-10-15,0.21565362811088562,2.0040886402130127
2015-10-16,0.21265843510627747,1.9915626049041748
2015-10-19,0.203672856092453,1.9915626049041748
2015-10-20,0.19967928528785706,2.0166146755218506
2015-10-21,0.20666804909706116,1.9414609670639038
2015-10-22,0.2096632421016693,2.009098768234253
2015-10-23,0.20467126369476318,2.0015830993652344
2015-10-26,0.20067767798900604,1.9665120840072632
2015-10-27,0.20067767798900604,1.903883457183838
2015-10-28,0.20866484940052032,1.9915626049041748
2015-10-29,0.20267446339130402,1.9063897132873535
2015-10-30,0.2106616348028183,1.9314405918121338
2015-11-03,0.2246391773223877,2.124333381652832
2015-11-04,0.20666804909706116,2.0241293907165527
2015-11-05,0.20467126369476318,2.031644582748413
2015-11-06,0.20067767798900604,1.9589968919754028
2015-11-09,0.20267446339130402,1.9815424680709839
2015-11-10,0.19868087768554688,1.9063897132873535
2015-11-11,0.20666804909706116,1.9339450597763062
2015-11-12,0.19967928528785706,1.8988741636276245
2015-11-13,0.20167608559131622,1.8212153911590576
2015-11-16,0.20167608559131622,1.928934931755066
2015-11-17,0.19967928528785706,1.9439659118652344
2015-11-18,0.20467126369476318,1.9589968919754028
2015-11-19,0.19269050657749176,1.964007019996643
2015-11-23,0.18570172786712646,2.0241293907165527
2015-11-24,0.19169211387634277,2.1293435096740723
2015-11-25,0.18869692087173462,1.9790377616882324
2015-11-26,0.19169211387634277,1.9840476512908936
2015-11-27,0.1966840922832489,1.903883457183838
2015-11-30,0.20067767798900604,1.9214202165603638
2015-12-01,0.19967928528785706,1.8763281106948853
2015-12-02,0.21565362811088562,1.8838430643081665
2015-12-03,0.2166520059108734,1.999078392982483
2015-12-04,0.21465523540973663,1.8838430643081665
2015-12-07,0.20566965639591217,1.8011747598648071
2015-12-08,0.20467126369476318,1.7861435413360596
2015-12-09,0.2096632421016693,1.9164098501205444
2015-12-10,0.20666804909706116,1.8663071393966675
2015-12-11,0.20267446339130402,1.8162052631378174
2015-12-14,0.20866484940052032,1.8061844110488892
2015-12-15,0.20666804909706116,1.8587923049926758
2015-12-16,0.2106616348028183,1.826225757598877
2015-12-17,0.21465523540973663,1.8036794662475586
2015-12-18,0.21365682780742645,1.7585877180099487
2015-12-21,0.21964719891548157,1.6633933782577515
2015-12-22,0.22663597762584686,1.7009706497192383
2015-12-23,0.22863277792930603,1.7360414266586304
2015-12-28,0.2246391773223877,1.6784242391586304
2015-12-29,0.21964719891548157,1.6759192943572998
2015-12-30,0.2446071207523346,1.6784242391586304
2016-01-04,0.22963117063045502,1.7210108041763306
2016-01-05,0.2236407995223999,1.673413872718811
2016-01-06,0.22264240682125092,1.6032710075378418
2016-01-07,0.2246391773223877,1.5681991577148438
2016-01-08,0.21465523540973663,1.570704460144043
2016-01-11,0.20566965639591217,1.5256123542785645
2016-01-12,0.18170814216136932,1.3853261470794678
2016-01-13,0.17971135675907135,1.3201929330825806
2016-01-14,0.18869692087173462,1.425407886505127
2016-01-15,0.19967928528785706,1.2951420545578003
2016-01-18,0.18670013546943665,1.2024531364440918
2016-01-19,0.17272256314754486,1.1673815250396729
2016-01-20,0.1627386212348938,1.1097639799118042
2016-01-21,0.15774664282798767,1.1273000240325928
2016-01-22,0.15175624191761017,1.104753851890564
2016-01-26,0.13977549970149994,1.052146077156067
2016-01-27,0.14576587080955505,1.1448357105255127
2016-01-28,0.13977549970149994,1.1523504257202148
2016-01-29,0.14576587080955505,1.2124735116958618
2016-02-01,0.15275464951992035,1.1824122667312622
2016-02-02,0.13777869939804077,1.0771976709365845
2016-02-03,0.1437690705060959,1.1247947216033936
2016-02-04,0.15974341332912445,1.1849173307418823
2016-02-05,0.15075784921646118,1.1373199224472046
2016-02-10,0.15075784921646118,1.0797024965286255
2016-02-11,0.1437690705060959,1.059661865234375
2016-02-12,0.15874502062797546,1.1147741079330444
2016-02-15,0.1567482352256775,1.1448357105255127
2016-02-16,0.15275464951992035,1.1122690439224243
2016-02-17,0.17372097074985504,1.1723915338516235
2016-02-18,0.1697273850440979,1.1498459577560425
2016-02-19,0.16673219203948975,1.1172791719436646
2016-02-22,0.18470333516597748,1.2625759840011597
2016-02-23,0.1757177710533142,1.2325143814086914
2016-02-24,0.1976824849843979,1.2199888229370117
2016-02-25,0.18570172786712646,1.2249993085861206
2016-02-26,0.17871296405792236,1.2199888229370117
2016-02-29,0.18470333516597748,1.2876267433166504
2016-03-01,0.1827065348625183,1.3302136659622192
2016-03-02,0.18769851326942444,1.4153878688812256
2016-03-03,0.20267446339130402,1.6458580493927002
2016-03-04,0.20566965639591217,1.8086894750595093
2016-03-07,0.21964719891548157,1.8462661504745483
2016-03-08,0.20167608559131622,1.8713172674179077
2016-03-09,0.2096632421016693,1.903883457183838
2016-03-10,0.20666804909706116,1.9915626049041748
2016-03-11,0.20267446339130402,2.026634931564331
2016-03-14,0.1896953135728836,1.8537819385528564
2016-03-15,0.17172418534755707,1.6558773517608643
2016-03-16,0.18170814216136932,1.811194896697998
2016-03-17,0.19568568468093872,2.029139757156372
2016-03-18,0.1896953135728836,2.0341501235961914
2016-03-21,0.19169211387634277,2.0191190242767334
2016-03-22,0.203672856092453,2.031644582748413
2016-03-23,0.19568568468093872,1.9489758014678955
2016-03-24,0.3594227135181427,1.956491470336914
2016-03-28,0.4772334694862366,2.114313840866089
2016-03-29,0.44328799843788147,2.1268389225006104
2016-03-30,0.394366592168808,2.114313840866089
2016-03-31,0.3604210913181305,2.081747055053711
2016-04-01,0.394366592168808,2.0942721366882324
2016-04-04,0.34943872690200806,1.8888533115386963
2016-04-05,0.34943872690200806,1.9539861679077148
2016-04-06,0.3464435636997223,1.8988741636276245
2016-04-07,0.3304692208766937,1.928934931755066
2016-04-08,0.3394547700881958,2.0692217350006104
2016-04-11,0.34244996309280396,2.101787805557251
2016-04-12,0.3574259281158447,2.264620542526245
2016-04-13,0.3514355421066284,2.377350091934204
2016-04-14,0.3304692208766937,2.2946810722351074
2016-04-15,0.34943872690200806,2.4274518489837646
2016-04-18,0.3514355421066284,2.3147220611572266
2016-04-19,0.3594227135181427,2.407411813735962
2016-04-20,0.37639543414115906,2.374844551086426
2016-04-22,0.39636337757110596,2.44248366355896
2016-04-25,0.3793906271457672,2.337268829345703
2016-04-26,0.36441469192504883,2.4224417209625244
2016-04-27,0.3544307053089142,2.5677380561828613
2016-04-28,0.3684082627296448,2.5627281665802
2016-04-29,0.3793906271457672,2.5627281665802
2016-05-02,0.3654130697250366,2.5476977825164795
2016-05-03,0.3534323275089264,2.449998617172241
2016-05-04,0.3734002709388733,2.4850704669952393
2016-05-05,0.36441469192504883,2.4575135707855225
2016-05-06,0.3684082627296448,2.5251519680023193
2016-05-09,0.3594227135181427,2.374844551086426
2016-05-10,0.37739384174346924,2.557717800140381
2016-05-11,0.3743986487388611,2.5677380561828613
2016-05-12,0.3783922493457794,2.4525036811828613
2016-05-13,0.34145158529281616,2.3698346614837646
2016-05-16,0.34244996309280396,2.44248366355896
2016-05-17,0.3404531478881836,2.379855155944824
2016-05-18,0.3344627916812897,2.3347630500793457
2016-05-19,0.3324660062789917,2.2445785999298096
2016-05-20,0.32947081327438354,2.229548215866089
2016-05-23,0.3105012774467468,2.1293435096740723
2016-05-24,0.30850446224212646,2.1368589401245117
2016-05-25,0.30351248383522034,2.171931266784668
2016-05-27,0.30251410603523254,2.0617055892944336
2016-05-30,0.30750608444213867,2.09928297996521
2016-05-31,0.32048526406288147,2.0141091346740723
2016-06-01,0.32048526406288147,2.049180746078491
2016-06-02,0.32947081327438354,2.08425235748291
2016-06-03,0.3334643840789795,2.1468801498413086
2016-06-06,0.31649166345596313,2.11932373046875
2016-06-07,0.3194868266582489,2.159404993057251
2016-06-08,0.313496470451355,2.3522984981536865
2016-06-09,0.30950289964675903,2.299691915512085
2016-06-10,0.30750608444213867,2.1994874477386475
2016-06-13,0.2915317416191101,2.159404993057251
2016-06-14,0.2995189428329468,2.079241991043091
2016-06-15,0.2795509994029999,2.1318488121032715
2016-06-16,0.259583055973053,2.1293435096740723
2016-06-17,0.28074905276298523,2.242074489593506
2016-06-20,0.27595674991607666,2.299691915512085
2016-06-21,0.29832082986831665,2.3873701095581055
2016-06-22,0.28154778480529785,2.3397727012634277
2016-06-23,0.28114843368530273,2.4224417209625244
2016-06-24,0.2765558063983917,2.317227363586426
2016-06-27,0.2705654203891754,2.1994874477386475
2016-06-28,0.270765095949173,2.3047008514404297
2016-06-29,0.27356061339378357,2.379855155944824
2016-06-30,0.27356061339378357,2.3598148822784424
2016-07-01,0.2695670425891876,2.4600188732147217
2016-07-04,0.2691676616668701,2.4725444316864014
2016-07-05,0.25678756833076477,2.3272480964660645
2016-07-06,0.25459107756614685,2.379855155944824
2016-07-07,0.26577311754226685,2.394886016845703
2016-07-08,0.25558948516845703,2.465028762817383
2016-07-11,0.264175683259964,2.59529447555542
2016-07-12,0.2715638279914856,2.6679434776306152
2016-07-13,0.27356061339378357,2.662932872772217
2016-07-14,0.26796960830688477,2.738085985183716
2016-07-15,0.259583055973053,2.760631799697876
2016-07-18,0.26058146357536316,2.8934035301208496
2016-07-19,0.2659728229045868,2.951019525527954
2016-07-20,0.27775388956069946,2.9610402584075928
2016-07-21,0.32248204946517944,2.9685561656951904
2016-07-22,0.311499685049057,2.9911015033721924
2016-07-25,0.31549328565597534,3.013648509979248
2016-07-26,0.3144948482513428,2.9760725498199463
2016-07-27,0.3063080310821533,2.883382797241211
2016-07-28,0.2995189428329468,2.865846633911133
2016-07-29,0.2979215085506439,2.9735658168792725
2016-08-01,0.29552534222602844,2.818248987197876
2016-08-02,0.284542977809906,2.8458051681518555
2016-08-03,0.30950289964675903,2.981081247329712
2016-08-04,0.2991195619106293,3.0086379051208496
2016-08-05,0.3079054653644562,2.9184536933898926
2016-08-08,0.3065077066421509,2.9835870265960693
2016-08-09,0.30950289964675903,2.9760725498199463
2016-08-10,0.3019150495529175,2.8959078788757324
2016-08-11,0.3041115403175354,3.0311837196350098
2016-08-12,0.30391186475753784,3.0061326026916504
2016-08-15,0.30850446224212646,3.0837910175323486
2016-08-16,0.30351248383522034,3.1288833618164062
2016-08-17,0.30151569843292236,3.1965208053588867
2016-08-18,0.3045109212398529,3.2265822887420654
2016-08-19,0.3065077066421509,3.2040367126464844
2016-08-22,0.3009166717529297,3.0938117504119873
2016-08-23,0.2963240444660187,3.1739745140075684
2016-08-24,0.2985205054283142,3.106336832046509
2016-08-25,0.2907330393791199,3.1389026641845703
2016-08-26,0.29452693462371826,3.1439146995544434
2016-08-29,0.2929295003414154,3.2240772247314453
2016-08-30,0.2929295003414154,3.2791895866394043
2016-08-31,0.28953495621681213,3.219067096710205
2016-09-01,0.2835446000099182,3.256643533706665
2016-09-02,0.2935285270214081,3.399435520172119
2016-09-05,0.2855413854122162,3.4645676612854004
2016-09-06,0.2795509994029999,3.5021448135375977
2016-09-08,0.28953495621681213,3.5622684955596924
2016-09-09,0.28154778480529785,3.384404420852661
2016-09-12,0.27595674991607666,3.494629144668579
2016-09-13,0.2691676616668701,3.2591495513916016
2016-09-14,0.26757022738456726,3.2841999530792236
2016-09-15,0.27036574482917786,3.384404420852661
2016-09-16,0.2835446000099182,3.296725273132324
2016-09-19,0.26936736702919006,3.2691688537597656
2016-09-20,0.2585846781730652,3.38189959526062
2016-09-21,0.25558948516845703,3.4219810962677
2016-09-22,0.2795509994029999,3.507154941558838
2016-09-23,0.2709648013114929,3.429497480392456
2016-09-26,0.2695670425891876,3.3568484783172607
2016-09-27,0.2627779543399811,3.2867050170898438
2016-09-28,0.2635766565799713,3.469578742980957
2016-09-29,0.2695670425891876,3.364363431930542
2016-09-30,0.26936736702919006,3.399435520172119
2016-10-03,0.2757570743560791,3.4996395111083984
2016-10-04,0.2715638279914856,3.5121653079986572
2016-10-05,0.2775541841983795,3.652451515197754
2016-10-06,0.3033128082752228,3.782717227935791
2016-10-07,0.30670738220214844,3.8227994441986084
2016-10-10,0.3222823739051819,3.940538167953491
2016-10-11,0.31729036569595337,3.8553659915924072
2016-10-13,0.3174900412559509,3.9480538368225098
2016-10-14,0.3144948482513428,4.073309898376465
2016-10-17,0.31549328565597534,4.233636379241943
2016-10-18,0.3226816952228546,4.363903999328613
2016-10-19,0.32447880506515503,4.414004802703857
2016-10-20,0.31968653202056885,4.444066524505615
2016-10-21,0.3264756202697754,4.496673583984375
2016-10-24,0.3390554189682007,4.559300899505615
2016-10-25,0.3290714621543884,4.509200096130371
2016-10-26,0.32807305455207825,4.534249305725098
2016-10-27,0.3254772424697876,4.531745433807373
2016-10-28,0.32148364186286926,4.531745433807373
2016-10-31,0.3194868266582489,4.431541919708252
2016-11-01,0.311499685049057,4.223616123199463
2016-11-03,0.30950289964675903,4.040742874145508
2016-11-04,0.3190874755382538,4.005671977996826
2016-11-07,0.3142951726913452,4.3112945556640625
2016-11-08,0.30750608444213867,4.268708229064941
2016-11-09,0.29872021079063416,4.171008110046387
2016-11-10,0.28953495621681213,3.8829219341278076
2016-11-11,0.28953495621681213,3.509659767150879
2016-11-14,0.28154778480529785,3.507154941558838
2016-11-16,0.32887178659439087,3.6925323009490967
2016-11-17,0.318089097738266,3.579802989959717
2016-11-18,0.3118990361690521,3.637420177459717
2016-11-21,0.33725830912590027,3.9029619693756104
2016-11-22,0.33725830912590027,3.9906420707702637
2016-11-23,0.3254772424697876,3.970599889755249
2016-11-24,0.3216833174228668,3.9029619693756104
2016-11-25,0.32947081327438354,3.832819700241089
2016-11-28,0.32048526406288147,3.872901439666748
2016-11-29,0.31589260697364807,3.6724917888641357
2016-11-30,0.3316672742366791,4.008177280426025
2016-12-01,0.33126795291900635,3.8678901195526123
2016-12-02,0.33546119928359985,3.965590000152588
2016-12-05,0.3348621428012848,3.923003673553467
2016-12-06,0.33965447545051575,4.04575252532959
2016-12-07,0.3464435636997223,3.973104953765869
2016-12-08,0.35043713450431824,3.9330241680145264
2016-12-09,0.3594227135181427,3.9029619693756104
2016-12-12,0.3626175820827484,3.9079723358154297
2016-12-13,0.36800891160964966,3.870396375656128
2016-12-14,0.37040504813194275,3.6925323009490967
2016-12-15,0.3706047236919403,3.72009015083313
2016-12-16,0.3811877369880676,3.6975433826446533
2016-12-19,0.37459832429885864,3.597337484359741
2016-12-20,0.38338422775268555,3.5948328971862793
2016-12-21,0.376595139503479,3.5923285484313965
2016-12-22,0.4404924809932709,3.509659767150879
2016-12-23,0.4552687704563141,3.567277431488037
2016-12-26,0.4532719552516937,3.6123688220977783
2016-12-27,0.4422895908355713,3.6098639965057373
2016-12-28,0.43629923462867737,3.7025530338287354
2016-12-29,0.43490147590637207,3.7251009941101074
2017-01-02,0.46525269746780396,3.6724917888641357
2017-01-03,0.5269536375999451,3.8829219341278076
2017-01-04,0.524357795715332,3.8829219341278076
2017-01-05,0.5391340851783752,3.9455487728118896
2017-01-06,0.5081837773323059,3.923003673553467
2017-01-09,0.5311468839645386,3.840334892272949
2017-01-10,0.501194953918457,3.877911329269409
2017-01-11,0.5047891736030579,3.923003673553467
2017-01-12,0.5031917691230774,3.9831252098083496
2017-01-13,0.5373369455337524,3.928014039993286
2017-01-16,0.5459231734275818,3.9455487728118896
2017-01-17,0.5451244115829468,3.9630849361419678
2017-01-18,0.5379359722137451,3.9555699825286865
2017-01-19,0.5411308407783508,3.950559139251709
2017-01-20,0.5565061569213867,4.008177280426025
2017-01-23,0.5445254445075989,4.005671977996826
2017-01-24,0.5511147975921631,4.018197536468506
2017-01-26,0.5509151220321655,3.958075523376465
2017-01-27,0.5337427258491516,3.912982940673828
2017-01-30,0.5171693563461304,3.7175846099853516
2017-01-31,0.5231596827507019,3.762676239013672
2017-02-01,0.5343417525291443,3.762676239013672
2017-02-02,0.528351366519928,3.730109214782715
2017-02-03,0.5307475328445435,3.8428404331207275
2017-02-06,0.53753662109375,3.747645378112793
2017-02-07,0.5766737461090088,3.6825127601623535
2017-02-08,0.5870570540428162,3.782717227935791
2017-02-09,0.6014339923858643,3.7701923847198486
2017-02-10,0.6589416265487671,3.9029619693756104
2017-02-13,0.7078630328178406,3.912982940673828
2017-02-14,0.7188454270362854,3.9630849361419678
2017-02-15,0.7188454270362854,3.968095302581787
2017-02-16,0.7090611457824707,3.973104953765869
2017-02-17,0.7288293838500977,3.9104771614074707
2017-02-20,0.7252351641654968,3.9881370067596436
2017-02-21,0.7388133406639099,4.0307230949401855
2017-02-22,0.7487972974777222,3.9330241680145264
2017-02-23,0.7537892460823059,3.897951602935791
2017-02-24,0.7565847635269165,3.802757740020752
2017-03-01,0.7579824924468994,3.8879318237304688
2017-03-02,0.7378149628639221,3.785222053527832
2017-03-03,0.7621757984161377,3.8378286361694336
2017-03-06,0.7555863857269287,3.782717227935791
2017-03-07,0.7499954104423523,3.802757740020752
2017-03-08,0.7188454270362854,3.644937038421631
2017-03-09,0.7186457514762878,3.6324105262756348
2017-03-10,0.7158502340316772,3.5848138332366943
2017-03-13,0.7270323038101196,3.5998435020446777
2017-03-14,0.7306265234947205,3.404444456100464
2017-03-15,0.7817443609237671,3.5572571754455566
2017-03-16,0.7667684555053711,3.4345061779022217
2017-03-17,0.7701629400253296,3.296725273132324
2017-03-20,0.7567844986915588,3.4069509506225586
2017-03-21,0.7745559215545654,3.256643533706665
2017-03-22,0.7637732028961182,3.4219810962677
2017-03-23,0.7761533856391907,3.399435520172119
2017-03-24,0.7809456586837769,3.376887798309326
2017-03-27,0.7821437120437622,3.449537754058838
2017-03-28,0.8106978535652161,3.494629144668579
2017-03-29,0.8586209416389465,3.619884490966797
2017-03-30,0.936495840549469,3.619884490966797
2017-03-31,0.9382929801940918,3.6299049854278564
2017-04-03,0.9384925961494446,3.674997329711914
2017-04-04,0.9418871998786926,3.72009015083313
2017-04-05,0.9384925961494446,3.6499454975128174
2017-04-06,0.8787885308265686,3.6399269104003906
2017-04-07,0.8446433544158936,3.6825127601623535
2017-04-10,0.8386529684066772,3.7426345348358154
2017-04-11,0.8186850547790527,3.6775035858154297
2017-04-12,0.8087010979652405,3.669987201690674
2017-04-13,0.7787491679191589,3.527195692062378
2017-04-17,0.7907299399375916,3.577296733856201
2017-04-18,0.7781501412391663,3.5322070121765137
2017-04-19,0.7659696936607361,3.4069509506225586
2017-04-20,0.7733578681945801,3.477092981338501
2017-04-24,0.8085014224052429,3.5146701335906982
2017-04-25,0.8446433544158936,3.5923285484313965
2017-04-26,0.8586209416389465,3.507154941558838
2017-04-27,0.8426465392112732,3.4395179748535156
2017-04-28,0.8682054877281189,3.4996395111083984
2017-05-02,0.8482375741004944,3.5046489238739014
2017-05-03,0.8386529684066772,3.5472371578216553
2017-05-04,0.8276706337928772,3.4069509506225586
2017-05-05,0.8382536172866821,3.559762954711914
2017-05-08,0.8248751163482666,3.527195692062378
2017-05-09,0.828669011592865,3.5422275066375732
2017-05-10,0.837854266166687,3.6900277137756348
2017-05-11,0.8386529684066772,3.712573766708374
2017-05-12,0.8446433544158936,3.870396375656128
2017-05-15,0.8079023361206055,3.928014039993286
2017-05-16,0.7787491679191589,3.9330241680145264
2017-05-17,0.7783498764038086,3.9104771614074707
2017-05-18,0.7078630328178406,3.2942216396331787
2017-05-19,0.7094604969024658,3.4119606018066406
2017-05-22,0.7228389978408813,3.3568484783172607
2017-05-23,0.7198438048362732,3.3793931007385254
2017-05-24,0.6868967413902283,3.5196802616119385
2017-05-25,0.7046681642532349,3.442021608352661
2017-05-26,0.7146521210670471,3.426992177963257
2017-05-29,0.7146521210670471,3.426992177963257
2017-05-30,0.7188454270362854,3.346827745437622
2017-05-31,0.734819769859314,3.2466230392456055
2017-06-01,0.7352191209793091,3.2115519046783447
2017-06-02,0.7310258746147156,3.2691688537597656
2017-06-05,0.7378149628639221,3.3017349243164062
2017-06-06,0.7404107451438904,3.3017349243164062
2017-06-07,0.7388133406639099,3.2240772247314453
2017-06-08,0.7378149628639221,3.216562032699585
2017-06-09,0.7384139895439148,3.219067096710205
2017-06-12,0.7487972974777222,3.231593132019043
2017-06-13,0.7547876834869385,3.2416133880615234
2017-06-14,0.7487972974777222,3.161449432373047
2017-06-15,0.7487972974777222,3.161449432373047
2017-06-16,0.7386136054992676,3.0762760639190674
2017-06-19,0.739212691783905,3.07878041267395
2017-06-20,0.7368165254592896,2.971061944961548
2017-06-21,0.7338213920593262,2.9159488677978516
2017-06-22,0.7358181476593018,3.016153335571289
2017-06-23,0.7268325686454773,2.9885964393615723
2017-06-26,0.7256345152854919,3.0737712383270264
2017-06-27,0.7344203591346741,3.0587399005889893
2017-06-28,0.7396121025085449,3.0261738300323486
2017-06-29,0.7372158765792847,3.051224708557129
2017-06-30,0.734819769859314,3.0988216400146484
2017-07-03,0.7410098314285278,3.0963170528411865
2017-07-04,0.7404107451438904,3.1138522624969482
2017-07-05,0.7328229546546936,3.0587399005889893
2017-07-06,0.7252351641654968,3.048720121383667
2017-07-07,0.7316249012947083,2.9885964393615723
2017-07-10,0.737415611743927,3.00112247467041
2017-07-11,0.7370162010192871,3.0888020992279053
2017-07-12,0.7426072359085083,3.2416133880615234
2017-07-13,0.7066649198532104,3.2240772247314453
2017-07-14,0.7202431559562683,3.2691688537597656
2017-07-17,0.7344203591346741,3.2290878295898438
2017-07-18,0.7088614106178284,3.2416133880615234
2017-07-19,0.7184460759162903,3.3142611980438232
2017-07-20,0.7080627679824829,3.2816948890686035
2017-07-21,0.694484531879425,3.178985357284546
2017-07-24,0.6924877166748047,3.2265822887420654
2017-07-25,0.6837018728256226,3.3117547035217285
2017-07-26,0.7068646550178528,3.271674394607544
2017-07-27,0.7184460759162903,3.256643533706665
2017-07-28,0.7362174987792969,3.289210557937622
2017-07-31,0.7471998333930969,3.3292925357818604
2017-08-01,0.7394123673439026,3.2867050170898438
2017-08-02,0.7390130162239075,3.384404420852661
2017-08-03,0.7388133406639099,3.3343021869659424
2017-08-04,0.7418084740638733,3.3568484783172607
2017-08-07,0.7807459831237793,3.3944251537323
2017-08-08,0.7957219481468201,3.3793931007385254
2017-08-09,0.7949231863021851,3.3869104385375977
2017-08-10,0.898357093334198,3.3042407035827637
2017-08-11,0.8785887956619263,3.244117498397827
2017-08-14,0.8783891797065735,3.276684522628784
2017-08-15,0.8682054877281189,3.2942216396331787
2017-08-16,0.8560250997543335,3.289210557937622
2017-08-17,0.8356577754020691,3.2691688537597656
2017-08-18,0.8706016540527344,3.4069509506225586
2017-08-21,0.8789882063865662,3.3418173789978027
2017-08-22,0.8875743746757507,3.454547643661499
2017-08-23,0.8905696272850037,3.4470314979553223
2017-08-24,0.8823827505111694,3.4570529460906982
2017-08-25,0.8841798305511475,3.477092981338501
2017-08-28,0.8831814527511597,3.474588632583618
2017-08-29,0.8743955492973328,3.469578742980957
2017-08-30,0.8723987340927124,3.3693737983703613
2017-08-31,0.8763923645019531,3.419475793838501
2017-09-01,0.8727981448173523,3.5121653079986572
2017-09-04,0.8863763213157654,3.549741506576538
2017-09-05,0.8961606025695801,3.6098639965057373
2017-09-06,0.9245150685310364,3.762676239013672
2017-09-07,0.9245150685310364,3.762676239013672
2017-09-08,0.9344990253448486,3.685016632080078
2017-09-11,0.9526698589324951,3.7551610469818115
2017-09-12,0.9390916228294373,3.7251009941101074
2017-09-13,0.9620547294616699,3.765181541442871
2017-09-14,0.9464797973632812,3.767686128616333
2017-09-15,0.9434846043586731,3.767686128616333
2017-09-18,0.947478175163269,3.767686128616333
2017-09-19,0.9394909739494324,3.7927374839782715
2017-09-20,0.9229176044464111,3.9756107330322266
2017-09-21,0.9157292246818542,3.9255075454711914
2017-09-22,0.9131333827972412,3.9305179119110107
2017-09-25,0.926511824131012,3.968095302581787
2017-09-26,0.9446826577186584,3.897951602935791
2017-09-27,0.942286491394043,3.835325241088867
2017-09-28,0.9562640190124512,3.8428404331207275
2017-09-29,0.9267115592956543,3.832819700241089
2017-10-02,0.9225183129310608,3.857869863510132
2017-10-03,0.9582608938217163,4.003166198730469
2017-10-04,0.9378935694694519,3.923003673553467
2017-10-05,0.933899998664856,3.9831252098083496
2017-10-06,0.936495840549469,3.9305179119110107
2017-10-09,0.9588598608970642,3.9806201457977295
2017-10-10,0.9566634297370911,4.0557756423950195
2017-10-11,0.9584605097770691,4.0282182693481445
2017-10-12,0.9584605097770691,4.0282182693481445
2017-10-13,0.9960002899169922,4.0282182693481445
2017-10-16,0.9694429039955139,4.038238048553467
2017-10-17,0.9610563516616821,4.040742874145508
2017-10-18,0.9983963966369629,4.0482587814331055
2017-10-19,0.9898101687431335,4.04575252532959
2017-10-20,0.9971982836723328,4.063289165496826
2017-10-23,1.0583001375198364,4.058279514312744
2017-10-24,1.08485746383667,4.135937690734863
2017-10-25,1.0790668725967407,4.188544273376465
2017-10-26,1.0563033819198608,4.191050052642822
2017-10-27,1.0946418046951294,4.266204357147217
2017-10-30,1.0898494720458984,4.203575611114502
2017-10-31,1.133379578590393,4.201070785522461
2017-11-01,1.1321814060211182,4.233636379241943
2017-11-02,1.1321814060211182,4.233636379241943
2017-11-03,1.186094880104065,4.243656635284424
2017-11-06,1.189888834953308,4.366408348083496
2017-11-07,1.2364140748977661,4.133432388305664
2017-11-08,1.2336186170578003,4.2461628913879395
2017-11-09,1.2044655084609985,4.188544273376465
2017-11-10,1.222436547279358,4.188544273376465
2017-11-13,1.1956795454025269,4.16850471496582
2017-11-14,1.178107738494873,3.8453447818756104
2017-11-15,1.178107738494873,3.8453447818756104
2017-11-16,1.1978759765625,3.9605801105499268
2017-11-17,1.209657073020935,4.013186931610107
2017-11-20,1.209657073020935,4.013186931610107
2017-11-21,1.2104557752609253,3.9831252098083496
2017-11-22,1.2160468101501465,4.035733222961426
2017-11-23,1.2356153726577759,4.0557756423950195
2017-11-24,1.2731550931930542,4.033229351043701
2017-11-27,1.262771725654602,3.9756107330322266
2017-11-28,1.2719570398330688,3.968095302581787
2017-11-29,1.2519890069961548,3.840334892272949
2017-11-30,1.2797445058822632,3.852860450744629
2017-12-01,1.3468366861343384,3.9104771614074707
2017-12-04,1.363609790802002,3.877911329269409
2017-12-05,1.330862283706665,3.835325241088867
2017-12-06,1.3418447971343994,3.8879318237304688
2017-12-07,1.35562264919281,3.8227994441986084
2017-12-08,1.3578190803527832,3.8453447818756104
2017-12-11,1.362212061882019,3.852860450744629
2017-12-12,1.3897677659988403,3.880415678024292
2017-12-13,1.393761396408081,3.802757740020752
2017-12-14,1.4376908540725708,3.760171890258789
2017-12-15,1.4646475315093994,3.745140552520752
2017-12-18,1.4406859874725342,3.812779426574707
2017-12-19,1.4576587677001953,3.7927374839782715
2017-12-20,1.4616522789001465,3.8177878856658936
2017-12-21,1.491604208946228,3.973104953765869
2017-12-22,1.5343356132507324,3.9455487728118896
2017-12-25,1.5343356132507324,3.9455487728118896
2017-12-26,1.5754694938659668,4.000662326812744
2017-12-27,1.614406943321228,4.020702362060547
2017-12-28,1.6333765983581543,4.033229351043701
2017-12-29,1.6333765983581543,4.033229351043701
2018-01-02,1.7062594890594482,4.145957946777344
2018-01-03,1.7372097969055176,4.183534145355225
2018-01-04,1.7973132133483887,4.191050052642822
2018-01-05,1.8985506296157837,4.21610164642334
2018-01-08,2.0423195362091064,4.266204357147217
2018-01-09,1.8256677389144897,4.266204357147217
2018-01-10,1.8011071681976318,4.208584308624268
2018-01-11,1.9768248796463013,4.321315288543701
2018-01-12,1.9149242639541626,4.333841323852539
2018-01-15,1.8969531059265137,4.346366882324219
2018-01-16,1.7961151599884033,4.421521186828613
2018-01-17,1.7971134185791016,4.59938383102417
2018-01-18,1.7372097969055176,4.564310550689697
2018-01-19,1.7591744661331177,4.574331760406494
2018-01-22,1.6972739696502686,4.62693977355957
2018-01-23,1.7288233041763306,4.5693206787109375
2018-01-24,1.8270654678344727,4.844883441925049
2018-01-25,1.8270654678344727,4.844883441925049
2018-01-26,1.7767462730407715,4.9926862716674805
2018-01-29,1.8070974349975586,4.972646236419678
2018-01-30,1.7477927207946777,4.882460117340088
2018-01-31,1.7631680965423584,4.935067653656006
2018-02-01,1.7697575092315674,5.140487194061279
2018-02-02,1.7272257804870605,5.002706527709961
2018-02-05,1.6868906021118164,4.769730567932129
2018-02-06,1.6072185039520264,5.007716178894043
2018-02-07,1.5974342823028564,4.869935035705566
2018-02-08,1.5574983358383179,4.7722344398498535
2018-02-09,1.5511085987091064,4.70209264755249
2018-02-14,1.6353733539581299,4.8223371505737305
2018-02-15,1.6281847953796387,4.859914779663086
2018-02-16,1.6403652429580688,4.864924907684326
2018-02-19,1.6229931116104126,5.022747039794922
2018-02-20,1.6371703147888184,5.120446681976318
2018-02-21,1.5507092475891113,5.072847843170166
2018-02-22,1.5473147630691528,5.195598602294922
2018-02-23,1.5870509147644043,5.290794372558594
2018-02-26,1.6000300645828247,5.390998363494873
2018-02-27,1.4975945949554443,5.385987281799316
2018-02-28,1.4476748704910278,5.375967502593994
2018-03-01,1.4293042421340942,5.268248081207275
2018-03-02,1.345638632774353,5.388490200042725
2018-03-05,1.401748538017273,5.541304588317871
2018-03-06,1.3478351831436157,5.486192226409912
2018-03-07,1.2054637670516968,5.428575038909912
2018-03-08,1.236014723777771,5.436090469360352
2018-03-09,1.3538254499435425,5.60894250869751
2018-03-12,1.3178832530975342,5.593912124633789
2018-03-13,1.2679634094238281,5.53879976272583
2018-03-14,1.2440019845962524,5.606436729431152
2018-03-15,1.228027582168579,5.338389873504639
2018-03-16,1.198075771331787,5.368452548980713
2018-03-19,1.257979393005371,5.243195533752441
2018-03-20,1.2983146905899048,5.300815105438232
2018-03-21,1.2300243377685547,5.523769378662109
2018-03-22,1.2306233644485474,5.441099166870117
2018-03-23,1.2380115985870361,5.4486165046691895
2018-03-26,1.20766019821167,5.518758296966553
2018-03-27,1.2479954957962036,5.370956897735596
2018-03-28,1.1793057918548584,5.310833930969238
2018-03-29,1.178107738494873,5.36344051361084
2018-04-02,1.0904486179351807,5.235681533813477
2018-04-03,1.0918463468551636,5.188083648681641
2018-04-04,1.0700812339782715,5.1054158210754395
2018-04-05,1.0443226099014282,5.298307418823242
2018-04-06,1.070280909538269,5.33087682723999
2018-04-09,1.0169665813446045,5.14299201965332
2018-04-10,1.070280909538269,5.360937595367432
2018-04-11,1.0243546962738037,5.461140155792236
2018-04-12,1.050113320350647,5.431080341339111
2018-04-13,1.0283482074737549,5.310833930969238
2018-04-16,1.03034508228302,5.165538787841797
2018-04-17,1.0443226099014282,5.268248081207275
2018-04-18,1.1958792209625244,5.461140155792236
2018-04-19,1.1335793733596802,5.561345100402832
2018-04-20,1.1866939067840576,5.6014275550842285
2018-04-23,1.315686821937561,5.631488800048828
2018-04-24,1.4039450883865356,5.611447334289551
2018-04-25,1.363809585571289,5.443606376647949
2018-04-26,1.4558615684509277,5.669064521789551
2018-04-27,1.43369722366333,5.689106464385986
2018-04-30,1.4504703283309937,5.754237651824951
2018-05-02,1.3376514911651611,5.661551475524902
2018-05-03,1.293921709060669,5.623973846435547
2018-05-04,1.4157260656356812,5.578880786895752
2018-05-07,1.4436811208724976,5.674075603485107
2018-05-08,1.3987534046173096,5.739208698272705
2018-05-09,1.4576587677001953,6.207663536071777
2018-05-10,1.3879706859588623,6.450660228729248
2018-05-11,1.343841552734375,6.373003005981445
2018-05-14,1.35562264919281,6.5734100341796875
2018-05-15,1.2200404405593872,6.7111897468566895
2018-05-16,1.2779473066329956,6.861496925354004
2018-05-17,1.3975552320480347,6.500761032104492
2018-05-18,1.4676427841186523,6.425607681274414
2018-05-21,1.4073395729064941,6.275303363800049
2018-05-22,1.4177228212356567,6.20250940322876
2018-05-23,1.4037452936172485,5.841050148010254
2018-05-24,1.4374911785125732,5.0403218269348145
2018-05-25,1.4047436714172363,4.970039367675781
2018-05-28,1.3528271913528442,4.244614124298096
2018-05-29,1.4037452936172485,4.844532489776611
2018-05-30,1.423713207244873,4.764209270477295
2018-06-01,1.3837774991989136,4.0563554763793945
2018-06-04,1.3813812732696533,4.400242328643799
2018-06-05,1.4085376262664795,4.164290428161621
2018-06-06,1.3883700370788574,4.099026679992676
2018-06-07,1.3190813064575195,3.955949544906616
2018-06-08,1.3098961114883423,3.8279337882995605
2018-06-11,1.285934567451477,3.8680973052978516
2018-06-12,1.3017091751098633,3.8806467056274414
2018-06-13,1.2879313230514526,3.8078536987304688
2018-06-14,1.2779473066329956,3.7902815341949463
2018-06-15,1.198075771331787,3.75765061378479
2018-06-18,1.3234742879867554,3.639674663543701
2018-06-19,1.2881309986114502,3.870605707168579
2018-06-20,1.3398479223251343,4.068905830383301
2018-06-21,1.3176835775375366,3.7902815341949463
2018-06-22,1.3478351831436157,3.792792320251465
2018-06-25,1.3578190803527832,3.940889358520508
2018-06-26,1.393761396408081,4.0262346267700195
2018-06-27,1.3929626941680908,4.15424919128418
2018-06-28,1.396756649017334,4.166799545288086
2018-06-29,1.3977549076080322,4.314898490905762
2018-07-02,1.3578190803527832,4.385180950164795
2018-07-03,1.3578190803527832,4.392711639404297
2018-07-04,1.3957581520080566,4.420322895050049
2018-07-05,1.368801474571228,4.483077049255371
2018-07-06,1.3827790021896362,4.503157138824463
2018-07-10,1.3857742547988892,4.4554643630981445
2018-07-11,1.3584181070327759,4.370120525360107
2018-07-12,1.3717966079711914,4.505666732788086
2018-07-13,1.3777869939804077,4.545828819274902
2018-07-16,1.3590171337127686,4.488096237182617
2018-07-17,1.3428431749343872,4.591010093688965
2018-07-18,1.3498319387435913,4.530767917633057
2018-07-19,1.3572200536727905,4.61862325668335
2018-07-20,1.3418447971343994,4.84202241897583
2018-07-23,1.340646743774414,4.834493160247803
2018-07-24,1.3388495445251465,4.934896469116211
2018-07-25,1.3713972568511963,5.010200500488281
2018-07-26,1.4646475315093994,4.872143268585205
2018-07-27,1.5375304222106934,4.962510108947754
2018-07-30,1.581459879875183,4.992629528045654
2018-07-31,1.6016274690628052,4.949957370758057
2018-08-01,1.617402195930481,5.0227508544921875
2018-08-02,1.602426290512085,5.123155117034912
2018-08-03,1.6932802200317383,5.298863887786865
2018-08-06,1.7432001829147339,5.281293869018555
2018-08-07,1.6745103597640991,5.198459148406982
2018-08-08,1.6974735260009766,5.05538272857666
2018-08-09,1.6337758302688599,5.105586528778076
2018-08-10,1.577466368675232,4.917326927185059
2018-08-13,1.5770668983459473,5.030282020568848
2018-08-14,1.6633284091949463,5.027766227722168
2018-08-15,1.5874502658843994,4.793740749359131
2018-08-16,1.566483974456787,4.7685770988464355
2018-08-17,1.5614919662475586,4.645272254943848
2018-08-20,1.6872899532318115,4.620108127593994
2018-08-21,1.6493507623672485,4.459059238433838
2018-08-22,1.715245008468628,4.617591381072998
2018-08-23,1.7162433862686157,4.516936302185059
2018-08-24,1.717042088508606,4.605010986328125
2018-08-27,1.705260992050171,4.708182334899902
2018-08-28,1.7080565690994263,4.617591381072998
2018-08-29,1.8298609256744385,4.856650352478027
2018-08-30,1.8674005270004272,4.73082971572876
2018-08-31,1.8875682353973389,4.846584796905518
2018-09-03,1.9169210195541382,4.781157970428467
2018-09-04,1.8170814514160156,4.693085193634033
2018-09-05,1.9175201654434204,4.7182488441467285
2018-09-06,1.9568569660186768,4.778642177581787
2018-09-10,1.896553874015808,4.846584796905518
2018-09-11,1.9388858079910278,4.655338287353516
2018-09-12,1.9916011095046997,4.7685770988464355
2018-09-13,1.9728312492370605,4.708182334899902
2018-09-14,1.9947960376739502,4.728313446044922
2018-09-17,1.8967534303665161,4.881814956665039
2018-09-18,1.9566572904586792,5.095708847045898
2018-09-19,1.9768248796463013,5.027766227722168
2018-09-20,1.942879319190979,5.000085830688477
2018-09-21,1.9768248796463013,5.068027973175049
2018-09-24,2.136568307876587,5.032798767089844
2018-09-25,2.083054304122925,5.052928924560547
2018-09-26,2.116600275039673,5.080610752105713
2018-09-27,2.156536340713501,5.400191783905029
2018-09-28,2.216439962387085,5.307085990905762
2018-10-01,2.2274222373962402,5.284437656402588
2018-10-02,2.249786615371704,5.742422580718994
2018-10-03,2.2280213832855225,5.986514091491699
2018-10-04,2.236407995223999,6.044389724731445
2018-10-05,2.1385650634765625,6.029290199279785
2018-10-08,2.150545835494995,6.69362211227417
2018-10-09,2.386167526245117,6.748983383178711
2018-10-10,2.296311616897583,6.5552191734313965
2018-10-11,2.316279649734497,6.3639750480651855
2018-10-15,2.3268625736236572,6.4847612380981445
2018-10-16,2.335848331451416,6.726334571838379
2018-10-17,2.2683568000793457,6.655876159667969
2018-10-18,2.2543790340423584,6.467146396636963
2018-10-19,2.4512627124786377,6.5225067138671875
2018-10-22,2.368795394897461,6.67600679397583
2018-10-23,2.295513153076172,6.592965126037598
2018-10-24,2.3941545486450195,6.462111949920654
2018-10-25,2.3965506553649902,6.623162746429443
2018-10-26,2.316279649734497,6.945261478424072
2018-10-29,2.2903213500976562,6.648327350616455
2018-10-30,2.3302574157714844,7.04591703414917
2018-10-31,2.37618350982666,6.950292587280273
2018-11-01,2.392157793045044,6.874802112579346
2018-11-05,2.356215476989746,7.086181163787842
2018-11-06,2.3801770210266113,6.842090606689453
2018-11-07,2.432093620300293,6.618129253387451
2018-11-08,2.346231460571289,6.3790717124938965
2018-11-09,2.2843310832977295,6.40675163269043
2018-11-12,2.326263427734375,6.3740386962890625
2018-11-13,2.1150031089782715,6.099750518798828
2018-11-14,1.99239981174469,6.316162586212158
2018-11-16,2.120194673538208,6.492308139801025
2018-11-19,2.0267446041107178,6.542637825012207
2018-11-21,2.051105499267578,6.333776950836182
2018-11-22,2.046712636947632,6.353987693786621
2018-11-23,1.8969531059265137,6.156925678253174
2018-11-26,1.8588143587112427,6.126609802246094
2018-11-27,1.9402835369110107,6.449993133544922
2018-11-28,1.9366893768310547,6.412095069885254
2018-11-29,1.9864094257354736,6.359040260314941
2018-11-30,1.9328954219818115,6.432307720184326
2018-12-03,2.0267446041107178,6.553576469421387
2018-12-04,2.0694758892059326,6.401989936828613
2018-12-05,2.076664447784424,6.457571506500244
2018-12-06,1.9187182188034058,6.2125067710876465
2018-12-07,1.9538617134094238,6.257984161376953
2018-12-10,1.9039418697357178,5.921967506408691
2018-12-11,1.8769851922988892,5.884069442749023
2018-12-12,1.9786219596862793,5.886595726013184
2018-12-13,2.020754337310791,5.901755332946777
2018-12-14,2.053701400756836,5.823434829711914
2018-12-17,2.1559371948242188,5.777960300445557
2018-12-18,2.018158435821533,5.55816125869751
2018-12-19,2.036928415298462,5.621320724487305
2018-12-20,1.9766252040863037,5.4293107986450195
2018-12-21,1.9754271507263184,5.444471836090088
2018-12-26,1.9822161197662354,5.66570520401001
2018-12-27,1.988006830215454,5.663091659545898
2018-12-28,1.9808183908462524,5.927038192749023
2019-01-02,2.067878484725952,6.287680625915527
2019-01-03,2.0724711418151855,6.441866874694824
2019-01-04,2.089843273162842,6.460158348083496
2019-01-07,2.088046073913574,6.562079906463623
2019-01-08,2.1379661560058594,6.522878170013428
2019-01-09,2.163525104522705,6.65877103805542
2019-01-10,2.1757054328918457,6.6012797355651855
2019-01-11,2.2022628784179688,6.530717372894287
2019-01-14,2.186288356781006,6.494131565093994
2019-01-15,2.19647216796875,6.4889044761657715
2019-01-16,2.192478656768799,6.486292839050293
2019-01-17,2.197071075439453,6.575146675109863
2019-01-18,2.232414484024048,6.6378655433654785
2019-01-21,2.3304567337036133,6.671840190887451
2019-01-22,2.2841312885284424,6.567305088043213
2019-01-23,2.2741475105285645,6.645704746246338
2019-01-24,2.2316155433654785,6.674452304840088
2019-01-28,2.1425585746765137,6.473226547241211
2019-01-29,2.170314073562622,6.630026340484619
2019-01-30,2.356215476989746,6.695356845855713
2019-01-31,2.296311616897583,6.6849045753479
2019-02-01,2.236407995223999,6.742398262023926
2019-02-04,2.2090518474578857,6.802505970001221
2019-02-05,2.1808972358703613,6.815573692321777
2019-02-06,2.315880298614502,6.661386489868164
2019-02-07,2.260369300842285,6.5568528175354
2019-02-08,2.2374062538146973,6.567305088043213
2019-02-11,2.316279649734497,6.491519927978516
2019-02-12,2.3140830993652344,6.721491813659668
2019-02-13,2.5199525356292725,6.807732582092285
2019-02-14,2.694871425628662,7.042932510375977
2019-02-15,2.6956703662872314,7.014186859130859
2019-02-18,2.6936733722686768,6.993278980255127
2019-02-19,2.708250045776367,7.155307292938232
2019-02-20,2.7555739879608154,7.0664520263671875
2019-02-21,2.7685532569885254,7.160532474517822
2019-02-22,2.847626209259033,7.0899739265441895
2019-02-25,2.853416919708252,6.977599620819092
2019-02-26,2.8314521312713623,6.946238994598389
2019-02-27,3.0439109802246094,7.076905250549316
2019-02-28,3.0147576332092285,7.071678161621094
2019-03-01,3.354611873626709,6.977599620819092
2019-03-06,3.4005379676818848,6.993278980255127
2019-03-07,3.6181886196136475,6.99589204788208
2019-03-08,3.49438738822937,6.969759941101074
2019-03-11,3.636159658432007,7.251998424530029
2019-03-12,3.514355182647705,7.1866655349731445
2019-03-13,3.564275026321411,7.3434672355651855
2019-03-14,3.706047296524048,7.3669843673706055
2019-03-15,3.9995760917663574,7.38266658782959
2019-03-18,4.0534892082214355,7.510718822479248
2019-03-19,3.8937461376190186,7.630932331085205
2019-03-20,4.04749870300293,7.570825099945068
2019-03-21,4.093425273895264,7.463678359985352
2019-03-22,3.9536497592926025,7.056000709533691
2019-03-25,3.8538100719451904,7.1448540687561035
2019-03-26,3.9177074432373047,7.481973648071289
2019-03-27,3.8438260555267334,7.1448540687561035
2019-03-28,3.791909694671631,7.33301305770874
2019-03-29,3.7739384174346924,7.33301305770874
2019-04-01,3.869784355163574,7.3173322677612305
2019-04-02,3.8737781047821045,7.393120288848877
2019-04-03,3.7939062118530273,7.197118759155273
2019-04-04,3.781925678253174,7.440158367156982
2019-04-05,3.771941661834717,7.521172523498535
2019-04-08,3.7439866065979004,7.6439995765686035
2019-04-09,3.596223831176758,7.620481491088867
2019-04-10,3.7779319286346436,7.521172523498535
2019-04-11,3.620185375213623,7.3173322677612305
2019-04-12,3.6341629028320312,6.750238418579102
2019-04-15,3.60421085357666,6.776372909545898
2019-04-16,3.5762557983398438,6.9828267097473145
2019-04-17,3.614194869995117,6.990665912628174
2019-04-18,3.584243059158325,7.212798595428467
2019-04-22,3.855806827545166,7.170984268188477
2019-04-23,3.955646514892578,7.233706951141357
2019-04-24,3.8637938499450684,7.212798595428467
2019-04-25,3.791909694671631,7.265066623687744
2019-04-26,3.7340025901794434,7.126330852508545
2019-04-29,3.6541309356689453,7.157712459564209
2019-04-30,3.6840827465057373,7.089715480804443
2019-05-02,3.524339199066162,6.990340709686279
2019-05-03,3.510361671447754,7.021722793579102
2019-05-06,3.484403371810913,7.0008015632629395
2019-05-07,3.454451560974121,6.890965938568115
2019-05-08,3.554291009902954,7.157712459564209
2019-05-09,3.480409860610962,7.01649284362793
2019-05-10,3.4983808994293213,6.977264881134033
2019-05-13,3.3126792907714844,6.773281097412109
2019-05-14,3.404531717300415,6.799434661865234
2019-05-15,3.4165124893188477,6.768051624298096
2019-05-16,3.7539703845977783,6.608526229858398
2019-05-17,3.7320055961608887,6.4542317390441895
2019-05-20,3.759960889816284,6.673905372619629
2019-05-21,3.7220215797424316,6.927577018737793
2019-05-22,3.6681084632873535,6.901327610015869
2019-05-23,3.500377893447876,6.783198356628418
2019-05-24,3.4684290885925293,6.848824977874756
2019-05-27,3.590233325958252,6.8882012367248535
2019-05-28,3.690073251724243,7.035205364227295
2019-05-29,3.594226837158203,6.956453323364258
2019-05-30,3.5423104763031006,6.864574432373047
2019-05-31,3.4684290885925293,6.707070827484131
2019-06-03,3.49438738822937,6.822575092315674
2019-06-04,3.470425844192505,6.877700328826904
2019-06-05,3.38456392288208,6.788447380065918
2019-06-06,3.3725831508636475,6.898700714111328
2019-06-07,3.354611873626709,7.024704456329346
2019-06-10,3.340634346008301,6.995829105377197
2019-06-11,3.254772186279297,7.129709243774414
2019-06-12,3.138958215713501,7.048329830169678
2019-06-13,3.224820375442505,7.134958744049072
2019-06-14,3.198862075805664,7.103458404541016
2019-06-17,3.218829870223999,7.116582870483398
2019-06-18,3.20485258102417,7.205836772918701
2019-06-19,3.1768972873687744,7.2242112159729
2019-06-21,3.2607626914978027,7.423717021942139
2019-06-24,3.1968650817871094,7.415839672088623
2019-06-25,3.1309709548950195,7.221586227416992
2019-06-26,3.13496470451355,7.26358699798584
2019-06-27,3.0850448608398438,7.14808464050293
2019-06-28,3.148942232131958,7.195335865020752
2019-07-01,3.1768972873687744,7.15595817565918
2019-07-02,3.128974437713623,7.040453910827637
2019-07-03,3.2128396034240723,7.134958744049072
2019-07-04,3.20485258102417,7.190082550048828
2019-07-05,3.274740219116211,7.192708969116211
2019-07-08,3.594226837158203,7.258338451385498
2019-07-10,3.6281726360321045,7.368590831756592
2019-07-11,3.650137186050415,7.455216884613037
2019-07-12,3.7479801177978516,7.489345550537109
2019-07-15,3.845822811126709,7.397465705871582
2019-07-16,3.6541309356689453,7.3055877685546875
2019-07-17,3.640153169631958,7.266211986541748
2019-07-18,3.6281726360321045,7.221586227416992
2019-07-19,3.574259042739868,7.20320987701416
2019-07-22,3.5782527923583984,7.216335773468018
2019-07-23,3.574259042739868,7.2242112159729
2019-07-24,3.6481404304504395,7.179586410522461
2019-07-25,3.554291009902954,7.058831691741943
2019-07-26,3.5463039875030518,6.86195182800293
2019-07-29,3.526336193084717,6.924951076507568
2019-07-30,3.5622785091400146,6.8882012367248535
2019-07-31,3.514355182647705,6.846198081970215
2019-08-01,3.424499750137329,6.890826225280762
2019-08-02,3.554291009902954,6.961703300476074
2019-08-05,3.5183489322662354,6.707070827484131
2019-08-06,3.514355182647705,6.793696403503418
2019-08-07,3.480409860610962,6.720196723937988
2019-08-08,3.490393877029419,6.917077541351318
2019-08-09,3.5163521766662598,6.898700714111328
2019-08-12,3.4724225997924805,6.733320236206055
2019-08-13,3.504371404647827,6.823276042938232
2019-08-14,3.420506238937378,6.593099117279053
2019-08-15,3.334643840789795,6.410545349121094
2019-08-16,3.2108428478240967,6.3258819580078125
2019-08-19,3.234804391860962,6.357632160186768
2019-08-20,3.1309709548950195,6.354987621307373
2019-08-21,3.2208268642425537,6.733321189880371
2019-08-22,3.214836359024048,6.6724700927734375
2019-08-23,3.0251410007476807,6.423773765563965
2019-08-26,2.9093270301818848,6.339110374450684
2019-08-27,2.883368730545044,6.439648151397705
2019-08-28,3.0950286388397217,6.505792140960693
2019-08-29,3.214836359024048,6.7465500831604
2019-08-30,3.374579906463623,6.7465500831604
2019-09-02,3.324659824371338,6.6936354637146
2019-09-03,3.364595651626587,6.773006916046143
2019-09-04,3.378573417663574,6.9476237297058105
2019-09-05,3.364595651626587,6.982019424438477
2019-09-06,3.3985414505004883,7.016412258148193
2019-09-09,3.4005379676818848,7.124884128570557
2019-09-10,3.38057017326355,7.169863224029541
2019-09-11,3.424499750137329,7.109012126922607
2019-09-12,3.4185092449188232,7.159278392791748
2019-09-13,3.4005379676818848,7.1116557121276855
2019-09-16,3.4923903942108154,7.423850059509277
2019-09-17,3.4125189781188965,7.325960636138916
2019-09-18,3.514355182647705,7.201610565185547
2019-09-19,3.6181886196136475,7.220130920410156
2019-09-20,3.640153169631958,7.143405437469482
2019-09-23,3.6441469192504883,7.270399570465088
2019-09-24,3.6161916255950928,7.214839458465576
2019-09-25,3.614194869995117,7.233360290527344
2019-09-26,3.496384382247925,7.328606605529785
2019-09-27,3.394547939300537,7.31802225112915
2019-09-30,3.4784131050109863,7.2889180183410645
2019-10-01,3.404531717300415,7.278337001800537
2019-10-02,3.374579906463623,7.069325923919678
2019-10-03,3.3765766620635986,7.0746169090271
2019-10-04,3.414515733718872,7.013768196105957
2019-10-07,3.3266568183898926,6.923811435699463
2019-10-08,3.194868564605713,6.884126663208008
2019-10-09,3.228813886642456,7.016412258148193
2019-10-10,3.2328073978424072,7.0746169090271
2019-10-11,3.394547939300537,7.212193965911865
2019-10-14,3.3925509452819824,7.225421905517578
2019-10-15,3.3825669288635254,7.302147388458252
2019-10-16,3.394547939300537,7.3894548416137695
2019-10-17,3.4464643001556396,7.31802225112915
2019-10-18,3.4185092449188232,7.302147388458252
2019-10-21,3.410521984100342,7.347126483917236
2019-10-22,3.514355182647705,7.558780670166016
2019-10-23,3.500377893447876,7.659318447113037
2019-10-24,3.554291009902954,7.492640018463135
2019-10-25,3.5782527923583984,7.738691329956055
2019-10-28,3.62617564201355,7.831289291381836
2019-10-29,3.670105218887329,7.889492511749268
2019-10-30,3.6940667629241943,7.95828104019165
2019-10-31,3.6940667629241943,8.040300369262695
2019-11-01,3.7579638957977295,8.050884246826172
2019-11-04,3.865790843963623,8.03236198425293
2019-11-05,3.799896717071533,7.844518661499023
2019-11-06,3.825855016708374,7.860390663146973
2019-11-07,3.9396722316741943,8.175230979919434
2019-11-08,3.9536497592926025,7.942410469055176
2019-11-11,3.901733160018921,8.05617618560791
2019-11-12,3.865790843963623,7.9951653480529785
2019-11-13,3.8498165607452393,7.9632062911987305
2019-11-14,3.885758638381958,7.803410053253174
2019-11-18,3.871781349182129,7.744817733764648
2019-11-19,3.841829299926758,7.664918899536133
2019-11-21,3.9436657428741455,7.949889659881592
2019-11-22,4.117386817932129,7.984511375427246
2019-11-25,4.07345724105835,7.917930603027344
2019-11-26,4.2551655769348145,7.774112224578857
2019-11-27,4.223217010498047,7.811399936676025
2019-11-28,4.3929443359375,7.8646650314331055
2019-11-29,4.644539833068848,7.763460159301758
2019-12-02,4.608597755432129,7.742152690887451
2019-12-03,4.688469409942627,7.718183994293213
2019-12-04,5.089824676513672,7.899285316467285
2019-12-05,4.981997966766357,8.003155708312988
2019-12-06,5.3074750900268555,8.083054542541504
2019-12-09,5.3534016609191895,8.04576587677002
2019-12-10,5.389343738555908,8.107023239135742
2019-12-11,5.471212387084961,8.096368789672852
2019-12-12,5.591019630432129,8.248177528381348
2019-12-13,5.856593608856201,7.984511375427246
2019-12-16,5.876561164855957,7.832703590393066
2019-12-17,5.970410346984863,7.949889659881592
2019-12-18,5.9145002365112305,8.13365650177002
2019-12-19,5.990378379821777,8.152300834655762
2019-12-20,6.172086715698242,8.059083938598633
2019-12-23,6.649319648742676,8.123002052307129
2019-12-26,6.8569865226745605,8.232196807861328
2019-12-27,6.76912784576416,8.240822792053223
2019-12-30,6.6013970375061035,8.149017333984375
2020-01-02,7.144524574279785,8.289426803588867
2020-01-03,7.557860851287842,8.221922874450684
2020-01-06,7.705623149871826,8.31912612915039
2020-01-07,7.715607643127441,8.286725044250488
2020-01-08,7.557860851287842,8.235421180725098
2020-01-09,7.2683258056640625,8.208418846130371
2020-01-10,7.43206262588501,8.173319816589355
2020-01-13,7.75154972076416,8.189519882202148
2020-01-14,8.208815574645996,8.100414276123047
2020-01-15,8.24675464630127,7.978909969329834
2020-01-16,8.262728691101074,7.970808506011963
2020-01-17,8.188846588134766,8.05991268157959
2020-01-20,8.598190307617188,8.100414276123047
2020-01-21,8.929657936096191,7.997809410095215
2020-01-22,9.22518253326416,7.908703804016113
2020-01-23,9.29107666015625,8.005911827087402
2020-01-24,9.085407257080078,7.91140604019165
2020-01-27,8.941637992858887,7.568487167358398
2020-01-28,9.50473403930664,7.776398181915283
2020-01-29,9.137324333190918,7.789900302886963
2020-01-30,9.444829940795898,7.814200401306152
2020-01-31,9.57062816619873,7.681893348693848
2020-02-03,9.578615188598633,7.6089887619018555
2020-02-04,9.744349479675293,7.730495929718018
2020-02-05,9.584606170654297,7.665692329406738
2020-02-06,9.562641143798828,7.879006385803223
2020-02-07,9.646505355834961,7.811500549316406
2020-02-10,8.7160005569458,7.865504264831543
2020-02-11,9.083410263061523,7.9600090980529785
2020-02-12,9.015519142150879,8.135516166687012
2020-02-13,8.955615997314453,8.024809837341309
2020-02-14,9.085407257080078,7.943807125091553
2020-02-17,8.985567092895508,7.927608013153076
2020-02-18,9.374942779541016,8.032913208007812
2020-02-19,9.394909858703613,8.248923301696777
2020-02-20,9.580611228942871,8.078814506530762
2020-02-21,9.576618194580078,7.868201732635498
2020-02-26,8.166882514953613,7.077060699462891
2020-02-27,7.947235584259033,6.831348419189453
2020-02-28,7.867363929748535,6.84214973449707
2020-03-02,8.446434020996094,7.163466930389404
2020-03-03,8.342599868774414,7.033860683441162
2020-03-04,8.252744674682617,7.260672092437744
2020-03-05,7.897315502166748,6.828649044036865
2020-03-06,7.076633453369141,6.164414405822754
2020-03-09,4.490787029266357,4.33372163772583
2020-03-10,5.097812175750732,4.7414422035217285
2020-03-11,4.654524326324463,4.279718399047852
2020-03-12,3.132967948913574,3.4021739959716797
2020-03-13,3.7280120849609375,4.1582136154174805
2020-03-16,3.0950286388397217,3.5344810485839844
2020-03-17,2.93328857421875,3.5101799964904785
2020-03-18,2.066680431365967,3.0484561920166016
2020-03-19,2.362205743789673,3.2968690395355225
2020-03-20,2.4760231971740723,3.240166187286377
2020-03-23,2.37218976020813,3.105159282684326
2020-03-24,2.6098082065582275,3.577683925628662
2020-03-25,3.4524545669555664,3.866598606109619
2020-03-26,3.779928684234619,3.8854990005493164
2020-03-27,3.614194869995117,3.591184377670288
2020-03-30,3.394547939300537,3.612785577774048
2020-03-31,3.334643840789795,3.777493476867676
2020-04-01,3.2907145023345947,3.8611974716186523
2020-04-02,3.8937461376190186,4.1879143714904785
2020-04-03,4.1593194007873535,4.142011642456055
2020-04-06,5.135751247406006,4.258117198944092
2020-04-07,5.491180419921875,4.428227424621582
2020-04-08,5.589023113250732,4.676638603210449
2020-04-09,4.9320783615112305,4.541632175445557
2020-04-13,4.684475898742676,4.571334362030029
2020-04-14,4.730401992797852,4.517331123352051
2020-04-15,4.692462921142578,4.422826766967773
2020-04-16,4.492783546447754,4.244617938995361
2020-04-17,4.3949408531188965,4.355323791503906
2020-04-20,4.1133928298950195,4.30672025680542
2020-04-22,3.955646514892578,4.522731304168701
2020-04-23,3.9836015701293945,4.5767340660095215
2020-04-24,3.7040507793426514,4.30672025680542
2020-04-27,3.7439866065979004,4.441727161407471
2020-04-28,4.351011276245117,4.657738208770752
2020-04-29,4.295101165771484,4.914251804351807
2020-04-30,4.083441257476807,4.873749256134033
2020-05-04,3.9396722316741943,4.6928391456604
2020-05-05,4.2292070388793945,4.844048976898193
2020-05-06,4.151332378387451,4.665839195251465
2020-05-07,4.1493353843688965,4.709042072296143
2020-05-08,4.037515163421631,4.989855766296387
2020-05-11,4.213232517242432,4.900749683380127
2020-05-12,4.153328895568848,4.8980512619018555
2020-05-13,4.045502185821533,4.749542713165283
2020-05-14,4.197258472442627,4.698240280151367
2020-05-15,4.157322406768799,4.630736827850342
2020-05-18,4.9919819831848145,5.006056785583496
2020-05-19,5.391340732574463,5.043858051300049
2020-05-20,5.24357795715332,5.211267471313477
2020-05-21,5.491180419921875,5.181565761566162
2020-05-22,5.371372699737549,5.041158199310303
2020-05-25,5.786705493927002,5.2598700523376465
2020-05-26,5.750763416290283,5.3111724853515625
2020-05-27,5.940458297729492,5.381375312805176
2020-05-28,5.836625576019287,5.338172912597656
2020-05-29,6.18606424331665,5.492080211639404
2020-06-01,6.247964382171631,5.489381313323975
2020-06-02,6.707226753234863,5.778295040130615
2020-06-03,6.4855828285217285,5.797196388244629
2020-06-04,6.773120880126953,5.78639554977417
2020-06-05,7.442046642303467,5.967306137084961
2020-06-08,7.460018157958984,6.0834126472473145
2020-06-09,7.02871036529541,5.864699840545654
2020-06-10,6.573441982269287,5.778295040130615
2020-06-12,6.158109188079834,5.56228494644165
2020-06-15,6.689255714416504,5.5892863273620605
2020-06-16,6.615374565124512,5.770195007324219
2020-06-17,6.655310153961182,5.789097309112549
2020-06-18,7.0227203369140625,5.8322978019714355
2020-06-19,7.0127363204956055,5.797196388244629
2020-06-22,6.908903121948242,5.656791687011719
2020-06-23,7.12056303024292,5.845799922943115
2020-06-24,6.705230236053467,5.670290470123291
2020-06-25,7.076633453369141,5.797196388244629
2020-06-26,6.878951072692871,5.627087593078613
2020-06-29,6.978790760040283,5.848499774932861
2020-06-30,7.066649913787842,5.818799018859863
2020-07-01,6.888935089111328,5.861998558044434
2020-07-02,7.072640419006348,5.956504821777344
2020-07-03,6.954829216003418,5.934903144836426
2020-07-06,7.420082092285156,6.078010559082031
2020-07-07,7.418085098266602,6.002407550811768
2020-07-08,7.3182454109191895,6.1158127784729
2020-07-09,7.316248893737793,5.978105068206787
2020-07-10,7.21241569519043,6.078010559082031
2020-07-13,7.715607643127441,5.983504772186279
2020-07-14,7.961212635040283,6.183316707611084
2020-07-15,8.013129234313965,6.302123069763184
2020-07-16,7.921277046203613,6.134713649749756
2020-07-17,7.8194403648376465,6.140113830566406
2020-07-20,8.011133193969727,6.140113830566406
2020-07-21,8.216801643371582,6.310224533081055
2020-07-22,8.110971450805664,6.223818778991699
2020-07-23,7.887331485748291,6.094334125518799
2020-07-24,7.68565559387207,6.13753604888916
2020-07-27,8.01512622833252,6.264445781707764
2020-07-28,7.861373424530029,6.15643835067749
2020-07-29,7.861373424530029,6.256345748901367
2020-07-30,7.919280529022217,6.161839008331299
2020-07-31,7.905303001403809,5.994426250457764
2020-08-03,7.889328479766846,5.886417865753174
2020-08-04,7.645719528198242,5.8810200691223145
2020-08-05,8.684051513671875,6.25904655456543
2020-08-06,8.42247200012207,6.2698445320129395
2020-08-07,8.763923645019531,6.153738975524902
2020-08-10,9.067436218261719,6.33195161819458
2020-08-11,8.745952606201172,6.232044696807861
2020-08-12,8.86575984954834,6.340053558349609
2020-08-13,8.702022552490234,6.167237758636475
2020-08-14,8.604180335998535,6.121336460113525
2020-08-17,8.400506973266602,6.102434158325195
2020-08-18,8.795872688293457,6.21584415435791
2020-08-19,9.327018737792969,6.1807403564453125
2020-08-20,9.16328239440918,6.13753604888916
2020-08-21,8.939641952514648,6.0916337966918945
2020-08-24,8.841798782348633,6.202341556549072
2020-08-25,8.845791816711426,6.17534065246582
2020-08-26,8.75194263458252,5.999826431274414
2020-08-27,8.600187301635742,5.980926036834717
2020-08-28,8.584211349487305,6.086234092712402
2020-08-31,8.364564895629883,5.910719871520996
2020-09-01,8.785888671875,6.17534065246582
2020-09-02,8.662086486816406,6.15643835067749
2020-09-03,8.660090446472168,6.178040504455566
2020-09-04,8.795872688293457,6.188840389251709
2020-09-08,8.26073169708252,6.010626792907715
2020-09-09,8.248750686645508,6.13753604888916
2020-09-10,7.905303001403809,5.972824573516846
2020-09-11,7.909296035766602,5.908020973205566
2020-09-14,7.787492275238037,5.85401725769043
2020-09-15,7.785494804382324,5.851316452026367
2020-09-16,7.741565704345703,5.867516994476318
2020-09-17,7.8194403648376465,5.980926036834717
2020-09-18,7.609777450561523,5.845917224884033
2020-09-21,7.410098075866699,5.643400192260742
2020-09-22,7.288293838500977,5.61639928817749
2020-09-23,6.958822727203369,5.462488651275635
2020-09-24,7.288293838500977,5.508392333984375
2020-09-25,7.088614463806152,5.435486316680908
2020-09-28,6.94883918762207,5.300478458404541
2020-09-29,6.8569865226745605,5.214071273803711
2020-09-30,6.96681022644043,5.2950758934021
2020-10-01,7.094604969024658,5.359882831573486
2020-10-02,6.843008995056152,5.135766983032227
2020-10-05,7.294284343719482,5.40848445892334
2020-10-06,7.134540557861328,5.38148307800293
2020-10-07,7.284300327301025,5.343680381774902
2020-10-08,7.228389739990234,5.519192218780518
2020-10-09,7.1025919914245605,5.346380710601807
2020-10-13,7.094604969024658,5.435486316680908
2020-10-14,7.66369104385376,5.392283916473389
2020-10-15,7.23438024520874,5.332880020141602
2020-10-16,7.078630447387695,5.219472885131836
2020-10-19,7.160499095916748,5.270774841308594
2020-10-20,7.158502101898193,5.4489874839782715
2020-10-21,7.170483112335205,5.4435882568359375
2020-10-22,7.523914813995361,5.627201557159424
2020-10-23,7.248358249664307,5.554296493530273
2020-10-26,7.088614463806152,5.467889308929443
2020-10-27,6.928871154785156,5.367982387542725
2020-10-28,6.417692184448242,5.041258811950684
2020-10-29,6.589416027069092,5.2086710929870605
2020-10-30,6.253954887390137,5.114163875579834
2020-11-03,6.47559928894043,5.305877685546875
2020-11-04,6.429672718048096,5.324779033660889
2020-11-05,6.459624290466309,5.370682239532471
2020-11-06,6.789095878601074,5.332880020141602
2020-11-09,7.036697864532471,5.835115909576416
2020-11-10,6.894925594329834,6.232044696807861
2020-11-11,6.665294647216797,6.178040504455566
2020-11-12,6.401717662811279,5.9161200523376465
2020-11-13,6.789095878601074,6.110534191131592
2020-11-16,6.918886661529541,6.288748264312744
2020-11-17,7.042687892913818,6.396754264831543
2020-11-18,7.068646430969238,6.358952522277832
2020-11-19,9.185246467590332,6.431857585906982
2020-11-23,9.287083625793457,6.777482986450195
2020-11-24,9.045472145080566,7.079903602600098
2020-11-25,9.584606170654297,7.088006019592285
2020-11-26,10.07981014251709,6.971895694732666
2020-11-27,10.333402633666992,6.885490894317627
2020-11-30,10.01791000366211,6.7234787940979
2020-12-01,10.672857284545898,6.9124932289123535
2020-12-02,10.1616792678833,6.996196746826172
2020-12-03,10.303450584411621,7.193312644958496
2020-12-04,11.138110160827637,7.433628082275391
2020-12-07,11.086194038391113,7.290519714355469
2020-12-08,10.782681465148926,7.198714256286621
2020-12-09,10.872536659240723,7.274317264556885
2020-12-10,11.533474922180176,7.511935234069824
2020-12-11,11.122136116027832,7.444430351257324
2020-12-14,11.082200050354004,7.457930088043213
2020-12-15,11.090187072753906,7.5200347900390625
2020-12-16,11.211991310119629,7.611843109130859
2020-12-17,11.631318092346191,7.6253437995910645
2020-12-18,11.331799507141113,7.587540626525879
2020-12-21,11.301846504211426,7.295919418334961
2020-12-22,11.91685962677002,7.366123676300049
2020-12-23,13.204790115356445,7.547037601470947
2020-12-28,13.286659240722656,7.609141826629639
2020-12-29,13.542248725891113,7.633444786071777
2020-12-30,14.015488624572754,7.652345180511475
2021-01-04,14.936010360717773,7.806255340576172
2021-01-05,14.734333992004395,8.111377716064453
2021-01-06,14.566603660583496,8.127578735351562
2021-01-07,14.782257080078125,8.370595932006836
2021-01-08,14.866122245788574,8.402998924255371
2021-01-11,15.545031547546387,8.332793235778809
2021-01-12,15.27546501159668,8.270689010620117
2021-01-13,15.870509147644043,7.871059417724609
2021-01-14,15.574984550476074,7.952067852020264
2021-01-15,14.83217716217041,7.592942237854004
2021-01-18,14.544638633728027,7.579440116882324
2021-01-19,14.676426887512207,7.746851921081543
2021-01-20,14.139289855957031,7.617242336273193
2021-01-21,14.83217716217041,7.439030647277832
2021-01-22,14.376907348632812,7.314822196960449
2021-01-26,14.097356796264648,7.290519714355469
2021-01-27,13.658062934875488,7.398526668548584
2021-01-28,14.332978248596191,7.495732307434082
2021-01-29,14.07539176940918,7.206812858581543
2021-02-01,14.67043685913086,7.433628082275391
2021-02-02,15.541038513183594,7.7387518882751465
2021-02-03,15.351343154907227,7.814355850219727
2021-02-04,15.151663780212402,7.781953811645508
2021-02-05,15.674822807312012,7.787353515625
2021-02-08,16.191993713378906,7.590240955352783
2021-02-09,15.523067474365234,7.436328887939453
2021-02-10,15.860525131225586,7.506533145904541
2021-02-11,15.441198348999023,7.582139015197754
2021-02-12,15.892474174499512,7.679347515106201
2021-02-17,17.394062042236328,7.989870071411133
2021-02-18,17.653644561767578,7.903462886810303
2021-02-19,17.74949073791504,7.37962532043457
2021-02-22,18.408432006835938,5.851316452026367
2021-02-23,17.72153663635254,6.496662139892578
2021-02-24,17.443981170654297,6.588470458984375
2021-02-25,16.755088806152344,6.26174783706665
2021-02-26,16.6951847076416,6.005228042602539
2021-03-01,17.61770248413086,5.940423011779785
2021-03-02,17.106525421142578,5.937722682952881
2021-03-03,17.89525604248047,5.721706867218018
2021-03-04,18.56817626953125,5.999826431274414
2021-03-05,19.979907989501953,6.045730113983154
2021-03-08,18.969532012939453,5.69740629196167
2021-03-09,19.714336395263672,5.829714775085449
2021-03-10,18.84972381591797,6.032229900360107
2021-03-11,18.540220260620117,6.288748264312744
2021-03-12,18.672008514404297,6.256345748901367
2021-03-15,18.130878448486328,6.385955333709717
2021-03-16,18.170814514160156,6.286048889160156
2021-03-17,19.26905059814453,6.502063751220703
2021-03-18,17.611711502075195,6.275247573852539
2021-03-19,18.755874633789062,6.480462074279785
2021-03-22,18.08095932006836,6.350851058959961
2021-03-23,17.378087997436523,6.15643835067749
2021-03-24,17.573772430419922,6.161839008331299
2021-03-25,17.85332489013672,6.264445781707764
2021-03-26,18.47233009338379,6.334650993347168
2021-03-29,18.84972381591797,6.434558391571045
2021-03-30,18.424407958984375,6.434558391571045
2021-03-31,18.426403045654297,6.507464408874512
2021-04-01,18.166820526123047,6.45075798034668
2021-04-05,18.09493637084961,6.4912614822387695
2021-04-06,18.66801643371582,6.485864162445068
2021-04-07,18.889659881591797,6.480462074279785
2021-04-08,18.919612884521484,6.399456977844238
2021-04-09,18.86769676208496,6.385955333709717
2021-04-12,19.350919723510742,6.45075798034668
2021-04-13,20.067768096923828,6.472361087799072
2021-04-14,20.327350616455078,6.574968338012695
2021-04-15,19.488698959350586,6.444578647613525
2021-04-16,19.596525192260742,6.40550422668457
2021-04-19,19.169212341308594,6.776719093322754
2021-04-20,18.562185287475586,6.648326396942139
2021-04-22,18.164823532104492,6.617625713348389
2021-04-23,18.34054183959961,6.612041473388672
2021-04-26,18.031038284301758,6.637164115905762
2021-04-27,17.987110137939453,6.4473724365234375
2021-04-28,18.424407958984375,6.681821346282959
2021-04-29,18.49030113220215,6.592505931854248
2021-04-30,18.28662872314453,6.592505931854248
2021-05-03,18.342538833618164,6.53947639465332
2021-05-04,19.021448135375977,6.388757228851318
2021-05-05,19.36888885498047,6.65111780166626
2021-05-06,19.169212341308594,6.559012413024902
2021-05-07,19.1791934967041,6.804627418518066
2021-05-10,18.45036506652832,6.893942832946777
2021-05-11,18.1408634185791,7.019540786743164
2021-05-12,17.78143882751465,6.916269779205322
2021-05-13,17.302209854125977,6.974880695343018
2021-05-14,18.290620803833008,7.340510368347168
2021-05-17,18.779834747314453,7.4409918785095215
2021-05-18,18.60012435913086,7.354468822479248
2021-05-19,18.2307186126709,7.298646450042725
2021-05-20,17.701568603515625,7.23724365234375
2021-05-21,17.991104125976562,7.242825031280518
2021-05-24,19.169212341308594,7.3656325340271
2021-05-25,18.7998046875,7.212124347686768
2021-05-26,18.819772720336914,7.281900882720947
2021-05-27,19.299001693725586,7.231658935546875
2021-05-28,19.62847328186035,7.533094882965088
2021-05-31,19.698360443115234,7.499602317810059
2021-06-01,19.62847328186035,7.616829872131348
2021-06-02,20.247480392456055,7.778711318969727
2021-06-04,20.467126846313477,7.954546928405762
2021-06-07,19.66840934753418,7.895936012268066
2021-06-08,19.289018630981445,7.999204635620117
2021-06-09,18.969532012939453,7.999204635620117
2021-06-10,19.488698959350586,8.004786491394043
2021-06-11,19.65842628479004,7.97408390045166
2021-06-14,19.348920822143555,8.024323463439941
2021-06-15,20.047800064086914,8.102474212646484
2021-06-16,20.017847061157227,8.133177757263184
2021-06-17,19.10930633544922,7.851277828216553
2021-06-18,18.969532012939453,7.904307842254639
2021-06-21,19.388858795166016,8.080144882202148
2021-06-22,19.299001693725586,8.1220121383667
2021-06-23,19.4587459564209,8.177834510803223
2021-06-24,19.41880989074707,8.275521278381348
2021-06-25,19.049402236938477,8.1220121383667
2021-06-28,18.739900588989258,8.10805606842041
2021-06-29,18.94956398010254,8.144341468811035
2021-06-30,19.4587459564209,8.214116096496582
2021-07-01,20.507062911987305,8.110846519470215
2021-07-02,21.225908279418945,8.144341468811035
2021-07-05,21.455537796020508,8.05223560333252
2021-07-06,20.207542419433594,7.722890377044678
2021-07-07,19.808185577392578,7.828947067260742
2021-07-08,19.548601150512695,7.672649383544922
2021-07-12,19.40882682800293,7.739635944366455
2021-07-13,19.538618087768555,7.787082195281982
2021-07-14,19.3189697265625,7.722890377044678
2021-07-15,18.919612884521484,7.558216571807861
2021-07-16,18.819772720336914,7.446572780609131
2021-07-19,18.170814514160156,7.323767185211182
2021-07-20,18.769851684570312,7.421452045440674
2021-07-21,18.969532012939453,7.524720668792725
2021-07-22,19.029434204101562,7.5079755783081055
2021-07-23,18.919612884521484,7.46331787109375
2021-07-26,18.719932556152344,7.667067050933838
2021-07-27,17.92121696472168,7.577752113342285
2021-07-28,17.971134185791016,7.7340545654296875
2021-07-29,18.35052490234375,7.761963367462158
2021-07-30,17.82137680053711,7.510766506195068
2021-08-02,17.561792373657227,7.371214389801025
2021-08-03,17.871295928955078,7.494021892547607
2021-08-04,17.27225685119629,7.334929943084717
2021-08-05,17.242305755615234,7.912681579589844
2021-08-06,17.441984176635742,7.92384672164917
2021-08-09,17.551809310913086,7.868023872375488
2021-08-10,18.689979553222656,7.8931450843811035
2021-08-11,18.270652770996094,8.001995086669922
2021-08-12,17.72153663635254,8.1220121383667
2021-08-13,17.392065048217773,8.191787719726562
2021-08-16,16.74310874938965,7.993622303009033
2021-08-17,16.7231388092041,7.99359655380249
2021-08-18,17.252290725708008,7.92262077331543
2021-08-19,18.070974349975586,7.878260135650635
2021-08-20,18.001087188720703,7.866431713104248
2021-08-23,18.65004539489746,7.99063777923584
2021-08-24,19.049402236938477,8.156246185302734
2021-08-25,18.889659881591797,8.200607299804688
2021-08-26,18.031038284301758,8.129631996154785
2021-08-27,19.36888885498047,8.425362586975098
2021-08-30,19.26905059814453,8.369173049926758
2021-08-31,19.139259338378906,8.040911674499512
2021-09-01,18.60012435913086,7.996553421020508
2021-09-02,18.739900588989258,7.866431713104248
2021-09-03,18.120893478393555,7.786585330963135
2021-09-06,18.500286102294922,7.82503080368042
2021-09-08,18.2307186126709,7.384389877319336
2021-09-09,19.748281478881836,7.541128158569336
2021-09-10,19.069372177124023,7.493812084197998
2021-09-13,19.488698959350586,7.757011413574219
2021-09-14,19.598520278930664,7.653506278991699
2021-09-15,21.056180953979492,7.786585330963135
2021-09-16,20.85650062561035,7.718566417694092
2021-09-17,20.03781509399414,7.372561931610107
2021-09-20,18.89964485168457,7.289758205413818
2021-09-21,19.229114532470703,7.455365180969238
2021-09-22,20.666805267333984,7.644634246826172
2021-09-23,21.136051177978516,7.937408447265625
2021-09-24,21.954736709594727,7.9551496505737305
2021-09-27,23.072940826416016,8.026126861572266
2021-09-28,21.894832611083984,7.9728922843933105
2021-09-29,22.813358306884766,8.100058555603027
2021-09-30,24.979877471923828,8.052741050720215
2021-10-01,26.3077449798584,8.280454635620117
2021-10-04,26.01820945739746,8.514081001281738
2021-10-05,26.15798568725586,8.700389862060547
2021-10-06,26.207904815673828,8.469721794128418
2021-10-07,26.657184600830078,8.457891464233398
2021-10-08,26.97667121887207,8.611672401428223
2021-10-11,27.745437622070312,8.670817375183105
2021-10-13,26.906784057617188,8.762495994567871
2021-10-14,28.1048583984375,8.77728271484375
2021-10-15,27.69551658630371,8.753623008728027
2021-10-18,27.116445541381836,8.709264755249023
2021-10-19,26.72707176208496,8.28341293334961
2021-10-20,26.816926956176758,8.428319931030273
2021-10-21,26.24784278869629,8.117802619934082
2021-10-22,26.437536239624023,8.037957191467285
2021-10-25,27.37602996826172,8.58801555633545
2021-10-26,27.106462478637695,8.505209922790527
2021-10-27,25.309349060058594,8.484509468078613
2021-10-28,23.472299575805664,8.56435489654541
2021-10-29,23.432363510131836,8.029082298278809
2021-11-01,23.36247444152832,8.280454635620117
2021-11-03,23.76183319091797,7.940365314483643
2021-11-04,23.35249137878418,7.688994407653809
2021-11-05,27.525789260864258,7.644634246826172
2021-11-08,27.715484619140625,7.724481105804443
2021-11-09,26.457504272460938,7.878260135650635
2021-11-10,25.66876983642578,7.816158294677734
2021-11-11,25.628835678100586,7.8220720291137695
2021-11-12,24.32093620300293,7.9817657470703125
2021-11-16,23.472299575805664,8.064570426940918
2021-11-17,23.023019790649414,7.860517978668213
2021-11-18,22.004657745361328,7.848686218261719
2021-11-19,21.425586700439453,7.718566417694092
2021-11-22,21.49547576904297,7.7954559326171875
2021-11-23,22.63364601135254,8.221306800842285
2021-11-24,21.86488151550293,8.389874458312988
2021-11-25,22.044591903686523,8.759537696838379
2021-11-26,20.117687225341797,8.41944694519043
2021-11-29,20.806581497192383,8.715177536010742
2021-11-30,20.257463455200195,8.703349113464355
2021-12-01,20.277429580688477,8.753623008728027
2021-12-02,20.926387786865234,9.421529769897461
2021-12-03,21.175987243652344,9.554417610168457
2021-12-06,21.575345993041992,9.597601890563965
2021-12-07,21.894832611083984,9.753744125366211
2021-12-08,20.936370849609375,9.750421524047852
2021-12-09,20.706741333007812,9.730489730834961
2021-12-10,20.666805267333984,9.850086212158203
2021-12-13,20.357301712036133,9.79028606414795
2021-12-14,19.66840934753418,9.674010276794434
2021-12-15,19.868087768554688,9.733811378479004
2021-12-16,19.987895965576172,9.863373756408691
2021-12-17,20.267446517944336,9.63082218170166
2021-12-20,19.079355239868164,9.35508918762207
2021-12-21,19.598520278930664,9.368375778198242
2021-12-22,19.838136672973633,9.35508918762207
2021-12-23,19.66840934753418,9.411564826965332
2021-12-27,20.626869201660156,9.551093101501465
2021-12-28,20.017847061157227,9.56105899810791
2021-12-29,20.017847061157227,9.481329917907715
2021-12-30,20.63685417175293,9.451431274414062
2022-01-03,20.257463455200195,9.664045333862305
2022-01-04,20.6867733001709,9.70058822631836
2022-01-05,18.460350036621094,9.325189590454102
2022-01-06,18.929594039916992,9.31854248046875
2022-01-07,19.78821563720703,9.361733436584473
2022-01-10,20.107702255249023,9.305258750915527
2022-01-11,21.166004180908203,9.580992698669434
2022-01-12,21.325748443603516,9.873337745666504
2022-01-13,21.984689712524414,10.072665214538574
2022-01-14,22.863277435302734,10.44806957244873
2022-01-17,22.783405303955078,10.464674949645996
2022-01-18,23.881641387939453,10.511185646057129
2022-01-19,23.951528549194336,10.46135425567627
2022-01-20,24.16119384765625,10.537763595581055
2022-01-21,23.56215476989746,10.554374694824219
2022-01-24,23.132844924926758,10.614171981811523
2022-01-25,23.841705322265625,10.959672927856445
2022-01-26,23.55217170715332,11.252019882202148
2022-01-27,23.771818161010742,11.255341529846191
2022-01-28,23.80177116394043,10.810176849365234
2022-01-31,23.881641387939453,10.747055053710938
2022-02-01,23.70193099975586,10.962995529174805
2022-02-02,22.993070602416992,10.803532600402832
2022-02-03,22.703533172607422,10.654036521911621
2022-02-04,24.3708553314209,10.84007740020752
2022-02-07,24.131240844726562,10.680614471435547
2022-02-08,23.831722259521484,10.574310302734375
2022-02-09,24.460712432861328,10.614171981811523
2022-02-10,24.710309982299805,10.776954650878906
2022-02-11,25.75862693786621,11.215475082397461
2022-02-14,26.457504272460938,10.962995529174805
2022-02-15,25.708707809448242,10.790245056152344
2022-02-16,25.19952392578125,10.939740180969238
2022-02-17,24.850086212158203,10.896551132202148
2022-02-18,24.340904235839844,10.962995529174805
2022-02-21,25.229476928710938,11.245372772216797
2022-02-22,24.500648498535156,11.208829879760742
2022-02-23,24.850086212158203,11.368293762207031
2022-02-24,24.82013511657715,11.092558860778809
2022-02-25,25.778594970703125,11.295207023620605
2022-03-02,28.1048583984375,11.517789840698242
2022-03-03,28.41436004638672,11.37493896484375
2022-03-04,28.1547794342041,11.37161636352539
2022-03-07,27.50581932067871,10.56434154510498
2022-03-08,27.89519500732422,10.783600807189941
2022-03-09,26.098081588745117,10.816824913024902
2022-03-10,25.778594970703125,11.195542335510254
2022-03-11,24.870054244995117,10.79356861114502
2022-03-14,23.522218704223633,10.587594032287598
2022-03-15,23.671977996826172,10.331793785095215
2022-03-16,23.122859954833984,10.242095947265625
2022-03-17,25.009828567504883,9.969681739807129
2022-03-18,25.868450164794922,10.1690092086792
2022-03-21,26.128034591674805,10.55105209350586
2022-03-22,26.51740837097168,10.504544258117676
2022-03-23,27.296157836914062,10.647392272949219
2022-03-24,26.068130493164062,10.770309448242188
2022-03-25,25.18954086303711,10.730447769165039
2022-03-28,24.9898624420166,10.49789810180664
2022-03-29,25.19952392578125,10.730447769165039
2022-03-30,25.03978157043457,10.959672927856445
2022-03-31,23.771818161010742,11.112491607666016
2022-04-01,24.450727462768555,10.966318130493164
2022-04-04,24.32093620300293,10.863329887390137
2022-04-05,24.011432647705078,10.760343551635742
2022-04-06,23.51223373413086,10.750377655029297
2022-04-07,23.522218704223633,11.308497428894043
2022-04-08,23.542186737060547,11.364970207214355
2022-04-11,23.31255531311035,11.278595924377441
2022-04-12,23.7119140625,11.245372772216797
2022-04-13,24.300968170166016,11.484565734863281
2022-04-14,24.860069274902344,11.36472225189209
2022-04-18,24.800167083740234,11.164831161499023
2022-04-19,24.620454788208008,11.50283145904541
2022-04-20,25.658788681030273,11.557347297668457
2022-04-22,24.44074249267578,11.106685638427734
2022-04-25,24.660390853881836,10.943134307861328
2022-04-26,25.269412994384766,10.924962043762207
2022-04-27,25.54896354675293,10.924962043762207
2022-04-28,26.237857818603516,10.997649192810059
2022-04-29,26.657184600830078,11.004919052124023
2022-05-02,25.109668731689453,10.89588737487793
2022-05-03,25.788578033447266,10.99401569366455
2022-05-04,27.28617286682129,11.655472755432129
2022-05-05,26.507423400878906,11.633667945861816
2022-05-06,26.457504272460938,12.015280723571777
2022-05-09,24.18115997314453,11.688183784484863
2022-05-10,24.231081008911133,11.789946556091309
2022-05-11,25.44912338256836,12.20063304901123
2022-05-12,26.098081588745117,12.295126914978027
2022-05-13,27.046558380126953,12.45504093170166
2022-05-16,27.016605377197266,12.578609466552734
2022-05-17,26.47747230529785,12.415060997009277
2022-05-18,25.13962173461914,12.211533546447754
2022-05-19,24.830120086669922,12.418693542480469
2022-05-20,25.43914031982422,12.658568382263184
2022-05-23,26.128034591674805,13.156476020812988
2022-05-24,27.146398544311523,12.798242568969727
2022-05-25,27.425949096679688,12.98049545288086
2022-05-26,27.935131072998047,13.012895584106445
2022-05-27,28.6739444732666,12.393234252929688
2022-05-30,28.21468162536621,12.14617919921875
2022-05-31,27.945114135742188,12.174528121948242
2022-06-01,28.1048583984375,12.158330917358398
2022-06-02,28.653976440429688,12.05302906036377
2022-06-03,27.765403747558594,12.263631820678711
2022-06-06,27.016605377197266,12.271730422973633
2022-06-07,27.266204833984375,12.417534828186035
2022-06-08,27.75541877746582,12.356783866882324
2022-06-09,27.176349639892578,12.178582191467285
2022-06-10,27.056543350219727,12.008477210998535
2022-06-13,25.988258361816406,11.854572296142578
2022-06-14,25.5988826751709,11.988225936889648
2022-06-15,25.219493865966797,11.777624130249023
2022-06-17,23.003053665161133,11.060755729675293
2022-06-20,22.803373336791992,11.186311721801758
2022-06-21,22.69355010986328,10.963556289672852
2022-06-22,21.235891342163086,10.931156158447266
2022-06-23,20.43717384338379,10.728653907775879
2022-06-24,21.49547576904297,10.647650718688965
2022-06-27,22.63364601135254,11.332114219665527
2022-06-28,22.6236629486084,11.473865509033203
2022-06-29,22.4339656829834,11.372612953186035
2022-06-30,21.954736709594727,11.311864852905273
2022-07-01,22.064559936523438,11.554868698120117
2022-07-04,22.753454208374023,11.801922798156738
2022-07-05,21.136051177978516,11.352363586425781
2022-07-06,20.85650062561035,11.206562995910645
2022-07-07,21.185970306396484,11.534618377685547
2022-07-08,21.72510528564453,11.664217948913574
2022-07-11,21.884849548339844,11.607519149780273
2022-07-12,22.204336166381836,11.433365821838379
2022-07-13,21.555377960205078,11.4414644241333
2022-07-14,20.726709365844727,11.133661270141602
2022-07-15,20.666805267333984,11.324014663696289
2022-07-18,22.054576873779297,11.583218574523926
2022-07-19,22.32414436340332,11.818122863769531
2022-07-20,22.22430419921875,11.814072608947754
2022-07-21,22.803373336791992,11.753321647644043
2022-07-22,22.63364601135254,11.878873825073242
2022-07-25,23.572139739990234,12.433734893798828
2022-07-26,23.70193099975586,12.559289932250977
2022-07-27,23.65201187133789,12.696990013122559
2022-07-28,23.75185203552246,13.077696800231934
2022-07-29,24.18115997314453,13.831013679504395
2022-08-01,23.3325252532959,13.64065933227539
2022-08-02,23.35249137878418,13.701409339904785
2022-08-03,23.721899032592773,13.709508895874023
2022-08-04,23.31255531311035,13.855311393737793
2022-08-05,24.031400680541992,14.122614860534668
2022-08-08,24.610471725463867,14.835429191589355
2022-08-09,25.009828567504883,15.078436851501465
2022-08-10,24.760229110717773,15.029833793640137
2022-08-11,25.319334030151367,14.681530952453613
2022-08-12,25.828516006469727,15.771773338317871
2022-08-15,25.28938102722168,15.776752471923828
2022-08-16,24.2810001373291,15.920989036560059
2022-08-17,24.300968170166016,16.29401969909668
2022-08-18,24.600486755371094,16.622285842895508
2022-08-19,23.931560516357422,15.781720161437988
2022-08-22,23.382444381713867,16.119937896728516
2022-08-23,25.069734573364258,16.632232666015625
2022-08-24,25.938337326049805,16.731712341308594
2022-08-25,26.347681045532227,16.552654266357422
2022-08-26,26.51740837097168,16.731712341308594
2022-08-29,27.18633270263672,17.14950180053711
2022-08-30,26.82691192626953,16.129886627197266
2022-08-31,27.266204833984375,16.527788162231445
2022-09-01,27.156383514404297,16.83616065979004
2022-09-02,27.70549964904785,16.622285842895508
2022-09-05,29.492630004882812,16.582496643066406
2022-09-06,28.6739444732666,15.965751647949219
2022-09-08,27.50581932067871,15.816540718078613
2022-09-09,28.00501823425293,15.811563491821289
2022-09-12,27.555740356445312,15.657379150390625
2022-09-13,26.986656188964844,15.244559288024902
2022-09-14,28.36444091796875,15.478324890136719
2022-09-15,27.655580520629883,15.44848346710205
2022-09-16,27.975067138671875,15.30921745300293
2022-09-19,28.034971237182617,15.552928924560547
2022-09-20,28.284570693969727,15.46340274810791
2022-09-21,28.484249114990234,15.503194808959961
2022-09-22,29.502613067626953,15.886174201965332
2022-09-23,28.074907302856445,14.891424179077148
2022-09-26,28.074907302856445,14.568124771118164
2022-09-27,27.13641357421875,14.75713062286377
2022-09-28,27.865243911743164,14.558177947998047
2022-09-29,27.18633270263672,14.578078269958496
2022-09-30,27.48585319519043,14.821791648864746
2022-10-03,28.893592834472656,16.005542755126953
2022-10-04,30.281362533569336,15.602667808532715
2022-10-05,31.249807357788086,16.189571380615234
2022-10-06,31.559310913085938,16.741657257080078
2022-10-07,31.958667755126953,16.726736068725586
2022-10-10,31.409549713134766,16.537734985351562
2022-10-11,31.449485778808594,16.41339111328125
2022-10-13,31.709070205688477,16.88092041015625
2022-10-14,31.000207901000977,16.622285842895508
2022-10-17,31.299726486206055,16.607364654541016
2022-10-18,32.178314208984375,17.015214920043945
2022-10-19,33.37639236450195,17.617036819458008
2022-10-20,33.156742095947266,18.139286041259766
2022-10-21,33.79571533203125,18.761005401611328
2022-10-24,33.43629837036133,17.03510856628418
2022-10-25,33.735816955566406,16.677000045776367
2022-10-26,33.276554107666016,16.26915168762207
2022-10-27,33.55610275268555,16.39349365234375
2022-10-28,33.96544647216797,16.199520111083984
2022-10-31,35.333248138427734,14.826762199401855
2022-11-01,37.070457458496094,14.851633071899414
2022-11-03,36.68108367919922,14.896395683288574
2022-11-04,37.58962631225586,14.075725555419922
2022-11-07,36.361595153808594,13.503744125366211
2022-11-08,37.36997604370117,13.603219985961914
2022-11-09,37.160316467285156,13.37939739227295
2022-11-10,36.52134323120117,12.991449356079102
2022-11-11,37.63954544067383,13.424163818359375
2022-11-14,38.438262939453125,13.777300834655762
2022-11-16,36.21183776855469,13.503744125366211
2022-11-17,35.742591857910156,13.508716583251953
2022-11-18,34.44467544555664,13.279927253723145
2022-11-21,34.4346923828125,13.319717407226562
2022-11-22,35.41312026977539,12.414420127868652
2022-11-23,35.21343994140625,12.472951889038086
2022-11-24,36.45145034790039,12.903971672058105
2022-11-25,34.59443664550781,12.696444511413574
2022-11-28,34.84403610229492,12.962504386901855
2022-11-29,35.22342300415039,13.505270957946777
2022-11-30,35.9921875,14.18638801574707
2022-12-01,36.64114761352539,13.617015838623047
2022-12-02,36.631160736083984,13.7872953414917
2022-12-05,35.96223831176758,13.632981300354004
2022-12-06,34.584449768066406,13.643622398376465
2022-12-07,32.61760711669922,13.489306449890137
2022-12-08,33.11680603027344,13.185997009277344
2022-12-09,33.596038818359375,13.148748397827148
2022-12-12,34.584449768066406,12.72304916381836
2022-12-13,34.834049224853516,12.409098625183105
2022-12-14,36.12198257446289,11.42467212677002
2022-12-15,35.71263885498047,11.727983474731445
2022-12-16,35.293312072753906,11.733301162719727
2022-12-19,35.72262191772461,11.908903121948242
2022-12-20,35.802494049072266,12.276067733764648
2022-12-21,35.5728645324707,12.542129516601562
2022-12-22,35.20345687866211,12.765620231628418
2022-12-23,35.43309020996094,13.36691951751709
2022-12-26,35.3831672668457,13.271135330200195
2022-12-27,35.522945404052734,13.361599922180176
2022-12-28,37.19026565551758,13.196640968322754
2022-12-29,37.15032958984375,13.037003517150879
2023-01-02,36.7010498046875,12.196249008178711
2023-01-03,34.2449951171875,11.887618064880371
2023-01-04,34.03533172607422,12.265423774719238
2023-01-05,34.91392135620117,12.707087516784668
2023-01-06,35.12358474731445,12.632589340209961
2023-01-09,35.95225143432617,12.701766014099121
2023-01-10,36.15193176269531,12.818831443786621
2023-01-11,38.957427978515625,12.919936180114746
2023-01-12,39.686256408691406,13.106180191040039
2023-01-13,38.98737716674805,13.074252128601074
2023-01-16,39.007347106933594,12.792226791381836
2023-01-17,38.677879333496094,13.5797700881958
2023-01-18,38.907508850097656,13.340310096740723
2023-01-19,40.455020904541016,13.776654243469238
2023-01-20,41.03409194946289,14.032073974609375
2023-01-23,41.49335479736328,14.255563735961914
2023-01-24,40.964202880859375,14.154459953308105
2023-01-25,41.85277557373047,14.335382461547852
2023-01-26,42.27210235595703,13.968216896057129
2023-01-27,41.72298812866211,13.632981300354004
2023-01-30,41.433448791503906,13.702157020568848
2023-01-31,42.03248596191406,13.87243366241455
2023-02-01,41.03409194946289,13.680869102478027
2023-02-02,39.985774993896484,13.047645568847656
2023-02-03,40.10558319091797,13.191317558288574
2023-02-06,41.133934020996094,13.718122482299805
2023-02-07,41.5632438659668,13.632981300354004
2023-02-08,42.48176574707031,13.86178970336914
2023-02-09,41.8927116394043,13.797938346862793
2023-02-10,42.68144607543945,14.218314170837402
2023-02-13,41.97258377075195,14.260883331298828
2023-02-14,40.79447555541992,14.207674026489258
2023-02-15,40.834415435791016,14.22895622253418
2023-02-16,40.185455322265625,14.287491798400879
2023-02-17,38.14872360229492,14.069321632385254
2023-02-22,37.539703369140625,13.707478523254395
2023-02-23,37.409915924072266,14.127856254577637
2023-02-24,37.539703369140625,13.78197193145752
2023-02-27,36.960636138916016,13.915005683898926
2023-02-28,33.645957946777344,13.430770874023438
2023-03-01,33.326473236083984,13.462699890136719
2023-03-02,33.905540466308594,13.111501693725586
2023-03-03,34.65433883666992,13.675548553466797
2023-03-06,34.574466705322266,13.813899993896484
2023-03-07,33.536136627197266,13.356278419494629
2023-03-08,34.41472625732422,13.526554107666016
2023-03-09,33.37639236450195,13.468024253845215
2023-03-10,33.156742095947266,13.292420387268066
2023-03-13,31.719053268432617,12.872044563293457
2023-03-14,32.158348083496094,12.643231391906738
2023-03-15,31.100048065185547,12.419742584228516
2023-03-16,31.649166107177734,12.377168655395508
2023-03-17,31.3196964263916,12.510202407836914
2023-03-20,30.940303802490234,12.201571464538574
2023-03-21,31.669132232666016,12.451667785644531
2023-03-22,31.299726486206055,12.414420127868652
2023-03-23,29.882003784179688,12.132393836975098
2023-03-24,30.231443405151367,12.127074241638184
2023-03-27,31.569293975830078,12.334600448608398
2023-03-28,31.828876495361328,12.552772521972656
2023-03-29,31.88878059387207,12.717728614807129
2023-03-30,32.29812240600586,12.754977226257324
2023-03-31,31.139984130859375,12.47827434539795
2023-04-03,32.348045349121094,13.031681060791016
2023-04-04,33.79571533203125,12.914613723754883
2023-04-05,33.4462776184082,12.957184791564941
2023-04-06,34.804100036621094,12.770940780639648
2023-04-10,34.8640022277832,13.042323112487793
2023-04-11,35.67270278930664,13.654267311096191
2023-04-12,36.37158203125,13.755370140075684
2023-04-13,36.45145034790039,13.851152420043945
2023-04-14,36.62118148803711,13.994824409484863
2023-04-17,36.0920295715332,14.212994575500488
2023-04-18,35.24339294433594,14.574835777282715
2023-04-19,34.2449951171875,14.106571197509766
2023-04-20,33.94547653198242,14.202349662780762
2023-04-24,34.97382354736328,14.473736763000488
2023-04-25,34.59443664550781,14.415199279785156
2023-04-26,33.4462776184082,14.23427963256836
2023-04-27,33.586055755615234,13.888399124145508
2023-04-28,34.69427490234375,14.206188201904297
2023-05-02,33.46624755859375,13.630748748779297
2023-05-03,34.04531478881836,13.582793235778809
2023-05-04,32.64756393432617,13.798583984375
2023-05-05,34.23501205444336,14.386013984680176
2023-05-08,34.45465850830078,14.691717147827148
2023-05-09,34.554500579833984,14.739670753479004
2023-05-10,34.59443664550781,14.703703880310059
2023-05-11,34.764163970947266,15.243181228637695
2023-05-12,34.44467544555664,15.734702110290527
2023-05-15,34.41472625732422,15.381046295166016
2023-05-16,34.44467544555664,15.764671325683594
2023-05-17,36.44146728515625,15.381046295166016
2023-05-18,36.29170608520508,15.470959663391113
2023-05-19,36.91071701049805,15.44698429107666
2023-05-22,36.13196563720703,15.357071876525879
2023-05-23,36.102012634277344,15.734702110290527
2023-05-24,35.89235305786133,15.974467277526855
2023-05-25,35.5728645324707,15.854584693908691
2023-05-26,35.293312072753906,16.06437873840332
2023-05-29,35.06367874145508,15.998446464538574
2023-05-30,34.07527160644531,15.818617820739746
2023-05-31,34.135169982910156,15.656781196594238
2023-06-01,34.115203857421875,16.160287857055664
2023-06-02,35.26335906982422,16.292158126831055
2023-06-05,35.293312072753906,16.46599006652832
2023-06-06,34.22502899169922,16.813650131225586
2023-06-07,34.73421096801758,17.30517578125
2023-06-09,34.424705505371094,18.150354385375977
2023-06-12,33.086856842041016,18.468042373657227
2023-06-13,34.28493118286133,18.4320068359375
2023-06-14,35.34323501586914,19.223957061767578
2023-06-15,35.542911529541016,18.7705020904541
2023-06-16,36.21183776855469,18.9301700592041
2023-06-19,36.002174377441406,19.428333282470703
2023-06-20,36.102012634277344,19.524131774902344
2023-06-21,38.60798645019531,20.341630935668945
2023-06-22,38.238582611083984,20.086164474487305
2023-06-23,38.14872360229492,19.262279510498047
2023-06-26,36.9806022644043,19.69657325744629
2023-06-27,35.742591857910156,19.543292999267578
2023-06-28,36.08204650878906,19.728506088256836
2023-06-29,36.231807708740234,19.81791877746582
2023-06-30,37.020538330078125,18.85991859436035
2023-07-03,37.35999298095703,19.211185455322266
2023-07-04,37.979000091552734,19.25589370727539
2023-07-05,38.558067321777344,19.230344772338867
2023-07-06,38.08882522583008,18.93655776977539
2023-07-07,39.286895751953125,18.84075355529785
2023-07-10,39.426673889160156,18.87268829345703
2023-07-11,40.634735107421875,18.61722183227539
2023-07-12,41.483367919921875,18.629993438720703
2023-07-13,42.82122039794922,18.923782348632812
2023-07-14,41.45341873168945,18.553354263305664
2023-07-17,41.922664642333984,18.515033721923828
2023-07-18,43.110755920410156,18.4128475189209
2023-07-19,44.069217681884766,18.585290908813477
2023-07-20,44.129119873046875,18.604446411132812
2023-07-21,45.097564697265625,18.955717086791992
2023-07-24,46.0959587097168,19.3516902923584
2023-07-25,44.887901306152344,19.798765182495117
2023-07-26,45.51689147949219,19.798765182495117
2023-07-27,45.01769256591797,18.7705020904541
2023-07-28,45.087581634521484,19.006811141967773
2023-07-31,45.54684066772461,19.869014739990234
2023-08-01,45.72655487060547,19.543292999267578
2023-08-02,45.17743682861328,19.498584747314453
2023-08-03,47.084373474121094,19.747669219970703
2023-08-04,47.493717193603516,19.16009521484375
2023-08-07,47.733333587646484,19.281436920166016
2023-08-08,47.78325271606445,19.30059814453125
2023-08-09,48.0428352355957,19.45387840270996
2023-08-10,47.30402374267578,19.562454223632812
2023-08-11,48.28245162963867,19.51774787902832
2023-08-14,48.512081146240234,19.568838119506836
2023-08-15,46.74491882324219,19.709346771240234
2023-08-16,45.90626525878906,20.143644332885742
2023-08-17,45.307228088378906,20.079771041870117
2023-08-18,45.097564697265625,20.13086700439453
2023-08-21,44.67823791503906,19.9903621673584
2023-08-22,45.02767562866211,20.294885635375977
2023-08-23,45.77647399902344,21.37560272216797
2023-08-24,45.986141204833984,21.342449188232422
2023-08-25,46.315608978271484,21.19658660888672
2023-08-28,46.61512756347656,21.435274124145508
2023-08-29,45.77647399902344,21.481687545776367
2023-08-30,45.736541748046875,21.627546310424805
2023-08-31,46.345558166503906,21.17669677734375
2023-09-01,46.87471008300781,21.634178161621094
2023-09-04,46.535255432128906,21.408750534057617
2023-09-05,47.41384506225586,22.124807357788086
2023-09-06,46.714969635009766,22.224258422851562
2023-09-08,47.41384506225586,22.144699096679688
2023-09-11,47.63349151611328,22.124807357788086
2023-09-12,48.03285217285156,22.23089027404785
2023-09-13,48.12270736694336,21.899383544921875
2023-09-14,49.171024322509766,22.456314086914062
2023-09-15,49.32078170776367,22.469573974609375
2023-09-18,48.08277130126953,22.628700256347656
2023-09-19,48.63188934326172,22.681737899780273
2023-09-20,48.63188934326172,22.734783172607422
2023-09-21,46.36552810668945,22.38338279724121
2023-09-22,46.68501281738281,22.562397003173828
2023-09-25,46.9046630859375,22.708263397216797
2023-09-26,46.85474395751953,22.184480667114258
2023-09-27,48.2225456237793,22.887277603149414
2023-09-28,47.16424560546875,22.840866088867188
2023-09-29,46.964569091796875,22.96683692932129
2023-10-02,45.32719802856445,22.6220645904541
2023-10-03,45.097564697265625,22.522615432739258
2023-10-04,43.82960510253906,21.627546310424805
2023-10-05,43.6399040222168,21.700475692749023
2023-10-06,44.46857452392578,22.217626571655273
2023-10-09,48.37230682373047,23.17237663269043
2023-10-10,48.17262649536133,23.344755172729492
2023-10-11,47.52366638183594,23.285083770751953
2023-10-13,49.91981887817383,24.05417823791504
2023-10-16,49.72013854980469,24.319387435913086
2023-10-17,50.11949920654297,24.97576904296875
2023-10-18,50.11949920654297,25.539335250854492
2023-10-19,49.949771881103516,25.41999053955078
2023-10-20,49.62030029296875,25.09511375427246
2023-10-23,48.761680603027344,23.437576293945312
2023-10-24,48.771663665771484,23.788976669311523
2023-10-25,48.28245162963867,23.91495132446289
2023-10-26,47.92302703857422,23.669631958007812
2023-10-27,47.693397521972656,23.49724769592285
2023-10-30,46.2856559753418,23.258563995361328
2023-10-31,47.62350845336914,23.03313636779785
2023-11-01,47.992916107177734,23.285083770751953
2023-11-03,48.12270736694336,23.563549041748047
2023-11-06,47.93301010131836,23.543659210205078
2023-11-07,46.74491882324219,23.152477264404297
2023-11-08,45.407066345214844,22.65521812438965
2023-11-09,44.65827178955078,23.125961303710938
2023-11-10,46.39548110961914,23.01987648010254
2023-11-13,46.22575378417969,23.663002014160156
2023-11-14,46.914649963378906,23.987878799438477
2023-11-16,45.25730895996094,23.570178985595703
2023-11-17,46.40546417236328,24.339277267456055
2023-11-20,47.45378112792969,24.359169006347656
2023-11-21,47.90305709838867,24.107219696044922
2023-11-22,47.16424560546875,24.22521209716797
2023-11-23,47.16424560546875,24.232101440429688
2023-11-24,47.13429260253906,24.301002502441406
2023-11-27,46.14588165283203,24.163204193115234
2023-11-28,46.016090393066406,24.52836799621582
2023-11-29,45.83638000488281,24.273441314697266
2023-11-30,45.856346130371094,24.741962432861328
2023-12-01,44.49852752685547,24.576601028442383
2023-12-04,44.14908981323242,24.052959442138672
2023-12-05,43.090789794921875,23.94272232055664
2023-12-06,41.3735466003418,23.081472396850586
2023-12-07,42.35197448730469,23.026351928710938
2023-12-08,44.47855758666992,23.76358413696289
2023-12-11,44.60835266113281,23.67401123046875
2023-12-12,43.72976303100586,23.481094360351562
2023-12-13,45.22735595703125,23.81869888305664
2023-12-14,47.279998779296875,24.335453033447266
2023-12-15,46.25,24.39057159423828
2023-12-18,46.099998474121094,24.693729400634766
2023-12-19,46.709999084472656,24.976224899291992
2023-12-20,45.540000915527344,25.065792083740234
2023-12-21,45.15999984741211,25.072683334350586
2023-12-22,45.369998931884766,25.313831329345703
2023-12-26,45.91999816894531,25.72034454345703
2023-12-27,45.939998626708984,25.741010665893555
2023-12-28,46.04999923706055,25.658327102661133
2024-01-02,45.349998474121094,26.03038787841797
2024-01-03,46.880001068115234,26.84341049194336
2024-01-04,46.41999816894531,26.616044998168945
2024-01-05,46.08000183105469,26.67804718017578
2024-01-08,45.75,26.47824478149414
2024-01-09,46.279998779296875,26.250869750976562
2024-01-10,44.349998474121094,26.009721755981445
2024-01-11,45.5,26.230201721191406
2024-01-12,46.08000183105469,26.299104690551758
2024-01-15,47.06999969482422,26.581594467163086
2024-01-16,45.880001068115234,26.250869750976562
2024-01-17,45.04999923706055,26.099292755126953
2024-01-18,44.7599983215332,25.995939254760742
2024-01-19,44.61000061035156,25.85814094543457
2024-01-22,44.15999984741211,25.97526741027832
2024-01-23,44.33000183105469,26.299104690551758
2024-01-24,44.599998474121094,26.099292755126953
2024-01-25,44.79999923706055,27.06389045715332
2024-01-26,45.689998626708984,27.532407760620117
2024-01-29,44.7599983215332,27.952701568603516
2024-01-30,44.09000015258789,27.780445098876953
2024-01-31,43.93000030517578,28.083608627319336
2024-02-01,43.150001525878906,28.641698837280273
2024-02-02,42.45000076293945,28.26963996887207
2024-02-05,42.04999923706055,28.393651962280273
2024-02-06,43.599998474121094,28.655479431152344
2024-02-07,43.970001220703125,29.07577133178711
2024-02-08,43.400001525878906,28.841508865356445
2024-02-09,42.36000061035156,28.455665588378906
2024-02-14,42.54999923706055,28.242082595825195
2024-02-15,44.56999969482422,29.144668579101562
2024-02-16,45.400001525878906,29.413381576538086
2024-02-19,45.88999938964844,29.558067321777344
2024-02-20,46.119998931884766,29.248022079467773
2024-02-21,47.0,29.289356231689453
2024-02-22,46.95000076293945,29.06887435913086
2024-02-23,45.79999923706055,28.86907386779785
2024-02-26,45.86000061035156,29.413381576538086
2024-02-27,45.400001525878906,29.372041702270508
2024-02-28,44.5,27.856237411499023
2024-02-29,43.709999084472656,27.656429290771484
2024-03-01,44.349998474121094,27.683988571166992
2024-03-04,44.11000061035156,27.615093231201172
2024-03-05,44.31999969482422,27.532407760620117
2024-03-06,43.63999938964844,28.13872718811035
2024-03-07,43.349998474121094,27.828683853149414
2024-03-08,44.70000076293945,25.286270141601562
2024-03-11,44.900001525878906,24.562822341918945
2024-03-12,47.5,25.368953704833984
2024-03-13,48.91999816894531,25.065792083740234
2024-03-14,48.599998474121094,24.955551147460938
2024-03-15,47.79999923706055,25.02445411682129
2024-03-18,47.7599983215332,25.038230895996094
2024-03-19,49.209999084472656,24.852203369140625
2024-03-20,47.45000076293945,25.286270141601562
2024-03-21,47.099998474121094,24.597270965576172
2024-03-22,46.689998626708984,24.838424682617188
2024-03-25,47.66999816894531,25.217370986938477
2024-03-26,47.290000915527344,24.983112335205078
2024-03-27,47.08000183105469,25.182920455932617
2024-03-28,48.7400016784668,25.741010665893555
2024-04-01,48.38999938964844,25.940818786621094
2024-04-02,49.04999923706055,26.609146118164062
2024-04-03,49.38999938964844,26.47134780883789
2024-04-04,50.04999923706055,26.16818618774414
2024-04-05,50.45000076293945,26.250869750976562
2024-04-08,49.65999984741211,26.616044998168945
2024-04-09,49.84000015258789,26.684940338134766
2024-04-10,50.189998626708984,27.277481079101562
2024-04-11,49.79999923706055,27.077667236328125
2024-04-12,50.86000061035156,26.82962989807129
2024-04-15,50.099998474121094,27.084562301635742
2024-04-16,49.79999923706055,27.208580017089844
2024-04-17,48.72999954223633,27.40838623046875
2024-04-18,49.2400016784668,27.456621170043945
2024-04-19,48.79999923706055,27.925134658813477
2024-04-22,48.0,28.593469619750977
2024-04-23,49.18000030517578,28.538347244262695
2024-04-24,48.43000030517578,28.40743637084961
2024-04-25,49.38999938964844,29.089548110961914
2024-04-26,49.25,29.5003719329834
2024-04-29,49.560001373291016,29.854522705078125
2024-04-30,48.0,29.762449264526367
2024-05-02,47.41999816894531,29.87576675415039
2024-05-03,46.75,29.495723724365234
2024-05-06,47.189998626708984,29.695369720458984
2024-05-07,47.16999816894531,30.057687759399414
2024-05-08,46.540000915527344,30.516128540039062
2024-05-09,46.779998779296875,30.811899185180664
2024-05-10,47.0,30.74534797668457
2024-05-13,46.400001525878906,30.77492332458496
2024-05-14,45.90999984741211,30.220359802246094
2024-05-15,47.0,28.39397621154785
2024-05-16,47.61000061035156,27.565814971923828
2024-05-17,48.119998931884766,27.129552841186523
2024-05-20,47.5,27.173921585083008
2024-05-21,45.849998474121094,27.122161865234375
2024-05-22,44.209999084472656,27.49187469482422
2024-05-23,44.470001220703125,27.21828842163086
2024-05-24,43.45000076293945,27.07040023803711
2024-05-27,43.66999816894531,27.36617088317871
2024-05-28,43.15999984741211,27.950313568115234
2024-05-29,42.43000030517578,27.913349151611328
2024-05-31,41.61000061035156,28.682357788085938
2024-06-03,41.16999816894531,28.527074813842773
2024-06-04,40.88999938964844,28.20911979675293
2024-06-05,40.13999938964844,28.2460880279541
2024-06-06,40.16999816894531,28.379188537597656
2024-06-07,39.91999816894531,27.314411163330078
2024-06-10,40.79999923706055,27.728490829467773
2024-06-11,42.54999923706055,27.846797943115234
2024-06-12,42.689998626708984,27.240867614746094
2024-06-13,41.86000061035156,26.967090606689453
2024-06-14,42.0099983215332,26.373905181884766
2024-06-17,41.720001220703125,26.4727725982666
2024-06-18,41.25,27.301708221435547
2024-06-19,41.310001373291016,27.324525833129883
2024-06-20,40.95000076293945,27.758005142211914
2024-06-21,41.33000183105469,27.90250015258789
2024-06-24,42.08000183105469,28.18387794494629
2024-06-25,42.02000045776367,28.16107177734375
2024-06-26,43.02000045776367,28.206701278686523
2024-06-27,43.18000030517578,28.678205490112305
2024-06-28,43.7599983215332,28.9367733001709
2024-07-01,45.099998474121094,29.37786293029785
2024-07-02,45.7400016784668,29.28659439086914
2024-07-03,46.09000015258789,28.777067184448242
2024-07-04,46.400001525878906,28.381608963012695
2024-07-05,46.54999923706055,28.533708572387695
2024-07-08,45.349998474121094,29.233356475830078
2024-07-09,45.40999984741211,29.225757598876953
2024-07-10,45.470001220703125,28.951976776123047
2024-07-11,45.36000061035156,29.14971160888672
2024-07-12,45.59000015258789,29.012821197509766
2024-07-15,46.52000045776367,29.278995513916016
2024-07-16,45.45000076293945,29.202945709228516
2024-07-17,46.16999816894531,29.355037689208984
2024-07-18,45.470001220703125,29.30180549621582
2024-07-19,45.290000915527344,29.42348289489746
2024-07-22,44.689998626708984,28.837907791137695
2024-07-23,43.79999923706055,28.465267181396484
2024-07-24,46.0,28.693410873413086
2024-07-25,45.81999969482422,28.655385971069336
2024-07-26,47.5,28.624969482421875
2024-07-29,47.18000030517578,28.046993255615234
2024-07-30,47.040000915527344,27.872081756591797
2024-07-31,48.04999923706055,28.450057983398438
2024-08-01,47.9900016784668,28.016572952270508
2024-08-02,46.0099983215332,27.17242431640625
2024-08-05,44.66999816894531,27.149612426757812
2024-08-06,43.25,27.621118545532227
2024-08-07,45.06999969482422,27.58309555053711
2024-08-08,46.36000061035156,28.024179458618164
2024-08-09,47.83000183105469,27.76561164855957
2024-08-12,48.599998474121094,28.396820068359375
2024-08-13,49.130001068115234,28.22191047668457
2024-08-14,49.599998474121094,28.716222763061523
2024-08-15,48.91999816894531,29.157312393188477
2024-08-16,49.20000076293945,29.278995513916016
2024-08-19,47.88999938964844,29.233356475830078
2024-08-20,47.83000183105469,29.119291305541992
2024-08-21,46.849998474121094,28.944372177124023
2024-08-22,46.86000061035156,29.032915115356445
2024-08-23,47.04999923706055,28.8530216217041
2024-08-26,47.25,30.949148178100586
2024-08-27,47.7400016784668,30.53461265563965
2024-08-28,47.36000061035156,30.972610473632812
2024-08-29,46.72999954223633,30.761438369750977
2024-08-30,46.84000015258789,30.792722702026367
2024-09-02,46.709999084472656,30.503332138061523
2024-09-03,44.29999923706055,30.13572883605957
2024-09-04,43.720001220703125,30.143550872802734
2024-09-05,43.52000045776367,29.955835342407227
2024-09-06,42.459999084472656,29.369232177734375
2024-09-09,41.959999084472656,29.689903259277344
2024-09-10,42.20000076293945,29.197168350219727
2024-09-11,42.529998779296875,29.16588020324707
2024-09-12,42.279998779296875,28.837379455566406
2024-09-13,43.310001373291016,28.704418182373047
2024-09-16,42.7400016784668,29.10330581665039
2024-09-17,43.36000061035156,28.9703426361084
2024-09-18,43.189998626708984,28.27424430847168
2024-09-19,44.0099983215332,28.368099212646484
2024-09-20,44.20000076293945,28.360273361206055
2024-09-23,44.58000183105469,28.649669647216797
2024-09-24,46.540000915527344,28.76698875427246
2024-09-25,44.810001373291016,28.978164672851562
2024-09-26,42.63999938964844,28.352453231811523
2024-09-27,43.58000183105469,28.242956161499023
2024-09-30,43.33000183105469,28.16473960876465
2024-10-01,44.2599983215332,28.915597915649414
2024-10-02,44.119998931884766,29.31447982788086
2024-10-03,44.61000061035156,29.674264907836914
2024-10-04,44.810001373291016,29.59604835510254
2024-10-07,45.529998779296875,30.010583877563477
2024-10-08,44.11000061035156,29.40833854675293
2024-10-09,43.70000076293945,29.111125946044922
2024-10-10,44.880001068115234,29.447446823120117
2024-10-11,44.2599983215332,29.423982620239258
2024-10-14,43.43000030517578,29.49437713623047
2024-10-15,43.29999923706055,29.25191307067871
2024-10-16,42.77000045776367,29.10330581665039
2024-10-17,42.70000076293945,28.884305953979492
2024-10-18,42.18000030517578,28.806095123291016
2024-10-21,41.91999816894531,28.352453231811523
2024-10-22,41.61000061035156,28.242956161499023
2024-10-23,41.20000076293945,27.890995025634766
2024-10-24,41.959999084472656,28.078706741333008
2024-10-25,41.650001525878906,28.27424430847168
2024-10-28,40.95000076293945,28.227313995361328
2024-10-29,40.5,28.16473960876465
2024-10-30,41.209999084472656,28.039596557617188
2024-10-31,40.97999954223633,28.08652687072754
2024-11-01,39.849998474121094,27.70328140258789
2024-11-04,40.880001068115234,27.76584815979004
2024-11-05,40.33000183105469,27.679819107055664
2024-11-06,40.88999938964844,27.687639236450195
2024-11-07,39.90999984741211,27.773672103881836
2024-11-08,38.970001220703125,28.297706604003906
2024-11-11,39.310001373291016,28.352453231811523
2024-11-12,39.20000076293945,28.884305953979492
2024-11-13,39.349998474121094,28.84520149230957
2024-11-14,39.70000076293945,29.150238037109375
2024-11-18,40.20000076293945,29.877622604370117
2024-11-19,39.77000045776367,29.56476402282715
2024-11-21,39.130001068115234,29.650806427001953
2024-11-22,40.400001525878906,30.83182716369629
2024-11-25,39.849998474121094,30.644115447998047
2024-11-26,39.849998474121094,30.605009078979492
2024-11-27,39.56999969482422,30.49551010131836
2024-11-28,39.470001220703125,30.182655334472656
2024-11-29,40.13999938964844,30.42511558532715
2024-12-02,40.0,30.620651245117188
2024-12-03,40.810001373291016,30.894397735595703
2024-12-04,39.709999084472656,30.69886589050293
2024-12-05,40.65999984741211,31.003896713256836
2024-12-06,39.70000076293945,30.52679443359375
2024-12-09,39.900001525878906,31.31675148010254
2024-12-10,40.04999923706055,31.4340763092041
2024-12-11,41.9900016784668,31.746929168701172
2024-12-12,41.04999923706055,31.179086685180664
2024-12-13,41.5,30.983911514282227
2024-12-16,41.150001525878906,30.853796005249023
2024-12-17,41.31999969482422,31.146554946899414
2024-12-18,39.91999816894531,30.341468811035156
2024-12-19,39.68000030517578,30.2194766998291
2024-12-20,40.27000045776367,29.96738052368164
2024-12-23,39.25,29.975513458251953
2024-12-26,39.900001525878906,30.200851440429688
2024-12-27,39.90999984741211,30.10797882080078
2024-12-30,40.150001525878906,30.55545425415039
2025-01-02,40.77000045776367,31.04515838623047
2025-01-03,40.619998931884766,30.715879440307617
2025-01-06,40.97999954223633,30.572341918945312
2025-01-07,41.630001068115234,31.222461700439453
2025-01-08,41.400001525878906,30.969173431396484
2025-01-09,41.959999084472656,31.10425567626953
2025-01-10,42.630001068115234,31.18869400024414
2025-01-13,42.529998779296875,31.298446655273438
2025-01-14,42.20000076293945,31.087371826171875
2025-01-15,43.0,31.48419761657715
2025-01-16,41.970001220703125,31.281570434570312
2025-01-17,42.709999084472656,31.408206939697266
2025-01-20,42.689998626708984,31.48419761657715
2025-01-21,42.720001220703125,31.49264144897461
2025-01-22,42.45000076293945,31.315340042114258
2025-01-23,41.47999954223633,31.095815658569336
2025-01-24,41.150001525878906,30.935400009155273
2025-01-27,42.099998474121094,31.39132308959961
2025-01-28,41.380001068115234,31.3491153717041
2025-01-29,40.41999816894531,31.15492057800293
2025-01-30,41.459999084472656,31.56862449645996
2025-01-31,40.9900016784668,31.82192039489746
2025-02-03,41.22999954223633,31.661502838134766
2025-02-04,41.22999954223633,31.3491153717041
2025-02-05,40.34000015258789,31.12114906311035
2025-02-06,40.56999969482422,31.062047958374023
2025-02-07,39.619998931884766,30.884740829467773
2025-02-10,40.0,31.095815658569336
2025-02-11,40.29999923706055,31.095815658569336
2025-02-12,39.5099983215332,30.63144302368164
2025-02-13,38.88999938964844,30.665220260620117
2025-02-14,39.43000030517578,31.610843658447266
2025-02-17,39.119998931884766,31.805030822753906
2025-02-18,39.0,32.387603759765625
2025-02-19,39.0099983215332,32.45514678955078
2025-02-20,38.529998779296875,32.50580978393555
2025-02-21,37.70000076293945,32.41292953491211
2025-02-24,36.72999954223633,32.184974670410156
2025-02-25,36.65999984741211,32.041439056396484
2025-02-26,36.16999816894531,32.041439056396484
2025-02-27,38.20000076293945,30.910066604614258
2025-02-28,38.16999816894531,30.335935592651367
2025-03-05,37.369998931884766,29.22989845275879
2025-03-06,37.47999954223633,28.92594337463379
2025-03-07,38.31999969482422,29.23834800720215
2025-03-10,37.529998779296875,29.22989845275879
2025-03-11,37.15999984741211,28.79085922241211
2025-03-12,36.880001068115234,28.79085922241211
2025-03-13,36.5,29.077924728393555
2025-03-14,39.349998474121094,29.972888946533203
2025-03-17,39.70000076293945,30.530128479003906
2025-03-18,39.650001525878906,30.55545425415039
2025-03-19,39.27000045776367,30.530128479003906
2025-03-20,39.279998779296875,30.597675323486328
2025-03-21,39.060001373291016,31.070486068725586
2025-03-24,39.5,31.02827262878418
2025-03-25,39.09000015258789,31.273120880126953
2025-03-26,40.619998931884766,31.56862449645996
2025-03-27,40.65999984741211,31.805030822753906
2025-03-28,40.13999938964844,31.602401733398438
2025-03-31,39.79999923706055,31.374433517456055
2025-04-01,40.060001373291016,31.49264144897461
2025-04-02,39.58000183105469,31.408206939697266
2025-04-03,36.83000183105469,30.395042419433594
2025-04-04,33.900001525878906,29.17079734802246
2025-04-07,34.5099983215332,28.014097213745117
2025-04-08,33.81999969482422,27.01781463623047
2025-04-09,35.79999923706055,28.115415573120117
2025-04-10,32.88999938964844,26.367700576782227
2025-04-11,34.33000183105469,26.891170501708984
2025-04-14,33.81999969482422,26.78985023498535
2025-04-15,33.029998779296875,26.173507690429688
2025-04-16,33.400001525878906,26.173507690429688
2025-04-17,34.560001373291016,26.691001892089844
2025-04-22,34.58000183105469,26.751564025878906
2025-04-23,33.25,26.448749542236328
2025-04-24,34.5099983215332,26.327625274658203
2025-04-25,34.880001068115234,26.40549087524414
2025-04-28,33.810001373291016,26.301664352416992
2025-04-29,34.65999984741211,26.44009780883789
2025-04-30,33.709999084472656,25.94693946838379
2025-05-02,36.43000030517578,26.65639305114746
2025-05-05,35.470001220703125,25.661428451538086
2025-05-06,36.970001220703125,26.085371017456055
2025-05-07,35.72999954223633,26.206499099731445
2025-05-08,36.65999984741211,26.569875717163086
2025-05-09,36.66999816894531,26.74291229248047
2025-05-12,38.560001373291016,27.38315200805664
2025-05-13,39.27000045776367,27.79844093322754
2025-05-14,39.20000076293945,27.60809898376465
2025-05-15,39.0,27.5734920501709
2025-05-16,39.43000030517578,27.703269958496094
2025-05-19,39.38999938964844,27.668663024902344
2025-05-20,39.7400016784668,27.781137466430664
2025-05-21,39.75,27.469669342041016
2025-05-22,38.97999954223633,27.106290817260742
2025-05-23,38.79999923706055,27.166852951049805
2025-05-26,39.04999923706055,27.08033561706543
2025-05-27,39.40999984741211,27.279327392578125
2025-05-28,39.20000076293945,27.19281005859375
2025-05-29,40.0,27.02842140197754
2025-05-30,38.95000076293945,26.7342586517334
2025-06-02,39.7400016784668,26.88999366760254
2025-06-03,40.95000076293945,26.898162841796875
2025-06-04,40.900001525878906,26.158418655395508
2025-06-05,41.04999923706055,26.167333602905273
2025-06-06,42.5099983215332,26.44362449645996
2025-06-09,42.150001525878906,25.99799346923828
2025-06-10,42.56999969482422,26.782299041748047
2025-06-11,43.310001373291016,27.67355728149414
2025-06-12,43.220001220703125,28.297439575195312
2025-06-13,43.97999954223633,28.992618560791016
2025-06-16,43.18000030517578,28.707420349121094
2025-06-17,44.029998779296875,29.358034133911133
2025-06-18,43.70000076293945,29.331300735473633
2025-06-20,43.560001373291016,29.25108528137207
2025-06-23,43.25,28.520254135131836
2025-06-24,41.560001373291016,27.958763122558594
2025-06-25,41.029998779296875,27.816158294677734
2025-06-26,41.849998474121094,28.038972854614258
2025-06-27,41.869998931884766,27.816158294677734
2025-06-30,42.400001525878906,27.96767234802246
2025-07-01,41.79999923706055,28.065711975097656
2025-07-02,42.15999984741211,28.564815521240234
2025-07-03,42.58000183105469,28.66285514831543
2025-07-04,42.58000183105469,28.6272029876709
2025-07-07,41.7599983215332,28.573732376098633
2025-07-08,43.08000183105469,28.983707427978516
2025-07-09,42.56999969482422,28.80545425415039
2025-07-10,41.79999923706055,28.734159469604492
2025-07-11,42.720001220703125,29.08174705505371
2025-07-14,42.900001525878906,28.69850730895996
2025-07-15,42.119998931884766,28.475690841674805
2025-07-16,42.38999938964844,28.33308982849121
2025-07-17,43.29999923706055,28.047887802124023
2025-07-18,43.290000915527344,27.620084762573242
2025-07-21,42.7599983215332,27.67355728149414
2025-07-22,42.58000183105469,27.94093894958496
2025-07-23,42.470001220703125,28.511341094970703
2025-07-24,42.29999923706055,28.466777801513672
2025-07-25,41.900001525878906,28.502429962158203
2025-07-28,41.47999954223633,28.53807830810547
2025-07-29,41.970001220703125,28.912405014038086
2025-07-30,42.720001220703125,29.206523895263672
2025-07-31,42.189998626708984,29.090656280517578
2025-08-01,40.9900016784668,28.707420349121094
2025-08-04,40.47999954223633,28.66285514831543
2025-08-05,40.619998931884766,28.796545028686523
2025-08-06,39.790000915527344,28.832191467285156
2025-08-07,39.650001525878906,28.992618560791016
2025-08-08,39.540000915527344,27.210105895996094
2025-08-11,39.130001068115234,27.37944221496582
2025-08-12,39.27000045776367,27.450742721557617
2025-08-13,38.869998931884766,27.24575424194336
2025-08-14,38.79999923706055,26.898162841796875
2025-08-15,38.810001373291016,26.889249801635742
2025-08-18,37.59000015258789,27.058591842651367
2025-08-19,36.849998474121094,26.773386001586914
2025-08-20,37.29999923706055,26.933813095092773
2025-08-21,37.5,26.996204376220703
2025-08-22,38.04999923706055,27.7727108001709
2025-08-25,38.18000030517578,27.936777114868164
2025-08-26,37.72999954223633,27.73625373840332
2025-08-27,38.349998474121094,27.945890426635742
2025-08-28,38.58000183105469,28.191991806030273
2025-08-29,37.869998931884766,28.346942901611328
2025-09-01,37.970001220703125,28.41074562072754
2025-09-02,37.9900016784668,28.556581497192383
2025-09-03,37.5099983215332,28.310482025146484
2025-09-04,37.31999969482422,28.310482025146484
2025-09-05,36.54999923706055,27.88208770751953
2025-09-08,36.59000015258789,27.991464614868164
2025-09-09,37.09000015258789,28.210222244262695
2025-09-10,37.630001068115234,28.72064781188965
2025-09-11,37.90999984741211,28.611270904541016
2025-09-12,38.150001525878906,28.419858932495117
2025-09-15,37.970001220703125,28.665958404541016
2025-09-16,38.470001220703125,28.73887825012207
2025-09-17,38.2400016784668,28.91205596923828
2025-09-18,38.88999938964844,28.629501342773438
2025-09-19,38.060001373291016,28.310482025146484
2025-09-22,38.18000030517578,28.593040466308594
2025-09-23,38.58000183105469,29.07612419128418
2025-09-24,38.90999984741211,29.73238754272461
2025-09-25,39.150001525878906,29.495405197143555
2025-09-26,39.2400016784668,29.395139694213867
2025-09-29,38.90999984741211,28.994089126586914
2025-09-30,38.130001068115234,28.675071716308594
2025-10-01,38.38999938964844,28.602153778076172
2025-10-02,38.29999923706055,28.328712463378906
2025-10-03,38.2400016784668,28.255794525146484
2025-10-06,37.90999984741211,28.000579833984375
2025-10-07,37.72999954223633,28.100841522216797
2025-10-08,37.63999938964844,27.936777114868164
2025-10-09,37.279998779296875,27.53572654724121
2025-10-10,36.02000045776367,27.289627075195312
2025-10-13,36.29999923706055,27.553956985473633
2025-10-14,35.31999969482422,27.362546920776367
2025-10-15,34.599998474121094,27.11644744873047
2025-10-16,34.20000076293945,26.84300422668457
2025-10-17,36.119998931884766,27.098215103149414
2025-10-20,35.40999984741211,27.11644744873047
2025-10-21,35.150001525878906,26.89769172668457
2025-10-22,36.209999084472656,27.207597732543945
2025-10-23,36.86000061035156,27.517498016357422
2025-10-24,37.04999923706055,27.1984806060791
2025-10-27,37.0,27.344316482543945
2025-10-28,36.43000030517578,27.335201263427734
2025-10-29,36.0,27.362546920776367
2025-10-30,35.77000045776367,27.24405288696289
2025-10-31,36.029998779296875,27.11644744873047
2025-11-03,36.439998626708984,27.43546485900879
2025-11-04,36.75,27.572185516357422
2025-11-05,37.810001373291016,28.11907196044922
2025-11-06,38.459999084472656,28.264907836914062
2025-11-07,38.849998474121094,29.331336975097656
2025-11-10,39.22999954223633,29.495405197143555
2025-11-11,40.29999923706055,30.261045455932617
2025-11-12,40.0099983215332,29.486286163330078
2025-11-13,39.83000183105469,29.6138973236084
2025-11-14,39.790000915527344,29.8053035736084
2025-11-17,39.849998474121094,29.969371795654297
2025-11-18,40.040000915527344,30.06963539123535
2025-11-19,39.40999984741211,29.914684295654297
2025-11-21,38.79999923706055,29.68681526184082
2025-11-24,38.540000915527344,29.659469604492188
2025-11-25,37.52000045776367,29.422483444213867
2025-11-26,37.9900016784668,29.376911163330078
2025-11-27,37.709999084472656,29.531864166259766
2025-11-28,37.209999084472656,28.975862503051758
2025-12-01,37.560001373291016,29.030550003051758
2025-12-02,37.58000183105469,29.2310733795166
2025-12-03,39.33000183105469,29.449831008911133
2025-12-04,39.59000015258789,29.641237258911133
2025-12-05,39.2599983215332,28.593040466308594
2025-12-08,39.349998474121094,28.85736846923828
2025-12-09,39.79999923706055,29.03966522216797
2025-12-10,39.599998474121094,29.112581253051758
2025-12-11,38.93000030517578,28.629501342773438
2025-12-12,39.40999984741211,28.79356575012207
2025-12-15,39.5,28.893827438354492
2025-12-16,38.54999923706055,28.018810272216797
2025-12-17,38.56999969482422,28.328712463378906
2025-12-18,38.54999923706055,28.16464614868164
2025-12-19,38.209999084472656,28.264907836914062
2025-12-22,39.40999984741211,28.346942901611328
2025-12-23,40.41999816894531,28.49938201904297
2025-12-26,40.599998474121094,28.59341049194336
2025-12-29,41.13999938964844,28.8942928314209
2025-12-30,41.41999816894531,28.978918075561523
2026-01-02,41.7599983215332,28.87548828125
2026-01-05,41.150001525878906,28.39595603942871
2026-01-06,40.81999969482422,27.869407653808594
2026-01-07,41.06999969482422,28.048057556152344
2026-01-08,41.83000183105469,28.39595603942871
2026-01-09,42.68000030517578,28.489980697631836
2026-01-12,43.2400016784668,28.546398162841797
2026-01-13,42.79999923706055,29.279800415039062
2026-01-14,44.06999969482422,30.07902717590332
2026-01-15,43.779998779296875,29.890975952148438
2026-01-16,44.16999816894531,30.126041412353516
2026-01-19,44.93000030517578,30.248273849487305
2026-01-20,45.40999984741211,30.361106872558594
2026-01-21,46.880001068115234,31.433006286621094
2026-01-22,46.25,31.574047088623047
2026-01-23,48.52000045776367,32.94683074951172
2026-01-26,48.5,33.24771499633789
2026-01-27,49.0099983215332,33.971717834472656
2026-01-28,50.5,35.10943603515625
2026-01-29,51.5099983215332,35.447933197021484
2026-01-30,50.9900016784668,35.50434494018555
2026-02-02,50.880001068115234,35.015411376953125
2026-02-03,51.5,35.33510208129883
2026-02-04,50.25,35.2786865234375
2026-02-05,49.150001525878906,34.78974533081055
2026-02-06,50.630001068115234,34.460655212402344
2026-02-09,51.04999923706055,35.09062957763672
2026-02-10,51.470001220703125,35.118839263916016
2026-02-11,53.599998474121094,35.805233001708984
2026-02-12,52.22999954223633,34.8931770324707
2026-02-13,52.560001373291016,34.686317443847656
2026-02-18,53.779998779296875,34.9683952331543
2026-02-19,54.93000030517578,35.551361083984375
2026-02-20,55.02000045776367,35.701805114746094
2026-02-23,53.45000076293945,36.284767150878906
2026-02-24,54.68000030517578,37.20622253417969
2026-02-25,53.630001068115234,37.20622253417969
2026-02-26,52.34000015258789,37.243839263916016
2026-02-27,54.4900016784668,36.98056411743164
2026-03-02,57.279998779296875,38.673038482666016
2026-03-03,55.119998931884766,38.503787994384766
2026-03-04,55.52000045776367,38.080665588378906
2026-03-05,56.959999084472656,38.259315490722656
2026-03-06,59.38999938964844,39.64150619506836
2026-03-09,59.70000076293945,40.58177185058594
2026-03-10,58.900001525878906,40.365509033203125
2026-03-11,59.349998474121094,42.12379837036133
2026-03-12,59.5,42.311851501464844
2026-03-13,57.79999923706055,42.001564025878906
2026-03-16,59.79999923706055,43.1204833984375
2026-03-17,62.689998626708984,43.60941696166992
2026-03-18,66.02999877929688,44.192378997802734
2026-03-19,65.81999969482422,43.98551940917969
2026-03-20,67.88999938964844,42.94182586669922
2026-03-23,65.95999908447266,43.28032302856445
2026-03-24,67.62999725341797,44.44625473022461
2026-03-25,67.27999877929688,44.66250991821289
2026-03-26,68.76000213623047,45.151451110839844
2026-03-27,70.81999969482422,46.458412170410156
2026-03-30,72.0999984741211,46.702880859375
2026-03-31,66.20999908447266,45.76262283325195
2026-04-01,64.12999725341797,44.54027557373047
2026-04-02,67.7699966430664,45.273685455322266
2026-04-06,67.30000305175781,46.0164909362793
2026-04-07,67.81999969482422,45.61217498779297
2026-04-08,64.0999984741211,43.82567596435547
2026-04-09,65.44999694824219,45.03861618041992
2026-04-10,67.6500015258789,46.10111618041992
2026-04-13,66.80000305175781,46.80630874633789
2026-04-14,65.08000183105469,45.019813537597656
2026-04-15,63.189998626708984,44.088951110839844
2026-04-16,64.25,45.67799758911133
2026-04-17,61.65999984741211,43.45897674560547
2026-04-20,61.630001068115234,44.211185455322266
2026-04-22,62.70000076293945,44.82235336303711
2026-04-23,62.720001220703125,45.54999542236328
2026-04-24,62.630001068115234,44.968345642089844
2026-04-27,64.3499984741211,45.168582916259766
2026-04-28,64.4000015258789,45.31161880493164
2026-04-29,66.37999725341797,46.6846923828125
2026-04-30,66.41000366210938,46.79912185668945
2026-05-04,70.16000366210938,47.047035217285156
2026-05-05,69.5,46.39863586425781
2026-05-06,66.54000091552734,45.07323455810547
2026-05-07,64.4000015258789,44.0720329284668
2026-05-08,63.27000045776367,43.54758834838867
2026-05-11,63.630001068115234,44.27227020263672
2026-05-12,64.62999725341797,43.55712890625
2026-05-13,65.44999694824219,42.49871063232422
2026-05-14,67.29000091552734,42.90872573852539
2026-05-15,68.80000305175781,43.35688781738281
2026-05-18,68.81999969482422,44.28180694580078
2026-05-19,69.31999969482422,43.94807434082031
2026-05-20,68.62999725341797,42.527313232421875
2026-05-21,68.0,42.86104965209961
2026-05-22,68.4000015258789,42.41289520263672
2026-05-25,64.30999755859375,41.38308334350586
2026-05-26,64.75,41.42122268676758
2026-05-27,62.97999954223633,40.83003616333008
2026-05-28,62.970001220703125,40.53444290161133
2026-05-29,62.25,40.04814529418945
2026-06-01,62.81999969482422,40.40094757080078
2026-06-02,61.97999954223633,40.304935455322266
2026-06-03,62.59000015258789,39.99467468261719
2026-06-05,61.119998931884766,39.6456298828125
2026-06-08,62.540000915527344,39.96559143066406
2026-06-09,61.79999923706055,39.91710662841797
2026-06-10,62.880001068115234,40.382503509521484
2026-06-11,62.04999923706055,40.48915481567383
2026-06-12,61.34000015258789,39.92680740356445
2026-06-15,57.099998474121094,37.87132263183594
2026-06-16,56.849998474121094,37.367149353027344
2026-06-17,56.7400016784668,37.39623260498047
2026-06-18,56.970001220703125,37.66770935058594
2026-06-19,57.20000076293945,37.619232177734375
2026-06-22,56.68000030517578,37.97797393798828
2026-06-23,56.099998474121094,38.13310623168945
2026-06-24,54.099998474121094,37.124755859375
2026-06-25,53.939998626708984,37.27988815307617
2026-06-26,53.290000915527344,36.901756286621094
2026-06-29,53.150001525878906,36.97932052612305
2026-06-30,52.150001525878906,36.64966583251953
2026-07-01,52.400001525878906,36.67875671386719
2026-07-02,52.56999969482422,36.8047981262207
2026-07-03,52.959999084472656,37.08597183227539
2026-07-06,53.56999969482422,36.62057876586914
2026-07-07,56.22999954223633,37.27018737792969
2026-07-08,56.41999816894531,38.44336700439453
2026-07-09,55.61000061035156,38.01675796508789
2026-07-10,55.45000076293945,38.44336700439453
2026-07-13,57.20000076293945,39.422630310058594
2026-07-14,57.56999969482422,39.422630310058594
2026-07-15,57.5,39.354759216308594
2026-07-16,56.790000915527344,38.676063537597656
2026-07-17,57.849998474121094,39.65532684326172
2026-07-20,57.689998626708984,39.89772033691406
2026-07-21,58.18000030517578,40.39219665527344
2026-07-22,59.77000045776367,41.284202575683594
2026-07-23,60.540000915527344,41.642940521240234
2026-07-24,58.81999969482422,40.92546081542969
2026-07-27,55.709999084472656,39.76197814941406
2026-07-28,56.77000045776367,39.95589065551758
2026-07-29,58.40999984741211,40.72185134887695
2026-07-30,59.959999084472656,41.53628921508789
2026-07-31,60.849998474121094,42.098636627197266
2026-08-03,58.5,41.739898681640625
2026-08-04,58.45000076293945,41.206634521484375
2026-08-05,59.20000076293945,40.65398025512695
2026-08-06,58.61000061035156,40.847896575927734
2026-08-07,57.45000076293945,39.62623977661133
2026-08-10,61.2400016784668,40.94485092163086
2026-08-11,59.25,40.39219665527344
2026-08-12,59.13999938964844,40.18859100341797
2026-08-13,59.06999969482422,40.62489700317383
2026-08-14,58.630001068115234,40.809112548828125
2026-08-17,61.58000183105469,41.17755126953125
2026-08-18,61.5,41.303592681884766
2026-08-19,61.529998779296875,41.798072814941406
2026-08-20,62.040000915527344,42.971248626708984
2026-08-21,62.849998474121094,42.95185852050781
2026-08-24,61.619998931884766,42.11000061035156
2026-08-25,60.880001068115234,41.349998474121094
2026-08-26,60.7599983215332,41.45000076293945
2026-08-27,61.09000015258789,42.70000076293945
2026-08-28,60.540000915527344,43.54999923706055
2026-08-31,62.68000030517578,45.02000045776367
2026-09-01,63.9900016784668,46.869998931884766
2026-09-02,64.41000366210938,48.20000076293945
2026-09-03,61.5,47.560001373291016
2026-09-04,60.189998626708984,47.11000061035156
2026-09-08,62.0,48.09000015258789
2026-09-09,62.52000045776367,48.41999816894531
2026-09-10,64.19000244140625,49.119998931884766
2026-09-11,64.19000244140625,49.0
2026-09-14,63.90999984741211,48.91999816894531
2026-09-15,65.68000030517578,50.43000030517578
2026-09-16,62.58000183105469,48.650001525878906
2026-09-17,63.290000915527344,48.61000061035156
2026-09-18,63.2400016784668,48.5
