Date,SANB11.SA,BBDC4.SA
2011-09-21,5.290914058685303,4.7992939949035645
2011-09-22,5.113962650299072,4.606788635253906
2011-09-23,4.996242523193359,4.455775260925293
2011-09-26,5.067567348480225,4.535433769226074
2011-09-27,5.1638569831848145,4.626705169677734
2011-09-28,5.078264236450195,4.626705169677734
2011-09-29,5.153156280517578,4.676488876342773
2011-09-30,4.892822742462158,4.5984954833984375
2011-10-03,4.775138854980469,4.480666637420654
2011-10-04,4.6538896560668945,4.534796237945557
2011-10-05,4.636056900024414,4.541438579559326
2011-10-06,4.714513301849365,4.581289768218994
2011-10-07,4.636056900024414,4.466718673706055
2011-10-10,4.782271862030029,4.649368762969971
2011-10-11,4.835763931274414,4.69752311706543
2011-10-13,4.989109992980957,4.807114124298096
2011-10-14,5.060434818267822,4.797152519226074
2011-10-17,4.996242523193359,4.782208442687988
2011-10-18,4.996242523193359,4.782208442687988
2011-10-19,5.1995158195495605,4.848625183105469
2011-10-20,5.170985698699951,4.848625183105469
2011-10-21,5.324333190917969,4.9515790939331055
2011-10-24,5.50264310836792,5.072793960571289
2011-10-25,5.50264310836792,5.072793960571289
2011-10-26,5.50264310836792,5.072793960571289
2011-10-27,5.50264310836792,5.072793960571289
2011-10-28,5.65242338180542,5.2222371101379395
2011-10-31,5.705915927886963,5.205633163452148
2011-11-01,5.349298000335693,5.106001853942871
2011-11-03,5.420621395111084,5.14188289642334
2011-11-04,5.4241862297058105,5.1285929679870605
2011-11-07,5.370696067810059,5.150191307067871
2011-11-08,5.36712646484375,5.183415412902832
2011-11-09,5.245879173278809,5.100350379943848
2011-11-10,5.245879173278809,5.100350379943848
2011-11-11,5.302936553955078,5.075429439544678
2011-11-14,5.242310523986816,5.150191307067871
2011-11-16,5.081831455230713,5.168468475341797
2011-11-17,4.8500285148620605,4.984053134918213
2011-11-18,4.693119525909424,4.892682075500488
2011-11-21,4.874992370605469,4.801306247711182
2011-11-22,4.57899808883667,4.734854698181152
2011-11-23,4.589696884155273,4.6567702293396
2011-11-24,4.5861310958862305,4.668399333953857
2011-11-25,4.589696884155273,4.651785373687744
2011-11-28,4.6788506507873535,4.744823455810547
2011-11-29,4.707381725311279,4.708271503448486
2011-11-30,4.960580348968506,4.922588348388672
2011-12-01,5.16741943359375,5.093700885772705
2011-12-02,5.206646919250488,5.103007793426514
2011-12-05,5.267274379730225,5.164510726928711
2011-12-06,5.274407386779785,5.196092128753662
2011-12-07,5.317200660705566,5.152873516082764
2011-12-08,5.213780879974365,5.152873516082764
2011-12-09,5.2815399169921875,5.191101551055908
2011-12-12,5.2815399169921875,5.191101551055908
2011-12-13,5.242310523986816,5.222108840942383
2011-12-14,5.21734619140625,5.157638072967529
2011-12-15,5.121059894561768,5.0269999504089355
2011-12-16,5.117496013641357,5.025304317474365
2011-12-19,5.02833890914917,5.072807788848877
2011-12-20,5.18881893157959,5.208534240722656
2011-12-21,5.29580545425415,5.191568374633789
2011-12-22,5.452467441558838,5.259433269500732
2011-12-23,5.474177360534668,5.25603723526001
2011-12-26,5.427143096923828,5.240772247314453
2011-12-27,5.557394504547119,5.25773286819458
2011-12-28,5.354779243469238,5.162727355957031
2011-12-29,5.4126691818237305,5.217020034790039
2012-01-02,5.579102039337158,5.210226535797119
2012-01-03,5.720207691192627,5.323276996612549
2012-01-04,5.647845268249512,5.331762313842773
2012-01-05,5.474177360534668,5.297819137573242
2012-01-06,5.463323593139648,5.36401891708374
2012-01-09,5.550156593322754,5.377598762512207
2012-01-10,5.6659369468688965,5.389476776123047
2012-01-11,5.655081272125244,5.392870903015137
2012-01-12,5.712972640991211,5.3945698738098145
2012-01-13,5.644227504730225,5.297819137573242
2012-01-16,5.77086067199707,5.338554859161377
2012-01-17,5.77086067199707,5.338554859161377
2012-01-18,5.7998046875,5.440404415130615
2012-01-19,5.908349514007568,5.457380294799805
2012-01-20,5.948147296905518,5.4794464111328125
2012-01-23,5.969855785369873,5.465867042541504
2012-01-24,5.879403114318848,5.5015106201171875
2012-01-26,6.038601398468018,5.552435874938965
2012-01-27,6.085635185241699,5.594874382019043
2012-01-30,5.944529056549072,5.503210067749023
2012-01-31,5.861313343048096,5.3300676345825195
2012-02-01,6.006036758422852,5.318184852600098
2012-02-02,6.139906883239746,5.331086158752441
2012-02-03,6.320812225341797,5.392222881317139
2012-02-06,6.226742744445801,5.392222881317139
2012-02-07,6.201413631439209,5.405818462371826
2012-02-08,6.349757671356201,5.388829231262207
2012-02-09,6.393173694610596,5.349766731262207
2012-02-10,6.328046798706055,5.249566078186035
2012-02-13,6.328046798706055,5.3191986083984375
2012-02-14,6.494481086730957,5.273343563079834
2012-02-15,6.6464409828186035,5.215596675872803
2012-02-16,6.686238765716553,5.247863292694092
2012-02-17,6.6790032386779785,5.232583999633789
2012-02-23,6.552371501922607,5.149364948272705
2012-02-24,6.469151973724365,5.1578545570373535
2012-02-27,6.548750400543213,5.105207920074463
2012-02-28,6.733276844024658,5.215596675872803
2012-02-29,6.675386428833008,5.298819065093994
2012-03-01,6.820107460021973,5.368450164794922
2012-03-02,7.037193298339844,5.4493255615234375
2012-03-05,6.773075103759766,5.3711652755737305
2012-03-06,6.548750400543213,5.233529567718506
2012-03-07,6.668148040771484,5.354174613952637
2012-03-08,6.805635929107666,5.437434196472168
2012-03-09,6.7694549560546875,5.534285068511963
2012-03-12,6.704329490661621,5.496906757354736
2012-03-13,6.820107460021973,5.590361595153809
2012-03-14,6.834580898284912,5.581865310668945
2012-03-15,6.722419261932373,5.610752105712891
2012-03-16,6.823726654052734,5.62434720993042
2012-03-19,6.823726654052734,5.571671485900879
2012-03-20,6.621110916137695,5.493504524230957
2012-03-21,6.458298206329346,5.505399227142334
2012-03-22,6.458298206329346,5.505399227142334
2012-03-23,6.259304046630859,5.564873695373535
2012-03-26,6.364227771759033,5.619246482849121
2012-03-27,6.36784553527832,5.603951930999756
2012-03-28,6.2556867599487305,5.483310699462891
2012-03-29,6.191476821899414,5.445930004119873
2012-03-30,6.111446857452393,5.4187421798706055
2012-04-02,6.176926136016846,5.434032917022705
2012-04-03,6.093256950378418,5.389416217803955
2012-04-04,5.984124660491943,5.253399848937988
2012-04-05,5.769496440887451,5.2194037437438965
2012-04-09,5.693102836608887,5.192203998565674
2012-04-10,5.693102836608887,5.183697700500488
2012-04-11,5.73675537109375,5.216004371643066
2012-04-12,6.009588241577148,5.3231120109558105
2012-04-13,5.7112932205200195,5.216004371643066
2012-04-16,5.627623558044434,5.188801288604736
2012-04-17,5.747668743133545,5.198999404907227
2012-04-18,5.813149452209473,5.192203998565674
2012-04-19,5.820423126220703,5.173498630523682
2012-04-20,5.787685871124268,5.168398380279541
2012-04-23,5.67855167388916,5.168398380279541
2012-04-24,5.758584976196289,5.209202766418457
2012-04-25,5.7112932205200195,5.074890613555908
2012-04-26,5.6749138832092285,5.108893394470215
2012-04-27,5.6749138832092285,5.117394924163818
2012-04-30,5.653085708618164,5.207504749298096
2012-05-02,5.653085708618164,5.207504749298096
2012-05-03,5.660362243652344,5.103316783905029
2012-05-04,5.613071441650391,5.077802658081055
2012-05-07,5.7658586502075195,5.05228853225708
2012-05-08,5.8240647315979,5.0233683586120605
2012-05-09,5.845890045166016,4.992749214172363
2012-05-10,6.060516357421875,5.011457443237305
2012-05-11,5.893179893493652,5.013164520263672
2012-05-14,5.805875301361084,4.907689571380615
2012-05-15,5.911369323730469,4.8668670654296875
2012-05-16,5.820423126220703,4.781808376312256
2012-05-17,5.613071441650391,4.572571277618408
2012-05-18,5.67855167388916,4.601492881774902
2012-05-21,5.67855167388916,4.926407814025879
2012-05-22,6.002313137054443,4.9247026443481445
2012-05-23,6.042326927185059,4.86856746673584
2012-05-24,5.747668743133545,4.824339866638184
2012-05-25,5.747668743133545,4.875370025634766
2012-05-28,6.005950450897217,4.839648723602295
2012-05-29,5.838617324829102,4.890681266784668
2012-05-30,5.773133277893066,4.9383134841918945
2012-05-31,5.929558277130127,5.035279273986816
2012-06-01,5.820423126220703,5.011457443237305
2012-06-04,5.714928150177002,4.975301742553711
2012-06-05,5.65672492980957,4.876579761505127
2012-06-06,5.81678581237793,5.072318077087402
2012-06-08,5.68582820892334,5.084236145019531
2012-06-11,5.802236557006836,5.140410900115967
2012-06-12,5.976848602294922,5.225511074066162
2012-06-13,5.976848602294922,5.2425312995910645
2012-06-14,5.882267475128174,5.276574611663818
2012-06-15,5.787685871124268,5.346360206604004
2012-06-18,5.7658586502075195,5.302107334136963
2012-06-19,5.805875301361084,5.344660758972168
2012-06-20,5.874989986419678,5.302107334136963
2012-06-21,5.631259441375732,5.148921012878418
2012-06-22,5.704017639160156,5.148921012878418
2012-06-25,5.660362243652344,5.02125883102417
2012-06-26,5.602159023284912,4.990622043609619
2012-06-27,5.602159023284912,5.068919658660889
2012-06-28,5.573054790496826,5.027205467224121
2012-06-29,5.709227085113525,5.131762504577637
2012-07-02,5.746298789978027,5.1437602043151855
2012-07-03,5.80190896987915,5.274229526519775
2012-07-04,5.8056182861328125,5.279372215270996
2012-07-05,5.798202991485596,5.284520149230957
2012-07-06,5.761126518249512,5.265651226043701
2012-07-10,5.201328754425049,5.162739276885986
2012-07-11,5.223572731018066,5.154163837432861
2012-07-12,5.208743572235107,5.061546325683594
2012-07-13,5.282888889312744,5.116433143615723
2012-07-16,5.186499118804932,5.111281394958496
2012-07-17,5.238400936126709,5.109569549560547
2012-07-18,5.394108295440674,5.1987624168396
2012-07-19,5.3829851150512695,5.257073879241943
2012-07-20,5.245815753936768,5.236493110656738
2012-07-23,5.26064395904541,4.986077308654785
2012-07-24,5.230985641479492,5.030671119689941
2012-07-25,5.2495222091674805,5.052966117858887
2012-07-26,5.375570297241211,5.085554122924805
2012-07-27,5.753713607788086,5.368566989898682
2012-07-30,5.883469104766846,5.433741092681885
2012-07-31,5.750008583068848,5.420018672943115
2012-08-01,5.8056182861328125,5.445742607116699
2012-08-02,5.586885452270508,5.38578987121582
2012-08-03,5.909419059753418,5.541974067687988
2012-08-06,5.979859828948975,5.667269229888916
2012-08-07,5.89459228515625,5.723906517028809
2012-08-08,5.98356819152832,5.801135540008545
2012-08-09,5.935375690460205,5.766813278198242
2012-08-10,5.935375690460205,5.766813278198242
2012-08-13,5.79449462890625,5.861210346221924
2012-08-14,5.753713607788086,5.83031702041626
2012-08-15,5.93166446685791,5.885234355926514
2012-08-16,6.002101898193359,5.909265041351318
2012-08-17,6.1133222579956055,5.969336986541748
2012-08-20,6.09849214553833,5.950457572937012
2012-08-21,6.165223598480225,5.933297634124756
2012-08-22,6.09849214553833,5.938443660736084
2012-08-23,6.0799560546875,5.8629255294799805
2012-08-24,5.942786693572998,5.8440446853637695
2012-08-27,5.9761528968811035,5.80285120010376
2012-08-28,5.879763603210449,5.866360664367676
2012-08-29,5.753713607788086,5.778829097747803
2012-08-30,5.635082721710205,5.783970355987549
2012-08-31,5.746298789978027,5.638088226318359
2012-09-03,5.735178470611572,5.7633795738220215
2012-09-04,5.586885452270508,5.701673984527588
2012-09-05,5.612839221954346,5.718841075897217
2012-09-06,5.868643760681152,5.7755126953125
2012-09-10,5.8056182861328125,5.780668258666992
2012-09-11,5.93166446685791,5.8167338371276855
2012-09-12,6.0836639404296875,5.899166107177734
2012-09-13,6.117029190063477,6.0520124435424805
2012-09-14,6.276442527770996,6.132728576660156
2012-09-17,6.335760593414307,6.156771183013916
2012-09-18,6.172637939453125,6.082925319671631
2012-09-19,6.25419807434082,6.079491138458252
2012-09-20,6.191173076629639,6.06746768951416
2012-09-21,6.1392717361450195,6.113834381103516
2012-09-24,6.068836212158203,6.0777716636657715
2012-09-25,5.764836311340332,5.667321681976318
2012-09-26,5.694398403167725,5.620952129364014
2012-09-27,5.712180137634277,5.693079948425293
2012-09-28,5.5438432693481445,5.593475341796875
2012-10-01,5.674770832061768,5.691363334655762
2012-10-02,5.633624076843262,5.70350456237793
2012-10-03,5.611179828643799,5.560874938964844
2012-10-04,5.588734149932861,5.584933280944824
2012-10-05,5.622400283813477,5.5591607093811035
2012-10-08,5.719659805297852,5.538536071777344
2012-10-09,5.513918399810791,5.371852397918701
2012-10-10,5.498953819274902,5.330605983734131
2012-10-11,5.618659019470215,5.425121784210205
2012-10-15,5.629879951477051,5.421685218811035
2012-10-16,5.611179828643799,5.511043071746826
2012-10-17,5.5550665855407715,5.53681755065918
2012-10-18,5.5700297355651855,5.574624061584473
2012-10-19,5.472766876220703,5.5591607093811035
2012-10-22,5.42413854598999,5.490423202514648
2012-10-23,5.311914920806885,5.3976216316223145
2012-10-24,5.281988620758057,5.438868045806885
2012-10-25,5.3306193351745605,5.572904586791992
2012-10-26,5.2370991706848145,5.4783935546875
2012-10-29,5.173505783081055,5.5024495124816895
2012-10-30,5.173505783081055,5.541975021362305
2012-10-31,5.21839714050293,5.499013900756836
2012-11-01,5.4316205978393555,5.696632385253906
2012-11-05,5.338101387023926,5.7001848220825195
2012-11-06,5.386729717254639,5.7775654792785645
2012-11-07,5.27450704574585,5.640004634857178
2012-11-08,5.210912227630615,5.547151565551758
2012-11-09,5.2370991706848145,5.536834716796875
2012-11-12,5.255802631378174,5.500726222991943
2012-11-13,5.34932279586792,5.615931987762451
2012-11-14,5.210912227630615,5.571221351623535
2012-11-16,5.143580913543701,5.634847640991211
2012-11-19,5.2595438957214355,5.760370254516602
2012-11-21,5.386729717254639,5.877299785614014
2012-11-22,5.42413854598999,5.940917015075684
2012-11-23,5.525138854980469,6.00969934463501
2012-11-26,5.390471458435059,5.9529571533203125
2012-11-27,5.267027378082275,5.861819744110107
2012-11-28,5.375507831573486,5.822271347045898
2012-11-29,5.454065322875977,5.915124893188477
2012-11-30,5.42413854598999,6.10255241394043
2012-12-03,5.323137283325195,6.150701522827148
2012-12-04,5.31939697265625,6.071671962738037
2012-12-05,5.36802864074707,6.168018341064453
2012-12-06,5.409175395965576,6.0407023429870605
2012-12-07,5.442843437194824,6.0441412925720215
2012-12-10,5.442843437194824,6.123284339904785
2012-12-11,5.442843437194824,6.159415245056152
2012-12-12,5.4203948974609375,6.166300296783447
2012-12-13,5.502697944641113,6.211031913757324
2012-12-14,5.495212554931641,6.183502197265625
2012-12-17,5.521398544311523,6.183502197265625
2012-12-18,5.525138854980469,6.188667297363281
2012-12-19,5.483991622924805,6.34179162979126
2012-12-20,5.659643173217773,6.279847621917725
2012-12-21,5.678572177886963,6.25576639175415
2012-12-26,5.621785640716553,6.221310138702393
2012-12-27,5.546072483062744,6.107718467712402
2012-12-28,5.6672139167785645,6.146162509918213
2013-01-02,5.565000057220459,6.289463996887207
2013-01-03,5.708858489990234,6.66494607925415
2013-01-04,5.652071475982666,6.553049564361572
2013-01-07,5.5990729331970215,6.519827842712402
2013-01-08,5.705070495605469,6.54256010055542
2013-01-09,5.758070945739746,6.6264777183532715
2013-01-10,6.049574851989746,6.539061546325684
2013-01-11,5.871644020080566,6.516332626342773
2013-01-14,5.939785480499268,6.6264777183532715
2013-01-15,5.875430107116699,6.521575927734375
2013-01-16,5.909501552581787,6.554798603057861
2013-01-17,5.867858409881592,6.6631951332092285
2013-01-18,5.879216194152832,6.687673568725586
2013-01-21,5.845142364501953,6.659704685211182
2013-01-22,5.659643173217773,6.659704685211182
2013-01-23,5.576358795166016,6.615992069244385
2013-01-24,5.542286396026611,6.600253582000732
2013-01-28,5.508215427398682,6.3974385261535645
2013-01-29,5.496857166290283,6.324012279510498
2013-01-30,5.500641822814941,6.259313583374023
2013-01-31,5.546072483062744,6.399190425872803
2013-02-01,5.614216327667236,6.362471103668213
2013-02-04,5.583927631378174,6.280367374420166
2013-02-05,5.527144432067871,6.261122703552246
2013-02-06,5.51200008392334,6.170496463775635
2013-02-07,5.398428440093994,6.117905616760254
2013-02-08,5.4438557624816895,6.240614414215088
2013-02-13,5.356785774230957,6.186270713806152
2013-02-14,5.364357948303223,6.103881359100342
2013-02-15,5.549858570098877,6.373844623565674
2013-02-18,5.523355960845947,6.477266788482666
2013-02-19,5.459001064300537,6.338782787322998
2013-02-20,5.428714275360107,6.1950364112854
2013-02-21,5.307571887969971,6.126672744750977
2013-02-22,5.421143531799316,6.252885818481445
2013-02-25,5.413572311401367,6.237109661102295
2013-02-26,5.402215003967285,6.100378036499023
2013-02-27,5.413572311401367,6.135436058044434
2013-02-28,5.4438557624816895,6.191529273986816
2013-03-01,5.481714248657227,6.261651515960693
2013-03-04,5.459001064300537,6.337188720703125
2013-03-05,5.470357418060303,6.3529744148254395
2013-03-06,5.754288196563721,6.3442063331604
2013-03-07,5.769428253173828,6.409106254577637
2013-03-08,6.011713981628418,6.503815650939941
2013-03-11,5.852713584899902,6.503815650939941
2013-03-12,5.705070495605469,6.452950477600098
2013-03-13,5.712644100189209,6.474000930786133
2013-03-14,5.792142868041992,6.452950477600098
2013-03-15,5.829998970031738,6.496801376342773
2013-03-18,5.792142868041992,6.377531051635742
2013-03-19,5.6672139167785645,6.296850204467773
2013-03-20,5.697502136230469,6.3529744148254395
2013-03-21,5.652071475982666,6.2950897216796875
2013-03-22,5.572572231292725,6.284573078155518
2013-03-25,5.413572311401367,6.195117473602295
2013-03-26,5.470357418060303,6.293689727783203
2013-03-27,5.417357444763184,6.430678844451904
2013-03-28,5.5309295654296875,6.430678844451904
2013-04-01,5.516650676727295,6.517500877380371
2013-04-02,5.417663097381592,6.448125839233398
2013-04-03,5.478580951690674,6.525351524353027
2013-04-04,5.383400917053223,6.397932529449463
2013-04-05,5.371977806091309,6.430750370025635
2013-04-08,5.356749534606934,6.305265426635742
2013-04-09,5.413858890533447,6.5079755783081055
2013-04-10,5.524267196655273,6.660490036010742
2013-04-11,5.543302536010742,6.652764797210693
2013-04-12,5.501424312591553,6.602571964263916
2013-04-15,5.474771499633789,6.4056572914123535
2013-04-16,5.558533668518066,6.5234174728393555
2013-04-17,5.4443159103393555,6.2840256690979
2013-04-18,5.4405083656311035,6.164334774017334
2013-04-19,5.501424312591553,6.2357635498046875
2013-04-22,5.554723739624023,6.212597846984863
2013-04-23,5.585181713104248,6.2840256690979
2013-04-24,5.569952487945557,6.2724456787109375
2013-04-25,5.406242370605469,6.224178791046143
2013-04-26,5.406242370605469,6.224178791046143
2013-04-29,5.406242370605469,6.156610012054443
2013-04-30,5.596603870391846,6.361251354217529
2013-05-02,5.509037017822266,6.349663257598877
2013-05-03,5.436700820922852,6.336274147033691
2013-05-06,5.387206554412842,6.278321266174316
2013-05-07,5.592796325683594,6.452179431915283
2013-05-08,5.558533668518066,6.510134696960449
2013-05-09,5.524267196655273,6.500475883483887
2013-05-10,5.490002632141113,6.473428726196289
2013-05-13,5.425278663635254,6.316952228546143
2013-05-14,5.391014099121094,6.4038848876953125
2013-05-15,5.463353633880615,6.452179431915283
2013-05-16,5.634674549102783,6.465701103210449
2013-05-17,5.615638732910156,6.585474014282227
2013-05-20,5.729857921600342,6.712972640991211
2013-05-21,5.729857921600342,6.747748851776123
2013-05-22,5.825035572052002,6.772860050201416
2013-05-23,5.729857921600342,6.680129051208496
2013-05-24,5.786966323852539,6.629908084869385
2013-05-27,5.863107681274414,6.6067214012146
2013-05-28,5.844073295593262,6.645361423492432
2013-05-29,5.844073295593262,6.502406120300293
2013-05-31,5.859302043914795,6.631838321685791
2013-06-03,5.733663558959961,6.440589427947998
2013-06-04,5.733663558959961,6.3575968742370605
2013-06-05,5.588990688323975,6.177829265594482
2013-06-06,5.668942451477051,6.181694984436035
2013-06-07,5.539495468139648,6.032857418060303
2013-06-10,5.592796325683594,6.160436153411865
2013-06-11,5.410050392150879,5.924610137939453
2013-06-12,5.4405083656311035,5.905282497406006
2013-06-13,5.493808746337891,5.824094772338867
2013-06-14,5.470963954925537,5.727446556091309
2013-06-17,5.558533668518066,5.7545084953308105
2013-06-18,5.463353633880615,5.711981296539307
2013-06-19,5.425278663635254,5.58827018737793
2013-06-20,5.322484016418457,5.599871635437012
2013-06-21,5.295834064483643,5.489686965942383
2013-06-24,5.2539544105529785,5.383373260498047
2013-06-25,5.120701789855957,5.427833080291748
2013-06-26,5.181966304779053,5.4626264572143555
2013-06-27,5.151097297668457,5.478091239929199
2013-06-28,5.1896820068359375,5.598176956176758
2013-07-01,5.232123374938965,5.607914447784424
2013-07-02,5.073929786682129,5.323544502258301
2013-07-03,5.008331775665283,5.280681610107422
2013-07-04,5.0121917724609375,5.272884845733643
2013-07-05,5.008331775665283,5.089713096618652
2013-07-08,4.973606586456299,5.0936126708984375
2013-07-10,4.981325626373291,5.091666221618652
2013-07-11,5.093218803405762,5.333292007446289
2013-07-12,4.992898941040039,5.319650173187256
2013-07-15,5.112513065338135,5.461900234222412
2013-07-16,5.0970778465271,5.442412376403809
2013-07-17,5.089362621307373,5.57296895980835
2013-07-18,5.035342693328857,5.498918533325195
2013-07-19,5.073929786682129,5.411231517791748
2013-07-22,5.208975315093994,5.609992027282715
2013-07-23,5.405758857727051,5.689882755279541
2013-07-24,5.471353530883789,5.606091499328613
2013-07-25,5.30929708480835,5.617786407470703
2013-07-26,5.30929708480835,5.617786407470703
2013-07-29,5.286145210266113,5.506712436676025
2013-07-30,5.351740837097168,5.485280513763428
2013-07-31,5.251418113708496,5.397592544555664
2013-08-01,5.382608413696289,5.541790008544922
2013-08-02,5.247560024261475,5.499020099639893
2013-08-05,5.247560024261475,5.385915756225586
2013-08-06,5.158815383911133,5.2767181396484375
2013-08-07,5.166531085968018,5.292319297790527
2013-08-08,5.305436134338379,5.463920593261719
2013-08-09,5.344021797180176,5.520467758178711
2013-08-12,5.475209712982178,5.616023540496826
2013-08-13,5.401899814605713,5.742769718170166
2013-08-14,5.32473087310791,5.684272289276123
2013-08-15,5.232123374938965,5.61016845703125
2013-08-16,5.344021797180176,5.557522296905518
2013-08-19,5.3324456214904785,5.547769069671631
2013-08-20,5.286145210266113,5.473668575286865
2013-08-21,5.239841461181641,5.382018089294434
2013-08-22,5.344021797180176,5.362517833709717
2013-08-23,5.363314628601074,5.4697723388671875
2013-08-26,5.286145210266113,5.403467655181885
2013-08-27,5.089362621307373,5.245518207550049
2013-08-28,5.081645488739014,5.216269016265869
2013-08-29,5.120229244232178,5.304016590118408
2013-08-30,5.262993335723877,5.413215160369873
2013-09-02,5.41733455657959,5.456120491027832
2013-09-03,5.2051167488098145,5.395752429962158
2013-09-04,5.232123374938965,5.423072338104248
2013-09-05,5.313157081604004,5.485520362854004
2013-09-06,5.37103271484375,5.5909013748168945
2013-09-09,5.521512985229492,5.754817008972168
2013-09-10,5.47907018661499,5.8250732421875
2013-09-11,5.513796329498291,5.8816680908203125
2013-09-12,5.47907018661499,5.768481254577637
2013-09-13,5.55238151550293,5.815315246582031
2013-09-16,5.4983625411987305,5.840682506561279
2013-09-17,5.556238651275635,5.901181221008301
2013-09-18,5.656561374664307,6.0963215827941895
2013-09-19,5.660418510437012,6.121693134307861
2013-09-20,5.4983625411987305,5.969478607177734
2013-09-23,5.6681365966796875,6.0007004737854
2013-09-24,5.625692844390869,6.0007004737854
2013-09-25,5.594825744628906,6.0299763679504395
2013-09-26,5.556238651275635,6.0280256271362305
2013-09-27,6.017049789428711,6.172434329986572
2013-09-30,5.8146653175354,5.928499221801758
2013-10-01,5.857478618621826,6.008509635925293
2013-10-02,5.9703450202941895,6.024257183074951
2013-10-03,5.896397590637207,6.004732131958008
2013-10-04,5.896397590637207,5.975440502166748
2013-10-07,5.946993827819824,6.004732131958008
2013-10-08,5.896397590637207,5.996921539306641
2013-10-09,6.013157367706299,6.096513748168945
2013-10-10,5.954777240753174,6.180480480194092
2013-10-11,5.982022762298584,6.160951137542725
2013-10-14,6.032617568969727,6.295696258544922
2013-10-15,5.993697166442871,6.311315059661865
2013-10-16,5.978132247924805,6.365992069244385
2013-10-17,5.982022762298584,6.399186611175537
2013-10-18,6.017049789428711,6.444101333618164
2013-10-21,6.067646503448486,6.365992069244385
2013-10-22,6.032617568969727,6.457769870758057
2013-10-23,5.96256160736084,6.3269362449646
2013-10-24,5.876936435699463,6.321079254150391
2013-10-25,5.845802307128906,6.280071258544922
2013-10-28,5.896397590637207,6.276167869567871
2013-10-29,5.946993827819824,6.344512462615967
2013-10-30,5.993697166442871,6.3191237449646
2013-10-31,6.005374431610107,6.289839267730713
2013-11-01,6.013157367706299,6.295696258544922
2013-11-04,6.052079200744629,6.448235511779785
2013-11-05,5.989803791046143,6.3622565269470215
2013-11-06,5.935317039489746,6.291913032531738
2013-11-07,5.935317039489746,6.237203121185303
2013-11-08,5.838017463684082,6.0144453048706055
2013-11-11,5.873046398162842,6.008584499359131
2013-11-12,5.783527374267578,5.959733486175537
2013-11-13,5.8107733726501465,6.039849281311035
2013-11-14,5.896397590637207,6.153181552886963
2013-11-18,5.9002885818481445,6.188353061676025
2013-11-19,5.748503684997559,5.985134601593018
2013-11-21,5.732932090759277,5.959733486175537
2013-11-22,5.655092239379883,5.920653343200684
2013-11-25,5.635634899139404,5.867895603179932
2013-11-26,5.6745524406433105,5.842493534088135
2013-11-27,5.775744438171387,5.979272365570068
2013-11-28,5.717365741729736,5.998816013336182
2013-11-29,5.79909610748291,6.057432174682617
2013-12-02,5.682336807250977,5.922604084014893
2013-12-03,5.600605010986328,5.7897748947143555
2013-12-04,5.550008773803711,5.713512420654297
2013-12-05,5.491628170013428,5.674407482147217
2013-12-06,5.538332462310791,5.670497894287109
2013-12-09,5.514980792999268,5.697869777679443
2013-12-10,5.495521068572998,5.629435062408447
2013-12-11,5.351515293121338,5.506247520446777
2013-12-12,5.3943281173706055,5.553173542022705
2013-12-13,5.370975494384766,5.578591823577881
2013-12-16,5.429356575012207,5.615752220153809
2013-12-17,5.425463676452637,5.607929706573486
2013-12-18,5.429356575012207,5.639209747314453
2013-12-19,5.526658058166504,5.736977577209473
2013-12-20,5.534440994262695,5.647032260894775
2013-12-23,5.421572208404541,5.609883785247803
2013-12-26,5.448816776275635,5.6819868087768555
2013-12-27,5.4098944664001465,5.717622756958008
2013-12-30,5.335947513580322,5.759199619293213
2014-01-02,5.34323787689209,5.6859540939331055
2014-01-03,5.327579498291016,5.6641740798950195
2014-01-06,5.3314948081970215,5.7116875648498535
2014-01-07,5.366723537445068,5.586958408355713
2014-01-08,5.503729820251465,5.5829973220825195
2014-01-09,5.4019551277160645,5.422637462615967
2014-01-10,5.374553680419922,5.468170642852783
2014-01-13,5.488072395324707,5.42857551574707
2014-01-14,5.656394958496094,5.478071212768555
2014-01-15,5.692874431610107,5.509746074676514
2014-01-16,5.626577377319336,5.4305548667907715
2014-01-17,5.529338836669922,5.377101898193359
2014-01-20,5.502818584442139,5.345426082611084
2014-01-21,5.365802764892578,5.406798839569092
2014-01-22,5.392322540283203,5.4424357414245605
2014-01-23,5.432101726531982,5.319687843322754
2014-01-24,5.343702793121338,5.214758396148682
2014-01-27,5.272981643676758,5.240497589111328
2014-01-28,5.246463775634766,5.244454860687256
2014-01-29,5.1801652908325195,5.123686790466309
2014-01-30,5.043146133422852,5.092011451721191
2014-01-31,4.9768476486206055,5.179120063781738
2014-02-03,4.861929893493652,4.996979236602783
2014-02-04,4.994526386260986,5.117979049682617
2014-02-05,4.848670482635498,5.096179962158203
2014-02-06,4.93706750869751,5.197237491607666
2014-02-07,5.038723945617676,5.2705488204956055
2014-02-10,5.069666862487793,5.177422523498535
2014-02-11,5.135965347290039,5.2705488204956055
2014-02-12,5.20668363571167,5.244789123535156
2014-02-13,5.109445095062256,5.2309184074401855
2014-02-14,5.171324253082275,5.290360450744629
2014-02-17,5.043146133422852,5.254696369171143
2014-02-18,5.029886245727539,5.2309184074401855
2014-02-19,5.065244674682617,5.339894771575928
2014-02-20,5.069666862487793,5.29234504699707
2014-02-21,5.109445095062256,5.403303146362305
2014-02-24,5.189002990722656,5.466707229614258
2014-02-25,5.14480447769165,5.339894771575928
2014-02-26,5.131546497344971,5.324045658111572
2014-02-27,5.166902542114258,5.435004711151123
2014-02-28,5.060825824737549,5.411226749420166
2014-03-05,5.021045684814453,5.343857765197754
2014-03-06,5.096185684204102,5.552201271057129
2014-03-07,5.078505516052246,5.480815887451172
2014-03-10,5.091765403747559,5.3499369621276855
2014-03-11,5.109445095062256,5.375717639923096
2014-03-12,5.056406021118164,5.40942907333374
2014-03-13,4.990106105804443,5.294417381286621
2014-03-14,4.853088855743408,5.228982925415039
2014-03-17,4.914966583251953,5.340027332305908
2014-03-18,5.056406021118164,5.403480529785156
2014-03-19,5.166902542114258,5.457021236419678
2014-03-20,5.14480447769165,5.6116862297058105
2014-03-21,5.184581756591797,5.601771354675293
2014-03-24,5.356960773468018,5.770320892333984
2014-03-25,5.348122596740723,5.724714279174805
2014-03-26,5.440942764282227,5.851620674133301
2014-03-27,5.507903575897217,6.07370662689209
2014-03-28,5.383532524108887,6.087592601776123
2014-03-31,5.583414077758789,6.184752941131592
2014-04-01,5.561206817626953,6.246225357055664
2014-04-02,5.712228775024414,6.409064292907715
2014-04-03,5.641158580780029,6.375332355499268
2014-04-04,5.59674072265625,6.299931049346924
2014-04-07,5.801065444946289,6.553912162780762
2014-04-08,5.605621814727783,6.4249348640441895
2014-04-09,5.485692501068115,6.371358871459961
2014-04-10,5.530111789703369,6.413030624389648
2014-04-11,5.59229850769043,6.58168888092041
2014-04-14,5.574530601501465,6.500335216522217
2014-04-15,5.476810455322266,6.4388251304626465
2014-04-16,5.587855815887451,6.514228343963623
2014-04-17,5.641158580780029,6.63328218460083
2014-04-22,5.707787990570068,6.611454010009766
2014-04-23,5.685575485229492,6.561849594116211
2014-04-24,5.712228775024414,6.667011737823486
2014-04-25,5.685575485229492,6.6531243324279785
2014-04-28,5.658925533294678,6.605503082275391
2014-04-29,6.55173921585083,6.657093524932861
2014-04-30,6.6183671951293945,6.591609477996826
2014-05-02,6.60059928894043,6.706696033477783
2014-05-05,6.645020484924316,6.812057971954346
2014-05-06,6.587274074554443,6.861690998077393
2014-05-07,6.596156597137451,6.943096160888672
2014-05-08,6.698322296142578,6.865662574768066
2014-05-09,6.6583428382873535,6.808084964752197
2014-05-12,6.676109790802002,6.931182861328125
2014-05-13,6.662785530090332,6.897432327270508
2014-05-14,6.65390157699585,7.01258659362793
2014-05-15,6.693878173828125,6.9232401847839355
2014-05-16,6.649460315704346,6.958978176116943
2014-05-19,6.636133670806885,6.84978723526001
2014-05-20,6.573948383331299,6.726686000823975
2014-05-21,6.605040550231934,6.555936813354492
2014-05-22,6.707202911376953,6.62344217300415
2014-05-23,6.6583428382873535,6.518212795257568
2014-05-26,6.702761650085449,6.49240255355835
2014-05-27,6.751623153686523,6.393128395080566
2014-05-28,6.7960405349731445,6.458649158477783
2014-05-29,6.707202911376953,6.389154434204102
2014-05-30,6.6894378662109375,6.196571350097656
2014-06-02,6.871553897857666,6.20451021194458
2014-06-03,6.880437850952148,6.258289813995361
2014-06-04,6.8271331787109375,6.204647064208984
2014-06-05,6.89376163482666,6.1569600105285645
2014-06-06,6.991483211517334,6.456964492797852
2014-06-09,7.151390552520752,6.631797790527344
2014-06-10,7.257995128631592,6.764908790588379
2014-06-11,6.973715782165527,6.838418483734131
2014-06-13,7.044785499572754,6.8225226402282715
2014-06-16,7.013691425323486,6.816565036773682
2014-06-17,7.013691425323486,6.725174903869629
2014-06-18,6.978155136108398,6.842392921447754
2014-06-20,6.9070892333984375,6.824512004852295
2014-06-23,6.9070892333984375,6.768877029418945
2014-06-24,6.898202419281006,6.832457542419434
2014-06-25,6.693878173828125,6.559961795806885
2014-06-26,6.734359264373779,6.545969486236572
2014-06-27,6.667237281799316,6.474013328552246
2014-06-30,6.765678405761719,6.406051158905029
2014-07-01,6.84174919128418,6.400063514709473
2014-07-02,6.850700855255127,6.38618803024292
2014-07-03,7.020736217498779,6.496191501617432
2014-07-04,6.855174541473389,6.528197765350342
2014-07-07,6.823851585388184,6.464193820953369
2014-07-08,6.626966953277588,6.410191059112549
2014-07-10,6.689610004425049,6.600194931030273
2014-07-11,6.685137748718262,6.642198085784912
2014-07-14,6.75225830078125,6.880203723907471
2014-07-15,6.75225830078125,6.942206859588623
2014-07-16,6.743309020996094,6.714199066162109
2014-07-17,6.774629592895508,6.68419885635376
2014-07-18,6.734359264373779,7.004206657409668
2014-07-21,6.6985602378845215,7.086211204528809
2014-07-22,6.738831520080566,7.036208152770996
2014-07-23,6.792527198791504,7.0402092933654785
2014-07-24,6.890970706939697,7.120210647583008
2014-07-25,6.899920463562012,7.060211658477783
2014-07-28,6.810426712036133,6.988211154937744
2014-07-29,6.846224784851074,7.018212795257568
2014-07-30,6.998363971710205,6.982208728790283
2014-07-31,6.819376468658447,6.9222092628479
2014-08-01,6.819376468658447,7.000208377838135
2014-08-04,6.926767826080322,7.1044111251831055
2014-08-05,6.689610004425049,7.024353981018066
2014-08-06,6.743309020996094,7.028357982635498
2014-08-07,6.653811931610107,6.954314231872559
2014-08-08,6.792527198791504,6.804219722747803
2014-08-11,6.747782230377197,6.994341850280762
2014-08-12,6.747782230377197,6.994341850280762
2014-08-13,6.743309020996094,6.928296089172363
2014-08-14,6.7835798263549805,7.134427547454834
2014-08-15,6.823851585388184,7.234487533569336
2014-08-18,6.84174919128418,7.284515857696533
2014-08-19,6.7835798263549805,7.504654884338379
2014-08-20,6.7701568603515625,7.544682025909424
2014-08-21,6.904395580291748,7.644740104675293
2014-08-22,6.837275505065918,7.524668216705322
2014-08-25,6.9849395751953125,7.738804817199707
2014-08-26,6.958091735839844,7.780825614929199
2014-08-27,7.011786937713623,7.986954212188721
2014-08-28,6.935719013214111,8.004961967468262
2014-08-29,6.922294616699219,8.233104705810547
2014-09-01,6.913344860076904,8.14706039428711
2014-09-02,6.953615665435791,8.319376945495605
2014-09-03,7.020736217498779,8.337394714355469
2014-09-04,7.065481185913086,8.049073219299316
2014-09-05,7.096806049346924,8.187227249145508
2014-09-08,7.020736217498779,7.958974361419678
2014-09-09,7.069954872131348,7.852847099304199
2014-09-10,7.061006546020508,7.65863561630249
2014-09-11,6.949140548706055,7.622596263885498
2014-09-12,7.110228538513184,7.408358573913574
2014-09-15,7.1370768547058105,7.65863561630249
2014-09-16,7.069954872131348,7.852847099304199
2014-09-17,7.159452438354492,7.892899036407471
2014-09-18,7.316064357757568,7.7887797355651855
2014-09-19,7.235520362854004,7.608580589294434
2014-09-22,7.284739971160889,7.546509265899658
2014-09-23,7.204197406768799,7.484442710876465
2014-09-24,7.181824207305908,7.542506694793701
2014-09-25,7.186299800872803,7.36229944229126
2014-09-26,7.262994766235352,7.686668872833252
2014-09-29,7.114770889282227,7.146060466766357
2014-09-30,7.110278129577637,6.975863933563232
2014-10-01,7.182143211364746,6.7215776443481445
2014-10-02,7.051886558532715,6.934082984924316
2014-10-03,7.033921718597412,7.078332424163818
2014-10-06,7.051886558532715,7.613263130187988
2014-10-07,6.8317952156066895,7.563176155090332
2014-10-08,6.872221946716309,7.4990692138671875
2014-10-09,6.625180244445801,7.645318031311035
2014-10-10,6.512887954711914,7.262658596038818
2014-10-13,6.647637367248535,7.845669746398926
2014-10-14,6.697044849395752,7.953860282897949
2014-10-15,6.580265522003174,7.519102096557617
2014-10-16,6.472463607788086,7.252636432647705
2014-10-17,6.692553997039795,7.533125877380371
2014-10-20,6.728487491607666,7.354814529418945
2014-10-21,6.894678115844727,7.036261558532715
2014-10-22,6.840780258178711,6.99218225479126
2014-10-23,7.002478122711182,6.619535446166992
2014-10-24,7.006971836090088,6.793835639953613
2014-10-27,6.782387733459473,6.719705581665039
2014-10-28,6.7599310874938965,7.042270660400391
2014-10-29,6.2927985191345215,6.763779640197754
2014-10-30,6.409579277038574,7.222586631774902
2014-10-31,5.996349811553955,7.477031707763672
2014-11-03,5.520235061645508,7.380863666534424
2014-11-04,6.310766220092773,7.47521448135376
2014-11-05,6.176015377044678,7.364957809448242
2014-11-06,6.333224296569824,7.206593990325928
2014-11-07,6.40059757232666,7.236659526824951
2014-11-10,6.310766220092773,7.274748802185059
2014-11-11,6.306273937225342,7.318851470947266
2014-11-12,6.378138542175293,7.338891506195068
2014-11-13,6.373646259307861,7.144450664520264
2014-11-14,6.274830341339111,7.16850471496582
2014-11-17,6.279324531555176,7.00813627243042
2014-11-18,6.360172271728516,7.322859764099121
2014-11-19,6.625180244445801,7.637585639953613
2014-11-21,6.768914699554443,8.218920707702637
2014-11-24,6.719507217407227,8.086618423461914
2014-11-25,6.926120281219482,8.202881813049316
2014-11-26,6.737471580505371,8.118692398071289
2014-11-27,6.6835713386535645,7.966340065002441
2014-11-28,6.517380237579346,7.944288730621338
2014-12-01,6.445512771606445,7.537354469299316
2014-12-02,6.441025257110596,7.429174900054932
2014-12-03,6.517380237579346,7.511415481567383
2014-12-04,6.360172271728516,7.350954532623291
2014-12-05,6.432037353515625,7.513422012329102
2014-12-08,6.229915142059326,7.1363420486450195
2014-12-09,6.225424289703369,7.3028130531311035
2014-12-10,6.086183547973633,7.090210437774658
2014-12-11,6.059231281280518,7.260694980621338
2014-12-12,5.987368583679199,6.835484981536865
2014-12-15,5.717867851257324,6.642938137054443
2014-12-16,5.614559650421143,6.677035331726074
2014-12-17,5.816683292388916,7.003965854644775
2014-12-18,5.884059429168701,6.961844444274902
2014-12-19,5.964908599853516,7.140353202819824
2014-12-22,5.964908599853516,7.200527191162109
2014-12-23,5.9199910163879395,7.3166046142578125
2014-12-26,5.982875823974609,7.161365509033203
2014-12-29,6.068217754364014,7.210385322570801
2014-12-30,5.964908599853516,7.161365509033203
2015-01-02,5.796625137329102,7.006126880645752
2015-01-05,5.755608081817627,7.020569801330566
2015-01-06,5.796625137329102,7.251526355743408
2015-01-07,6.038148880004883,7.539705276489258
2015-01-08,5.937894821166992,7.578537464141846
2015-01-09,5.878651142120361,7.249476432800293
2015-01-12,5.760165214538574,7.120715618133545
2015-01-13,5.746493816375732,7.143194198608398
2015-01-14,5.823964595794678,7.218826770782471
2015-01-15,6.01536226272583,7.145246982574463
2015-01-16,5.992578506469727,7.214733123779297
2015-01-19,5.823964595794678,7.06348991394043
2015-01-20,5.96979284286499,7.041008472442627
2015-01-21,6.0335917472839355,7.212688446044922
2015-01-22,6.010810375213623,7.292398929595947
2015-01-23,5.997134685516357,7.229043006896973
2015-01-26,6.152076244354248,7.345538139343262
2015-01-27,6.038148880004883,7.357798099517822
2015-01-28,6.0335917472839355,7.204509735107422
2015-01-29,6.106507778167725,7.106410503387451
2015-01-30,5.664467811584473,6.893847465515137
2015-02-02,5.741939067840576,6.965387344360352
2015-02-03,5.910552501678467,7.223204612731934
2015-02-04,6.0882768630981445,7.405209064483643
2015-02-05,6.060935020446777,7.286595344543457
2015-02-06,6.001692771911621,7.317269802093506
2015-02-09,6.0973920822143555,7.392946243286133
2015-02-10,5.901434898376465,7.238317012786865
2015-02-11,6.00624942779541,7.043185710906982
2015-02-12,6.243217945098877,7.322530269622803
2015-02-13,6.502971649169922,7.517661094665527
2015-02-18,6.448287487030029,7.599822521209717
2015-02-19,6.480186462402344,7.583393573760986
2015-02-20,6.37993049621582,7.601875305175781
2015-02-23,6.389044284820557,7.675822734832764
2015-02-24,6.512088298797607,7.760035991668701
2015-02-25,6.448287487030029,7.803163051605225
2015-02-26,6.598672389984131,7.8195977210998535
2015-02-27,6.452845096588135,7.72306489944458
2015-03-02,6.22954797744751,7.618305206298828
2015-03-03,6.320688247680664,7.634883403778076
2015-03-04,6.402716159820557,7.476632595062256
2015-03-05,6.448287487030029,7.464300155639648
2015-03-06,6.384487152099609,7.373878479003906
2015-03-09,6.288790225982666,7.162199974060059
2015-03-10,6.120176315307617,6.923803329467773
2015-03-11,6.1976447105407715,7.131371974945068
2015-03-12,6.060935020446777,7.003954887390137
2015-03-13,6.129291534423828,6.917634963989258
2015-03-16,6.111063003540039,7.020398139953613
2015-03-17,6.3571457862854,7.295782566070557
2015-03-18,6.630570411682129,7.583506107330322
2015-03-19,6.548544883728027,7.456087112426758
2015-03-20,6.58955717086792,7.571176528930664
2015-03-23,6.553102016448975,7.55267858505249
2015-03-24,6.630570411682129,7.480743885040283
2015-03-25,6.516643524169922,7.484854221343994
2015-03-26,6.334360599517822,7.254681587219238
2015-03-27,6.22954797744751,7.053277492523193
2015-03-30,6.550173282623291,7.201249599456787
2015-03-31,6.381048202514648,7.2875657081604
2015-04-01,6.673588275909424,7.52431583404541
2015-04-02,6.7741498947143555,7.60302209854126
2015-04-06,6.970701217651367,7.6770548820495605
2015-04-07,6.851855754852295,7.719000339508057
2015-04-08,7.025552272796631,7.71653413772583
2015-04-09,6.815288543701172,7.578347206115723
2015-04-10,6.943276882171631,7.607960224151611
2015-04-13,6.8564276695251465,7.6277008056640625
2015-04-14,6.9158501625061035,7.733813762664795
2015-04-15,6.952418804168701,7.817711353302002
2015-04-16,6.970701217651367,7.8201823234558105
2015-04-17,6.815288543701172,7.588221549987793
2015-04-20,6.691874027252197,7.546266555786133
2015-04-22,6.888424873352051,7.607960224151611
2015-04-23,7.016411304473877,7.802910327911377
2015-04-24,7.002700328826904,8.02006721496582
2015-04-27,6.938704490661621,7.869536399841309
2015-04-28,7.3592305183410645,8.02006721496582
2015-04-29,7.423223972320557,7.780697345733643
2015-04-30,7.363804817199707,7.941096305847168
2015-05-04,7.487219333648682,7.9805827140808105
2015-05-05,7.816329002380371,8.012420654296875
2015-05-06,7.857468128204346,7.814887523651123
2015-05-07,7.802613735198975,7.785255432128906
2015-05-08,7.871179103851318,7.814887523651123
2015-05-11,7.830042362213135,7.790193557739258
2015-05-12,7.743193626403809,7.711184978485107
2015-05-13,7.9077467918396,7.634638786315918
2015-05-14,7.999166011810303,7.809947490692139
2015-05-15,8.0951566696167,7.945752143859863
2015-05-18,7.889463901519775,7.743280410766602
2015-05-19,7.7477617263793945,7.6741461753845215
2015-05-20,7.633487701416016,7.456859111785889
2015-05-21,7.679199695587158,7.367969512939453
2015-05-22,7.58778190612793,7.160561561584473
2015-05-25,7.715768337249756,7.234635829925537
2015-05-26,7.427798271179199,6.975373268127441
2015-05-27,7.4643635749816895,7.2296929359436035
2015-05-28,7.377513885498047,7.145744323730469
2015-05-29,7.203818321228027,6.963028430938721
2015-06-01,7.17639684677124,6.9210524559021
2015-06-02,7.391228675842285,7.157987117767334
2015-06-03,7.249529838562012,6.965265274047852
2015-06-05,7.318092346191406,6.817015171051025
2015-06-08,7.130685806274414,6.809604167938232
2015-06-09,7.107828140258789,6.770070552825928
2015-06-10,7.3546624183654785,7.017148971557617
2015-06-11,7.409512042999268,7.007266044616699
2015-06-12,7.450651168823242,6.86890172958374
2015-06-15,7.395799160003662,6.841726779937744
2015-06-16,7.6426310539245605,6.994916915893555
2015-06-17,7.478078365325928,6.846665382385254
2015-06-18,7.519216537475586,7.103631019592285
2015-06-19,7.4552226066589355,6.960323333740234
2015-06-22,7.551213264465332,7.027035713195801
2015-06-23,7.57863712310791,7.118962287902832
2015-06-24,7.761476993560791,7.163733959197998
2015-06-25,7.57863712310791,7.138857364654541
2015-06-26,7.738621234893799,7.243332386016846
2015-06-29,7.57863712310791,7.049313068389893
2015-06-30,7.67462682723999,7.071699142456055
2015-07-01,7.619777202606201,7.049313068389893
2015-07-02,7.679199695587158,7.193416595458984
2015-07-03,7.574067115783691,7.111274719238281
2015-07-06,7.633487701416016,6.971888065338135
2015-07-07,7.724907875061035,6.909661293029785
2015-07-08,7.478078365325928,6.802635669708252
2015-07-10,7.633487701416016,7.093852519989014
2015-07-13,7.802613735198975,7.218306541442871
2015-07-14,7.999166011810303,7.263105392456055
2015-07-15,8.026592254638672,7.228267669677734
2015-07-16,7.8620381355285645,7.193416595458984
2015-07-17,7.802613735198975,7.173503398895264
2015-07-20,7.948888301849365,7.034114837646484
2015-07-21,7.569496154785156,6.944510459899902
2015-07-22,7.496360778808594,6.857396602630615
2015-07-23,7.139825820922852,6.593553066253662
2015-07-24,7.313522815704346,6.653290271759033
2015-07-27,7.217532634735107,6.745380878448486
2015-07-28,7.418655872344971,6.815079212188721
2015-07-29,7.3592305183410645,6.872330665588379
2015-07-30,7.135255336761475,6.695601463317871
2015-07-31,7.290668487548828,6.839964866638184
2015-08-03,7.473507404327393,6.548747539520264
2015-08-04,7.313522815704346,6.488703727722168
2015-08-05,7.3820881843566895,6.461307048797607
2015-08-06,7.487219333648682,6.488703727722168
2015-08-07,7.039263725280762,6.306872367858887
2015-08-10,7.103260517120361,6.389069557189941
2015-08-11,7.126115322113037,6.496176242828369
2015-08-12,7.057552337646484,6.199765682220459
2015-08-13,6.669017314910889,6.052799224853516
2015-08-14,6.614166736602783,6.020422458648682
2015-08-17,6.545602798461914,5.918292045593262
2015-08-18,6.609597206115723,6.037856101989746
2015-08-19,6.499892711639404,5.856026649475098
2015-08-20,6.495323657989502,5.823643207550049
2015-08-21,6.353622913360596,5.758879661560059
2015-08-24,6.3764777183532715,5.733972549438477
2015-08-25,6.2896294593811035,5.631848335266113
2015-08-26,6.765007972717285,5.998003959655762
2015-08-27,6.924992084503174,6.167379856109619
2015-08-28,6.737583160400391,5.970605373382568
2015-08-31,6.595881462097168,5.741444110870361
2015-09-01,6.509034633636475,5.577047348022461
2015-09-02,6.947846412658691,5.6789937019348145
2015-09-03,7.11697244644165,5.821091651916504
2015-09-04,6.719297409057617,5.574289321899414
2015-09-08,6.554746627807617,5.703925132751465
2015-09-09,6.559314250946045,5.771233081817627
2015-09-10,6.7457661628723145,5.646588325500488
2015-09-11,6.5709309577941895,5.584262371063232
2015-09-14,6.833185195922852,5.833558082580566
2015-09-15,6.901180267333984,5.945740699768066
2015-09-16,7.090581893920898,6.167616367340088
2015-09-17,7.076013088226318,6.1501665115356445
2015-09-18,6.706916332244873,5.816108703613281
2015-09-21,6.580644130706787,5.636614799499512
2015-09-22,6.614638328552246,5.659050941467285
2015-09-23,6.37181282043457,5.467090129852295
2015-09-24,6.454370975494385,5.531908988952637
2015-09-25,6.347528457641602,5.4047675132751465
2015-09-28,6.211547374725342,5.270144462585449
2015-09-29,6.162978649139404,5.237739086151123
2015-09-30,6.124124526977539,5.3399505615234375
2015-10-01,6.269824981689453,5.4122443199157715
2015-10-02,6.532078742980957,5.616585731506348
2015-10-05,6.7166266441345215,5.7812652587890625
2015-10-06,6.770049571990967,5.836160182952881
2015-10-07,7.367405414581299,6.045750141143799
2015-10-08,7.3722639083862305,6.0507402420043945
2015-10-09,7.527673244476318,5.985870361328125
2015-10-13,6.85746955871582,5.659002304077148
2015-10-14,6.755477428436279,5.629057884216309
2015-10-15,6.82347297668457,5.6090989112854
2015-10-16,6.9934515953063965,5.501806259155273
2015-10-19,6.9934515953063965,5.494321346282959
2015-10-20,6.842897891998291,5.364573001861572
2015-10-21,6.872036457061768,5.3720598220825195
2015-10-22,6.910889148712158,5.451903820037842
2015-10-23,7.046875953674316,5.377050876617432
2015-10-26,6.974025726318359,5.337125778198242
2015-10-27,6.85746955871582,5.359584331512451
2015-10-28,6.983739852905273,5.594130039215088
2015-10-29,6.638920783996582,5.2497992515563965
2015-10-30,6.7166266441345215,5.239815711975098
2015-11-03,7.163431167602539,5.516780376434326
2015-11-04,7.4256815910339355,5.4066338539123535
2015-11-05,7.522815704345703,5.553972244262695
2015-11-06,7.173144340515137,5.47406005859375
2015-11-09,7.042017459869385,5.351690769195557
2015-11-10,7.114866256713867,5.324222564697266
2015-11-11,7.396546840667725,5.4540815353393555
2015-11-12,7.318840980529785,5.451583385467529
2015-11-13,7.139148235321045,5.371671199798584
2015-11-16,7.216854095458984,5.416623592376709
2015-11-17,7.357694149017334,5.618905067443848
2015-11-18,7.357694149017334,5.663854598999023
2015-11-19,7.717079162597656,5.843660831451416
2015-11-23,7.649087905883789,5.7862229347229
2015-11-24,7.624805450439453,5.7462639808654785
2015-11-25,7.396546840667725,5.466569900512695
2015-11-26,7.532530307769775,5.586435794830322
2015-11-27,7.10515022277832,5.381659030914307
2015-11-30,7.187713623046875,5.274280071258545
2015-12-01,7.139148235321045,5.244311332702637
2015-12-02,7.22170877456665,5.241543769836426
2015-12-03,7.527673244476318,5.471505165100098
2015-12-04,7.469396114349365,5.396517753601074
2015-12-07,7.6296610832214355,5.341527938842773
2015-12-08,7.498535633087158,5.224050998687744
2015-12-09,7.673371315002441,5.486501216888428
2015-12-10,7.532530307769775,5.249044895172119
2015-12-11,7.595667362213135,5.2040557861328125
2015-12-14,7.687942028045654,5.111569881439209
2015-12-15,7.741363525390625,5.191552639007568
2015-12-16,7.746219635009766,5.236545085906982
2015-12-17,7.959909439086914,5.349321365356445
2015-12-18,7.571383953094482,5.117533206939697
2015-12-21,7.4839677810668945,4.969087600708008
2015-12-22,7.527673244476318,5.01336145401001
2015-12-23,7.721934795379639,5.052425384521484
2015-12-28,7.862779140472412,5.1019086837768555
2015-12-29,7.804497718811035,5.127955913543701
2015-12-30,7.7899274826049805,5.021172523498535
2016-01-04,7.50386381149292,4.948253154754639
2016-01-05,7.391176223754883,4.966220855712891
2016-01-06,7.222148895263672,4.89583683013916
2016-01-07,7.022387504577637,4.796774387359619
2016-01-08,7.022387504577637,4.702920436859131
2016-01-11,7.037754058837891,4.569970607757568
2016-01-12,7.124826908111572,4.543900489807129
2016-01-13,7.058243274688721,4.4787278175354
2016-01-14,6.904577732086182,4.61428689956665
2016-01-15,6.684329509735107,4.496973514556885
2016-01-18,6.658720016479492,4.457870006561279
2016-01-19,6.807257175445557,4.4891557693481445
2016-01-20,6.720184326171875,4.4995808601379395
2016-01-21,6.715062618255615,4.434407711029053
2016-01-22,6.689452171325684,4.525650501251221
2016-01-26,6.469200611114502,4.473514080047607
2016-01-27,6.505054950714111,4.528256416320801
2016-01-28,6.5357866287231445,4.536077499389648
2016-01-29,6.684329509735107,4.731603145599365
2016-02-01,6.786771774291992,4.854125022888184
2016-02-02,6.392370223999023,4.658130168914795
2016-02-03,6.5153021812438965,4.882556438446045
2016-02-04,6.848235607147217,5.1487345695495605
2016-02-05,6.935311317443848,5.096545696258545
2016-02-10,6.966043472290039,5.153953552246094
2016-02-11,6.771407127380371,5.0208635330200195
2016-02-12,6.863602638244629,5.036520481109619
2016-02-15,6.9609222412109375,5.036520481109619
2016-02-16,7.104342937469482,5.216586112976074
2016-02-17,7.196539402008057,5.273995399475098
2016-02-18,7.165805816650391,5.167003631591797
2016-02-19,7.119707107543945,5.187880039215088
2016-02-22,7.427031993865967,5.459275245666504
2016-02-23,7.268246650695801,5.407083034515381
2016-02-24,7.222148895263672,5.396646499633789
2016-02-25,7.2887349128723145,5.380987644195557
2016-02-26,7.247758388519287,5.396646499633789
2016-02-29,7.657524108886719,5.568878650665283
2016-03-01,8.01095199584961,5.725457191467285
2016-03-02,8.338766098022461,5.850547790527344
2016-03-03,9.040493965148926,6.372917652130127
2016-03-04,8.973905563354492,7.03110408782959
2016-03-07,8.91243839263916,6.832603454589844
2016-03-08,8.825363159179688,6.866560935974121
2016-03-09,8.681943893432617,6.555747985839844
2016-03-10,8.605114936828613,6.751638889312744
2016-03-11,8.50267219543457,6.99193000793457
2016-03-14,8.51291561126709,6.9475226402282715
2016-03-15,8.149246215820312,6.581864356994629
2016-03-16,8.389986991882324,6.435604572296143
2016-03-17,9.122444152832031,7.274008750915527
2016-03-18,8.758777618408203,7.177369117736816
2016-03-21,8.886829376220703,7.297513961791992
2016-03-22,8.963658332824707,7.221770763397217
2016-03-23,8.758777618408203,6.9867024421691895
2016-03-24,8.687067985534668,6.858721733093262
2016-03-28,8.917560577392578,7.193039894104004
2016-03-29,8.963658332824707,7.318408489227295
2016-03-30,9.06610107421875,7.328855514526367
2016-03-31,8.69218921661377,7.067671298980713
2016-04-01,8.881706237792969,7.208707809448242
2016-04-04,8.52828311920166,6.915706634521484
2016-04-05,8.697311401367188,6.947070598602295
2016-04-06,8.640970230102539,6.764111518859863
2016-04-07,8.6153564453125,6.816389560699463
2016-04-08,8.640970230102539,7.163999557495117
2016-04-11,8.492426872253418,7.284235000610352
2016-04-12,8.835606575012207,7.626616954803467
2016-04-13,8.676824569702148,8.389276504516602
2016-04-14,8.569255828857422,7.501165390014648
2016-04-15,8.707555770874023,7.53513765335083
2016-04-18,8.886829376220703,7.492271423339844
2016-04-19,8.886829376220703,7.509523868560791
2016-04-20,8.922684669494629,7.503775596618652
2016-04-22,8.850976943969727,7.345648288726807
2016-04-25,8.815119743347168,7.176028251647949
2016-04-26,8.91243839263916,7.43477201461792
2016-04-27,9.122444152832031,7.696405410766602
2016-04-28,9.27098560333252,7.538275241851807
2016-04-29,9.506601333618164,7.446276664733887
2016-05-02,9.352937698364258,7.299652576446533
2016-05-03,9.219764709472656,7.146857261657715
2016-05-04,9.440014839172363,7.451836109161377
2016-05-05,9.30683708190918,7.264820575714111
2016-05-06,9.352937698364258,7.299343109130859
2016-05-09,9.434891700744629,7.34537935256958
2016-05-10,9.72685432434082,7.661868095397949
2016-05-11,9.731976509094238,7.736672401428223
2016-05-12,9.783195495605469,7.903549671173096
2016-05-13,9.317085266113281,7.58418607711792
2016-05-16,9.296598434448242,7.451836109161377
2016-05-17,9.148056030273438,7.210150241851807
2016-05-18,9.183911323547363,7.2418036460876465
2016-05-19,9.142932891845703,7.09219217300415
2016-05-20,9.050735473632812,7.014509677886963
2016-05-23,9.235128402709961,7.0346503257751465
2016-05-24,9.199274063110352,7.054784297943115
2016-05-25,9.168542861938477,7.026015281677246
2016-05-27,9.11732292175293,6.9253153800964355
2016-05-30,9.08146858215332,6.905176162719727
2016-05-31,8.90219497680664,6.559917449951172
2016-06-01,9.050735473632812,6.680756092071533
2016-06-02,9.214641571044922,6.896416664123535
2016-06-03,9.3222074508667,6.930971145629883
2016-06-06,9.219764709472656,6.890655517578125
2016-06-07,9.204400062561035,6.979922771453857
2016-06-08,9.429771423339844,7.198760986328125
2016-06-09,9.41952896118164,7.21027946472168
2016-06-10,9.045614242553711,6.922328472137451
2016-06-13,9.189031600952148,7.0375075340271
2016-06-14,8.815119743347168,6.899296283721924
2016-06-15,8.774145126342773,6.910815715789795
2016-06-16,8.938051223754883,7.014477729797363
2016-06-17,9.014877319335938,6.971284866333008
2016-06-20,9.153179168701172,7.086465358734131
2016-06-21,9.183911323547363,7.169969081878662
2016-06-22,9.060979843139648,7.155571937561035
2016-06-23,9.404159545898438,7.390443801879883
2016-06-24,9.009757995605469,7.207645416259766
2016-06-27,8.794628143310547,6.92327880859375
2016-06-28,8.891951560974121,7.094479084014893
2016-06-29,9.153179168701172,7.265671730041504
2016-06-30,9.31196117401123,7.306291580200195
2016-07-01,9.388795852661133,7.433965682983398
2016-07-04,9.521967887878418,7.465601921081543
2016-07-05,9.224888801574707,7.462697505950928
2016-07-06,9.255619049072266,7.462697505950928
2016-07-07,9.409822463989258,7.491734504699707
2016-07-08,9.673069953918457,7.697902202606201
2016-07-11,9.8847017288208,7.785017490386963
2016-07-12,9.626612663269043,7.721135139465332
2016-07-13,9.765983581542969,7.892457485198975
2016-07-14,9.956962585449219,8.217679023742676
2016-07-15,9.91050910949707,8.217679023742676
2016-07-18,10.091167449951172,8.389001846313477
2016-07-19,10.034388542175293,8.357062339782715
2016-07-20,10.11698055267334,8.429651260375977
2016-07-21,10.044716835021973,8.36577033996582
2016-07-22,10.271829605102539,8.420944213867188
2016-07-25,10.3027982711792,8.394806861877441
2016-07-26,10.421518325805664,8.328027725219727
2016-07-27,10.38538932800293,8.357062339782715
2016-07-28,10.25634479522705,7.985379219055176
2016-07-29,10.519597053527832,8.235098838806152
2016-08-01,10.49378490447998,8.246719360351562
2016-08-02,10.375065803527832,8.144707679748535
2016-08-03,10.524757385253906,8.33358097076416
2016-08-04,10.74670696258545,8.423654556274414
2016-08-05,10.720898628234863,8.475964546203613
2016-08-08,10.78283977508545,8.391695022583008
2016-08-09,10.968663215637207,8.348109245300293
2016-08-10,10.927369117736816,8.228972434997559
2016-08-11,11.350630760192871,8.47305679321289
2016-08-12,11.355791091918945,8.4846773147583
2016-08-15,11.577747344970703,8.609625816345215
2016-08-16,11.443541526794434,8.478860855102539
2016-08-17,11.670655250549316,8.574753761291504
2016-08-18,11.701626777648926,8.59799861907959
2016-08-19,11.804856300354004,8.548603057861328
2016-08-22,11.562262535095215,8.319049835205078
2016-08-23,11.484833717346191,8.228972434997559
2016-08-24,11.588069915771484,8.170858383178711
2016-08-25,11.608713150024414,8.208637237548828
2016-08-26,11.639688491821289,8.32196044921875
2016-08-29,11.902934074401855,8.47305679321289
2016-08-30,11.810026168823242,8.499205589294434
2016-08-31,11.706791877746582,8.444005012512207
2016-09-01,11.717111587524414,8.359731674194336
2016-09-02,11.88228702545166,8.60366439819336
2016-09-05,12.078431129455566,8.632744789123535
2016-09-06,11.939070701599121,8.722874641418457
2016-09-08,11.887447357177734,8.839188575744629
2016-09-09,11.46934986114502,8.350702285766602
2016-09-12,11.639688491821289,8.379779815673828
2016-09-13,11.252555847167969,8.030861854553223
2016-09-14,11.29384994506836,8.097742080688477
2016-09-15,11.350630760192871,8.318717956542969
2016-09-16,11.139002799987793,8.167524337768555
2016-09-19,11.175132751464844,8.211135864257812
2016-09-20,11.18029499053955,8.301268577575684
2016-09-21,11.2628812789917,8.464094161987305
2016-09-22,11.309335708618164,8.626927375793457
2016-09-23,11.221588134765625,8.644370079040527
2016-09-26,11.108027458190918,8.53679084777832
2016-09-27,11.299012184143066,8.714155197143555
2016-09-28,11.655174255371094,8.766497611999512
2016-09-29,11.340306282043457,8.621110916137695
2016-09-30,11.355791091918945,8.626927375793457
2016-10-03,11.412567138671875,8.848860740661621
2016-10-04,11.34546947479248,8.976359367370605
2016-10-05,11.536449432373047,9.047691345214844
2016-10-06,11.510643005371094,9.047691345214844
2016-10-07,11.768732070922852,9.175506591796875
2016-10-10,11.732599258422852,9.172520637512207
2016-10-11,11.572585105895996,9.139829635620117
2016-10-13,12.042304992675781,9.151727676391602
2016-10-14,12.253931045532227,9.226027488708496
2016-10-17,12.51718521118164,9.410310745239258
2016-10-18,13.064325332641602,9.639182090759277
2016-10-19,12.832045555114746,9.570816993713379
2016-10-20,12.888826370239258,9.710517883300781
2016-10-21,12.692679405212402,9.618374824523926
2016-10-24,12.832045555114746,9.52623176574707
2016-10-25,12.86817741394043,9.48165225982666
2016-10-26,12.9301176071167,9.443004608154297
2016-10-27,13.105616569519043,9.600539207458496
2016-10-28,13.193364143371582,9.636212348937988
2016-10-31,13.575336456298828,9.939380645751953
2016-11-01,13.193364143371582,9.648092269897461
2016-11-03,13.115942001342773,9.418780326843262
2016-11-04,13.24498176574707,9.418780326843262
2016-11-07,13.725021362304688,9.745926856994629
2016-11-08,13.905684471130371,9.739978790283203
2016-11-09,13.585654258728027,9.472312927246094
2016-11-10,12.9662504196167,8.627684593200684
2016-11-11,12.837206840515137,8.642560958862305
2016-11-14,13.059161186218262,8.705008506774902
2016-11-16,13.761157989501953,8.83586597442627
2016-11-17,13.570171356201172,8.559285163879395
2016-11-18,14.313464164733887,8.707995414733887
2016-11-21,14.654132843017578,8.758546829223633
2016-11-22,14.922544479370117,8.818025588989258
2016-11-23,14.654132843017578,8.856680870056152
2016-11-24,14.354751586914062,8.773415565490723
2016-11-25,14.638648986816406,8.815051078796387
2016-11-28,14.850279808044434,8.925091743469238
2016-11-29,14.308295249938965,8.642560958862305
2016-11-30,14.53541374206543,8.847764015197754
2016-12-01,13.374031066894531,8.35407543182373
2016-12-02,13.704378128051758,8.487678527832031
2016-12-05,13.5546875,8.443045616149902
2016-12-06,13.771476745605469,8.624578475952148
2016-12-07,13.854063034057617,8.571009635925293
2016-12-08,13.874710083007812,8.481727600097656
2016-12-09,13.859227180480957,8.594820022583008
2016-12-12,13.430801391601562,8.237696647644043
2016-12-13,13.358536720275879,8.270427703857422
2016-12-14,13.296598434448242,8.172224044799805
2016-12-15,13.45661449432373,8.199003219604492
2016-12-16,13.885040283203125,8.154365539550781
2016-12-19,13.663082122802734,7.97580099105835
2016-12-20,13.83342170715332,8.14841365814209
2016-12-21,13.812772750854492,8.079963684082031
2016-12-22,13.750833511352539,8.044450759887695
2016-12-23,14.014079093933105,8.212859153747559
2016-12-26,14.24119758605957,8.363222122192383
2016-12-27,14.313464164733887,8.282024383544922
2016-12-28,15.067068099975586,8.579751968383789
2016-12-29,15.242568016052246,8.721083641052246
2017-01-02,15.227084159851074,8.660938262939453
2017-01-03,15.769061088562012,9.027750015258789
2017-01-04,15.841326713562012,8.970575332641602
2017-01-05,15.889070510864258,9.069879531860352
2017-01-06,15.818955421447754,9.127054214477539
2017-01-09,16.034692764282227,9.139094352722168
2017-01-10,16.007720947265625,9.139094352722168
2017-01-11,16.110198974609375,9.208298683166504
2017-01-12,16.919212341308594,9.42497444152832
2017-01-13,16.865278244018555,9.349740982055664
2017-01-16,17.124164581298828,9.367795944213867
2017-01-17,17.512495040893555,9.635622024536133
2017-01-18,16.870677947998047,9.539327621459961
2017-01-19,16.347505569458008,9.530298233032227
2017-01-20,16.633365631103516,9.485153198242188
2017-01-23,17.124164581298828,9.701827049255371
2017-01-24,16.78437614440918,9.665709495544434
2017-01-26,17.205066680908203,9.882381439208984
2017-01-27,17.048660278320312,9.912473678588867
2017-01-30,16.62257957458496,9.737937927246094
2017-01-31,16.88685417175293,9.840248107910156
2017-02-01,17.215852737426758,9.759001731872559
2017-02-02,17.307546615600586,9.394350051879883
2017-02-03,17.4154052734375,9.623187065124512
2017-02-06,17.205066680908203,9.424454689025879
2017-02-07,17.043262481689453,9.409404754638672
2017-02-08,17.215852737426758,9.584039688110352
2017-02-09,17.58260154724121,9.641252517700195
2017-02-10,18.601974487304688,9.785780906677246
2017-02-13,19.179061889648438,9.812882423400879
2017-02-14,18.47252655029297,9.752655982971191
2017-02-15,19.25457191467285,9.963430404663086
2017-02-16,18.817705154418945,9.930307388305664
2017-02-17,18.639724731445312,9.909228324890137
2017-02-20,18.504886627197266,9.948372840881348
2017-02-21,18.984901428222656,10.22839641571045
2017-02-22,19.028045654296875,10.29464340209961
2017-02-23,18.61815071105957,10.138073921203613
2017-02-24,18.53185272216797,10.062795639038086
2017-03-01,18.60736083984375,9.972461700439453
2017-03-02,18.375442504882812,9.942014694213867
2017-03-03,18.720623016357422,10.177008628845215
2017-03-06,18.49410057067871,10.077588081359863
2017-03-07,18.24600601196289,9.942014694213867
2017-03-08,17.609575271606445,9.773299217224121
2017-03-09,17.259000778198242,9.685933113098145
2017-03-10,17.086410522460938,9.631704330444336
2017-03-13,17.420804977416992,9.752214431762695
2017-03-14,17.25360679626465,9.67087173461914
2017-03-15,17.420804977416992,9.842598915100098
2017-03-16,17.124164581298828,9.797405242919922
2017-03-17,16.800559997558594,9.496132850646973
2017-03-20,17.059444427490234,9.664843559265137
2017-03-21,16.638757705688477,9.378639221191406
2017-03-22,16.374473571777344,9.414788246154785
2017-03-23,16.568641662597656,9.423827171325684
2017-03-24,16.557851791381836,9.559395790100098
2017-03-27,16.51471519470215,9.640743255615234
2017-03-28,15.290397644042969,9.694966316223145
2017-03-29,14.929034233093262,9.896824836730957
2017-03-30,15.204096794128418,9.83355712890625
2017-03-31,14.91285228729248,9.755224227905273
2017-04-03,14.934430122375488,9.803428649902344
2017-04-04,14.848133087158203,9.878475189208984
2017-04-05,14.09305191040039,9.676505088806152
2017-04-06,13.559102058410645,9.574007987976074
2017-04-07,13.5537109375,9.595107078552246
2017-04-10,13.359543800354004,9.65539836883545
2017-04-11,13.397298812866211,9.679521560668945
2017-04-12,13.159989356994629,9.583053588867188
2017-04-13,12.820202827453613,9.290647506713867
2017-04-17,13.13841438293457,9.706648826599121
2017-04-18,13.580678939819336,9.649374961853027
2017-04-19,13.537528038024902,9.552909851074219
2017-04-20,13.683147430419922,9.38711166381836
2017-04-24,13.855742454528809,9.558938026428223
2017-04-25,14.130805969238281,9.646358489990234
2017-04-26,14.330364227294922,9.809138298034668
2017-04-27,14.427448272705078,10.095519065856934
2017-04-28,14.78880786895752,10.071401596069336
2017-05-02,15.285003662109375,10.342402458190918
2017-05-03,14.626999855041504,10.33541488647461
2017-05-04,14.33351993560791,10.182787895202637
2017-05-05,15.059952735900879,10.196061134338379
2017-05-08,14.88105297088623,10.189422607421875
2017-05-09,14.946109771728516,10.279006958007812
2017-05-10,15.070796012878418,10.43164348602295
2017-05-11,14.989480018615723,10.494682312011719
2017-05-12,15.531588554382324,10.600852012634277
2017-05-15,15.705068588256836,10.61744499206543
2017-05-16,15.41775131225586,10.634037017822266
2017-05-17,15.125007629394531,10.42499828338623
2017-05-18,13.4390287399292,9.058004379272461
2017-05-19,13.748034477233887,9.207315444946289
2017-05-22,13.569140434265137,8.945195198059082
2017-05-23,13.878141403198242,9.004916191101074
2017-05-24,13.94861888885498,9.107772827148438
2017-05-25,13.579981803894043,9.044734954833984
2017-05-26,13.964879035949707,9.253766059875488
2017-05-29,13.964879035949707,9.253766059875488
2017-05-30,13.991987228393555,9.306851387023926
2017-05-31,13.791407585144043,9.130999565124512
2017-06-01,13.455292701721191,9.081226348876953
2017-06-02,13.542031288146973,8.954710006713867
2017-06-05,13.921512603759766,8.94806957244873
2017-06-06,13.964879035949707,9.067602157592773
2017-06-07,14.246782302856445,9.213690757751465
2017-06-08,13.813084602355957,9.07424259185791
2017-06-09,13.341446876525879,8.888301849365234
2017-06-12,13.292655944824219,8.745539665222168
2017-06-13,13.2601318359375,8.675806999206543
2017-06-14,13.509503364562988,9.011154174804688
2017-06-15,13.509503364562988,9.011154174804688
2017-06-16,13.520347595214844,8.967989921569824
2017-06-19,13.639609336853027,8.991231918334961
2017-06-20,13.411925315856934,8.782060623168945
2017-06-21,13.498662948608398,8.732250213623047
2017-06-22,13.493240356445312,8.841821670532227
2017-06-23,13.531189918518066,8.76877498626709
2017-06-26,13.834775924682617,9.163885116577148
2017-06-27,13.482398986816406,9.060955047607422
2017-06-28,13.422762870788574,9.137321472167969
2017-06-29,13.411925315856934,9.180482864379883
2017-06-30,13.552873611450195,9.3464994430542
2017-07-03,13.840194702148438,9.426530838012695
2017-07-04,13.791407585144043,9.439552307128906
2017-07-05,13.834775924682617,9.442895889282227
2017-07-06,13.612504959106445,9.305758476257324
2017-07-07,13.764300346374512,9.315786361694336
2017-07-10,13.905248641967773,9.419486045837402
2017-07-11,14.192571640014648,9.583388328552246
2017-07-12,14.577467918395996,9.83760929107666
2017-07-13,14.577467918395996,9.92457389831543
2017-07-14,14.479890823364258,9.934612274169922
2017-07-17,14.474470138549805,9.867715835571289
2017-07-18,14.6154146194458,9.991476058959961
2017-07-19,14.12209415435791,9.867715835571289
2017-07-20,14.094988822937012,9.83426284790039
2017-07-21,14.029932022094727,9.794122695922852
2017-07-24,13.688406944274902,9.877750396728516
2017-07-25,13.872724533081055,10.038307189941406
2017-07-26,14.062461853027344,9.951336860656738
2017-07-27,14.138351440429688,9.937956809997559
2017-07-28,13.883563041687012,9.951336860656738
2017-07-31,13.829354286193848,10.098522186279297
2017-08-01,13.991987228393555,10.222283363342285
2017-08-02,14.338939666748047,10.362506866455078
2017-08-03,14.229374885559082,10.359160423278809
2017-08-04,14.267526626586914,10.369199752807617
2017-08-07,14.458271980285645,10.489693641662598
2017-08-08,14.796152114868164,10.600140571594238
2017-08-09,14.70895767211914,10.606834411621094
2017-08-10,14.578161239624023,10.506433486938477
2017-08-11,14.877903938293457,10.600140571594238
2017-08-14,15.150390625,10.811016082763672
2017-08-15,15.003247261047363,10.837785720825195
2017-08-16,15.128589630126953,10.837785720825195
2017-08-17,14.68715763092041,10.747414588928223
2017-08-18,14.93239688873291,10.968321800231934
2017-08-21,14.796152114868164,10.964975357055664
2017-08-22,15.11224365234375,11.212660789489746
2017-08-23,15.259387016296387,11.313071250915527
2017-08-24,15.335684776306152,11.34988784790039
2017-08-25,15.308436393737793,11.359930992126465
2017-08-28,15.308436393737793,11.185883522033691
2017-08-29,15.39563274383545,11.376668930053711
2017-08-30,15.401082038879395,11.262866020202637
2017-08-31,15.281187057495117,11.239437103271484
2017-09-01,15.39563274383545,11.473734855651855
2017-09-04,15.50462532043457,11.470024108886719
2017-09-05,15.422883033752441,11.305929183959961
2017-09-06,15.842509269714355,11.476722717285156
2017-09-07,15.842509269714355,11.476722717285156
2017-09-08,15.602720260620117,11.386301040649414
2017-09-11,15.86430835723877,11.825013160705566
2017-09-12,15.695369720458984,11.808266639709473
2017-09-13,15.70627212524414,11.858503341674805
2017-09-14,15.346586227416992,11.768082618713379
2017-09-15,15.67357063293457,12.01925277709961
2017-09-18,15.684469223022461,12.123066902160645
2017-09-19,15.586376190185547,12.159899711608887
2017-09-20,15.48828411102295,12.089574813842773
2017-09-21,15.330233573913574,12.092930793762207
2017-09-22,15.646318435668945,12.062786102294922
2017-09-25,15.401082038879395,11.858503341674805
2017-09-26,15.155841827392578,11.845105171203613
2017-09-27,15.041393280029297,11.721190452575684
2017-09-28,14.877903938293457,11.573840141296387
2017-09-29,15.06319522857666,11.73793888092041
2017-10-02,15.068646430969238,11.855148315429688
2017-10-03,15.406533241271973,12.364107131958008
2017-10-04,15.193986892700195,12.28369140625
2017-10-05,15.477377891540527,12.293736457824707
2017-10-06,15.684469223022461,12.166411399841309
2017-10-09,15.968745231628418,12.159708023071289
2017-10-10,16.576602935791016,12.437820434570312
2017-10-11,16.264453887939453,12.364107131958008
2017-10-12,16.264453887939453,12.364107131958008
2017-10-13,16.357553482055664,12.270285606384277
2017-10-16,17.00374984741211,12.236775398254395
2017-10-17,16.740888595581055,12.206624031066895
2017-10-18,16.740888595581055,12.153010368347168
2017-10-19,16.532798767089844,12.102749824523926
2017-10-20,16.456125259399414,12.042431831359863
2017-10-23,16.456125259399414,11.928508758544922
2017-10-24,16.675174713134766,12.089345932006836
2017-10-25,16.899702072143555,12.126201629638672
2017-10-26,16.291839599609375,12.015633583068848
2017-10-27,16.456125259399414,11.992169380187988
2017-10-30,16.154932022094727,11.777737617492676
2017-10-31,15.667550086975098,11.62024211883545
2017-11-01,15.919458389282227,11.258371353149414
2017-11-02,15.919458389282227,11.258371353149414
2017-11-03,16.138505935668945,11.372010231018066
2017-11-06,16.154932022094727,11.372010231018066
2017-11-07,15.875642776489258,10.979752540588379
2017-11-08,16.603986740112305,11.378714561462402
2017-11-09,16.056364059448242,10.966340065002441
2017-11-10,16.01802635192871,10.976396560668945
2017-11-13,16.133031845092773,11.030041694641113
2017-11-14,15.497783660888672,10.795351028442383
2017-11-15,15.497783660888672,10.795351028442383
2017-11-16,16.346601486206055,11.07697868347168
2017-11-17,16.543745040893555,11.271425247192383
2017-11-20,16.543745040893555,11.271425247192383
2017-11-21,16.669700622558594,11.529580116271973
2017-11-22,16.724464416503906,11.398825645446777
2017-11-23,16.554702758789062,11.31501293182373
2017-11-24,16.691606521606445,11.214437484741211
2017-11-27,16.603986740112305,11.197673797607422
2017-11-28,16.373985290527344,11.231192588806152
2017-11-29,16.12755012512207,11.016630172729492
2017-11-30,15.826356887817383,10.9462251663208
2017-12-01,16.02350616455078,10.919403076171875
2017-12-04,16.614938735961914,11.106898307800293
2017-12-05,16.702558517456055,10.992844581604004
2017-12-06,17.025653839111328,11.106898307800293
2017-12-07,17.113279342651367,11.026397705078125
2017-12-08,17.523998260498047,11.056589126586914
2017-12-11,17.56781005859375,11.056589126586914
2017-12-12,17.87994956970215,11.27463436126709
2017-12-13,17.606138229370117,11.083428382873535
2017-12-14,17.463754653930664,10.996204376220703
2017-12-15,17.370662689208984,10.952593803405762
2017-12-18,17.337810516357422,11.039813995361328
2017-12-19,16.981853485107422,10.969376564025879
2017-12-20,16.9927978515625,11.070001602172852
2017-12-21,17.677331924438477,11.395392417907715
2017-12-22,17.41446876525879,11.428940773010254
2017-12-25,17.41446876525879,11.428940773010254
2017-12-26,17.518522262573242,11.452482223510742
2017-12-27,17.398042678833008,11.466239929199219
2017-12-28,17.458282470703125,11.63814640045166
2017-12-29,17.458282470703125,11.63814640045166
2018-01-02,17.92376136779785,11.896004676818848
2018-01-03,17.77590560913086,11.950687408447266
2018-01-04,17.98948097229004,12.146761894226074
2018-01-05,18.18114471435547,12.215566635131836
2018-01-08,18.5330810546875,12.21213150024414
2018-01-09,18.401844024658203,12.098608016967773
2018-01-10,18.36760711669922,11.971328735351562
2018-01-11,18.641502380371094,12.21213150024414
2018-01-12,18.55019760131836,12.21213150024414
2018-01-15,18.515962600708008,12.298125267028809
2018-01-16,18.48172950744629,12.38068962097168
2018-01-17,18.681438446044922,12.690286636352539
2018-01-18,18.55019760131836,12.676528930664062
2018-01-19,18.641502380371094,12.765972137451172
2018-01-22,19.10938835144043,12.941408157348633
2018-01-23,19.132213592529297,12.999896049499512
2018-01-24,20.05658721923828,13.691349029541016
2018-01-25,20.05658721923828,13.691349029541016
2018-01-26,20.935302734375,14.172944068908691
2018-01-29,20.381826400756836,13.760144233703613
2018-01-30,20.341880798339844,13.897745132446289
2018-01-31,20.450294494628906,14.018149375915527
2018-02-01,20.883955001831055,13.646622657775879
2018-02-02,20.769838333129883,13.222928047180176
2018-02-05,19.925342559814453,13.009547233581543
2018-02-06,20.650009155273438,13.319306373596191
2018-02-07,20.25629234313965,13.119675636291504
2018-02-08,20.15929412841797,12.95792293548584
2018-02-09,19.845460891723633,12.809928894042969
2018-02-14,20.54730224609375,13.277997016906738
2018-02-15,20.7584228515625,13.333066940307617
2018-02-16,20.90677261352539,13.308972358703613
2018-02-19,20.878244400024414,13.243587493896484
2018-02-20,20.678537368774414,13.646259307861328
2018-02-21,20.929603576660156,13.71852970123291
2018-02-22,21.254840850830078,13.801127433776855
2018-02-23,21.72274398803711,13.928472518920898
2018-02-26,21.825435638427734,13.928472518920898
2018-02-27,21.614322662353516,13.777046203613281
2018-02-28,20.98095703125,13.343384742736816
2018-03-01,20.866836547851562,13.419105529785156
2018-03-02,20.88965606689453,13.504825592041016
2018-03-05,21.0037784576416,13.594354629516602
2018-03-06,20.821184158325195,13.618453025817871
2018-03-07,20.883955001831055,13.37742805480957
2018-03-08,20.809776306152344,13.201807022094727
2018-03-09,21.020896911621094,13.484169960021973
2018-03-12,21.254840850830078,13.590910911560059
2018-03-13,20.958133697509766,13.394637107849121
2018-03-14,21.209196090698242,13.322322845458984
2018-03-15,21.16925048828125,13.129500389099121
2018-03-16,21.483089447021484,13.163934707641602
2018-03-19,21.317602157592773,13.029646873474121
2018-03-20,21.494497299194336,13.015873908996582
2018-03-21,21.346141815185547,13.081286430358887
2018-03-22,21.28337287902832,13.16048812866211
2018-03-23,21.15213394165039,13.250020980834961
2018-03-26,21.45455551147461,13.32577896118164
2018-03-27,21.45455551147461,13.163934707641602
2018-03-28,21.802621841430664,13.250020980834961
2018-03-29,22.772642135620117,13.601240158081055
2018-04-02,22.544401168823242,13.476584434509277
2018-04-03,22.772642135620117,13.627782821655273
2018-04-04,22.55581283569336,13.510298728942871
2018-04-05,22.652812957763672,13.551979064941406
2018-04-06,22.24423599243164,13.510298728942871
2018-04-09,21.900428771972656,12.99868392944336
2018-04-10,21.917613983154297,13.108587265014648
2018-04-11,22.347375869750977,13.41555118560791
2018-04-12,22.576581954956055,13.173011779785156
2018-04-13,22.232770919799805,12.884998321533203
2018-04-16,21.5394344329834,12.604552268981934
2018-04-17,21.694143295288086,12.763721466064453
2018-04-18,22.4218692779541,13.191957473754883
2018-04-19,22.519277572631836,13.169219017028809
2018-04-20,22.26715660095215,12.983515739440918
2018-04-23,22.467710494995117,12.979737281799316
2018-04-24,22.50208854675293,13.002470016479492
2018-04-25,21.814483642578125,13.161643028259277
2018-04-26,21.78582763671875,13.161643028259277
2018-04-27,21.900428771972656,13.305654525756836
2018-04-30,21.8373966217041,13.101008415222168
2018-05-02,21.1440486907959,12.763721466064453
2018-05-03,20.72002601623535,12.501680374145508
2018-05-04,20.805980682373047,12.513065338134766
2018-05-07,20.628347396850586,12.39930248260498
2018-05-08,20.410608291625977,12.334843635559082
2018-05-09,20.450716018676758,12.433438301086426
2018-05-10,21.25865364074707,12.683690071105957
2018-05-11,20.92057991027832,12.456184387207031
2018-05-14,20.81744384765625,12.277965545654297
2018-05-15,20.548126220703125,12.205923080444336
2018-05-16,21.18990135192871,12.40310001373291
2018-05-17,20.307464599609375,11.887406349182129
2018-05-18,20.341840744018555,11.940496444702148
2018-05-21,20.19859504699707,11.769869804382324
2018-05-22,20.25589370727539,12.107333183288574
2018-05-23,20.129825592041016,11.788823127746582
2018-05-24,20.124101638793945,11.807775497436523
2018-05-25,19.860515594482422,11.57268238067627
2018-05-28,19.132795333862305,11.083538055419922
2018-05-29,19.16716957092285,11.129036903381348
2018-05-30,19.356266021728516,11.06078815460205
2018-06-01,20.072525024414062,11.330009460449219
2018-06-04,20.49082374572754,11.447227478027344
2018-06-05,20.0897216796875,10.897062301635742
2018-06-06,19.48233413696289,10.714935302734375
2018-06-07,18.427989959716797,10.525226593017578
2018-06-08,18.33631134033203,10.434168815612793
2018-06-11,17.76329803466797,10.236862182617188
2018-06-12,17.57993507385254,10.21030330657959
2018-06-13,17.476795196533203,10.00162410736084
2018-06-14,16.846481323242188,9.595637321472168
2018-06-15,16.955358505249023,9.76638126373291
2018-06-18,16.559978485107422,9.451459884643555
2018-06-19,17.448143005371094,9.940914154052734
2018-06-20,17.700271606445312,10.153390884399414
2018-06-21,16.81783103942871,9.73222827911377
2018-06-22,17.276243209838867,9.9181489944458
2018-06-25,16.680313110351562,9.902975082397461
2018-06-26,16.617279052734375,9.84985065460205
2018-06-27,16.325050354003906,9.690497398376465
2018-06-28,16.514142990112305,10.020587921142578
2018-06-29,16.789180755615234,10.206509590148926
2018-07-02,16.668853759765625,10.073709487915039
2018-07-03,16.846481323242188,10.540334701538086
2018-07-04,17.224666595458984,10.688417434692383
2018-07-05,16.975360870361328,10.665632247924805
2018-07-06,17.165510177612305,10.69600772857666
2018-07-10,17.096363067626953,10.555520057678223
2018-07-11,17.165510177612305,10.513760566711426
2018-07-12,18.1335506439209,10.821307182312012
2018-07-13,18.150836944580078,11.037737846374512
2018-07-16,18.145078659057617,11.087098121643066
2018-07-17,18.848058700561523,11.40604305267334
2018-07-18,18.778919219970703,11.1250638961792
2018-07-19,18.848058700561523,11.265551567077637
2018-07-20,19.602907180786133,11.656635284423828
2018-07-23,19.25717544555664,11.523741722106934
2018-07-24,19.620193481445312,11.694602012634277
2018-07-25,20.65161895751953,11.90723705291748
2018-07-26,20.225221633911133,11.603485107421875
2018-07-27,20.74381446838379,11.732579231262207
2018-07-30,21.256649017333984,11.819911003112793
2018-07-31,21.020402908325195,11.592090606689453
2018-08-01,20.95125389099121,11.743962287902832
2018-08-02,21.031925201416016,11.747365951538086
2018-08-03,21.96539878845215,12.195677757263184
2018-08-06,21.752197265625,12.112098693847656
2018-08-07,21.40646743774414,11.929729461669922
2018-08-08,21.239362716674805,11.644780158996582
2018-08-09,21.256649017333984,11.523205757141113
2018-08-10,20.426897048950195,10.949514389038086
2018-08-13,20.588237762451172,11.162277221679688
2018-08-14,20.634336471557617,11.352243423461914
2018-08-15,20.51909065246582,11.215471267700195
2018-08-16,20.398080825805664,11.215471267700195
2018-08-17,20.02930450439453,10.873531341552734
2018-08-20,20.12150001525879,10.941917419433594
2018-08-21,19.643239974975586,10.6759672164917
2018-08-22,20.24250030517578,10.938119888305664
2018-08-23,19.533756256103516,10.664569854736328
2018-08-24,19.527997970581055,10.759552001953125
2018-08-27,20.03506088256836,11.048299789428711
2018-08-28,19.82762908935547,10.979913711547852
2018-08-29,20.455703735351562,11.11288070678711
2018-08-30,19.73543357849121,10.637972831726074
2018-08-31,19.93711280822754,10.782349586486816
2018-09-03,19.695098876953125,10.687365531921387
2018-09-04,19.274457931518555,10.447450637817383
2018-09-05,19.274457931518555,10.512080192565918
2018-09-06,19.770009994506836,10.812424659729004
2018-09-10,19.896772384643555,10.854246139526367
2018-09-11,19.061262130737305,10.527291297912598
2018-09-12,19.262939453125,10.531085968017578
2018-09-13,19.453086853027344,10.489265441894531
2018-09-14,19.68358039855957,10.534891128540039
2018-09-17,20.052349090576172,10.83523941040039
2018-09-18,20.547903060913086,10.922675132751465
2018-09-19,20.323177337646484,10.972098350524902
2018-09-20,20.398080825805664,10.949288368225098
2018-09-21,21.14716911315918,11.124174118041992
2018-09-24,20.484521865844727,10.827635765075684
2018-09-25,20.501806259155273,10.83523941040039
2018-09-26,20.559431076049805,10.861842155456543
2018-09-27,20.86482048034668,11.108969688415527
2018-09-28,20.576711654663086,10.899869918823242
2018-10-01,20.202177047729492,10.778212547302246
2018-10-02,21.706096649169922,11.413139343261719
2018-10-03,22.806682586669922,11.907702445983887
2018-10-04,23.0256404876709,11.964770317077637
2018-10-05,22.75481605529785,11.785965919494629
2018-10-08,24.124711990356445,12.584887504577637
2018-10-09,24.130512237548828,12.630536079406738
2018-10-10,22.996313095092773,12.21966552734375
2018-10-11,22.759056091308594,12.147377967834473
2018-10-15,22.990520477294922,12.21205997467041
2018-10-16,23.742794036865234,12.794126510620117
2018-10-17,23.81801414489746,12.809348106384277
2018-10-18,23.23356056213379,12.45553970336914
2018-10-19,23.187271118164062,12.497386932373047
2018-10-22,23.823802947998047,12.64956283569336
2018-10-23,24.095781326293945,12.695218086242676
2018-10-24,23.465030670166016,12.390860557556152
2018-10-25,24.304100036621094,12.748469352722168
2018-10-26,25.06215476989746,12.96912956237793
2018-10-29,24.749683380126953,12.725651741027832
2018-10-30,25.75077247619629,13.220215797424316
2018-10-31,24.41983413696289,13.049020767211914
2018-11-01,24.188364028930664,13.79468059539795
2018-11-05,24.095781326293945,14.091168403625488
2018-11-06,23.927963256835938,13.938918113708496
2018-11-07,23.93953514099121,13.66866683959961
2018-11-08,23.65020751953125,13.383188247680664
2018-11-09,24.1015682220459,13.581122398376465
2018-11-12,24.367753982543945,13.569704055786133
2018-11-13,24.014768600463867,13.326091766357422
2018-11-14,23.91061019897461,13.512602806091309
2018-11-16,24.900123596191406,14.16730785369873
2018-11-19,24.74388885498047,14.106396675109863
2018-11-21,24.44298553466797,13.950332641601562
2018-11-22,24.176795959472656,14.007433891296387
2018-11-23,24.425621032714844,13.97697639465332
2018-11-26,23.55182647705078,13.775238990783691
2018-11-27,24.304100036621094,14.338584899902344
2018-11-28,24.900123596191406,14.631673812866211
2018-11-29,25.172103881835938,14.814376831054688
2018-11-30,24.720748901367188,14.639286041259766
2018-12-03,24.91749382019043,14.388072967529297
2018-12-04,24.581859588623047,14.349587440490723
2018-12-05,24.882762908935547,14.341965675354004
2018-12-06,25.241554260253906,14.498104095458984
2018-12-07,25.258907318115234,14.429556846618652
2018-12-10,24.477703094482422,14.151555061340332
2018-12-11,24.118925094604492,14.315309524536133
2018-12-12,24.66866683959961,14.410517692565918
2018-12-13,25.12581443786621,14.791338920593262
2018-12-14,25.264680862426758,14.623772621154785
2018-12-17,24.790185928344727,14.338160514831543
2018-12-18,25.46143913269043,14.604735374450684
2018-12-19,25.14895248413086,14.395288467407227
2018-12-20,24.535564422607422,14.471442222595215
2018-12-21,24.460346221923828,14.361005783081055
2018-12-26,23.962684631347656,14.213027954101562
2018-12-27,24.130512237548828,14.543109893798828
2018-12-28,24.83647918701172,15.009121894836426
2019-01-02,26.46831512451172,15.68482780456543
2019-01-03,27.342119216918945,15.84369945526123
2019-01-04,27.31317710876465,15.719375610351562
2019-01-07,27.77033042907715,15.905853271484375
2019-01-08,27.597373962402344,16.002992630004883
2019-01-09,27.978349685668945,16.27882957458496
2019-01-10,28.270044326782227,16.22832489013672
2019-01-11,28.210519790649414,16.123432159423828
2019-01-14,28.793899536132812,16.313798904418945
2019-01-15,27.978349685668945,16.2827205657959
2019-01-16,27.799774169921875,16.360429763793945
2019-01-17,28.150983810424805,16.41482162475586
2019-01-18,28.829618453979492,16.581872940063477
2019-01-21,28.781986236572266,16.391502380371094
2019-01-22,28.72246742248535,16.31769371032715
2019-01-23,29.645151138305664,16.59742546081543
2019-01-24,29.508237838745117,16.76448631286621
2019-01-28,29.585622787475586,16.900463104248047
2019-01-29,29.16891860961914,16.682891845703125
2019-01-30,28.514110565185547,16.64404296875
2019-01-31,28.61530303955078,17.584243774414062
2019-02-01,29.020105361938477,17.36668586730957
2019-02-04,29.96659278869629,17.751060485839844
2019-02-05,29.65110969543457,17.75883674621582
2019-02-06,28.412919998168945,16.92317771911621
2019-02-07,28.466493606567383,17.179702758789062
2019-02-08,29.16891860961914,17.362382888793945
2019-02-11,28.76412582397461,17.261322021484375
2019-02-12,29.11534881591797,17.60725975036621
2019-02-13,28.66888999938965,17.33518409729004
2019-02-14,29.436803817749023,17.995935440063477
2019-02-15,29.287979125976562,17.87932777404785
2019-02-18,28.805797576904297,17.471210479736328
2019-02-19,29.704679489135742,17.618911743164062
2019-02-20,29.103435516357422,17.327392578125
2019-02-21,28.853425979614258,17.478986740112305
2019-02-22,28.72246742248535,17.33518409729004
2019-02-25,28.38315200805664,17.1602725982666
2019-02-26,28.32362937927246,17.467327117919922
2019-02-27,27.930736541748047,17.272987365722656
2019-02-28,26.89495086669922,16.8182373046875
2019-03-01,26.53182029724121,16.538379669189453
2019-03-06,26.013919830322266,16.413541793823242
2019-03-07,26.311561584472656,16.530183792114258
2019-03-08,26.430618286132812,16.759614944458008
2019-03-11,27.246156692504883,17.440107345581055
2019-03-12,27.34140396118164,17.49066162109375
2019-03-13,28.02598762512207,17.657869338989258
2019-03-14,27.847394943237305,17.696746826171875
2019-03-15,27.674760818481445,17.770633697509766
2019-03-18,27.770004272460938,17.863956451416016
2019-03-19,27.716428756713867,17.478992462158203
2019-03-20,27.38307762145996,17.00459861755371
2019-03-21,26.52586555480957,16.631296157836914
2019-03-22,25.751995086669922,16.04412078857422
2019-03-25,26.15082550048828,16.079118728637695
2019-03-26,26.25204086303711,16.184112548828125
2019-03-27,25.067411422729492,15.624159812927246
2019-03-28,25.734130859375,16.417430877685547
2019-03-29,26.019866943359375,16.6973934173584
2019-04-01,26.543724060058594,16.83116340637207
2019-04-02,26.18655014038086,16.61590576171875
2019-04-03,26.02582359313965,16.42915916442871
2019-04-04,26.66277313232422,16.854001998901367
2019-04-05,27.22829246520996,16.99406623840332
2019-04-08,27.215770721435547,17.017414093017578
2019-04-09,26.8863525390625,16.952056884765625
2019-04-10,27.036088943481445,16.70928192138672
2019-04-11,26.634796142578125,16.44316291809082
2019-04-12,26.868389129638672,16.29376792907715
2019-04-15,26.71864128112793,16.256420135498047
2019-04-16,27.167850494384766,16.228408813476562
2019-04-17,26.3353328704834,16.00432014465332
2019-04-18,27.14389419555664,16.223735809326172
2019-04-22,27.551177978515625,16.359127044677734
2019-04-23,27.623043060302734,16.755970001220703
2019-04-24,27.042064666748047,16.643917083740234
2019-04-25,27.365497589111328,16.840015411376953
2019-04-26,27.3535213470459,16.788652420043945
2019-04-29,27.431392669677734,16.569232940673828
2019-04-30,26.958223342895508,16.61124610900879
2019-05-02,27.131916046142578,16.620576858520508
2019-05-03,26.874370574951172,16.79759407043457
2019-05-06,26.353294372558594,16.344484329223633
2019-05-07,26.173614501953125,16.241714477539062
2019-05-08,26.712657928466797,16.578046798706055
2019-05-09,26.23949432373047,16.288429260253906
2019-05-10,26.017894744873047,16.143617630004883
2019-05-13,25.394987106323242,15.741900444030762
2019-05-14,26.053823471069336,15.6951904296875
2019-05-15,25.79627799987793,15.527030944824219
2019-05-16,25.125465393066406,15.34485149383545
2019-05-17,25.047609329223633,15.461630821228027
2019-05-20,25.79627799987793,15.882035255432129
2019-05-21,26.50901222229004,16.536001205444336
2019-05-22,26.263460159301758,16.241714477539062
2019-05-23,25.68846893310547,16.162307739257812
2019-05-24,25.574670791625977,16.003488540649414
2019-05-27,26.143672943115234,16.232379913330078
2019-05-28,26.592870712280273,16.68081283569336
2019-05-29,26.946237564086914,17.01245880126953
2019-05-30,27.611068725585938,17.325437545776367
2019-05-31,27.371496200561523,17.283395767211914
2019-06-03,27.131916046142578,17.22734260559082
2019-06-04,27.14389419555664,17.31563949584961
2019-06-05,26.562923431396484,17.049238204956055
2019-06-06,26.79051971435547,17.423133850097656
2019-06-07,27.012126922607422,17.427810668945312
2019-06-10,26.473085403442383,17.22216033935547
2019-06-11,26.598865509033203,17.301620483398438
2019-06-12,26.41917610168457,17.100664138793945
2019-06-13,26.0658016204834,16.91371726989746
2019-06-14,25.98195457458496,16.88566780090332
2019-06-17,25.95799446105957,16.843605041503906
2019-06-18,26.455116271972656,16.988487243652344
2019-06-19,26.712657928466797,17.198795318603516
2019-06-21,27.371496200561523,17.586713790893555
2019-06-24,27.48528289794922,17.72691535949707
2019-06-25,27.048067092895508,17.577354431152344
2019-06-26,27.401432037353516,17.797025680541992
2019-06-27,27.299619674682617,17.712905883789062
2019-06-28,27.22774887084961,17.63811492919922
2019-07-01,27.38346290588379,17.675437927246094
2019-07-02,27.527212142944336,17.731334686279297
2019-07-03,27.850643157958984,18.046207427978516
2019-07-04,28.557388305664062,18.36107063293457
2019-07-05,28.395673751831055,18.520856857299805
2019-07-08,28.02768325805664,18.436264038085938
2019-07-10,28.069854736328125,18.35167694091797
2019-07-11,28.015628814697266,18.19659423828125
2019-07-12,27.744504928588867,17.858232498168945
2019-07-15,27.883075714111328,17.783031463623047
2019-07-16,27.93730354309082,17.787742614746094
2019-07-17,28.196361541748047,17.693748474121094
2019-07-18,28.919357299804688,18.079103469848633
2019-07-19,28.112022399902344,17.670249938964844
2019-07-22,28.1180477142334,17.914621353149414
2019-07-23,27.973453521728516,17.975723266601562
2019-07-24,27.672204971313477,18.314083099365234
2019-07-25,27.111892700195312,17.24729347229004
2019-07-26,27.413137435913086,17.026412963867188
2019-07-29,27.20226287841797,16.988821029663086
2019-07-30,26.35878562927246,16.636356353759766
2019-07-31,25.816547393798828,16.213397979736328
2019-08-01,25.7623291015625,16.072397232055664
2019-08-02,25.599658966064453,16.118927001953125
2019-08-05,25.232131958007812,15.827394485473633
2019-08-06,25.473129272460938,16.06720542907715
2019-08-07,26.20214080810547,16.405759811401367
2019-08-08,26.92512321472168,16.485702514648438
2019-08-09,26.587722778320312,16.212966918945312
2019-08-12,26.184064865112305,15.874423027038574
2019-08-13,26.292512893676758,16.034284591674805
2019-08-14,25.50325584411621,15.719249725341797
2019-08-15,25.545425415039062,15.611106872558594
2019-08-16,25.696048736572266,15.644004821777344
2019-08-19,25.50325584411621,15.418305397033691
2019-08-20,25.153810501098633,15.267840385437012
2019-08-21,25.41891098022461,15.568784713745117
2019-08-22,25.105613708496094,15.366589546203613
2019-08-23,24.720022201538086,15.032729148864746
2019-08-26,24.503128051757812,14.877569198608398
2019-08-27,24.59349822998047,15.065646171569824
2019-08-28,24.852577209472656,14.976308822631836
2019-08-29,25.58760643005371,15.258432388305664
2019-08-30,25.611709594726562,15.493545532226562
2019-09-02,25.310461044311523,15.333671569824219
2019-09-03,24.76822280883789,15.083812713623047
2019-09-04,25.177915573120117,15.272013664245605
2019-09-05,25.888845443725586,15.62487506866455
2019-09-06,26.50940704345703,16.278844833374023
2019-09-09,26.92512321472168,16.485868453979492
2019-09-10,27.03959846496582,16.19416618347168
2019-09-11,26.64798355102539,16.123598098754883
2019-09-12,26.870895385742188,15.949520111083984
2019-09-13,27.232389450073242,15.742501258850098
2019-09-16,26.798601150512695,15.535482406616211
2019-09-17,27.160091400146484,15.949520111083984
2019-09-18,26.9311466217041,15.996570587158203
2019-09-19,26.684123992919922,15.803664207458496
2019-09-20,26.690155029296875,16.08125114440918
2019-09-23,26.45518684387207,16.11418342590332
2019-09-24,26.50940704345703,15.907171249389648
2019-09-25,26.8468074798584,16.01067352294922
2019-09-26,27.111892700195312,16.241214752197266
2019-09-27,27.611961364746094,16.2318058013916
2019-09-30,27.389041900634766,15.958922386169434
2019-10-01,27.117916107177734,15.742501258850098
2019-10-02,26.364809036254883,15.134718894958496
2019-10-03,26.750402450561523,15.177099227905273
2019-10-04,26.864887237548828,15.332442283630371
2019-10-07,26.22021484375,15.233582496643066
2019-10-08,26.262393951416016,15.219467163085938
2019-10-09,27.11690902709961,15.652555465698242
2019-10-10,27.662641525268555,15.831439971923828
2019-10-11,27.84454917907715,16.010326385498047
2019-10-14,28.275083541870117,16.236291885375977
2019-10-15,27.953704833984375,16.368093490600586
2019-10-16,28.469125747680664,16.758831024169922
2019-10-17,28.09317398071289,16.476367950439453
2019-10-18,27.723278045654297,16.394723892211914
2019-10-21,27.941577911376953,16.511171340942383
2019-10-22,28.86933708190918,16.98181915283203
2019-10-23,29.56059455871582,17.12736701965332
2019-10-24,29.67579460144043,17.107959747314453
2019-10-25,30.0335636138916,17.331157684326172
2019-10-28,30.1608943939209,17.957048416137695
2019-10-29,29.66366958618164,17.7096004486084
2019-10-30,29.117935180664062,17.792085647583008
2019-10-31,28.596473693847656,17.064292907714844
2019-11-01,28.608585357666016,16.918724060058594
2019-11-04,28.717723846435547,16.937639236450195
2019-11-05,29.081554412841797,17.165813446044922
2019-11-06,28.79656410217285,17.073572158813477
2019-11-07,28.82687759399414,17.117265701293945
2019-11-08,28.347843170166016,16.622085571289062
2019-11-11,28.269020080566406,16.583261489868164
2019-11-12,27.75966453552246,16.42791175842285
2019-11-13,27.238182067871094,16.25800132751465
2019-11-14,27.553499221801758,16.190034866333008
2019-11-18,27.826372146606445,16.083242416381836
2019-11-19,27.498926162719727,16.054107666015625
2019-11-21,27.75966453552246,16.146345138549805
2019-11-22,27.953704833984375,16.413347244262695
2019-11-25,27.79604721069336,16.330820083618164
2019-11-26,27.310943603515625,15.981289863586426
2019-11-27,27.007761001586914,16.24828338623047
2019-11-28,26.850109100341797,16.122072219848633
2019-11-29,26.801597595214844,16.199737548828125
2019-12-02,27.032026290893555,16.306541442871094
2019-12-03,26.95925521850586,16.364320755004883
2019-12-04,27.22606086730957,16.786907196044922
2019-12-05,27.529247283935547,16.854917526245117
2019-12-06,27.06233787536621,16.665475845336914
2019-12-09,26.965322494506836,16.80632972717285
2019-12-10,27.013830184936523,16.748048782348633
2019-12-11,26.874372482299805,16.65089988708496
2019-12-12,26.831918716430664,16.87434196472168
2019-12-13,27.001707077026367,16.90349006652832
2019-12-16,27.438297271728516,16.607192993164062
2019-12-17,27.341270446777344,16.91320037841797
2019-12-18,28.244762420654297,17.38435935974121
2019-12-19,28.38422966003418,17.704940795898438
2019-12-20,28.657094955444336,17.602725982666016
2019-12-23,28.62677574157715,17.711240768432617
2019-12-26,29.13006591796875,17.933181762695312
2019-12-27,29.293779373168945,17.864124298095703
2019-12-30,29.89409637451172,17.83946418762207
2020-01-02,30.949180603027344,18.500377655029297
2020-01-03,30.930986404418945,18.509719848632812
2020-01-06,30.093978881835938,18.179096221923828
2020-01-07,30.03063201904297,17.86328887939453
2020-01-08,29.79627799987793,17.586942672729492
2020-01-09,29.232519149780273,17.305681228637695
2020-01-10,29.1058406829834,16.989858627319336
2020-01-13,29.466890335083008,17.172443389892578
2020-01-14,29.06150245666504,17.152698516845703
2020-01-15,28.66877555847168,16.8516845703125
2020-01-16,28.61176872253418,17.093488693237305
2020-01-17,29.207185745239258,17.49319076538086
2020-01-20,28.953826904296875,17.152698516845703
2020-01-21,27.832656860351562,16.580284118652344
2020-01-22,27.560279846191406,16.63950538635254
2020-01-23,28.162029266357422,17.07868766784668
2020-01-24,27.95933723449707,16.95037841796875
2020-01-27,27.857986450195312,16.56055450439453
2020-01-28,27.503273010253906,16.580284118652344
2020-01-29,26.87618637084961,16.343421936035156
2020-01-30,26.736833572387695,16.506267547607422
2020-01-31,26.47712516784668,16.229934692382812
2020-02-03,26.66082763671875,16.33356285095215
2020-02-04,26.635482788085938,16.34290885925293
2020-02-05,26.857181549072266,16.658905029296875
2020-02-06,26.44544792175293,16.466346740722656
2020-02-07,26.350444793701172,16.65397071838379
2020-02-10,27.002872467041016,16.831708908081055
2020-02-11,27.452594757080078,16.979841232299805
2020-02-12,27.24357032775879,16.752721786499023
2020-02-13,26.287099838256836,16.431781768798828
2020-02-14,26.008398056030273,16.06147575378418
2020-02-17,25.913379669189453,15.928167343139648
2020-02-18,25.786691665649414,15.865796089172363
2020-02-19,26.185754776000977,16.093364715576172
2020-02-20,26.2237491607666,15.860840797424316
2020-02-21,25.641010284423828,15.737166404724121
2020-02-26,24.13979148864746,14.891180992126465
2020-02-27,24.56418800354004,14.826871871948242
2020-02-28,24.621200561523438,15.103921890258789
2020-03-02,24.659202575683594,15.30675220489502
2020-03-03,24.405838012695312,14.910208702087402
2020-03-04,24.30448341369629,15.073575019836426
2020-03-05,23.854751586914062,14.578545570373535
2020-03-06,23.024965286254883,14.162715911865234
2020-03-09,20.554615020751953,13.142962455749512
2020-03-10,21.276718139648438,13.45977783203125
2020-03-11,19.50946044921875,12.37072467803955
2020-03-12,16.880752563476562,10.712377548217773
2020-03-13,18.983718872070312,12.519231796264648
2020-03-16,16.7160587310791,10.73218059539795
2020-03-17,17.482501983642578,11.593528747558594
2020-03-18,16.336009979248047,10.242111206054688
2020-03-19,16.063634872436523,10.271806716918945
2020-03-20,16.215656280517578,9.524313926696777
2020-03-23,15.398541450500488,8.747126579284668
2020-03-24,17.4635009765625,10.063891410827637
2020-03-25,18.705015182495117,10.816340446472168
2020-03-26,19.110408782958984,11.044051170349121
2020-03-27,17.248136520385742,10.326262474060059
2020-03-30,17.862560272216797,10.64802074432373
2020-03-31,17.10245132446289,10.281705856323242
2020-04-01,15.67090892791748,9.831233978271484
2020-04-02,16.15865135192871,9.885213851928711
2020-04-03,15.113500595092773,9.518545150756836
2020-04-06,16.557703018188477,10.420358657836914
2020-04-07,17.33048439025879,10.811796188354492
2020-04-08,17.56485366821289,11.0991849899292
2020-04-09,17.46983528137207,11.094234466552734
2020-04-13,17.91956329345703,11.381619453430176
2020-04-14,17.862560272216797,11.505992889404297
2020-04-15,17.051776885986328,11.173516273498535
2020-04-16,16.393009185791016,10.884637832641602
2020-04-17,16.785737991333008,11.097209930419922
2020-04-20,16.437353134155273,10.737475395202637
2020-04-22,16.088973999023438,10.69931697845459
2020-04-23,15.85460376739502,10.546706199645996
2020-04-24,14.84745979309082,9.723681449890137
2020-04-27,15.493556022644043,10.007107734680176
2020-04-28,17.241802215576172,10.884637832641602
2020-04-29,17.875228881835938,11.249820709228516
2020-04-30,17.10245132446289,10.437694549560547
2020-05-04,16.304336547851562,9.974404335021973
2020-05-05,15.924284934997559,9.98473834991455
2020-05-06,15.778594970703125,9.777408599853516
2020-05-07,15.145166397094727,9.357282638549805
2020-05-08,15.637227058410645,9.777408599853516
2020-05-11,15.803648948669434,9.630088806152344
2020-05-12,14.875521659851074,9.330000877380371
2020-05-13,14.709107398986816,9.248156547546387
2020-05-14,15.323580741882324,9.755583763122559
2020-05-15,14.69630241394043,9.335456848144531
2020-05-18,15.707634925842285,9.826509475708008
2020-05-19,15.048346519470215,9.537333488464355
2020-05-20,15.21476936340332,9.635546684265137
2020-05-21,16.034076690673828,10.170251846313477
2020-05-22,15.752440452575684,10.230266571044922
2020-05-25,16.584545135498047,10.955927848815918
2020-05-26,16.09168243408203,10.481245040893555
2020-05-27,16.57814598083496,10.661298751831055
2020-05-28,16.149290084838867,10.421232223510742
2020-05-29,16.117284774780273,10.339385986328125
2020-06-01,17.03260612487793,10.803160667419434
2020-06-02,18.005531311035156,11.288643836975098
2020-06-03,18.812034606933594,11.791091918945312
2020-06-04,19.48412322998047,11.960390090942383
2020-06-05,19.925777435302734,12.178845405578613
2020-06-08,20.69388198852539,12.817824363708496
2020-06-09,20.4122371673584,12.533834457397461
2020-06-10,19.413713455200195,11.949470520019531
2020-06-12,19.15127944946289,11.812933921813965
2020-06-15,18.754425048828125,11.550788879394531
2020-06-16,19.439313888549805,12.031392097473145
2020-06-17,19.82976722717285,12.222533226013184
2020-06-18,19.656944274902344,12.178845405578613
2020-06-19,19.618541717529297,12.211609840393066
2020-06-22,19.708148956298828,11.785626411437988
2020-06-23,19.362506866455078,11.769244194030762
2020-06-24,18.466386795043945,11.386940956115723
2020-06-25,18.824832916259766,11.660018920898438
2020-06-26,18.139949798583984,11.299565315246582
2020-06-29,18.594404220581055,11.69278621673584
2020-06-30,17.93512535095215,11.30502700805664
2020-07-01,18.223161697387695,11.556251525878906
2020-07-02,18.363977432250977,11.5939359664917
2020-07-03,18.210355758666992,11.670466423034668
2020-07-06,19.05527114868164,12.38107681274414
2020-07-07,18.25516128540039,11.86724853515625
2020-07-08,18.8824405670166,12.271749496459961
2020-07-09,18.56240463256836,11.998437881469727
2020-07-10,18.58160400390625,12.173359870910645
2020-07-13,18.17194938659668,12.00390911102295
2020-07-14,18.434383392333984,12.206154823303223
2020-07-15,18.818431854248047,12.408406257629395
2020-07-16,18.72242546081543,12.1897611618042
2020-07-17,19.080873489379883,12.249883651733398
2020-07-20,19.106475830078125,12.364681243896484
2020-07-21,19.644145965576172,12.6981201171875
2020-07-22,18.927248001098633,12.47946548461914
2020-07-23,18.53679847717285,12.299084663391113
2020-07-24,18.58160400390625,12.3756103515625
2020-07-27,18.991260528564453,12.94410228729248
2020-07-28,19.202484130859375,12.856646537780762
2020-07-29,19.81696319580078,13.261141777038574
2020-07-30,19.874568939208984,12.796513557434082
2020-07-31,19.208887100219727,12.26628303527832
2020-08-03,18.972057342529297,12.135091781616211
2020-08-04,18.44078254699707,11.882855415344238
2020-08-05,18.498394012451172,11.937562942504883
2020-08-06,19.074466705322266,12.019622802734375
2020-08-07,18.85860824584961,11.948502540588379
2020-08-10,19.561365127563477,12.052458763122559
2020-08-11,19.322818756103516,11.953974723815918
2020-08-12,19.309925079345703,11.84455394744873
2020-08-13,18.60715675354004,11.598369598388672
2020-08-14,18.755449295043945,11.61478328704834
2020-08-17,18.413734436035156,11.275581359863281
2020-08-18,18.781232833862305,11.395940780639648
2020-08-19,18.697420120239258,11.35217571258545
2020-08-20,18.632946014404297,11.32481575012207
2020-08-21,18.632946014404297,11.32481575012207
2020-08-24,18.923078536987305,11.581950187683105
2020-08-25,18.787677764892578,11.581950187683105
2020-08-26,18.30413055419922,11.34123420715332
2020-08-27,18.581369400024414,11.510828018188477
2020-08-28,18.877946853637695,11.746078491210938
2020-08-31,18.413734436035156,11.346699714660645
2020-09-01,18.82636833190918,11.576482772827148
2020-09-02,18.491100311279297,11.564949989318848
2020-09-03,19.116500854492188,12.01944351196289
2020-09-04,19.60650062561035,12.030396461486816
2020-09-08,19.284133911132812,11.838740348815918
2020-09-09,19.155183792114258,11.80588436126709
2020-09-10,18.56847381591797,11.417099952697754
2020-09-11,18.336368560791016,11.203545570373535
2020-09-14,18.4588680267334,11.334964752197266
2020-09-15,18.336368560791016,11.214493751525879
2020-09-16,18.200973510742188,11.236396789550781
2020-09-17,18.013994216918945,11.263781547546387
2020-09-18,17.627155303955078,10.995461463928223
2020-09-21,17.601369857788086,10.831189155578613
2020-09-22,17.723859786987305,10.896896362304688
2020-09-23,17.30478858947754,10.639537811279297
2020-09-24,17.691627502441406,10.84213924407959
2020-09-25,17.536893844604492,10.831189155578613
2020-09-28,17.904390335083008,10.79833698272705
2020-09-29,17.465970993041992,10.540970802307129
2020-09-30,18.02689552307129,10.62858772277832
2020-10-01,17.988208770751953,10.67786693572998
2020-10-02,18.310577392578125,10.764984130859375
2020-10-05,18.355710983276367,10.918456077575684
2020-10-06,18.400840759277344,10.880090713500977
2020-10-07,18.355710983276367,10.764984130859375
2020-10-08,19.883739471435547,11.31857681274414
2020-10-09,20.244792938232422,11.367912292480469
2020-10-13,20.489797592163086,11.433691024780273
2020-10-14,20.741239547729492,11.444650650024414
2020-10-15,20.438213348388672,11.367912292480469
2020-10-16,19.799924850463867,11.143180847167969
2020-10-19,19.993345260620117,11.29665756225586
2020-10-20,20.489797592163086,11.784477233886719
2020-10-21,20.70900535583496,11.905068397521973
2020-10-22,21.566503524780273,12.453180313110352
2020-10-23,21.740589141845703,12.398365020751953
2020-10-26,22.075851440429688,12.551838874816895
2020-10-27,21.4569034576416,12.20104694366455
2020-10-28,20.850845336914062,11.510417938232422
2020-10-29,21.398876190185547,11.395318984985352
2020-10-30,20.53492546081543,11.050004005432129
2020-11-03,20.863744735717773,11.428203582763672
2020-11-04,20.66387367248535,11.345327377319336
2020-11-05,20.98223114013672,11.52088737487793
2020-11-06,20.63100814819336,11.493453979492188
2020-11-09,22.237518310546875,12.585200309753418
2020-11-10,23.616384506225586,13.397146224975586
2020-11-11,23.616384506225586,13.342284202575684
2020-11-12,22.881423950195312,12.81561279296875
2020-11-13,23.34972381591797,13.270968437194824
2020-11-16,24.66354751586914,13.857979774475098
2020-11-17,25.281442642211914,13.934789657592773
2020-11-18,25.450544357299805,13.506869316101074
2020-11-19,25.561105728149414,13.517839431762695
2020-11-23,25.131847381591797,13.430062294006348
2020-11-24,26.380632400512695,14.03353500366211
2020-11-25,26.530227661132812,13.852493286132812
2020-11-26,26.198516845703125,13.627561569213867
2020-11-27,26.556245803833008,13.517839431762695
2020-11-30,25.457056045532227,13.33130931854248
2020-12-01,27.766008377075195,14.077433586120605
2020-12-02,27.29770851135254,14.230574607849121
2020-12-03,27.304222106933594,14.043901443481445
2020-12-04,27.01152992248535,14.164689064025879
2020-12-07,28.416404724121094,14.258018493652344
2020-12-08,28.156251907348633,14.08782958984375
2020-12-09,27.824535369873047,14.126259803771973
2020-12-10,28.624547958374023,14.70821762084961
2020-12-11,28.995288848876953,14.592915534973145
2020-12-14,28.85869598388672,14.516059875488281
2020-12-15,29.274953842163086,14.516059875488281
2020-12-16,29.066823959350586,14.845471382141113
2020-12-17,28.774141311645508,14.916844367980957
2020-12-18,28.76764488220215,14.944292068481445
2020-12-21,28.42943000793457,14.581939697265625
2020-12-22,28.85869598388672,14.878414154052734
2020-12-23,29.509098052978516,15.218801498413086
2020-12-28,30.04244041442871,15.36704158782959
2020-12-29,30.02292823791504,15.34170913696289
2020-12-30,29.385530471801758,15.124384880065918
2021-01-04,28.92374038696289,14.728714942932129
2021-01-05,28.49446678161621,14.63889217376709
2021-01-06,29.470081329345703,15.12407112121582
2021-01-07,29.873334884643555,15.525603294372559
2021-01-08,29.587148666381836,15.391751289367676
2021-01-11,29.05544662475586,15.118501663208008
2021-01-12,29.636686325073242,15.107340812683105
2021-01-13,29.434234619140625,14.878690719604492
2021-01-14,30.07424545288086,15.33598804473877
2021-01-15,28.76808738708496,14.912155151367188
2021-01-18,28.474206924438477,14.962347030639648
2021-01-19,27.840723037719727,14.72255802154541
2021-01-20,27.279075622558594,14.415834426879883
2021-01-21,26.789264678955078,14.209489822387695
2021-01-22,26.221084594726562,13.947381019592285
2021-01-26,25.67902946472168,13.612776756286621
2021-01-27,25.659442901611328,13.807969093322754
2021-01-28,26.625993728637695,14.237373352050781
2021-01-29,25.776994705200195,13.796810150146484
2021-02-01,26.619464874267578,14.081217765808105
2021-02-02,26.403947830200195,14.024829864501953
2021-02-03,26.75661277770996,14.091789245605469
2021-02-04,27.102741241455078,14.515944480895996
2021-02-05,27.141925811767578,14.43781566619873
2021-02-08,26.319047927856445,14.130867004394531
2021-02-09,26.913345336914062,14.203417778015137
2021-02-10,26.20802879333496,14.047147750854492
2021-02-11,26.521503448486328,14.063889503479004
2021-02-12,26.528032302856445,14.063889503479004
2021-02-17,26.949520111083984,14.052732467651367
2021-02-18,26.45142936706543,13.91407585144043
2021-02-19,26.713579177856445,13.796775817871094
2021-02-22,25.67807388305664,12.89188289642334
2021-02-23,26.72013282775879,13.506318092346191
2021-02-24,25.835359573364258,13.411356925964355
2021-02-25,25.186527252197266,13.120901107788086
2021-02-26,24.655658721923828,12.847195625305176
2021-03-01,24.41972541809082,12.422682762145996
2021-03-02,25.160314559936523,12.757523536682129
2021-03-03,24.79329490661621,12.869331359863281
2021-03-04,25.317607879638672,13.366880416870117
2021-03-05,26.48419189453125,13.99860954284668
2021-03-08,25.566650390625,13.501055717468262
2021-03-09,25.71739387512207,13.612868309020996
2021-03-10,26.071304321289062,13.842082023620605
2021-03-11,25.95333480834961,14.08246898651123
2021-03-12,25.651857376098633,13.987431526184082
2021-03-15,26.14995002746582,14.18309497833252
2021-03-16,25.23240852355957,13.948290824890137
2021-03-17,26.071304321289062,14.529707908630371
2021-03-18,26.7266845703125,14.798052787780762
2021-03-19,26.602163314819336,14.948989868164062
2021-03-22,26.20238494873047,14.8707275390625
2021-03-23,25.71739387512207,14.708599090576172
2021-03-24,25.54698944091797,14.557660102844238
2021-03-25,25.97954750061035,14.88190746307373
2021-03-26,26.831552505493164,14.982544898986816
2021-03-29,26.045085906982422,15.04403018951416
2021-03-30,26.39244270324707,15.295605659484863
2021-03-31,25.95333480834961,14.965764045715332
2021-04-01,25.26517105102539,14.417898178100586
2021-04-05,25.494552612304688,14.551575660705566
2021-04-06,25.22585105895996,14.3222017288208
2021-04-07,25.23240852355957,14.165552139282227
2021-04-08,25.035791397094727,14.120789527893066
2021-04-09,24.826066970825195,14.098413467407227
2021-04-12,25.415916442871094,14.361355781555176
2021-04-13,25.10132598876953,14.266254425048828
2021-04-14,25.605979919433594,14.434085845947266
2021-04-15,25.297945022583008,14.434085845947266
2021-04-16,25.39625358581543,14.601934432983398
2021-04-19,25.048887252807617,14.535922050476074
2021-04-20,25.10132598876953,14.314364433288574
2021-04-22,24.583566665649414,14.215899467468262
2021-04-23,25.11443328857422,14.480521202087402
2021-04-26,25.00301742553711,14.492830276489258
2021-04-27,24.622900009155273,14.36359977722168
2021-04-28,26.707027435302734,15.132856369018555
2021-04-29,25.57975959777832,14.628229141235352
2021-04-30,25.317607879638672,14.677454948425293
2021-05-03,25.743602752685547,15.114398956298828
2021-05-04,25.042343139648438,14.65798568725586
2021-05-05,25.619083404541016,14.68262004852295
2021-05-06,25.494552612304688,14.756534576416016
2021-05-07,25.612529754638672,14.818113327026367
2021-05-10,25.744949340820312,15.175336837768555
2021-05-11,25.57081413269043,15.150691986083984
2021-05-12,25.095294952392578,14.842750549316406
2021-05-13,25.798532485961914,15.187647819519043
2021-05-14,26.34772300720215,15.32929801940918
2021-05-17,26.4749755859375,15.397050857543945
2021-05-18,26.568737030029297,15.643402099609375
2021-05-19,27.479589462280273,15.748103141784668
2021-05-20,27.332246780395508,15.895918846130371
2021-05-21,27.479589462280273,15.96982192993164
2021-05-24,27.24517822265625,15.926709175109863
2021-05-25,26.97058868408203,15.846637725830078
2021-05-26,27.338945388793945,16.210012435913086
2021-05-27,27.338945388793945,16.308557510375977
2021-05-28,27.325546264648438,16.34549903869629
2021-05-31,27.600139617919922,16.308557510375977
2021-06-01,28.69182586669922,16.67807388305664
2021-06-02,29.234325408935547,17.330717086791992
2021-06-04,29.984426498413086,17.312227249145508
2021-06-07,30.57380485534668,17.52793312072754
2021-06-08,30.540321350097656,17.404678344726562
2021-06-09,30.218839645385742,17.318391799926758
2021-06-10,30.439857482910156,17.349210739135742
2021-06-11,30.16526222229004,17.281410217285156
2021-06-14,30.272418975830078,17.20746421813965
2021-06-15,30.07819938659668,17.219783782958984
2021-06-16,30.567108154296875,17.30607032775879
2021-06-17,30.071491241455078,17.23210906982422
2021-06-18,29.535709381103516,17.010234832763672
2021-06-21,29.395057678222656,17.053382873535156
2021-06-22,29.301292419433594,16.739057540893555
2021-06-23,28.926240921020508,16.66511344909668
2021-06-24,28.865955352783203,16.788362503051758
2021-06-25,28.196212768554688,16.26449966430664
2021-06-28,27.928321838378906,16.184383392333984
2021-06-29,27.680513381958008,16.085769653320312
2021-06-30,27.124624252319336,15.857725143432617
2021-07-01,27.097837448120117,15.660517692565918
2021-07-02,27.405912399291992,16.036090850830078
2021-07-05,27.13802146911621,15.751468658447266
2021-07-06,26.6758975982666,15.556229591369629
2021-07-07,26.8701171875,15.669602394104004
2021-07-08,26.655807495117188,15.486949920654297
2021-07-12,27.660419464111328,15.87743091583252
2021-07-13,27.680513381958008,15.864826202392578
2021-07-14,27.687211990356445,15.934115409851074
2021-07-15,27.198299407958984,15.69478702545166
2021-07-16,26.722782135009766,15.69478702545166
2021-07-19,26.568737030029297,15.121665954589844
2021-07-20,26.896907806396484,15.354693412780762
2021-07-21,27.191600799560547,15.360990524291992
2021-07-22,26.90361785888672,15.241325378417969
2021-07-23,26.689294815063477,15.083869934082031
2021-07-26,27.345645904541016,15.209837913513184
2021-07-27,27.593448638916016,15.329507827758789
2021-07-28,27.921615600585938,15.688482284545898
2021-07-29,27.479589462280273,15.537333488464355
2021-07-30,27.097837448120117,15.27281379699707
2021-08-02,27.191600799560547,15.367287635803223
2021-08-03,27.35903549194336,15.45486068725586
2021-08-04,27.050947189331055,14.843461036682129
2021-08-05,26.96824836730957,14.622875213623047
2021-08-06,28.038198471069336,14.944321632385254
2021-08-09,27.921606063842773,14.938013076782227
2021-08-10,27.297470092773438,14.723715782165527
2021-08-11,27.475793838500977,14.780447006225586
2021-08-12,27.324901580810547,14.572444915771484
2021-08-13,27.962759017944336,14.641777992248535
2021-08-16,27.88045883178711,14.522016525268555
2021-08-17,27.708993911743164,14.465293884277344
2021-08-18,27.489503860473633,14.370755195617676
2021-08-19,27.578672409057617,14.33923625946045
2021-08-20,27.578672409057617,14.257304191589355
2021-08-23,27.94904327392578,14.358139991760254
2021-08-24,28.39484977722168,14.736321449279785
2021-08-25,28.50459098815918,14.761531829833984
2021-08-26,28.189090728759766,14.47790241241455
2021-08-27,28.55945587158203,14.666986465454102
2021-08-30,28.31940460205078,14.50942611694336
2021-08-31,28.765220642089844,14.591355323791504
2021-09-01,28.573183059692383,14.566137313842773
2021-09-02,27.07798957824707,14.054515838623047
2021-09-03,26.446992874145508,13.985123634338379
2021-09-06,26.86536979675293,14.13021183013916
2021-09-08,25.534791946411133,13.316461563110352
2021-09-09,25.671964645385742,13.373234748840332
2021-09-10,25.260448455810547,13.209228515625
2021-09-13,25.47992515563965,13.480474472045898
2021-09-14,25.322174072265625,13.39216423034668
2021-09-15,24.80091667175293,13.272308349609375
2021-09-16,25.04096794128418,13.101991653442383
2021-09-17,24.485414505004883,12.628885269165039
2021-09-20,23.77211570739746,12.155767440795898
2021-09-21,23.710390090942383,12.33240032196045
2021-09-22,24.080753326416016,12.515332221984863
2021-09-23,24.807771682739258,13.070446968078613
2021-09-24,24.115049362182617,12.780281066894531
2021-09-27,25.02724838256836,13.165072441101074
2021-09-28,24.711753845214844,12.887516021728516
2021-09-29,24.986095428466797,13.1209135055542
2021-09-30,24.25908088684082,13.139842987060547
2021-10-01,25.233015060424805,13.467863082885742
2021-10-04,24.478557586669922,13.088370323181152
2021-10-05,25.17814064025879,13.309347152709961
2021-10-06,25.267305374145508,13.410368919372559
2021-10-07,24.896936416625977,13.075739860534668
2021-10-08,25.41133689880371,13.164132118225098
2021-10-11,24.622589111328125,12.924209594726562
2021-10-13,24.629453659057617,12.886332511901855
2021-10-14,24.766620635986328,12.766369819641113
2021-10-15,25.7542724609375,13.435623168945312
2021-10-18,26.075754165649414,13.669227600097656
2021-10-19,24.95414161682129,13.246208190917969
2021-10-20,25.78284454345703,13.700806617736816
2021-10-21,25.325632095336914,13.416680335998535
2021-10-22,24.80411720275879,12.911582946777344
2021-10-25,25.539955139160156,13.10731315612793
2021-10-26,25.054155349731445,12.810565948486328
2021-10-27,25.047014236450195,12.981040954589844
2021-10-28,25.047014236450195,12.936837196350098
2021-10-29,24.575504302978516,12.5643310546875
2021-11-01,25.68998146057129,12.99997329711914
2021-11-03,25.93286895751953,12.891875267028809
2021-11-04,24.861270904541016,12.038734436035156
2021-11-05,25.142276763916016,12.632779121398926
2021-11-08,25.047210693359375,12.342072486877441
2021-11-09,24.666929244995117,12.203042030334473
2021-11-10,25.485992431640625,12.8855562210083
2021-11-11,25.354358673095703,12.948750495910645
2021-11-12,25.595687866210938,13.075139999389648
2021-11-16,25.054523468017578,13.056183815002441
2021-11-17,25.156902313232422,13.113056182861328
2021-11-18,25.127653121948242,12.986668586730957
2021-11-19,24.974075317382812,12.974030494689941
2021-11-22,24.8643798828125,12.752846717834473
2021-11-23,25.017955780029297,12.999310493469238
2021-11-24,25.52256202697754,13.33424186706543
2021-11-25,25.946714401245117,13.441666603088379
2021-11-26,24.900949478149414,12.904507637023926
2021-11-29,24.82781982421875,12.809720039367676
2021-11-30,24.089195251464844,12.582213401794434
2021-12-01,23.803985595703125,12.531656265258789
2021-12-02,24.506040573120117,13.169875144958496
2021-12-03,24.46216583251953,13.131922721862793
2021-12-06,24.776626586914062,13.410240173339844
2021-12-07,24.22083282470703,13.252110481262207
2021-12-08,24.162330627441406,13.169875144958496
2021-12-09,23.401771545410156,12.834617614746094
2021-12-10,23.2701358795166,12.784014701843262
2021-12-13,23.328641891479492,12.549966812133789
2021-12-14,23.116561889648438,12.73973274230957
2021-12-15,23.387144088745117,12.73973274230957
2021-12-16,23.54071807861328,12.897872924804688
2021-12-17,23.065370559692383,12.537313461303711
2021-12-20,22.304811477661133,12.27796745300293
2021-12-21,22.304811477661133,12.225112915039062
2021-12-22,22.165861129760742,12.28275203704834
2021-12-23,22.28287696838379,12.321171760559082
2021-12-27,22.494956970214844,12.462060928344727
2021-12-28,22.524208068847656,12.417230606079102
2021-12-29,22.2316837310791,12.359597206115723
2021-12-30,22.041542053222656,12.301962852478027
2022-01-03,22.370630264282227,12.609353065490723
2022-01-04,22.692405700683594,12.692005157470703
2022-01-05,22.51689338684082,12.602264404296875
2022-01-06,22.69972038269043,12.781742095947266
2022-01-07,22.77284812927246,12.96764087677002
2022-01-10,23.224853515625,13.012510299682617
2022-01-11,22.93903160095215,13.031737327575684
2022-01-12,22.426013946533203,12.935585021972656
2022-01-13,23.239505767822266,13.166351318359375
2022-01-14,23.232181549072266,13.377882957458496
2022-01-17,23.26149559020996,13.454806327819824
2022-01-18,23.129573822021484,13.69839096069336
2022-01-19,23.305465698242188,13.525315284729004
2022-01-20,22.851085662841797,13.512496948242188
2022-01-21,23.01231575012207,13.371474266052246
2022-01-24,22.79245376586914,13.653517723083496
2022-01-25,24.111635208129883,14.198375701904297
2022-01-26,24.243553161621094,14.211198806762695
2022-01-27,24.837181091308594,14.281706809997559
2022-01-28,24.18492317199707,14.486835479736328
2022-01-31,24.258209228515625,14.615030288696289
2022-02-01,24.038345336914062,14.666315078735352
2022-02-02,23.371423721313477,14.402603149414062
2022-02-03,23.48135757446289,14.61430549621582
2022-02-04,23.627933502197266,14.710551261901855
2022-02-07,23.811153411865234,14.659219741821289
2022-02-08,23.75985336303711,14.575821876525879
2022-02-09,23.2175235748291,13.324811935424805
2022-02-10,23.657245635986328,13.51727294921875
2022-02-11,23.923492431640625,13.562189102172852
2022-02-14,24.08132553100586,13.581432342529297
2022-02-15,24.12642478942871,13.59426498413086
2022-02-16,24.442096710205078,13.754648208618164
2022-02-17,23.953554153442383,13.59426498413086
2022-02-18,24.1038761138916,13.671246528625488
2022-02-21,23.72807502746582,13.5108642578125
2022-02-22,23.840810775756836,13.459534645080566
2022-02-23,23.69801139831543,13.3953857421875
2022-02-24,22.74347496032715,12.9912109375
2022-02-25,23.03660011291504,13.055367469787598
2022-03-02,23.164371490478516,12.920642852783203
2022-03-03,23.404882431030273,13.170270919799805
2022-03-04,22.788570404052734,12.791407585144043
2022-03-07,22.239898681640625,12.463922500610352
2022-03-08,22.33761215209961,12.6244535446167
2022-03-09,24.133939743041992,13.433548927307129
2022-03-10,24.058778762817383,13.35007381439209
2022-03-11,24.321840286254883,13.292283058166504
2022-03-14,25.359052658081055,13.38859748840332
2022-03-15,25.020828247070312,13.356496810913086
2022-03-16,25.667207717895508,13.549131393432617
2022-03-17,26.118173599243164,13.600502014160156
2022-03-18,26.291038513183594,13.568404197692871
2022-03-21,26.997543334960938,13.88946533203125
2022-03-22,27.17041015625,14.062846183776855
2022-03-23,27.185440063476562,13.972946166992188
2022-03-24,26.95244789123535,14.178435325622559
2022-03-25,27.73410987854004,14.306859970092773
2022-03-28,27.30569839477539,14.236224174499512
2022-03-29,27.365827560424805,14.493074417114258
2022-03-30,27.643922805786133,14.403177261352539
2022-03-31,27.245569229125977,14.268330574035645
2022-04-01,27.726593017578125,14.114215850830078
2022-04-04,27.21550750732422,14.055702209472656
2022-04-05,26.599191665649414,13.66364860534668
2022-04-06,26.674352645874023,13.59295654296875
2022-04-07,27.17041015625,13.650800704956055
2022-04-08,26.88480567932129,13.80504322052002
2022-04-11,26.72696876525879,13.7857666015625
2022-04-12,26.373714447021484,13.66364860534668
2022-04-13,26.358684539794922,13.80504322052002
2022-04-14,26.230915069580078,13.772904396057129
2022-04-18,26.524032592773438,14.017134666442871
2022-04-19,26.40377426147461,13.835249900817871
2022-04-20,26.33613395690918,13.7857666015625
2022-04-22,25.845869064331055,13.58781909942627
2022-04-25,25.609804153442383,13.50297737121582
2022-04-26,24.44468116760254,12.923267364501953
2022-04-27,24.345685958862305,13.001031875610352
2022-04-28,24.201000213623047,12.880850791931152
2022-04-29,24.17815399169922,12.711177825927734
2022-05-02,24.025848388671875,12.70411205291748
2022-05-03,24.216228485107422,12.788283348083496
2022-05-04,24.833053588867188,12.97228717803955
2022-05-05,24.353300094604492,12.547667503356934
2022-05-06,25.107200622558594,12.809518814086914
2022-05-09,25.33565330505371,13.000604629516602
2022-05-10,24.825439453125,13.127984046936035
2022-05-11,25.038667678833008,13.354454040527344
2022-05-12,24.939661026000977,13.439379692077637
2022-05-13,24.901594161987305,13.595078468322754
2022-05-16,25.5412654876709,13.821540832519531
2022-05-17,25.853485107421875,14.10462760925293
2022-05-18,25.137657165527344,13.8427734375
2022-05-19,24.91682243347168,13.736615180969238
2022-05-20,25.145278930664062,13.920623779296875
2022-05-23,25.777334213256836,14.147088050842285
2022-05-24,26.142868041992188,14.44432544708252
2022-05-25,25.457500457763672,14.281554222106934
2022-05-26,25.381351470947266,14.359399795532227
2022-05-27,25.640262603759766,14.564632415771484
2022-05-30,25.503190994262695,14.423096656799316
2022-05-31,25.52604103088379,14.508013725280762
2022-06-01,25.053895950317383,14.246160507202148
2022-06-02,24.772136688232422,14.18874454498291
2022-06-03,24.53606605529785,14.103743553161621
2022-06-06,24.44468116760254,14.117902755737305
2022-06-07,24.231460571289062,13.99748420715332
2022-06-08,23.95730972290039,13.749554634094238
2022-06-09,24.00300407409668,13.742470741271973
2022-06-10,23.683164596557617,13.53703784942627
2022-06-13,23.226255416870117,13.338691711425781
2022-06-14,22.96734046936035,13.2041015625
2022-06-15,23.157718658447266,13.29619026184082
2022-06-17,22.845497131347656,13.090761184692383
2022-06-20,23.332868576049805,13.437865257263184
2022-06-21,23.378559112548828,13.342138290405273
2022-06-22,22.96734046936035,13.284875869750977
2022-06-23,22.44951057434082,12.934142112731934
2022-06-24,22.380971908569336,12.826772689819336
2022-06-27,22.784578323364258,13.005720138549805
2022-06-28,22.731273651123047,12.819618225097656
2022-06-29,22.320051193237305,12.597728729248047
2022-06-30,21.939292907714844,12.311413764953613
2022-07-01,22.091594696044922,12.404464721679688
2022-07-04,21.779375076293945,12.274727821350098
2022-07-05,21.878372192382812,12.303387641906738
2022-07-06,21.657535552978516,12.203071594238281
2022-07-07,21.703216552734375,12.453865051269531
2022-07-08,21.71845245361328,12.461031913757324
2022-07-11,21.28438949584961,12.210238456726074
2022-07-12,21.10923957824707,12.26039981842041
2022-07-13,20.781787872314453,11.980935096740723
2022-07-14,20.47718048095703,11.708642959594727
2022-07-15,20.67517852783203,11.78029727935791
2022-07-18,20.896013259887695,11.93077278137207
2022-07-19,21.657535552978516,12.367880821228027
2022-07-20,21.505229949951172,12.210238456726074
2022-07-21,21.550920486450195,12.375040054321289
2022-07-22,20.964553833007812,12.217399597167969
2022-07-25,21.337696075439453,12.382205963134766
2022-07-26,21.299619674682617,12.296219825744629
2022-07-27,21.200624465942383,12.367880821228027
2022-07-28,21.733684539794922,12.461031913757324
2022-07-29,21.543312072753906,12.489692687988281
2022-08-01,21.06354522705078,12.461031913757324
2022-08-02,21.208234786987305,12.675475120544434
2022-08-03,21.543312072753906,12.876336097717285
2022-08-04,21.840293884277344,13.113059997558594
2022-08-05,22.25912857055664,13.270869255065918
2022-08-08,22.388587951660156,13.313913345336914
2022-08-09,22.540889739990234,13.507598876953125
2022-08-10,22.974956512451172,13.722801208496094
2022-08-11,22.997802734375,13.837577819824219
2022-08-12,23.226255416870117,14.009735107421875
2022-08-15,23.579776763916016,13.93800163269043
2022-08-16,23.162296295166016,14.138854026794434
2022-08-17,23.293724060058594,14.16037654876709
2022-08-18,23.541118621826172,14.246459007263184
2022-08-19,23.200950622558594,14.067123413085938
2022-08-22,22.883981704711914,13.87343978881836
2022-08-23,22.99994659423828,13.973867416381836
2022-08-24,23.100444793701172,13.894965171813965
2022-08-25,23.37103271484375,13.995386123657227
2022-08-26,23.24734115600586,13.945178985595703
2022-08-29,23.19322395324707,13.995386123657227
2022-08-30,23.23187828063965,13.952350616455078
2022-08-31,22.70616340637207,13.600849151611328
2022-09-01,22.775741577148438,13.71562385559082
2022-09-02,22.83759307861328,13.865654945373535
2022-09-05,23.11591148376465,13.89437198638916
2022-09-06,22.97675323486328,13.808211326599121
2022-09-08,22.829862594604492,13.729225158691406
2022-09-09,23.32465171813965,13.915919303894043
2022-09-12,23.57204246520996,14.052351951599121
2022-09-13,23.255067825317383,13.944640159606934
2022-09-14,23.13910675048828,13.880019187927246
2022-09-15,22.992216110229492,13.829752922058105
2022-09-16,22.97675323486328,13.671778678894043
2022-09-19,23.57204246520996,14.023628234863281
2022-09-20,24.18280029296875,14.476004600524902
2022-09-21,24.004981994628906,14.389835357666016
2022-09-22,24.329687118530273,14.720142364501953
2022-09-23,23.98952293395996,14.432921409606934
2022-09-26,23.35557746887207,14.174419403076172
2022-09-27,23.262802124023438,14.088252067565918
2022-09-28,23.293724060058594,14.09543514251709
2022-09-29,23.30145835876465,14.203145980834961
2022-09-30,23.456073760986328,14.246223449707031
2022-10-03,24.71624183654785,15.229968070983887
2022-10-04,24.870864868164062,15.222016334533691
2022-10-05,24.894060134887695,15.387311935424805
2022-10-06,24.615737915039062,15.071085929870605
2022-10-07,24.376079559326172,14.711738586425781
2022-10-10,24.14414405822754,14.488945007324219
2022-10-11,23.57204246520996,14.45301342010498
2022-10-13,23.30145835876465,14.244582176208496
2022-10-14,23.262802124023438,14.151158332824707
2022-10-17,23.471542358398438,14.251768112182617
2022-10-18,23.84263038635254,14.359573364257812
2022-10-19,23.80398178100586,14.424259185791016
2022-10-20,24.21372413635254,14.589554786682129
2022-10-21,24.638931274414062,14.898605346679688
2022-10-24,23.703380584716797,14.266143798828125
2022-10-25,23.570039749145508,14.179903984069824
2022-10-26,22.330747604370117,13.561822891235352
2022-10-27,22.730772018432617,13.81336784362793
2022-10-28,22.7464599609375,13.892424583435059
2022-10-31,23.358261108398438,14.273331642150879
2022-11-01,23.185701370239258,14.352389335632324
2022-11-03,22.950393676757812,14.107040405273438
2022-11-04,23.33473014831543,13.95596981048584
2022-11-07,23.95437240600586,13.495565414428711
2022-11-08,24.260276794433594,13.366076469421387
2022-11-09,23.005300521850586,11.042482376098633
2022-11-10,21.96210289001465,10.718758583068848
2022-11-11,22.57390022277832,10.898604393005371
2022-11-14,22.730772018432617,10.90579891204834
2022-11-16,21.96210289001465,10.941767692565918
2022-11-17,21.867977142333984,11.179163932800293
2022-11-18,21.930723190307617,11.22951602935791
2022-11-21,21.836599349975586,11.150388717651367
2022-11-22,21.81307029724121,11.107224464416504
2022-11-23,21.98563003540039,11.028095245361328
2022-11-24,22.40134048461914,11.25110149383545
2022-11-25,21.80522346496582,11.042482376098633
2022-11-28,21.522857666015625,11.028095245361328
2022-11-29,21.648353576660156,11.157578468322754
2022-11-30,21.554229736328125,11.20793628692627
2022-12-01,21.742473602294922,11.078454971313477
2022-12-02,21.836599349975586,11.070484161376953
2022-12-05,21.36598777770996,10.659936904907227
2022-12-06,21.703256607055664,10.912026405334473
2022-12-07,21.844444274902344,10.789584159851074
2022-12-08,21.326766967773438,10.479867935180664
2022-12-09,21.30323600769043,10.29980182647705
2022-12-12,21.036556243896484,10.184562683105469
2022-12-13,20.42475128173828,9.882043838500977
2022-12-14,20.3463134765625,10.090921401977539
2022-12-15,20.283565521240234,9.968478202819824
2022-12-16,20.3463134765625,9.954076766967773
2022-12-19,20.895368576049805,10.22777271270752
2022-12-20,21.507171630859375,10.595109939575195
2022-12-21,21.5777645111084,10.68154239654541
2022-12-22,21.679723739624023,10.71755313873291
2022-12-23,22.118967056274414,10.904826164245605
2022-12-26,21.867977142333984,10.645525932312012
2022-12-27,21.938568115234375,10.595109939575195
2022-12-28,22.275842666625977,10.919227600097656
2022-12-29,22.118967056274414,10.912026405334473
2023-01-02,21.671884536743164,10.623918533325195
2023-01-03,21.5777645111084,10.096686363220215
2023-01-04,22.01700210571289,10.125532150268555
2023-01-05,22.369964599609375,10.565463066101074
2023-01-06,22.950393676757812,10.861150741577148
2023-01-09,22.926862716674805,10.9979887008667
2023-01-10,23.781814575195312,11.328078269958496
2023-01-11,24.605396270751953,11.553139686584473
2023-01-12,23.907312393188477,11.283062934875488
2023-01-13,23.452383041381836,11.24555492401123
2023-01-16,22.57390022277832,10.90046215057373
2023-01-17,22.660175323486328,10.975480079650879
2023-01-18,23.303354263305664,11.140528678894043
2023-01-19,23.03667449951172,11.163029670715332
2023-01-20,22.88764762878418,11.005492210388184
2023-01-23,22.048377990722656,10.540364265441895
2023-01-24,22.471933364868164,10.652894973754883
2023-01-25,22.660175323486328,10.577873229980469
2023-01-26,22.769990921020508,10.60788345336914
2023-01-27,22.839824676513672,10.292797088623047
2023-01-30,22.74419403076172,10.345309257507324
2023-01-31,23.031085968017578,10.517862319946289
2023-02-01,22.018991470336914,10.3153076171875
2023-02-02,21.89945411682129,10.472270011901855
2023-02-03,21.596622467041016,10.239383697509766
2023-02-06,21.947275161743164,10.201823234558105
2023-02-07,22.1704044342041,10.1417236328125
2023-02-08,22.919513702392578,10.637543678283691
2023-02-09,22.887638092041016,10.367095947265625
2023-02-10,23.039052963256836,9.518196105957031
2023-02-13,22.943424224853516,9.85625171661377
2023-02-14,22.863731384277344,9.946399688720703
2023-02-15,23.1825008392334,10.337044715881348
2023-02-16,23.7164363861084,10.532367706298828
2023-02-17,23.748315811157227,10.472270011901855
2023-02-22,23.453454971313477,10.367095947265625
2023-02-23,23.732379913330078,10.322020530700684
2023-02-24,23.22234344482422,9.991477012634277
2023-02-27,22.871702194213867,9.893810272216797
2023-02-28,22.616683959960938,9.826202392578125
2023-03-01,22.13056182861328,9.751073837280273
2023-03-02,21.75600814819336,9.622385025024414
2023-03-03,21.421300888061523,9.675048828125
2023-03-06,21.516935348510742,9.998552322387695
2023-03-07,21.78788185119629,10.231779098510742
2023-03-08,21.859607696533203,10.547762870788574
2023-03-09,21.859607696533203,10.51014232635498
2023-03-10,21.261919021606445,10.20920467376709
2023-03-13,20.9909610748291,10.096358299255371
2023-03-14,21.06268310546875,10.03617000579834
2023-03-15,21.022838592529297,10.179108619689941
2023-03-16,21.269887924194336,10.46500301361084
2023-03-17,20.425140380859375,10.028646469116211
2023-03-20,20.409208297729492,9.855611801147461
2023-03-21,20.688129425048828,9.88570499420166
2023-03-22,20.656251907348633,9.795424461364746
2023-03-23,20.337488174438477,9.456870079040527
2023-03-24,20.6004695892334,9.562198638916016
2023-03-27,20.743915557861328,9.735234260559082
2023-03-28,20.70406723022461,9.720190048217773
2023-03-29,20.70406723022461,9.772851943969727
2023-03-30,21.285823822021484,10.066264152526855
2023-03-31,21.3575439453125,9.908273696899414
2023-04-03,20.959083557128906,9.660000801086426
2023-04-04,21.174257278442383,9.877705574035645
2023-04-05,20.8236083984375,9.960585594177246
2023-04-06,20.68016242980957,9.817427635192871
2023-04-10,20.8236083984375,9.930444717407227
2023-04-11,21.676321029663086,10.450322151184082
2023-04-12,21.65241050720215,10.397586822509766
2023-04-13,21.89945411682129,10.405119895935059
2023-04-14,22.146495819091797,10.390049934387207
2023-04-17,21.963207244873047,10.344841957092285
2023-04-18,21.636470794677734,10.277029991149902
2023-04-19,21.588651657104492,10.08867359161377
2023-04-20,21.485055923461914,10.179082870483398
2023-04-24,21.285823822021484,10.09620475769043
2023-04-25,21.490745544433594,10.32223892211914
2023-04-26,21.191362380981445,10.171547889709473
2023-04-27,21.506929397583008,10.36744499206543
2023-04-28,21.741580963134766,10.43525505065918
2023-05-02,21.450288772583008,10.284564971923828
2023-05-03,21.482654571533203,10.374309539794922
2023-05-04,21.854860305786133,10.615744590759277
2023-05-05,22.753005981445312,11.143892288208008
2023-05-08,23.076658248901367,11.558862686157227
2023-05-09,23.432680130004883,11.44568920135498
2023-05-10,23.740150451660156,11.4683256149292
2023-05-11,24.298460006713867,11.619224548339844
2023-05-12,24.476470947265625,11.672038078308105
2023-05-15,24.21755027770996,11.853118896484375
2023-05-16,24.10426902770996,11.860664367675781
2023-05-17,24.298460006713867,11.807848930358887
2023-05-18,24.355100631713867,11.845571517944336
2023-05-19,24.25800132751465,12.132282257080078
2023-05-22,24.09617805480957,12.011560440063477
2023-05-23,23.958620071411133,12.109647750854492
2023-05-24,23.85343360900879,11.739941596984863
2023-05-25,23.610692977905273,12.162461280822754
2023-05-26,23.64305877685547,12.162461280822754
2023-05-29,23.715877532958984,12.177552223205566
2023-05-30,23.3598575592041,11.845571517944336
2023-05-31,23.14139175415039,11.702219009399414
2023-06-01,23.562145233154297,11.90593147277832
2023-06-02,24.10426902770996,11.92024040222168
2023-06-05,24.152816772460938,12.335712432861328
2023-06-06,24.58974838256836,12.532116889953613
2023-06-07,24.686851501464844,12.524559020996094
2023-06-09,24.937679290771484,12.736079216003418
2023-06-12,24.128541946411133,12.630318641662598
2023-06-13,24.516923904418945,12.645431518554688
2023-06-14,24.46028709411621,12.728522300720215
2023-06-15,24.8972225189209,12.766289710998535
2023-06-16,24.703027725219727,12.804064750671387
2023-06-19,25.059049606323242,13.03067684173584
2023-06-20,25.034778594970703,13.060898780822754
2023-06-21,25.32606315612793,13.03067684173584
2023-06-22,24.848676681518555,12.690751075744629
2023-06-23,24.848676681518555,12.532116889953613
2023-06-26,24.913408279418945,12.471687316894531
2023-06-27,24.73539161682129,12.514924049377441
2023-06-28,24.395557403564453,12.30850887298584
2023-06-29,24.775848388671875,12.362025260925293
2023-06-30,24.78394317626953,12.576083183288574
2023-07-03,25.415071487426758,12.736629486083984
2023-07-04,24.8972225189209,12.659281730651855
2023-07-05,24.541200637817383,12.682241439819336
2023-07-06,24.023353576660156,12.37609577178955
2023-07-07,24.128541946411133,12.460289001464844
2023-07-10,24.055713653564453,12.467937469482422
2023-07-11,23.869617462158203,12.47558879852295
2023-07-12,23.578323364257812,12.360784530639648
2023-07-13,23.877708435058594,12.666933059692383
2023-07-14,23.715877532958984,12.575094223022461
2023-07-17,24.225637435913086,12.705204010009766
2023-07-18,24.09617805480957,12.682241439819336
2023-07-19,23.869617462158203,12.636322975158691
2023-07-20,23.99907875061035,12.643978118896484
2023-07-21,24.61704444885254,13.057275772094727
2023-07-24,24.42837905883789,12.705204010009766
2023-07-25,24.157682418823242,12.659281730651855
2023-07-26,24.075653076171875,12.789395332336426
2023-07-27,23.296369552612305,12.498553276062012
2023-07-28,23.61628532409668,12.636322975158691
2023-07-31,23.427616119384766,12.75112533569336
2023-08-01,23.485036849975586,12.720512390136719
2023-08-02,23.38660430908203,12.773338317871094
2023-08-03,23.32918357849121,12.681387901306152
2023-08-04,22.820594787597656,11.838518142700195
2023-08-07,22.837003707885742,11.754231452941895
2023-08-08,22.54990005493164,11.807867050170898
2023-08-09,22.262798309326172,11.746562004089355
2023-08-10,22.197172164916992,11.846177101135254
2023-08-11,22.31201934814453,11.777219772338867
2023-08-14,22.213579177856445,11.71591567993164
2023-08-15,22.057723999023438,11.746562004089355
2023-08-16,21.819841384887695,11.685266494750977
2023-08-17,21.581954956054688,11.562668800354004
2023-08-18,21.68859100341797,11.63929557800293
2023-08-21,21.59015655517578,11.555005073547363
2023-08-22,21.86085319519043,11.631631851196289
2023-08-23,22.10694122314453,11.79254150390625
2023-08-24,21.967493057250977,11.509031295776367
2023-08-25,21.942882537841797,11.363446235656738
2023-08-28,22.28740882873535,11.731244087219238
2023-08-29,22.894424438476562,11.86916732788086
2023-08-30,22.58271598815918,11.616303443908691
2023-08-31,22.238189697265625,11.455392837524414
2023-09-01,22.426855087280273,11.486042022705078
2023-09-04,22.320219039916992,11.431528091430664
2023-09-05,22.065927505493164,11.186017036437988
2023-09-06,21.901872634887695,11.032572746276855
2023-09-08,21.73780632019043,11.032572746276855
2023-09-11,22.12335205078125,11.23971939086914
2023-09-12,22.254594802856445,11.377821922302246
2023-09-13,22.188968658447266,11.42385196685791
2023-09-14,22.147960662841797,11.469886779785156
2023-09-15,21.614765167236328,11.446868896484375
2023-09-18,21.73780632019043,11.446868896484375
2023-09-19,21.54914665222168,11.316444396972656
2023-09-20,21.78702735900879,11.362478256225586
2023-09-21,21.401487350463867,10.940507888793945
2023-09-22,21.393285751342773,10.856114387512207
2023-09-25,21.368677139282227,10.82542896270752
2023-09-26,21.212818145751953,10.710345268249512
2023-09-27,20.974933624267578,10.679656028747559
2023-09-28,21.335866928100586,10.93283748626709
2023-09-29,21.368677139282227,10.971200942993164
2023-10-02,21.26203727722168,10.817753791809082
2023-10-03,21.081575393676758,10.686338424682617
2023-10-04,21.376876831054688,11.047415733337402
2023-10-05,21.885465621948242,11.093511581420898
2023-10-06,22.30381202697754,11.116558074951172
2023-10-09,22.500686645507812,11.01668643951416
2023-10-10,22.771379470825195,11.139604568481445
2023-10-11,22.951845169067383,11.300938606262207
2023-10-13,22.541698455810547,11.131924629211426
2023-10-16,22.476076126098633,11.247162818908691
2023-10-17,21.959287643432617,11.131924629211426
2023-10-18,21.74601173400879,11.032049179077148
2023-10-19,21.992101669311523,11.085830688476562
2023-10-20,21.828338623046875,10.878397941589355
2023-10-23,22.311378479003906,10.89376449584961
2023-10-24,22.87769889831543,10.89376449584961
2023-10-25,22.477941513061523,10.863036155700684
2023-10-26,23.119216918945312,11.139604568481445
2023-10-27,22.536239624023438,11.024365425109863
2023-10-30,22.244752883911133,10.901447296142578
2023-10-31,22.41964340209961,10.747797012329102
2023-11-01,22.6528377532959,10.847672462463379
2023-11-03,23.119216918945312,11.362276077270508
2023-11-06,23.119216918945312,11.354580879211426
2023-11-07,23.6855411529541,11.65460205078125
2023-11-08,24.293500900268555,11.716143608093262
2023-11-09,24.32681655883789,11.73922348022461
2023-11-10,24.876480102539062,11.569986343383789
2023-11-13,25.04304313659668,11.339200019836426
2023-11-14,25.651004791259766,11.577672004699707
2023-11-16,26.633737564086914,11.977702140808105
2023-11-17,25.825899124145508,11.870001792907715
2023-11-20,25.792583465576172,11.900769233703613
2023-11-21,25.567724227905273,11.8546142578125
2023-11-22,25.825899124145508,12.100783348083496
2023-11-23,25.775928497314453,12.42387866973877
2023-11-24,25.567724227905273,12.4315767288208
2023-11-27,25.48444175720215,12.35464859008789
2023-11-28,25.44279670715332,12.470038414001465
2023-11-29,25.567724227905273,12.40849494934082
2023-11-30,25.817569732666016,12.516194343566895
2023-12-01,25.817569732666016,12.554658889770508
2023-12-04,25.784257888793945,12.46142292022705
2023-12-05,25.884199142456055,12.576949119567871
2023-12-06,25.48444175720215,12.446023941040039
2023-12-07,25.576051712036133,12.476826667785645
2023-12-08,25.90085220336914,12.677074432373047
2023-12-11,25.825899124145508,12.576949119567871
2023-12-12,25.626020431518555,12.515334129333496
2023-12-13,26.442188262939453,13.062156677246094
2023-12-14,26.483829498291016,13.285506248474121
2023-12-15,26.159027099609375,13.4164400100708
2023-12-18,26.34225082397461,13.516562461853027
2023-12-19,26.583768844604492,13.516562461853027
2023-12-20,26.07574462890625,13.293210983276367
2023-12-21,26.134044647216797,13.300918579101562
2023-12-22,26.267295837402344,13.499641418457031
2023-12-26,26.400548934936523,13.539748191833496
2023-12-27,26.717023849487305,13.619956970214844
2023-12-28,26.900239944458008,13.70819091796875
2024-01-02,26.69203758239746,13.435476303100586
2024-01-03,26.658720016479492,13.450689315795898
2024-01-04,26.40887451171875,13.2659912109375
2024-01-05,26.758663177490234,13.555075645446777
2024-01-08,26.583768844604492,13.450689315795898
2024-01-09,25.809240341186523,13.089319229125977
2024-01-10,25.492767333984375,12.864474296569824
2024-01-11,25.409486770629883,12.800232887268066
2024-01-12,25.259578704833984,12.695841789245605
2024-01-15,25.22626304626465,12.744023323059082
2024-01-16,24.784868240356445,12.631596565246582
2024-01-17,25.04304313659668,12.65568733215332
2024-01-18,24.9097900390625,12.583418846130371
2024-01-19,25.159639358520508,12.55932331085205
2024-01-22,25.246456146240234,12.414780616760254
2024-01-23,25.094520568847656,12.350536346435547
2024-01-24,24.9003849029541,12.302355766296387
2024-01-25,24.630279541015625,12.334476470947266
2024-01-26,24.79909324645996,12.462964057922363
2024-01-29,24.402372360229492,12.350536346435547
2024-01-30,24.64716148376465,12.262207984924316
2024-01-31,24.18291473388672,12.326449394226074
2024-02-01,24.588071823120117,12.302355766296387
2024-02-02,24.317968368530273,12.317585945129395
2024-02-05,24.588071823120117,12.566834449768066
2024-02-06,25.119844436645508,13.3467378616333
2024-02-07,24.528987884521484,11.224123001098633
2024-02-08,23.971891403198242,10.902511596679688
2024-02-09,24.081626892089844,10.822110176086426
2024-02-14,23.836841583251953,10.749748229980469
2024-02-15,24.030981063842773,10.797990798950195
2024-02-16,24.52054786682129,10.838189125061035
2024-02-19,24.55430793762207,10.974873542785645
2024-02-20,24.782211303710938,11.232161521911621
2024-02-21,24.45301628112793,11.191959381103516
2024-02-22,24.393936157226562,11.256280899047852
2024-02-23,24.064743041992188,11.111557006835938
2024-02-26,23.963455200195312,11.095477104187012
2024-02-27,24.46146011352539,11.27236270904541
2024-02-28,24.478343963623047,11.224123001098633
2024-02-29,24.140710830688477,11.055278778076172
2024-03-01,24.13227081298828,11.095477104187012
2024-03-04,24.064743041992188,10.989958763122559
2024-03-05,23.887487411499023,11.046319007873535
2024-03-06,23.718669891357422,11.126829147338867
2024-03-07,23.845277786254883,11.078524589538574
2024-03-08,24.081626892089844,11.142931938171387
2024-03-11,24.081626892089844,11.207342147827148
2024-03-12,24.149150848388672,11.34421443939209
2024-03-13,24.166032791137695,11.464986801147461
2024-03-14,24.140710830688477,11.537445068359375
2024-03-15,24.25888442993164,11.360319137573242
2024-03-18,24.191356658935547,11.432778358459473
2024-03-19,23.85372543334961,11.368368148803711
2024-03-20,24.149150848388672,11.513290405273438
2024-03-21,23.85372543334961,11.384472846984863
2024-03-22,23.642704010009766,11.239550590515137
2024-03-25,23.676464080810547,11.223442077636719
2024-03-26,23.74399185180664,11.384472846984863
2024-03-27,23.971891403198242,11.561599731445312
2024-03-28,24.073183059692383,11.481085777282715
2024-04-01,23.760875701904297,11.376418113708496
2024-04-02,23.760875701904297,11.440061569213867
2024-04-03,23.65114402770996,11.665801048278809
2024-04-04,24.23356056213379,11.738358497619629
2024-04-05,23.70178985595703,11.7061128616333
2024-04-08,23.836841583251953,11.78673267364502
2024-04-09,23.870601654052734,11.859292030334473
2024-04-10,22.933673858642578,11.609365463256836
2024-04-11,23.085607528686523,11.60130500793457
2024-04-12,22.832382202148438,11.456184387207031
2024-04-15,22.747976303100586,11.286882400512695
2024-04-16,22.553836822509766,11.206263542175293
2024-04-17,22.53696060180664,11.149829864501953
2024-04-18,22.39346694946289,11.101455688476562
2024-04-19,23.009641647338867,10.996649742126465
2024-04-22,22.96029281616211,10.948278427124023
2024-04-23,23.277284622192383,11.020835876464844
2024-04-24,23.3029842376709,11.020835876464844
2024-04-25,22.7375431060791,11.012773513793945
2024-04-26,23.517166137695312,11.190138816833496
2024-04-29,24.099742889404297,11.335257530212402
2024-04-30,24.759422302246094,11.286882400512695
2024-05-02,25.376264572143555,11.157890319824219
2024-05-03,25.359130859375,11.124746322631836
2024-05-06,25.359130859375,11.116673469543457
2024-05-07,25.273462295532227,11.116673469543457
2024-05-08,25.067842483520508,11.140888214111328
2024-05-09,24.562374114990234,10.858335494995117
2024-05-10,24.416730880737305,10.793746948242188
2024-05-13,24.4681339263916,10.842185974121094
2024-05-14,24.545236587524414,10.834112167358398
2024-05-15,24.03976821899414,10.72916316986084
2024-05-16,24.031200408935547,10.785676002502441
2024-05-17,23.731348037719727,10.842185974121094
2024-05-20,23.859853744506836,10.761456489562988
2024-05-21,24.05690574645996,10.81796932220459
2024-05-22,24.091176986694336,10.575774192810059
2024-05-23,24.11687660217285,10.398165702819824
2024-05-24,24.031200408935547,10.47082233428955
2024-05-27,23.671375274658203,10.438531875610352
2024-05-28,23.93696403503418,10.430458068847656
2024-05-29,23.739913940429688,10.325506210327148
2024-05-31,23.774185180664062,10.228632926940918
2024-06-03,23.868427276611328,10.293216705322266
2024-06-04,23.3029842376709,10.389383316040039
2024-06-05,22.977428436279297,10.332781791687012
2024-06-06,23.654245376586914,10.551082611083984
2024-06-07,23.371522903442383,10.470231056213379
2024-06-10,23.131641387939453,10.39746379852295
2024-06-11,23.20874786376953,10.45406436920166
2024-06-12,23.165908813476562,10.260018348693848
2024-06-13,23.131641387939453,10.268101692199707
2024-06-14,23.200176239013672,10.373209953308105
2024-06-17,23.534303665161133,10.48639965057373
2024-06-18,23.637109756469727,10.32327651977539
2024-06-19,23.662809371948242,10.373309135437012
2024-06-20,23.637109756469727,10.34829330444336
2024-06-21,23.594270706176758,10.339953422546387
2024-06-24,23.98836898803711,10.373309135437012
2024-06-25,23.868427276611328,10.289923667907715
2024-06-26,23.56000328063965,10.314937591552734
2024-06-27,23.859853744506836,10.356632232666016
2024-06-28,23.525733947753906,10.32327651977539
2024-07-01,23.4400634765625,10.231553077697754
2024-07-02,23.49146842956543,10.21396541595459
2024-07-03,23.6285400390625,10.247371673583984
2024-07-04,23.6285400390625,10.289127349853516
2024-07-05,23.225881576538086,10.406049728393555
2024-07-08,22.7375431060791,10.406049728393555
2024-07-09,22.908889770507812,10.406049728393555
2024-07-10,23.739913940429688,10.581435203552246
2024-07-11,24.510971069335938,10.581435203552246
2024-07-12,24.339622497558594,10.556379318237305
2024-07-15,24.27965545654297,10.531322479248047
2024-07-16,24.656612396240234,10.564728736877441
2024-07-17,24.905065536499023,10.690003395080566
2024-07-18,24.785123825073242,10.489567756652832
2024-07-19,24.947900772094727,10.431103706359863
2024-07-22,24.93269920349121,10.548027038574219
2024-07-23,24.59389305114746,10.472864151000977
2024-07-24,24.680761337280273,10.481213569641113
2024-07-25,24.081340789794922,10.314184188842773
2024-07-26,24.515705108642578,10.397700309753418
2024-07-29,24.793701171875,10.43945598602295
2024-07-30,24.993513107299805,10.355940818786621
2024-07-31,24.88926124572754,10.380996704101562
2024-08-01,25.332317352294922,10.514620780944824
2024-08-02,24.541770935058594,10.580647468566895
2024-08-05,24.61126708984375,11.383607864379883
2024-08-06,24.66339111328125,11.759994506835938
2024-08-07,24.472270965576172,11.785089492797852
2024-08-08,24.567832946777344,11.918914794921875
2024-08-09,24.90663719177246,12.211658477783203
2024-08-12,25.1585693359375,12.295299530029297
2024-08-13,25.45393943786621,12.445853233337402
2024-08-14,26.096805572509766,12.554591178894043
2024-08-15,26.088115692138672,12.680048942565918
2024-08-16,26.270549774169922,12.52112865447998
2024-08-19,26.713605880737305,13.081531524658203
2024-08-20,26.991600036621094,13.131714820861816
2024-08-21,26.991600036621094,13.073164939880371
2024-08-22,26.904727935791016,12.981160163879395
2024-08-23,27.18272590637207,13.098255157470703
2024-08-26,27.17403793334961,13.056438446044922
2024-08-27,27.0871639251709,12.897518157958984
2024-08-28,27.382530212402344,13.106620788574219
2024-08-29,27.32172203063965,13.073164939880371
2024-08-30,27.278282165527344,13.081531524658203
2024-09-02,27.278282165527344,13.048074722290039
2024-09-03,27.330408096313477,13.189550399780273
2024-09-04,27.599716186523438,13.290042877197266
2024-09-05,27.443344116210938,13.407282829284668
2024-09-06,27.15666389465332,13.147677421569824
2024-09-09,27.18272590637207,13.189550399780273
2024-09-10,27.130599975585938,13.23142147064209
2024-09-11,26.887353897094727,13.08068561553955
2024-09-12,26.626733779907227,13.022062301635742
2024-09-13,26.730979919433594,13.022062301635742
2024-09-16,26.609357833862305,12.9215726852417
2024-09-17,26.635421752929688,12.837830543518066
2024-09-18,26.409549713134766,12.762457847595215
2024-09-19,26.218429565429688,12.586599349975586
2024-09-20,25.653751373291016,12.352119445800781
2024-09-23,25.09775733947754,12.033891677856445
2024-09-24,25.23675537109375,12.017145156860352
2024-09-25,25.2628173828125,12.09251594543457
2024-09-26,25.115131378173828,12.402365684509277
2024-09-27,24.915325164794922,12.511231422424316
2024-09-30,24.66339111328125,12.310247421264648
2024-10-01,24.811077117919922,12.469134330749512
2024-10-02,25.28019142150879,12.918689727783203
2024-10-03,24.69814109802246,12.78270149230957
2024-10-04,24.88926124572754,12.799701690673828
2024-10-07,24.941387176513672,12.918689727783203
2024-10-08,24.915325164794922,12.935688972473145
2024-10-09,24.680761337280273,12.680713653564453
2024-10-10,24.8458251953125,12.748705863952637
2024-10-11,24.828447341918945,12.578723907470703
2024-10-14,25.115131378173828,12.765704154968262
2024-10-15,25.141197204589844,12.876194953918457
2024-10-16,25.228069305419922,12.833698272705078
2024-10-17,25.09775733947754,12.918689727783203
2024-10-18,25.232093811035156,13.02067756652832
2024-10-21,25.099939346313477,12.986681938171387
2024-10-22,24.83563804626465,12.901691436767578
2024-10-23,25.143991470336914,12.85069751739502
2024-10-24,25.223281860351562,12.876194953918457
2024-10-25,25.16161346435547,12.689213752746582
2024-10-28,25.434724807739258,12.918689727783203
2024-10-29,24.130830764770508,12.731708526611328
2024-10-30,24.624197006225586,12.77420425415039
2024-10-31,23.963438034057617,12.213257789611816
2024-11-01,23.61103630065918,11.992281913757324
2024-11-04,23.637466430664062,12.008402824401855
2024-11-05,23.672704696655273,11.855215072631836
2024-11-06,23.875337600708008,11.753087997436523
2024-11-07,23.79604721069336,11.625426292419434
2024-11-08,23.505313873291016,11.497770309448242
2024-11-11,23.23220443725586,11.455217361450195
2024-11-12,23.029573440551758,11.395642280578613
2024-11-13,22.90622901916504,11.47223949432373
2024-11-14,22.624305725097656,11.514792442321777
2024-11-18,22.351194381713867,11.676491737365723
2024-11-19,22.342384338378906,11.761598587036133
2024-11-21,22.307144165039062,11.719047546386719
2024-11-22,23.1176700592041,11.744575500488281
2024-11-25,23.29387092590332,11.57436752319336
2024-11-26,23.408403396606445,11.650959968566895
2024-11-27,22.624305725097656,11.336067199707031
2024-11-28,21.937116622924805,10.859480857849121
2024-11-29,21.963546752929688,10.748841285705566
2024-12-02,21.76091766357422,10.519054412841797
2024-12-03,22.280712127685547,10.484060287475586
2024-12-04,22.28952407836914,10.603389739990234
2024-12-05,22.68597412109375,10.748291969299316
2024-12-06,22.448104858398438,10.501105308532715
2024-12-09,22.245473861694336,10.432918548583984
2024-12-10,22.47453498840332,10.637484550476074
2024-12-11,22.527395248413086,10.825003623962402
2024-12-12,21.725679397583008,10.449963569641113
2024-12-13,21.364463806152344,10.313589096069336
2024-12-16,21.100162506103516,10.143113136291504
2024-12-17,21.681625366210938,10.219827651977539
2024-12-18,20.75656509399414,9.793646812438965
2024-12-19,20.915151596069336,9.802167892456055
2024-12-20,21.399702072143555,10.023784637451172
2024-12-23,20.738948822021484,9.84478759765625
2024-12-26,20.941579818725586,9.921499252319336
2024-12-27,20.818239212036133,9.84478759765625
2024-12-30,20.985628128051758,9.853310585021973
2025-01-02,20.92395782470703,9.970035552978516
2025-01-03,20.633224487304688,9.811429023742676
2025-01-06,21.14421272277832,10.004152297973633
2025-01-07,21.470184326171875,10.144314765930176
2025-01-08,21.188262939453125,9.986629486083984
2025-01-09,21.188262939453125,9.916550636291504
2025-01-10,20.976816177368164,9.793905258178711
2025-01-13,21.038488388061523,9.828948974609375
2025-01-14,21.232311248779297,10.01291275024414
2025-01-15,21.981170654296875,10.363321304321289
2025-01-16,22.051651000976562,10.275718688964844
2025-01-17,21.901878356933594,10.153075218200684
2025-01-20,21.998788833618164,10.188115119934082
2025-01-21,22.060461044311523,10.196877479553223
2025-01-22,22.342384338378906,10.056713104248047
2025-01-23,22.004457473754883,9.977871894836426
2025-01-24,22.237213134765625,9.899033546447754
2025-01-27,22.469972610473633,10.144314765930176
2025-01-28,22.353591918945312,10.188115119934082
2025-01-29,22.183502197265625,10.082995414733887
2025-01-30,23.033958435058594,10.634888648986816
2025-01-31,23.23985481262207,10.591086387634277
2025-02-03,23.12347984313965,10.573564529418945
2025-02-04,22.82805824279785,10.555088996887207
2025-02-05,24.242502212524414,10.800761222839355
2025-02-06,24.17088508605957,10.949919700622559
2025-02-07,23.64270782470703,10.519994735717773
2025-02-10,23.409948348999023,10.528765678405762
2025-02-11,23.49947166442871,10.774435997009277
2025-02-12,23.356237411499023,10.283098220825195
2025-02-13,22.97129249572754,10.423480033874512
2025-02-14,23.848604202270508,10.695472717285156
2025-02-17,23.893367767333984,10.713021278381348
2025-02-18,24.00974464416504,10.70424747467041
2025-02-19,23.54422950744629,10.511218070983887
2025-02-20,23.571088790893555,10.48489761352539
2025-02-21,23.409948348999023,10.388382911682129
2025-02-24,23.54422950744629,10.204130172729492
2025-02-25,23.714323043823242,10.326966285705566
2025-02-26,23.75908851623535,10.125164031982422
2025-02-27,23.51737403869629,10.06374740600586
2025-02-28,22.5505428314209,9.861947059631348
2025-03-05,22.872817993164062,10.06374740600586
2025-03-06,22.666919708251953,10.151045799255371
2025-03-07,23.221956253051758,10.274085998535156
2025-03-10,22.890722274780273,10.124680519104004
2025-03-11,22.407306671142578,10.06315803527832
2025-03-12,22.43416404724121,10.06315803527832
2025-03-13,22.684823989868164,10.238930702209473
2025-03-14,23.490516662597656,10.66079330444336
2025-03-17,24.018695831298828,10.81899356842041
2025-03-18,23.90232276916504,10.81020450592041
2025-03-19,24.144027709960938,10.906881332397461
2025-03-20,23.75908851623535,10.854148864746094
2025-03-21,24.05450439453125,11.003557205200195
2025-03-24,23.929174423217773,11.117813110351562
2025-03-25,24.233549118041992,11.30237102508545
2025-03-26,24.39468765258789,11.486937522888184
2025-03-27,24.546876907348633,11.442997932434082
2025-03-28,24.287263870239258,11.284796714782715
2025-03-31,23.92022132873535,11.13538932800293
2025-04-01,23.90232276916504,11.150988578796387
2025-04-02,24.305164337158203,11.17693042755127
2025-04-03,24.645353317260742,11.392041206359863
2025-04-04,23.83070182800293,11.266558647155762
2025-04-07,23.723276138305664,11.078333854675293
2025-04-08,23.365188598632812,10.773591041564941
2025-04-09,23.947080612182617,11.17693042755127
2025-04-10,23.5889949798584,11.159004211425781
2025-04-11,23.83070182800293,11.311375617980957
2025-04-14,24.12612533569336,11.409969329833984
2025-04-15,24.108219146728516,11.418931007385254
2025-04-16,24.278310775756836,11.401006698608398
2025-04-17,24.233549118041992,11.454781532287598
2025-04-22,24.444292068481445,11.409969329833984
2025-04-23,24.571516036987305,11.786416053771973
2025-04-24,25.507484436035156,11.974640846252441
2025-04-25,25.334827423095703,11.992568016052246
2025-04-28,25.66196632385254,11.965680122375488
2025-04-29,25.807357788085938,12.100125312805176
2025-04-30,26.82511329650879,12.306273460388184
2025-05-02,26.225366592407227,12.046342849731445
2025-05-05,26.079973220825195,11.937686920166016
2025-05-06,25.85279655456543,11.883831977844238
2025-05-07,25.943662643432617,11.70431900024414
2025-05-08,27.015941619873047,13.53536319732666
2025-05-09,27.252208709716797,13.57126522064209
2025-05-12,27.052289962768555,13.373797416687012
2025-05-13,27.542993545532227,13.661020278930664
2025-05-14,27.633867263793945,13.643071174621582
2025-05-15,27.652042388916016,13.777708053588867
2025-05-16,27.36125373840332,13.822583198547363
2025-05-19,27.770172119140625,13.948243141174316
2025-05-20,27.74291229248047,14.082879066467285
2025-05-21,27.188600540161133,13.831560134887695
2025-05-22,26.970508575439453,13.867460250854492
2025-05-23,27.19768524169922,14.038002014160156
2025-05-26,27.443038940429688,14.109807968139648
2025-05-27,27.47938346862793,14.3970308303833
2025-05-28,27.170421600341797,14.49576187133789
2025-05-29,27.088638305664062,14.432934761047363
2025-05-30,27.015941619873047,14.540642738342285
2025-06-02,26.81602668762207,14.576545715332031
2025-06-03,27.015941619873047,14.827208518981934
2025-06-04,26.37984848022461,14.782276153564453
2025-06-05,26.298065185546875,14.35093879699707
2025-06-06,26.107234954833984,14.341952323913574
2025-06-09,26.125408172607422,14.234118461608887
2025-06-10,26.198101043701172,14.225133895874023
2025-06-11,27.415775299072266,14.665456771850586
2025-06-12,27.17951011657715,14.809234619140625
2025-06-13,27.079553604125977,14.638498306274414
2025-06-16,27.343080520629883,14.95301342010498
2025-06-17,27.397602081298828,15.177667617797852
2025-06-18,27.33399200439453,15.060846328735352
2025-06-20,26.779678344726562,14.93504524230957
2025-06-23,26.46162986755371,14.818221092224121
2025-06-24,26.94324493408203,14.863151550292969
2025-06-25,26.570674896240234,14.737345695495605
2025-06-26,26.625198364257812,14.872139930725098
2025-06-27,26.488893508911133,14.890111923217773
2025-06-30,26.979595184326172,15.12375259399414
2025-07-01,27.52482032775879,15.257895469665527
2025-07-02,26.697893142700195,14.98219108581543
2025-07-03,26.725154876708984,15.339345932006836
2025-07-04,26.643373489379883,15.266082763671875
2025-07-07,26.28897476196289,15.119563102722168
2025-07-08,26.398021697998047,15.156193733215332
2025-07-09,25.98910140991211,14.98219108581543
2025-07-10,25.407527923583984,14.780722618103027
2025-07-11,25.216697692871094,14.698299407958984
2025-07-14,24.698734283447266,14.75324821472168
2025-07-15,25.26213264465332,14.74409008026123
2025-07-16,25.1712646484375,14.70745849609375
2025-07-17,25.6256160736084,14.679983139038086
2025-07-18,24.362014770507812,14.350303649902344
2025-07-21,24.306438446044922,14.359461784362793
2025-07-22,24.454647064208984,14.313673973083496
2025-07-23,24.565805435180664,14.542617797851562
2025-07-24,24.454647064208984,14.359461784362793
2025-07-25,24.49169921875,14.249567985534668
2025-07-28,24.39906883239746,14.139673233032227
2025-07-29,24.42685890197754,14.112200736999512
2025-07-30,24.639911651611328,14.341145515441895
2025-07-31,24.482437133789062,14.22209358215332
2025-08-01,23.91738510131836,14.249567985534668
2025-08-04,24.40833282470703,14.358627319335938
2025-08-05,24.16748809814453,14.386129379272461
2025-08-06,24.343494415283203,14.36779499053955
2025-08-07,24.639911651611328,14.477826118469238
2025-08-08,24.862226486206055,14.633695602416992
2025-08-11,24.741804122924805,14.578680992126465
2025-08-12,25.066015243530273,14.917933464050293
2025-08-13,25.010435104370117,14.789567947387695
2025-08-14,24.88075065612793,14.679540634155273
2025-08-15,24.945594787597656,14.697877883911133
2025-08-18,25.260540008544922,14.99128532409668
2025-08-19,24.028545379638672,14.477826118469238
2025-08-20,24.528751373291016,14.523667335510254
2025-08-21,24.547279357910156,14.477826118469238
2025-08-22,25.12159538269043,14.954606056213379
2025-08-25,25.297592163085938,14.99128532409668
2025-08-26,25.464324951171875,14.954606056213379
2025-08-27,25.714431762695312,15.064637184143066
2025-08-28,26.103483200073242,15.394720077514648
2025-08-29,26.140535354614258,15.431395530700684
2025-09-01,26.131275177001953,15.330540657043457
2025-09-02,26.029380798339844,15.155159950256348
2025-09-03,26.010852813720703,15.145978927612305
2025-09-04,26.112747192382812,15.44890022277832
2025-09-05,27.039060592651367,15.825252532958984
2025-09-08,26.575902938842773,15.742640495300293
2025-09-09,26.52032470703125,15.595769882202148
2025-09-10,26.557376861572266,15.485618591308594
2025-09-11,26.84453582763672,15.632492065429688
2025-09-12,26.548112869262695,15.44890022277832
2025-09-15,26.677797317504883,15.632492065429688
2025-09-16,26.742639541625977,15.595769882202148
2025-09-17,27.354005813598633,16.137351989746094
2025-09-18,27.12242889404297,15.972123146057129
2025-09-19,26.937162399291992,16.256685256958008
2025-09-22,26.696321487426758,16.28422737121582
2025-09-23,27.057584762573242,16.385196685791016
2025-09-24,26.76116371154785,16.256685256958008
2025-09-25,26.474008560180664,16.1281681060791
2025-09-26,27.08537483215332,16.210786819458008
2025-09-29,27.187267303466797,16.37601661682129
2025-09-30,27.233585357666016,16.512907028198242
2025-10-01,26.816743850708008,16.232866287231445
2025-10-02,26.76116371154785,15.97022533416748
2025-10-03,26.705583572387695,15.979576110839844
2025-10-06,26.483272552490234,15.886123657226562
2025-10-07,25.936748504638672,15.624469757080078
2025-10-08,25.88117027282715,15.876778602600098
2025-10-09,26.22390365600586,15.960885047912598
2025-10-10,25.658855438232422,15.745952606201172
2025-10-13,25.695905685424805,15.811369895935059
2025-10-14,25.427274703979492,16.035642623901367
2025-10-15,25.871906280517578,16.2225399017334
2025-10-16,25.946008682250977,16.40943145751953
2025-10-17,26.12200927734375,16.521574020385742
2025-10-20,26.770427703857422,16.829944610595703
2025-10-21,26.640745162963867,16.60567283630371
2025-10-22,26.853946685791016,16.624366760253906
2025-10-23,27.071044921875,16.801912307739258
2025-10-24,27.47692108154297,16.895362854003906
2025-10-27,27.750652313232422,17.035531997680664
2025-10-28,27.71289825439453,17.044876098632812
2025-10-29,28.15652847290039,17.596220016479492
2025-10-30,28.892770767211914,16.914051055908203
2025-10-31,29.393035888671875,16.97011947631836
2025-11-03,29.751718521118164,17.157014846801758
2025-11-04,29.855546951293945,17.2121524810791
2025-11-05,30.676740646362305,17.576974868774414
2025-11-06,30.40300750732422,17.502140045166016
2025-11-07,30.57291030883789,17.520851135253906
2025-11-10,30.818326950073242,17.84825325012207
2025-11-11,31.53569221496582,18.231782913208008
2025-11-12,31.5262508392334,18.185012817382812
2025-11-13,31.69615364074707,18.222431182861328
2025-11-14,31.884931564331055,18.21307373046875
2025-11-17,31.611204147338867,18.0727596282959
2025-11-18,31.545124053955078,17.857608795166016
2025-11-19,31.318593978881836,17.679872512817383
2025-11-21,31.22420310974121,17.576974868774414
2025-11-24,31.233640670776367,17.586326599121094
2025-11-25,31.70559310913086,17.726646423339844
2025-11-26,32.27193069458008,18.25985336303711
2025-11-27,32.30025100708008,18.222431182861328
2025-11-28,32.281368255615234,18.381452560424805
2025-12-01,32.00764083862305,18.100818634033203
2025-12-02,32.84770965576172,18.296466827392578
2025-12-03,32.42295455932617,17.79083251953125
2025-12-04,32.75332260131836,18.04364776611328
2025-12-05,31.30914878845215,16.966835021972656
2025-12-08,31.007102966308594,17.08856201171875
2025-12-09,30.346376419067383,16.86383628845215
2025-12-10,30.063207626342773,17.16347312927246
2025-12-11,30.185911178588867,17.360109329223633
2025-12-12,30.157596588134766,17.472469329833984
2025-12-15,31.092052459716797,17.715923309326172
2025-12-16,29.978254318237305,17.22901725769043
2025-12-17,29.798913955688477,17.08856201171875
2025-12-18,30.251983642578125,17.16347312927246
2025-12-19,30.506839752197266,17.322654724121094
2025-12-22,30.827762603759766,17.079198837280273
2025-12-23,32.18697738647461,17.238378524780273
2025-12-26,32.35688400268555,17.22901725769043
2025-12-29,31.488492965698242,17.31328773498535
2025-12-30,32.14922332763672,17.39518928527832
2026-01-02,31.837736129760742,17.423879623413086
2026-01-05,32.19451141357422,18.159988403320312
2026-01-06,32.175537109375,18.26529312133789
2026-01-07,31.445144653320312,18.03554344177246
2026-01-08,31.995311737060547,17.729204177856445
2026-01-09,32.36525344848633,17.74835205078125
2026-01-12,32.21348571777344,17.614328384399414
2026-01-13,31.767658233642578,17.413293838500977
2026-01-14,32.23245620727539,17.729204177856445
2026-01-15,31.435651779174805,18.092975616455078
2026-01-16,31.39771270751953,18.102554321289062
2026-01-19,31.61588478088379,18.092975616455078
2026-01-20,32.251426696777344,18.3514461517334
2026-01-21,33.31721496582031,18.916259765625
2026-01-22,33.876197814941406,19.433198928833008
2026-01-23,34.44481658935547,19.902280807495117
2026-01-26,34.2327880859375,19.988431930541992
2026-01-27,35.321842193603516,20.514949798583984
2026-01-28,36.14103698730469,20.792566299438477
2026-01-29,35.610965728759766,20.524524688720703
2026-01-30,35.00379943847656,20.40007209777832
2026-02-02,35.485679626464844,20.658544540405273
2026-02-03,34.63756561279297,20.772502899169922
2026-02-04,33.702720642089844,20.101808547973633
2026-02-05,33.29793930053711,20.26468849182129
2026-02-06,32.71968460083008,19.747295379638672
2026-02-09,34.67612075805664,20.034740447998047
2026-02-10,35.20618438720703,20.0443172454834
2026-02-11,35.524227142333984,20.63836669921875
2026-02-12,33.98221206665039,20.341344833374023
2026-02-13,33.249752044677734,20.092222213745117
2026-02-18,33.86655807495117,20.034740447998047
2026-02-19,34.300254821777344,20.437158584594727
2026-02-20,35.370025634765625,20.849157333374023
2026-02-23,33.35576629638672,20.341344833374023
2026-02-24,34.49300765991211,20.504228591918945
2026-02-25,33.13410186767578,20.283849716186523
2026-02-26,33.182289123535156,20.101808547973633
2026-02-27,32.28599166870117,20.26468849182129
2026-03-02,32.305267333984375,20.341344833374023
2026-03-03,31.514984130859375,19.371740341186523
2026-03-04,32.20888900756836,19.64984893798828
2026-03-05,31.15839195251465,19.016910552978516
2026-03-06,30.377744674682617,18.74839210510254
2026-03-09,30.46448516845703,18.74839210510254
2026-03-10,31.081289291381836,19.208711624145508
2026-03-11,30.840351104736328,19.12240219116211
2026-03-12,29.47180938720703,18.594953536987305
2026-03-13,29.124855041503906,18.211355209350586
2026-03-16,29.356157302856445,18.220943450927734
2026-03-17,29.009204864501953,18.077091217041016
2026-03-18,28.575511932373047,17.866113662719727
2026-03-19,28.90319061279297,17.87570571899414
2026-03-20,28.190006256103516,17.57841682434082
2026-03-23,29.06702995300293,18.220943450927734
2026-03-24,28.883914947509766,18.163406372070312
2026-03-25,29.028480529785156,18.48946189880371
2026-03-26,28.536962509155273,18.048322677612305
2026-03-27,28.247833251953125,17.760623931884766
2026-03-30,28.450223922729492,17.712671279907227
2026-03-31,29.529634475708008,18.383974075317383
2026-04-01,30.0693416595459,18.633312225341797
2026-04-02,30.09825325012207,18.353918075561523
2026-04-06,29.93441390991211,18.55550193786621
2026-04-07,29.645288467407227,18.727888107299805
2026-04-08,30.271730422973633,19.66379737854004
2026-04-09,30.821073532104492,19.78078842163086
2026-04-10,30.95599937438965,19.927021026611328
2026-04-13,30.8692626953125,20.073257446289062
2026-04-14,30.907814025878906,20.25848960876465
2026-04-15,30.53194808959961,20.277986526489258
2026-04-16,30.31028175354004,20.32673454284668
2026-04-17,30.445207595825195,20.726442337036133
2026-04-20,30.45484733581543,20.502214431762695
2026-04-22,29.518320083618164,19.89777374267578
2026-04-23,29.27323341369629,19.46881675720215
2026-04-24,29.096769332885742,19.42007064819336
2026-04-27,29.086965560913086,19.234838485717773
2026-04-28,28.84187889099121,19.078855514526367
2026-04-29,28.077205657958984,18.630403518676758
2026-04-30,28.46934700012207,18.835128784179688
2026-05-04,27.998777389526367,18.4354190826416
2026-05-05,28.20465087890625,18.727153778076172
2026-05-06,28.753646850585938,18.805221557617188
2026-05-07,27.861528396606445,18.073312759399414
2026-05-08,27.98897361755371,18.141624450683594
2026-05-11,27.283123016357422,17.653684616088867
2026-05-12,27.106658935546875,17.526817321777344
2026-05-13,26.48904037475586,17.22429656982422
2026-05-14,26.60668182373047,17.409713745117188
2026-05-15,26.39100456237793,17.263330459594727
2026-05-18,26.32238006591797,17.234052658081055
2026-05-19,26.224346160888672,16.970565795898438
2026-05-20,26.91059112548828,17.429231643676758
2026-05-21,27.04783821105957,17.4682674407959
2026-05-22,26.567468643188477,17.19502067565918
2026-05-25,27.09685516357422,17.634164810180664
2026-05-26,26.783143997192383,17.409713745117188
2026-05-27,26.93019676208496,17.565853118896484
2026-05-28,26.685108184814453,17.4682674407959
2026-05-29,26.62628936767578,17.273090362548828
2026-06-01,26.675304412841797,17.077913284301758
2026-06-02,26.822359085083008,17.340654373168945
2026-06-03,26.194934844970703,16.969417572021484
2026-06-05,26.20473861694336,17.067108154296875
2026-06-08,26.25375747680664,16.8033390045166
2026-06-09,26.636093139648438,17.028034210205078
2026-06-10,26.469432830810547,16.861955642700195
2026-06-11,26.636093139648438,17.27227020263672
2026-06-12,26.596878051757812,17.389497756958008
2026-06-15,26.55766487121582,17.24295997619629
2026-06-16,26.55766487121582,17.252727508544922
2026-06-17,26.547861099243164,17.145263671875
2026-06-18,26.194934844970703,17.067108154296875
2026-06-19,26.351789474487305,17.067108154296875
2026-06-22,26.4204158782959,17.27227020263672
2026-06-23,26.224346160888672,17.428579330444336
2026-06-24,25.861616134643555,17.24295997619629
2026-06-25,25.68515396118164,17.213653564453125
2026-06-26,25.83220672607422,17.50673484802246
2026-06-29,26.29296875,17.750967025756836
2026-06-30,26.273361206054688,17.682580947875977
2026-07-01,26.1361141204834,17.70212173461914
2026-07-02,26.243953704833984,17.759761810302734
2026-07-03,26.4204158782959,17.857561111450195
2026-07-06,26.185131072998047,17.86383628845215
2026-07-07,25.49888801574707,17.764148712158203
2026-07-08,25.09694480895996,17.63455581665039
2026-07-09,25.73417091369629,17.943586349487305
2026-07-10,27.07724952697754,18.800891876220703
2026-07-13,26.832162857055664,18.711172103881836
2026-07-14,26.802751541137695,18.571609497070312
2026-07-15,26.469432830810547,18.541704177856445
2026-07-16,26.302772521972656,18.3523006439209
2026-07-17,26.126310348510742,18.232677459716797
2026-07-20,26.479236602783203,18.3523006439209
2026-07-21,26.675304412841797,18.49186134338379
2026-07-22,26.950000762939453,18.910545349121094
2026-07-23,26.6299991607666,18.66132926940918
2026-07-24,26.34000015258789,18.422082901000977
2026-07-27,27.360000610351562,18.619226455688477
2026-07-28,27.670000076293945,18.678936004638672
2026-07-29,25.6299991607666,18.260971069335938
2026-07-30,25.25,18.300777435302734
2026-07-31,28.6200008392334,18.34058380126953
2026-08-03,28.93000030517578,18.46000099182129
2026-08-04,29.100000381469727,18.15016746520996
2026-08-05,29.479999542236328,18.011850357055664
2026-08-06,29.270000457763672,17.6625919342041
2026-08-07,29.270000457763672,17.27341651916504
2026-08-10,29.25,17.14369010925293
2026-08-11,29.520000457763672,16.7545166015625
2026-08-12,29.6200008392334,16.704622268676758
2026-08-13,29.829999923706055,16.62479019165039
2026-08-14,29.93000030517578,16.50504493713379
2026-08-17,29.600000381469727,16.185720443725586
2026-08-18,29.25,16.085933685302734
2026-08-19,28.700000762939453,15.986143112182617
2026-08-20,28.969999313354492,15.716712951660156
2026-08-21,29.549999237060547,16.205677032470703
2026-08-24,29.649999618530273,16.235614776611328
2026-08-25,29.690000534057617,16.744537353515625
2026-08-26,29.729999542236328,16.954092025756836
2026-08-27,29.469999313354492,16.89422035217285
2026-08-28,30.010000228881836,17.043903350830078
2026-08-31,29.559999465942383,17.153671264648438
2026-09-01,29.34000015258789,17.36322593688965
2026-09-02,29.920000076293945,17.731822967529297
2026-09-03,30.440000534057617,17.77178382873535
2026-09-04,30.43000030517578,17.881669998168945
2026-09-08,30.389999389648438,18.20134162902832
2026-09-09,29.959999084472656,17.77178382873535
2026-09-10,29.920000076293945,18.461076736450195
2026-09-11,30.6200008392334,18.57096290588379
2026-09-14,30.3700008392334,18.311229705810547
2026-09-15,30.06999969482422,18.181364059448242
2026-09-16,29.780000686645508,18.19135284423828
2026-09-17,30.530000686645508,18.13141441345215
2026-09-18,29.469999313354492,17.97157859802246
