Date,SUZB3.SA,KLBN4.SA
2011-09-21,13.013799667358398,0.5078369379043579
2011-09-22,13.013799667358398,0.4827825725078583
2011-09-23,13.013799667358398,0.47892796993255615
2011-09-26,13.013799667358398,0.48470965027809143
2011-09-27,13.013799667358398,0.48856449127197266
2011-09-28,13.013799667358398,0.47603681683540344
2011-09-29,13.013799667358398,0.48952794075012207
2011-09-30,13.013799667358398,0.501091480255127
2011-10-03,13.013799667358398,0.5044127702713013
2011-10-04,13.013799667358398,0.5112422704696655
2011-10-05,13.013799667358398,0.508314847946167
2011-10-06,13.013799667358398,0.5463654398918152
2011-10-07,13.013799667358398,0.5444144010543823
2011-10-10,13.013799667358398,0.5639275908470154
2011-10-11,13.013799667358398,0.5639275908470154
2011-10-13,13.013799667358398,0.5649029612541199
2011-10-14,13.013799667358398,0.5775863528251648
2011-10-17,13.013799667358398,0.5785621404647827
2011-10-18,13.013799667358398,0.5756352543830872
2011-10-19,13.013799667358398,0.5785621404647827
2011-10-20,13.013799667358398,0.567829966545105
2011-10-21,13.013799667358398,0.6000263690948486
2011-10-24,13.013799667358398,0.610758900642395
2011-10-25,13.013799667358398,0.610758900642395
2011-10-26,13.013799667358398,0.610758900642395
2011-10-27,13.013799667358398,0.610758900642395
2011-10-28,13.013799667358398,0.6078320741653442
2011-10-31,13.013799667358398,0.616612434387207
2011-11-01,13.013799667358398,0.6088076829910278
2011-11-03,13.013799667358398,0.6088076829910278
2011-11-04,13.013799667358398,0.6224664449691772
2011-11-07,13.013799667358398,0.6195396184921265
2011-11-08,13.013799667358398,0.6283203363418579
2011-11-09,13.013799667358398,0.6292963624000549
2011-11-10,13.013799667358398,0.6292963624000549
2011-11-11,13.013799667358398,0.6478335857391357
2011-11-14,13.013799667358398,0.6361257433891296
2011-11-16,13.013799667358398,0.67027348279953
2011-11-17,16.26724624633789,0.6741765141487122
2011-11-18,16.26724624633789,0.6663706302642822
2011-11-21,16.26724624633789,0.6780791282653809
2011-11-22,16.26724624633789,0.6536875367164612
2011-11-23,16.26724624633789,0.6712490320205688
2011-11-24,16.26724624633789,0.6741765141487122
2011-11-25,16.26724624633789,0.6761274933815002
2011-11-28,16.26724624633789,0.6800300478935242
2011-11-29,16.26724624633789,0.6829572916030884
2011-11-30,16.26724624633789,0.7044212222099304
2011-12-01,16.26724624633789,0.7092995047569275
2011-12-02,16.26724624633789,0.6995433568954468
2011-12-05,16.26724624633789,0.6927131414413452
2011-12-06,16.26724624633789,0.7268617749214172
2011-12-07,16.26724624633789,0.7122267484664917
2011-12-08,16.26724624633789,0.6878352165222168
2011-12-09,16.26724624633789,0.7112510800361633
2011-12-12,16.26724624633789,0.7112510800361633
2011-12-13,16.26724624633789,0.7005189061164856
2011-12-14,16.26724624633789,0.7024700045585632
2011-12-15,16.26724624633789,0.7268617749214172
2011-12-16,16.26724624633789,0.7092995047569275
2011-12-19,16.26724624633789,0.7268617749214172
2011-12-20,16.26724624633789,0.7463743090629578
2011-12-21,16.26724624633789,0.7483261227607727
2011-12-22,16.26724624633789,0.7658879160881042
2011-12-23,16.45323371887207,0.7678388953208923
2011-12-26,16.45323371887207,0.7590582370758057
2011-12-27,16.45323371887207,0.7678388953208923
2011-12-28,16.45323371887207,0.7561309933662415
2011-12-29,16.45323371887207,0.7805226445198059
2012-01-02,16.45323371887207,0.7561309933662415
2012-01-03,16.45323371887207,0.7824738025665283
2012-01-04,16.45323371887207,0.7775955200195312
2012-01-05,16.45323371887207,0.7756444811820984
2012-01-06,16.45323371887207,0.7736930847167969
2012-01-09,16.45323371887207,0.7854006290435791
2012-01-10,16.45323371887207,0.7893032431602478
2012-01-11,16.45323371887207,0.7873519659042358
2012-01-12,16.45323371887207,0.7961325645446777
2012-01-13,16.45323371887207,0.7756444811820984
2012-01-16,16.45323371887207,0.7756444811820984
2012-01-17,16.45323371887207,0.7756444811820984
2012-01-18,16.45323371887207,0.7805226445198059
2012-01-19,16.45323371887207,0.7697904109954834
2012-01-20,16.45323371887207,0.7883278727531433
2012-01-23,16.45323371887207,0.7902788519859314
2012-01-24,16.45323371887207,0.7863767147064209
2012-01-26,16.45323371887207,0.7658879160881042
2012-01-27,16.45323371887207,0.7736930847167969
2012-01-30,16.45323371887207,0.7775955200195312
2012-01-31,16.45323371887207,0.7902788519859314
2012-02-01,16.45323371887207,0.7785708904266357
2012-02-02,16.45323371887207,0.7571064233779907
2012-02-03,16.45323371887207,0.7571064233779907
2012-02-06,16.45323371887207,0.7473500967025757
2012-02-07,16.45323371887207,0.7561309933662415
2012-02-08,16.45323371887207,0.7746681571006775
2012-02-09,16.45323371887207,0.7785708904266357
2012-02-10,16.45323371887207,0.7844250798225403
2012-02-13,16.45323371887207,0.7844250798225403
2012-02-14,16.45323371887207,0.8019864559173584
2012-02-15,16.45323371887207,0.8302809596061707
2012-02-16,16.45323371887207,0.8146703243255615
2012-02-17,16.45323371887207,0.8410130739212036
2012-02-23,16.45323371887207,0.8185734152793884
2012-02-24,16.45323371887207,0.8166215419769287
2012-02-27,16.45323371887207,0.8224755525588989
2012-02-28,16.45323371887207,0.8302809596061707
2012-02-29,16.45323371887207,0.8332076072692871
2012-03-01,16.45323371887207,0.8390616178512573
2012-03-02,16.45323371887207,0.8849174976348877
2012-03-05,16.45323371887207,0.8693069815635681
2012-03-06,16.45323371887207,0.8429641723632812
2012-03-07,16.45323371887207,0.8771119713783264
2012-03-08,16.45323371887207,0.8985763192176819
2012-03-09,16.45323371887207,0.879063606262207
2012-03-12,16.45323371887207,0.9063818454742432
2012-03-13,16.45323371887207,0.9395537376403809
2012-03-14,16.45323371887207,0.9424806237220764
2012-03-15,16.45323371887207,0.8956498503684998
2012-03-16,16.45323371887207,0.8771119713783264
2012-03-19,16.45323371887207,0.8771119713783264
2012-03-20,16.45323371887207,0.8527209162712097
2012-03-21,16.45323371887207,0.8478426933288574
2012-03-22,16.45323371887207,0.8371105194091797
2012-03-23,16.45323371887207,0.826378345489502
2012-03-26,16.45323371887207,0.8312563300132751
2012-03-27,16.45323371887207,0.817596971988678
2012-03-28,16.45323371887207,0.8136948943138123
2012-03-29,16.45323371887207,0.8097922801971436
2012-03-30,16.45323371887207,0.8234511613845825
2012-04-02,16.45323371887207,0.8439399003982544
2012-04-03,16.45323371887207,0.8419886231422424
2012-04-04,16.45323371887207,0.8322321176528931
2012-04-05,16.45323371887207,0.8302809596061707
2012-04-09,16.45323371887207,0.8341829180717468
2012-04-10,16.45323371887207,0.8341829180717468
2012-04-11,16.45323371887207,0.8439399003982544
2012-04-12,16.45323371887207,0.8728635907173157
2012-04-13,16.45323371887207,0.8718774914741516
2012-04-16,16.45323371887207,0.8620144724845886
2012-04-17,16.45323371887207,0.8689184188842773
2012-04-18,16.45323371887207,0.8787813186645508
2012-04-19,16.45323371887207,0.8787813186645508
2012-04-20,16.45323371887207,0.8856850266456604
2012-04-23,16.45323371887207,0.8738499283790588
2012-04-24,16.45323371887207,0.887657880783081
2012-04-25,16.45323371887207,0.8916031718254089
2012-04-26,16.45323371887207,0.9014658331871033
2012-04-27,16.45323371887207,0.9004797339439392
2012-04-30,16.45323371887207,0.9014658331871033
2012-05-02,16.45323371887207,0.9083696603775024
2012-05-03,16.45323371887207,0.9024519920349121
2012-05-04,16.45323371887207,0.8728635907173157
2012-05-07,16.45323371887207,0.8916031718254089
2012-05-08,16.45323371887207,0.8866713643074036
2012-05-09,16.45323371887207,0.8649730086326599
2012-05-10,16.45323371887207,0.8521513938903809
2012-05-11,16.45323371887207,0.8669460415840149
2012-05-14,16.45323371887207,0.82552170753479
2012-05-15,16.45323371887207,0.8097409605979919
2012-05-16,16.45323371887207,0.8097409605979919
2012-05-17,16.45323371887207,0.7801522612571716
2012-05-18,16.45323371887207,0.7979056239128113
2012-05-21,16.45323371887207,0.7979056239128113
2012-05-22,16.45323371887207,0.8146724700927734
2012-05-23,16.45323371887207,0.8038232922554016
2012-05-24,16.45323371887207,0.7742351293563843
2012-05-25,16.45323371887207,0.7840980291366577
2012-05-28,16.45323371887207,0.7821253538131714
2012-05-29,16.45323371887207,0.7811387777328491
2012-05-30,16.45323371887207,0.7998782396316528
2012-05-31,16.45323371887207,0.8383437991142273
2012-06-01,16.45323371887207,0.8432744741439819
2012-06-04,16.45323371887207,0.8363708853721619
2012-06-05,16.45323371887207,0.8294669985771179
2012-06-06,16.45323371887207,0.8906164169311523
2012-06-08,16.45323371887207,0.8768089413642883
2012-06-11,16.45323371887207,0.8630005121231079
2012-06-12,16.45323371887207,0.8669460415840149
2012-06-13,16.45323371887207,0.8679323196411133
2012-06-14,16.45323371887207,0.8679323196411133
2012-06-15,16.45323371887207,0.888644278049469
2012-06-18,16.45323371887207,0.888644278049469
2012-06-19,16.45323371887207,0.8817400336265564
2012-06-20,16.45323371887207,0.8758223652839661
2012-06-21,16.45323371887207,0.8580691814422607
2012-06-22,16.45323371887207,0.8610283732414246
2012-06-25,16.45323371887207,0.8777951002120972
2012-06-26,16.45323371887207,0.8482063412666321
2012-06-27,16.45323371887207,0.8630005121231079
2012-06-28,16.45323371887207,0.8679323196411133
2012-06-29,16.45323371887207,0.8975204825401306
2012-07-02,16.45323371887207,0.8896303176879883
2012-07-03,16.45323371887207,0.8925888538360596
2012-07-04,16.45323371887207,0.9014658331871033
2012-07-05,16.45323371887207,0.8975204825401306
2012-07-06,16.45323371887207,0.8777951002120972
2012-07-10,16.45323371887207,0.8649730086326599
2012-07-11,16.45323371887207,0.8789763450622559
2012-07-12,16.45323371887207,0.8719607591629028
2012-07-13,16.45323371887207,0.9100465774536133
2012-07-16,16.45323371887207,0.9100465774536133
2012-07-17,16.45323371887207,0.9220733642578125
2012-07-18,16.45323371887207,0.9310940504074097
2012-07-19,16.45323371887207,0.9210713505744934
2012-07-20,16.45323371887207,0.9100465774536133
2012-07-23,16.45323371887207,0.8719607591629028
2012-07-24,16.45323371887207,0.8719607591629028
2012-07-25,16.45323371887207,0.8679515719413757
2012-07-26,16.45323371887207,0.9090445637702942
2012-07-27,16.45323371887207,0.9140557646751404
2012-07-30,16.45323371887207,0.9090445637702942
2012-07-31,16.45323371887207,0.9070397019386292
2012-08-01,16.45323371887207,0.9270849227905273
2012-08-02,16.45323371887207,0.9120510816574097
2012-08-03,16.45323371887207,0.9361054301261902
2012-08-06,16.45323371887207,0.9270849227905273
2012-08-07,16.45323371887207,0.9160601496696472
2012-08-08,16.45323371887207,0.9160601496696472
2012-08-09,16.45323371887207,0.9080426096916199
2012-08-10,16.45323371887207,0.9250802993774414
2012-08-13,16.45323371887207,0.903031051158905
2012-08-14,16.45323371887207,0.903031051158905
2012-08-15,16.45323371887207,0.903031051158905
2012-08-16,16.45323371887207,0.9210713505744934
2012-08-17,16.45323371887207,0.9210713505744934
2012-08-20,16.45323371887207,0.9210713505744934
2012-08-21,16.45323371887207,0.9100465774536133
2012-08-22,16.45323371887207,0.9180645942687988
2012-08-23,16.45323371887207,0.9010261297225952
2012-08-24,16.45323371887207,0.9160601496696472
2012-08-27,16.45323371887207,0.9020288586616516
2012-08-28,16.45323371887207,0.9110491275787354
2012-08-29,16.45323371887207,0.8930084705352783
2012-08-30,16.45323371887207,0.9020288586616516
2012-08-31,16.45323371887207,0.9120510816574097
2012-09-03,16.45323371887207,0.9020288586616516
2012-09-04,16.45323371887207,0.8889989852905273
2012-09-05,16.45323371887207,0.9220733642578125
2012-09-06,16.45323371887207,0.9421186447143555
2012-09-10,16.45323371887207,0.9441232085227966
2012-09-11,16.45323371887207,0.9501369595527649
2012-09-12,16.45323371887207,0.9802044630050659
2012-09-13,16.45323371887207,1.0022540092468262
2012-09-14,16.45323371887207,0.9771975874900818
2012-09-17,16.45323371887207,0.9822087287902832
2012-09-18,16.45323371887207,0.9741905927658081
2012-09-19,16.45323371887207,0.9761953949928284
2012-09-20,16.45323371887207,0.9972426295280457
2012-09-21,16.45323371887207,1.0092699527740479
2012-09-24,16.45323371887207,1.0182898044586182
2012-09-25,16.45323371887207,1.0032562017440796
2012-09-26,16.45323371887207,1.0273104906082153
2012-09-27,16.45323371887207,1.032321572303772
2012-09-28,16.45323371887207,1.0623892545700073
2012-10-01,16.45323371887207,1.0894501209259033
2012-10-02,16.45323371887207,1.08844792842865
2012-10-03,16.45323371887207,1.0674004554748535
2012-10-04,16.45323371887207,1.0864431858062744
2012-10-05,16.45323371887207,1.0824341773986816
2012-10-08,16.45323371887207,1.1054861545562744
2012-10-09,16.45323371887207,1.1084928512573242
2012-10-10,16.45323371887207,1.1275357007980347
2012-10-11,16.45323371887207,1.1345512866973877
2012-10-15,16.45323371887207,1.1525923013687134
2012-10-16,16.45323371887207,1.1676260232925415
2012-10-17,16.45323371887207,1.179652214050293
2012-10-18,16.45323371887207,1.1916803121566772
2012-10-19,16.45323371887207,1.187671184539795
2012-10-22,16.45323371887207,1.1956887245178223
2012-10-23,16.45323371887207,1.1716347932815552
2012-10-24,16.45323371887207,1.179652214050293
2012-10-25,16.45323371887207,1.1596081256866455
2012-10-26,16.45323371887207,1.1365563869476318
2012-10-29,16.45323371887207,1.1545966863632202
2012-10-30,16.45323371887207,1.177648663520813
2012-10-31,16.45323371887207,1.1956887245178223
2012-11-01,16.45323371887207,1.213729739189148
2012-11-05,16.45323371887207,1.2397878170013428
2012-11-06,16.45323371887207,1.2498104572296143
2012-11-07,16.45323371887207,1.2528178691864014
2012-11-08,16.45323371887207,1.2187408208847046
2012-11-09,16.45323371887207,1.2177385091781616
2012-11-12,16.45323371887207,1.2187408208847046
2012-11-13,16.45323371887207,1.1952531337738037
2012-11-14,16.45323371887207,1.1589106321334839
2012-11-16,16.45323371887207,1.1962625980377197
2012-11-19,16.45323371887207,1.2013102769851685
2012-11-21,16.45323371887207,1.225537657737732
2012-11-22,16.45323371887207,1.2114051580429077
2012-11-23,16.45323371887207,1.2114051580429077
2012-11-26,16.45323371887207,1.1912145614624023
2012-11-27,16.45323371887207,1.1811193227767944
2012-11-28,16.45323371887207,1.2114051580429077
2012-11-29,16.45323371887207,1.2114051580429077
2012-11-30,16.45323371887207,1.2154426574707031
2012-12-03,16.45323371887207,1.2013102769851685
2012-12-04,16.45323371887207,1.209385633468628
2012-12-05,16.45323371887207,1.206357479095459
2012-12-06,16.45323371887207,1.2315949201583862
2012-12-07,16.45323371887207,1.2336137294769287
2012-12-10,16.45323371887207,1.2295758724212646
2012-12-11,16.45323371887207,1.2305854558944702
2012-12-12,16.45323371887207,1.2114051580429077
2012-12-13,16.45323371887207,1.1548724174499512
2012-12-14,16.45323371887207,1.1821292638778687
2012-12-17,16.45323371887207,1.210395097732544
2012-12-18,16.45323371887207,1.2114051580429077
2012-12-19,16.45323371887207,1.225537657737732
2012-12-20,16.45323371887207,1.2669272422790527
2012-12-21,16.45323371887207,1.2850985527038574
2012-12-26,16.45323371887207,1.2820698022842407
2012-12-27,16.45323371887207,1.2820698022842407
2012-12-28,16.45323371887207,1.2911553382873535
2013-01-02,16.45323371887207,1.2921648025512695
2013-01-03,16.45323371887207,1.2992315292358398
2013-01-04,16.45323371887207,1.2770226001739502
2013-01-07,16.45323371887207,1.263899326324463
2013-01-08,16.45323371887207,1.2739946842193604
2013-01-09,16.45323371887207,1.2901464700698853
2013-01-10,16.45323371887207,1.287117838859558
2013-01-11,16.45323371887207,1.2850985527038574
2013-01-14,16.45323371887207,1.3174023628234863
2013-01-15,16.45323371887207,1.3174023628234863
2013-01-16,16.45323371887207,1.3174023628234863
2013-01-17,16.45323371887207,1.3073079586029053
2013-01-18,16.45323371887207,1.3234597444534302
2013-01-21,16.45323371887207,1.33860182762146
2013-01-22,16.45323371887207,1.3264882564544678
2013-01-23,16.45323371887207,1.3931161165237427
2013-01-24,16.45323371887207,1.381001353263855
2013-01-28,16.45323371887207,1.3598023653030396
2013-01-29,16.45323371887207,1.3830206394195557
2013-01-30,16.45323371887207,1.3698972463607788
2013-01-31,16.45323371887207,1.3779728412628174
2013-02-01,16.45323371887207,1.3931161165237427
2013-02-04,16.45323371887207,1.3880678415298462
2013-02-05,16.45323371887207,1.3961436748504639
2013-02-06,16.45323371887207,1.3779728412628174
2013-02-07,16.45323371887207,1.3537449836730957
2013-02-08,16.45323371887207,1.3628308773040771
2013-02-13,16.45323371887207,1.3729252815246582
2013-02-14,16.45323371887207,1.3729252815246582
2013-02-15,16.45323371887207,1.3900868892669678
2013-02-18,16.45323371887207,1.3931161165237427
2013-02-19,16.45323371887207,1.3779728412628174
2013-02-20,16.45323371887207,1.3396114110946655
2013-02-21,16.45323371887207,1.3083173036575317
2013-02-22,16.45323371887207,1.3355739116668701
2013-02-25,16.45323371887207,1.3406214714050293
2013-02-26,16.45323371887207,1.3527350425720215
2013-02-27,16.45323371887207,1.349706768989563
2013-02-28,16.45323371887207,1.343649983406067
2013-03-01,16.45323371887207,1.348697543144226
2013-03-04,16.45323371887207,1.3345640897750854
2013-03-05,16.45323371887207,1.3709064722061157
2013-03-06,16.45323371887207,1.403210997581482
2013-03-07,16.45323371887207,1.401191234588623
2013-03-08,16.45323371887207,1.3628308773040771
2013-03-11,16.45323371887207,1.3779728412628174
2013-03-12,16.45323371887207,1.3981633186340332
2013-03-13,16.45323371887207,1.3729252815246582
2013-03-14,16.45323371887207,1.3971539735794067
2013-03-15,16.45323371887207,1.3729252815246582
2013-03-18,16.45323371887207,1.4052296876907349
2013-03-19,16.45323371887207,1.3941247463226318
2013-03-20,16.45323371887207,1.3729252815246582
2013-03-21,16.45323371887207,1.36484956741333
2013-03-22,16.45323371887207,1.3830206394195557
2013-03-25,16.45323371887207,1.3476879596710205
2013-03-26,16.45323371887207,1.3779728412628174
2013-03-27,16.45323371887207,1.4022014141082764
2013-03-28,16.45323371887207,1.4022014141082764
2013-04-01,16.45323371887207,1.3991729021072388
2013-04-02,16.45323371887207,1.3830206394195557
2013-04-03,16.45323371887207,1.4213820695877075
2013-04-04,16.45323371887207,1.3971539735794067
2013-04-05,16.45323371887207,1.4425815343856812
2013-04-08,16.45323371887207,1.455705165863037
2013-04-09,16.45323371887207,1.454695463180542
2013-04-10,16.45323371887207,1.4668090343475342
2013-04-11,16.45323371887207,1.4254194498062134
2013-04-12,16.45323371887207,1.3890774250030518
2013-04-15,16.45323371887207,1.3747073411941528
2013-04-16,16.45323371887207,1.3980762958526611
2013-04-17,16.45323371887207,1.3554028272628784
2013-04-18,16.45323371887207,1.364546775817871
2013-04-19,16.45323371887207,1.377755880355835
2013-04-22,16.45323371887207,1.3848681449890137
2013-04-23,16.45323371887207,1.401125192642212
2013-04-24,16.45323371887207,1.409253478050232
2013-04-25,16.45323371887207,1.3716598749160767
2013-04-26,16.45323371887207,1.3716598749160767
2013-04-29,16.45323371887207,1.3574351072311401
2013-04-30,16.45323371887207,1.3787719011306763
2013-05-02,16.524709701538086,1.3706432580947876
2013-05-03,16.524709701538086,1.3767389059066772
2013-05-06,16.524709701538086,1.3838515281677246
2013-05-07,16.524709701538086,1.3980762958526611
2013-05-08,16.524709701538086,1.401125192642212
2013-05-09,16.524709701538086,1.3716598749160767
2013-05-10,16.524709701538086,1.3899478912353516
2013-05-13,16.524709701538086,1.3960444927215576
2013-05-14,16.524709701538086,1.3706432580947876
2013-05-15,16.524709701538086,1.3868999481201172
2013-05-16,16.524709701538086,1.3899478912353516
2013-05-17,16.524709701538086,1.400109052658081
2013-05-20,16.524709701538086,1.3848681449890137
2013-05-21,16.524709701538086,1.3767389059066772
2013-05-22,16.524709701538086,1.3787719011306763
2013-05-23,16.524709701538086,1.3716598749160767
2013-05-24,16.524709701538086,1.3838515281677246
2013-05-27,16.524709701538086,1.3940117359161377
2013-05-28,16.524709701538086,1.352354884147644
2013-05-29,16.524709701538086,1.3432101011276245
2013-05-31,16.524709701538086,1.3178088665008545
2013-06-03,16.524709701538086,1.3137449026107788
2013-06-04,16.524709701538086,1.2822481393814087
2013-06-05,16.524709701538086,1.3137449026107788
2013-06-06,16.524709701538086,1.3025680780410767
2013-06-07,16.524709701538086,1.3096810579299927
2013-06-10,16.524709701538086,1.3025680780410767
2013-06-11,16.524709701538086,1.2639583349227905
2013-06-12,16.524709701538086,1.1430494785308838
2013-06-13,16.524709701538086,1.1054555177688599
2013-06-14,16.524709701538086,1.072942852973938
2013-06-17,16.524709701538086,1.1176486015319824
2013-06-18,16.524709701538086,1.1501613855361938
2013-06-19,16.524709701538086,1.0902152061462402
2013-06-20,16.524709701538086,1.0983433723449707
2013-06-21,16.524709701538086,1.0871671438217163
2013-06-24,16.524709701538086,1.0516058206558228
2013-06-25,16.524709701538086,1.062781810760498
2013-06-26,16.524709701538086,1.0790387392044067
2013-06-27,16.524709701538086,1.1308573484420776
2013-06-28,16.524709701538086,1.1278085708618164
2013-07-01,16.524709701538086,1.1542258262634277
2013-07-02,16.524709701538086,1.1257766485214233
2013-07-03,16.524709701538086,1.1318730115890503
2013-07-04,16.524709701538086,1.1379692554473877
2013-07-05,16.524709701538086,1.1064722537994385
2013-07-08,16.524709701538086,1.080054759979248
2013-07-10,16.524709701538086,1.0963116884231567
2013-07-11,16.524709701538086,1.092247486114502
2013-07-12,16.524709701538086,1.1125682592391968
2013-07-15,16.524709701538086,1.1471136808395386
2013-07-16,16.524709701538086,1.1369531154632568
2013-07-17,16.524709701538086,1.1074879169464111
2013-07-18,16.524709701538086,1.111552119255066
2013-07-19,16.524709701538086,1.0993595123291016
2013-07-22,16.524709701538086,1.1024079322814941
2013-07-23,16.524709701538086,1.0993595123291016
2013-07-24,16.524709701538086,1.1125682592391968
2013-07-25,16.524709701538086,1.1125682592391968
2013-07-26,16.524709701538086,1.1125682592391968
2013-07-29,16.524709701538086,1.1328885555267334
2013-07-30,16.524709701538086,1.1237448453903198
2013-07-31,16.524709701538086,1.1257766485214233
2013-08-01,16.524709701538086,1.1257766485214233
2013-08-02,16.524709701538086,1.1125682592391968
2013-08-05,16.524709701538086,1.0790387392044067
2013-08-06,16.524709701538086,1.0876063108444214
2013-08-07,16.524709701538086,1.0896706581115723
2013-08-08,16.524709701538086,1.1299138069152832
2013-08-09,16.524709701538086,1.098956823348999
2013-08-12,16.524709701538086,1.1092758178710938
2013-08-13,16.524709701538086,1.1319772005081177
2013-08-14,16.524709701538086,1.1557105779647827
2013-08-15,16.524709701538086,1.1247540712356567
2013-08-16,16.524709701538086,1.1660295724868774
2013-08-19,16.524709701538086,1.2052412033081055
2013-08-20,16.524709701538086,1.1969856023788452
2013-08-21,16.524709701538086,1.2176235914230347
2013-08-22,16.524709701538086,1.213496208190918
2013-08-23,16.524709701538086,1.2083367109298706
2013-08-26,16.524709701538086,1.2155600786209106
2013-08-27,16.524709701538086,1.2093682289123535
2013-08-28,16.524709701538086,1.2217515707015991
2013-08-29,16.524709701538086,1.2588990926742554
2013-08-30,16.524709701538086,1.2795370817184448
2013-09-02,16.524709701538086,1.2588990926742554
2013-09-03,16.524709701538086,1.2558037042617798
2013-09-04,16.524709701538086,1.2619949579238892
2013-09-05,16.524709701538086,1.2826319932937622
2013-09-06,16.524709701538086,1.2733458280563354
2013-09-09,16.524709701538086,1.3063654899597168
2013-09-10,16.524709701538086,1.314621090888977
2013-09-11,16.524709701538086,1.2981104850769043
2013-09-12,16.524709701538086,1.2650904655456543
2013-09-13,16.524709701538086,1.2692179679870605
2013-09-16,16.524709701538086,1.2475484609603882
2013-09-17,16.524709701538086,1.2145274877548218
2013-09-18,16.524709701538086,1.236197590827942
2013-09-19,16.524709701538086,1.2176235914230347
2013-09-20,16.524709701538086,1.2207190990447998
2013-09-23,16.524709701538086,1.2403253316879272
2013-09-24,16.524709701538086,1.2042096853256226
2013-09-25,16.524709701538086,1.186667561531067
2013-09-26,16.524709701538086,1.1742849349975586
2013-09-27,16.524709701538086,1.1887308359146118
2013-09-30,16.524709701538086,1.2031774520874023
2013-10-01,16.524709701538086,1.2227834463119507
2013-10-02,16.524709701538086,1.227942943572998
2013-10-03,16.524709701538086,1.2000819444656372
2013-10-04,16.524709701538086,1.2083367109298706
2013-10-07,16.524709701538086,1.1969856023788452
2013-10-08,16.524709701538086,1.2031774520874023
2013-10-09,16.524709701538086,1.1959540843963623
2013-10-10,16.524709701538086,1.2042096853256226
2013-10-11,16.524709701538086,1.2073044776916504
2013-10-14,16.524709701538086,1.2331022024154663
2013-10-15,16.524709701538086,1.2692179679870605
2013-10-16,16.524709701538086,1.2671542167663574
2013-10-17,16.524709701538086,1.2650904655456543
2013-10-18,16.524709701538086,1.2382618188858032
2013-10-21,16.524709701538086,1.2485798597335815
2013-10-22,16.524709701538086,1.2403253316879272
2013-10-23,16.524709701538086,1.2320698499679565
2013-10-24,16.524709701538086,1.230006456375122
2013-10-25,16.524709701538086,1.2248467206954956
2013-10-28,16.524709701538086,1.2165919542312622
2013-10-29,16.524709701538086,1.2011135816574097
2013-10-30,16.524709701538086,1.2031774520874023
2013-10-31,16.524709701538086,1.227942943572998
2013-11-01,16.524709701538086,1.2310378551483154
2013-11-04,16.524709701538086,1.212464451789856
2013-11-05,16.524709701538086,1.2042096853256226
2013-11-06,16.524709701538086,1.1969856023788452
2013-11-07,16.524709701538086,1.2104005813598633
2013-11-08,16.524709701538086,1.2000819444656372
2013-11-11,16.524709701538086,1.1938903331756592
2013-11-12,16.524709701538086,1.1969066858291626
2013-11-13,16.524709701538086,1.207313895225525
2013-11-14,16.524709701538086,1.2281303405761719
2013-11-18,16.524709701538086,1.2333340644836426
2013-11-19,16.524709701538086,1.204192042350769
2013-11-21,16.524709701538086,1.1854581832885742
2013-11-22,16.524709701538086,1.2166814804077148
2013-11-25,16.524709701538086,1.2125179767608643
2013-11-26,16.524709701538086,1.2198035717010498
2013-11-27,16.524709701538086,1.2198035717010498
2013-11-28,16.524709701538086,1.2374974489212036
2013-11-29,16.524709701538086,1.2593533992767334
2013-12-02,16.524709701538086,1.285373568534851
2013-12-03,16.524709701538086,1.2645574808120728
2013-12-04,16.524709701538086,1.2489466667175293
2013-12-05,16.524709701538086,1.2510274648666382
2013-12-06,16.524709701538086,1.2458231449127197
2013-12-09,16.524709701538086,1.2427006959915161
2013-12-10,16.524709701538086,1.2322934865951538
2013-12-11,16.524709701538086,1.209396481513977
2013-12-12,16.524709701538086,1.2104369401931763
2013-12-13,16.524709701538086,1.2031514644622803
2013-12-16,16.524709701538086,1.2083555459976196
2013-12-17,16.524709701538086,1.2156407833099365
2013-12-18,16.524709701538086,1.2333340644836426
2013-12-19,16.524709701538086,1.288495421409607
2013-12-20,16.524709701538086,1.285373568534851
2013-12-23,16.524709701538086,1.2801696062088013
2013-12-26,16.524709701538086,1.2687207460403442
2013-12-27,16.524709701538086,1.2645574808120728
2013-12-30,16.524709701538086,1.2760064601898193
2014-01-02,16.524709701538086,1.247904896736145
2014-01-03,16.524709701538086,1.2510274648666382
2014-01-06,16.524709701538086,1.2468639612197876
2014-01-07,16.524709701538086,1.2333340644836426
2014-01-08,16.524709701538086,1.2572726011276245
2014-01-09,16.524709701538086,1.241660237312317
2014-01-10,16.524709701538086,1.29057776927948
2014-01-13,16.524709701538086,1.2874552011489868
2014-01-14,16.524709701538086,1.3009856939315796
2014-01-15,16.524709701538086,1.322841763496399
2014-01-16,16.524709701538086,1.3249233961105347
2014-01-17,16.524709701538086,1.3207602500915527
2014-01-20,16.524709701538086,1.31659734249115
2014-01-21,16.524709701538086,1.306188702583313
2014-01-22,16.524709701538086,1.311392903327942
2014-01-23,16.524709701538086,1.3103524446487427
2014-01-24,16.524709701538086,1.299944519996643
2014-01-27,16.524709701538086,1.311392903327942
2014-01-28,16.524709701538086,1.2957814931869507
2014-01-29,16.524709701538086,1.286414384841919
2014-01-30,16.524709701538086,1.2697618007659912
2014-01-31,16.524709701538086,1.2843329906463623
2014-02-03,16.524709701538086,1.2489466667175293
2014-02-04,16.524709701538086,1.2489466667175293
2014-02-05,16.524709701538086,1.2208449840545654
2014-02-06,16.524709701538086,1.2406197786331177
2014-02-07,16.524709701538086,1.2333340644836426
2014-02-10,16.524709701538086,1.2489466667175293
2014-02-11,16.524709701538086,1.253109097480774
2014-02-12,16.524709701538086,1.2718427181243896
2014-02-13,16.524709701538086,1.2645574808120728
2014-02-14,16.524709701538086,1.3207602500915527
2014-02-17,16.524709701538086,1.285373568534851
2014-02-18,16.524709701538086,1.256231427192688
2014-02-19,16.524709701538086,1.2614357471466064
2014-02-20,16.524709701538086,1.2593533992767334
2014-02-21,16.524709701538086,1.256231427192688
2014-02-24,16.524709701538086,1.2270894050598145
2014-02-25,16.524709701538086,1.2146004438400269
2014-02-26,16.524709701538086,1.2010694742202759
2014-02-27,16.524709701538086,1.2229264974594116
2014-02-28,16.524709701538086,1.207313895225525
2014-03-05,16.524709701538086,1.1844170093536377
2014-03-06,16.524709701538086,1.1708869934082031
2014-03-07,16.524709701538086,1.1511121988296509
2014-03-10,16.524709701538086,1.0907459259033203
2014-03-11,16.524709701538086,1.1021946668624878
2014-03-12,16.524709701538086,1.1198880672454834
2014-03-13,16.524709701538086,1.108439326286316
2014-03-14,16.524709701538086,1.1188472509384155
2014-03-17,16.524709701538086,1.1136434078216553
2014-03-18,16.524709701538086,1.1427853107452393
2014-03-19,16.524709701538086,1.1688053607940674
2014-03-20,16.524709701538086,1.1760908365249634
2014-03-21,16.524709701538086,1.1643662452697754
2014-03-24,16.524709701538086,1.1759154796600342
2014-03-25,16.524709701538086,1.1654155254364014
2014-03-26,16.524709701538086,1.1864147186279297
2014-03-27,16.524709701538086,1.2336612939834595
2014-03-28,16.524709701538086,1.217911958694458
2014-03-31,16.524709701538086,1.2231613397598267
2014-04-01,16.524709701538086,1.244160532951355
2014-04-02,16.524709701538086,1.2651584148406982
2014-04-03,16.524709701538086,1.259909749031067
2014-04-04,16.524709701538086,1.2546602487564087
2014-04-07,16.524709701538086,1.2809077501296997
2014-04-08,16.524709701538086,1.2231613397598267
2014-04-09,16.524709701538086,1.1811649799346924
2014-04-10,16.524709701538086,1.196913719177246
2014-04-11,16.524709701538086,1.1706653833389282
2014-04-14,16.524709701538086,1.1549170017242432
2014-04-15,16.524709701538086,1.1391682624816895
2014-04-16,16.524709701538086,1.1706653833389282
2014-04-17,16.524709701538086,1.191664218902588
2014-04-22,16.524709701538086,1.2074133157730103
2014-04-23,16.524709701538086,1.1759154796600342
2014-04-24,16.524709701538086,1.191664218902588
2014-04-25,16.524709701538086,1.1759154796600342
2014-04-28,16.524709701538086,1.2126624584197998
2014-04-29,16.524709701538086,1.2126624584197998
2014-04-30,16.524709701538086,1.196913719177246
2014-05-02,16.612255096435547,1.2336612939834595
2014-05-05,16.612255096435547,1.217911958694458
2014-05-06,16.612255096435547,1.2126624584197998
2014-05-07,16.612255096435547,1.217911958694458
2014-05-08,16.612255096435547,1.191664218902588
2014-05-09,16.612255096435547,1.1864147186279297
2014-05-12,16.612255096435547,1.2074133157730103
2014-05-13,16.612255096435547,1.191664218902588
2014-05-14,16.612255096435547,1.1864147186279297
2014-05-15,16.612255096435547,1.1654155254364014
2014-05-16,16.612255096435547,1.1864147186279297
2014-05-19,16.612255096435547,1.1864147186279297
2014-05-20,16.612255096435547,1.1601661443710327
2014-05-21,16.612255096435547,1.1549170017242432
2014-05-22,16.612255096435547,1.1811649799346924
2014-05-23,16.612255096435547,1.1706653833389282
2014-05-26,16.612255096435547,1.191664218902588
2014-05-27,16.612255096435547,1.1654155254364014
2014-05-28,16.612255096435547,1.1811649799346924
2014-05-29,16.612255096435547,1.1811649799346924
2014-05-30,16.612255096435547,1.149667739868164
2014-06-02,16.612255096435547,1.1759154796600342
2014-06-03,16.612255096435547,1.1864147186279297
2014-06-04,16.612255096435547,1.1654155254364014
2014-06-05,16.612255096435547,1.1654155254364014
2014-06-06,16.612255096435547,1.1759154796600342
2014-06-09,16.612255096435547,1.1759154796600342
2014-06-10,16.612255096435547,1.1706653833389282
2014-06-11,16.612255096435547,1.1654155254364014
2014-06-13,16.612255096435547,1.1601661443710327
2014-06-16,16.612255096435547,1.1391682624816895
2014-06-17,16.612255096435547,1.1286687850952148
2014-06-18,16.612255096435547,1.149667739868164
2014-06-20,16.612255096435547,1.1811649799346924
2014-06-23,16.612255096435547,1.1549170017242432
2014-06-24,16.612255096435547,1.1601661443710327
2014-06-25,16.612255096435547,1.1339181661605835
2014-06-26,16.612255096435547,1.149667739868164
2014-06-27,16.612255096435547,1.1234192848205566
2014-06-30,16.612255096435547,1.149667739868164
2014-07-01,16.612255096435547,1.1234192848205566
2014-07-02,16.612255096435547,1.1339181661605835
2014-07-03,16.612255096435547,1.1654155254364014
2014-07-04,16.612255096435547,1.1759154796600342
2014-07-07,16.612255096435547,1.1759154796600342
2014-07-08,16.612255096435547,1.1759154796600342
2014-07-10,16.612255096435547,1.1864147186279297
2014-07-11,16.612255096435547,1.196913719177246
2014-07-14,16.612255096435547,1.2231613397598267
2014-07-15,16.612255096435547,1.2074133157730103
2014-07-16,16.612255096435547,1.2126624584197998
2014-07-17,16.612255096435547,1.2021634578704834
2014-07-18,16.612255096435547,1.217911958694458
2014-07-21,16.612255096435547,1.191664218902588
2014-07-22,16.612255096435547,1.1811649799346924
2014-07-23,16.612255096435547,1.1811649799346924
2014-07-24,16.612255096435547,1.191664218902588
2014-07-25,16.612255096435547,1.1864147186279297
2014-07-28,16.612255096435547,1.196913719177246
2014-07-29,16.612255096435547,1.1811649799346924
2014-07-30,16.612255096435547,1.1706653833389282
2014-07-31,16.612255096435547,1.1811649799346924
2014-08-01,16.612255096435547,1.1811649799346924
2014-08-04,16.612255096435547,1.1864147186279297
2014-08-05,16.612255096435547,1.1759154796600342
2014-08-06,16.612255096435547,1.1654155254364014
2014-08-07,16.612255096435547,1.1549170017242432
2014-08-08,16.612255096435547,1.149667739868164
2014-08-11,16.612255096435547,1.144417405128479
2014-08-12,16.612255096435547,1.1674363613128662
2014-08-13,16.612255096435547,1.178096890449524
2014-08-14,16.612255096435547,1.1674363613128662
2014-08-15,16.612255096435547,1.1674363613128662
2014-08-18,16.612255096435547,1.1727663278579712
2014-08-19,16.612255096435547,1.2047511339187622
2014-08-20,16.612255096435547,1.220743179321289
2014-08-21,16.612255096435547,1.2260743379592896
2014-08-22,16.612255096435547,1.2314046621322632
2014-08-25,16.612255096435547,1.24739670753479
2014-08-26,16.612255096435547,1.25272798538208
2014-08-27,16.612255096435547,1.24739670753479
2014-08-28,16.612255096435547,1.2100818157196045
2014-08-29,16.612255096435547,1.2047511339187622
2014-09-01,16.612255096435547,1.1834278106689453
2014-09-02,16.612255096435547,1.2367349863052368
2014-09-03,16.612255096435547,1.2420661449432373
2014-09-04,16.612255096435547,1.25272798538208
2014-09-05,16.612255096435547,1.268720269203186
2014-09-08,16.612255096435547,1.258058786392212
2014-09-09,16.612255096435547,1.220743179321289
2014-09-10,16.612255096435547,1.2367349863052368
2014-09-11,16.612255096435547,1.258058786392212
2014-09-12,16.612255096435547,1.2633897066116333
2014-09-15,16.612255096435547,1.2633897066116333
2014-09-16,16.612255096435547,1.258058786392212
2014-09-17,16.612255096435547,1.2847119569778442
2014-09-18,16.612255096435547,1.2740514278411865
2014-09-19,16.612255096435547,1.2847119569778442
2014-09-22,16.612255096435547,1.268720269203186
2014-09-23,16.612255096435547,1.258058786392212
2014-09-24,16.612255096435547,1.25272798538208
2014-09-25,16.612255096435547,1.24739670753479
2014-09-26,16.612255096435547,1.258058786392212
2014-09-29,16.612255096435547,1.2420661449432373
2014-09-30,16.612255096435547,1.2633897066116333
2014-10-01,16.612255096435547,1.24739670753479
2014-10-02,16.612255096435547,1.2847119569778442
2014-10-03,16.612255096435547,1.2740514278411865
2014-10-06,16.612255096435547,1.3060352802276611
2014-10-07,16.612255096435547,1.2793821096420288
2014-10-08,16.612255096435547,1.2793821096420288
2014-10-09,16.612255096435547,1.258058786392212
2014-10-10,16.612255096435547,1.2314046621322632
2014-10-13,16.612255096435547,1.2367349863052368
2014-10-14,16.612255096435547,1.2367349863052368
2014-10-15,16.612255096435547,1.2367349863052368
2014-10-16,16.612255096435547,1.2047511339187622
2014-10-17,16.612255096435547,1.2314046621322632
2014-10-20,16.612255096435547,1.2154127359390259
2014-10-21,16.612255096435547,1.1940897703170776
2014-10-22,16.612255096435547,1.2047511339187622
2014-10-23,16.612255096435547,1.2260743379592896
2014-10-24,16.612255096435547,1.220743179321289
2014-10-27,16.612255096435547,1.2367349863052368
2014-10-28,16.612255096435547,1.2154127359390259
2014-10-29,16.612255096435547,1.2367349863052368
2014-10-30,16.612255096435547,1.25272798538208
2014-10-31,16.612255096435547,1.290042757987976
2014-11-03,16.612255096435547,1.3007047176361084
2014-11-04,16.612255096435547,1.3113664388656616
2014-11-05,16.612255096435547,1.3060352802276611
2014-11-06,16.612255096435547,1.3007047176361084
2014-11-07,16.612255096435547,1.3326892852783203
2014-11-10,16.612255096435547,1.3166968822479248
2014-11-11,16.612255096435547,1.3433789014816284
2014-11-12,16.612255096435547,1.3702462911605835
2014-11-13,16.612255096435547,1.3594987392425537
2014-11-14,16.612255096435547,1.3487515449523926
2014-11-17,16.612255096435547,1.3702462911605835
2014-11-18,16.612255096435547,1.3971139192581177
2014-11-19,16.612255096435547,1.4186075925827026
2014-11-21,16.612255096435547,1.413233757019043
2014-11-24,16.612255096435547,1.4454755783081055
2014-11-25,16.612255096435547,1.413233757019043
2014-11-26,16.612255096435547,1.4024866819381714
2014-11-27,16.612255096435547,1.413233757019043
2014-11-28,16.612255096435547,1.4454755783081055
2014-12-01,16.612255096435547,1.407860517501831
2014-12-02,16.612255096435547,1.4508492946624756
2014-12-03,16.612255096435547,1.4508492946624756
2014-12-04,16.612255096435547,1.4508492946624756
2014-12-05,16.612255096435547,1.4454755783081055
2014-12-08,16.612255096435547,1.4239808320999146
2014-12-09,16.612255096435547,1.4508492946624756
2014-12-10,16.612255096435547,1.4239808320999146
2014-12-11,16.612255096435547,1.4239808320999146
2014-12-12,16.612255096435547,1.413233757019043
2014-12-15,16.612255096435547,1.413233757019043
2014-12-16,16.612255096435547,1.4293544292449951
2014-12-17,16.612255096435547,1.407860517501831
2014-12-18,16.612255096435547,1.4186075925827026
2014-12-19,16.612255096435547,1.472342848777771
2014-12-22,16.612255096435547,1.4938369989395142
2014-12-23,16.612255096435547,1.5959335565567017
2014-12-26,16.612255096435547,1.542198657989502
2014-12-29,16.612255096435547,1.5260777473449707
2014-12-30,16.612255096435547,1.5475715398788452
2015-01-02,16.612255096435547,1.4938369989395142
2015-01-05,16.612255096435547,1.4669691324234009
2015-01-06,16.612255096435547,1.4884634017944336
2015-01-07,16.612255096435547,1.5260777473449707
2015-01-08,16.612255096435547,1.509957194328308
2015-01-09,16.612255096435547,1.509957194328308
2015-01-12,16.612255096435547,1.5153307914733887
2015-01-13,16.612255096435547,1.5207043886184692
2015-01-14,16.612255096435547,1.4669691324234009
2015-01-15,16.612255096435547,1.4777158498764038
2015-01-16,16.612255096435547,1.4992104768753052
2015-01-19,16.612255096435547,1.456221342086792
2015-01-20,16.612255096435547,1.4615956544876099
2015-01-21,16.612255096435547,1.4347280263900757
2015-01-22,16.612255096435547,1.407860517501831
2015-01-23,16.612255096435547,1.3863669633865356
2015-01-26,16.612255096435547,1.4186075925827026
2015-01-27,16.612255096435547,1.4186075925827026
2015-01-28,16.612255096435547,1.4024866819381714
2015-01-29,16.612255096435547,1.4508492946624756
2015-01-30,16.612255096435547,1.456221342086792
2015-02-02,16.612255096435547,1.4830901622772217
2015-02-03,16.612255096435547,1.5260777473449707
2015-02-04,16.612255096435547,1.5045844316482544
2015-02-05,16.612255096435547,1.542198657989502
2015-02-06,16.612255096435547,1.5260777473449707
2015-02-09,16.612255096435547,1.5583194494247437
2015-02-10,16.612255096435547,1.5851866006851196
2015-02-11,16.612255096435547,1.6066802740097046
2015-02-12,16.612255096435547,1.633548617362976
2015-02-13,16.612255096435547,1.5851866006851196
2015-02-18,16.612255096435547,1.6228009462356567
2015-02-19,16.612255096435547,1.5690659284591675
2015-02-20,16.612255096435547,1.6120542287826538
2015-02-23,16.612255096435547,1.6120542287826538
2015-02-24,16.612255096435547,1.6013067960739136
2015-02-25,16.612255096435547,1.633548617362976
2015-02-26,16.612255096435547,1.6819100379943848
2015-02-27,16.612255096435547,1.6980303525924683
2015-03-02,16.612255096435547,1.7517653703689575
2015-03-03,16.612255096435547,1.7517653703689575
2015-03-04,16.612255096435547,1.8055006265640259
2015-03-05,16.612255096435547,1.826994776725769
2015-03-06,16.612255096435547,1.8592356443405151
2015-03-09,16.612255096435547,1.9559593200683594
2015-03-10,16.612255096435547,1.8914769887924194
2015-03-11,16.612255096435547,1.8861030340194702
2015-03-12,16.612255096435547,1.8861030340194702
2015-03-13,16.612255096435547,1.939837098121643
2015-03-16,16.612255096435547,1.9022237062454224
2015-03-17,16.612255096435547,1.8968498706817627
2015-03-18,16.612255096435547,1.8914769887924194
2015-03-19,16.612255096435547,1.939837098121643
2015-03-20,16.612255096435547,1.8646094799041748
2015-03-23,16.612255096435547,1.8861030340194702
2015-03-24,16.612255096435547,1.860291838645935
2015-03-25,16.612255096435547,1.952224612236023
2015-03-26,16.612255096435547,1.9089628458023071
2015-03-27,16.612255096435547,1.9414098262786865
2015-03-30,16.612255096435547,1.97385573387146
2015-03-31,16.612255096435547,1.9684484004974365
2015-04-01,16.612255096435547,1.97385573387146
2015-04-02,16.612255096435547,1.9630407094955444
2015-04-06,16.612255096435547,1.9900798797607422
2015-04-07,16.612255096435547,1.979264259338379
2015-04-08,16.612255096435547,1.9900798797607422
2015-04-09,16.612255096435547,1.9846718311309814
2015-04-10,16.612255096435547,1.9576318264007568
2015-04-13,16.612255096435547,1.9630407094955444
2015-04-14,16.612255096435547,1.9576318264007568
2015-04-15,16.612255096435547,1.9684484004974365
2015-04-16,16.612255096435547,1.97385573387146
2015-04-17,16.612255096435547,1.9630407094955444
2015-04-20,16.612255096435547,1.9468175172805786
2015-04-22,16.612255096435547,1.9684484004974365
2015-04-23,16.612255096435547,1.9900798797607422
2015-04-24,16.612255096435547,1.9846718311309814
2015-04-27,16.612255096435547,1.936001181602478
2015-04-28,16.612255096435547,1.9684484004974365
2015-04-29,16.612255096435547,1.9900798797607422
2015-04-30,16.612255096435547,1.979264259338379
2015-05-04,16.720233917236328,2.022526264190674
2015-05-05,16.720233917236328,2.0495662689208984
2015-05-06,16.720233917236328,1.9954880475997925
2015-05-07,16.720233917236328,1.9900798797607422
2015-05-08,16.720233917236328,2.05497407913208
2015-05-11,16.720233917236328,2.103644847869873
2015-05-12,16.720233917236328,2.071197032928467
2015-05-13,16.720233917236328,2.163130521774292
2015-05-14,16.720233917236328,2.1523149013519287
2015-05-15,16.720233917236328,2.1847610473632812
2015-05-18,16.720233917236328,2.1414988040924072
2015-05-19,16.720233917236328,2.1198675632476807
2015-05-20,16.720233917236328,2.1198675632476807
2015-05-21,16.720233917236328,2.076605796813965
2015-05-22,16.720233917236328,2.114459276199341
2015-05-25,16.720233917236328,2.168537139892578
2015-05-26,16.720233917236328,2.1198675632476807
2015-05-27,16.720233917236328,2.1414988040924072
2015-05-28,16.720233917236328,2.082012891769409
2015-05-29,16.720233917236328,2.0928282737731934
2015-06-01,16.720233917236328,2.065789222717285
2015-06-02,16.720233917236328,2.0441579818725586
2015-06-03,16.720233917236328,2.038750171661377
2015-06-05,16.720233917236328,2.082012891769409
2015-06-08,16.720233917236328,2.098236322402954
2015-06-09,16.720233917236328,2.1198675632476807
2015-06-10,16.720233917236328,2.0874204635620117
2015-06-11,16.720233917236328,2.0441579818725586
2015-06-12,16.720233917236328,2.0279345512390137
2015-06-15,16.720233917236328,2.065789222717285
2015-06-16,16.720233917236328,2.0279345512390137
2015-06-17,16.720233917236328,1.9684484004974365
2015-06-18,16.720233917236328,1.952224612236023
2015-06-19,16.720233917236328,1.97385573387146
2015-06-22,16.720233917236328,2.006303071975708
2015-06-23,16.720233917236328,2.038750171661377
2015-06-24,16.720233917236328,2.0117104053497314
2015-06-25,16.720233917236328,2.006303071975708
2015-06-26,16.720233917236328,1.925186038017273
2015-06-29,16.720233917236328,2.0008950233459473
2015-06-30,16.720233917236328,2.0495662689208984
2015-07-01,16.720233917236328,2.0117104053497314
2015-07-02,16.720233917236328,2.022526264190674
2015-07-03,16.720233917236328,2.0279345512390137
2015-07-06,16.720233917236328,2.05497407913208
2015-07-07,16.720233917236328,2.0117104053497314
2015-07-08,16.720233917236328,1.9900798797607422
2015-07-10,16.720233917236328,2.0441579818725586
2015-07-13,16.720233917236328,2.098236322402954
2015-07-14,16.720233917236328,2.103644847869873
2015-07-15,16.720233917236328,2.082012891769409
2015-07-16,16.720233917236328,2.1414988040924072
2015-07-17,16.720233917236328,2.114459276199341
2015-07-20,16.720233917236328,2.103644847869873
2015-07-21,16.720233917236328,2.071197032928467
2015-07-22,16.720233917236328,2.125274896621704
2015-07-23,16.720233917236328,2.233431816101074
2015-07-24,16.720233917236328,2.222615957260132
2015-07-27,16.720233917236328,2.1955766677856445
2015-07-28,16.720233917236328,2.243246555328369
2015-07-29,16.720233917236328,2.194124460220337
2015-07-30,16.720233917236328,2.2377891540527344
2015-07-31,16.720233917236328,2.2596213817596436
2015-08-03,16.720233917236328,2.2814536094665527
2015-08-04,16.720233917236328,2.2596213817596436
2015-08-05,16.720233917236328,2.297826051712036
2015-08-06,16.720233917236328,2.2323315143585205
2015-08-07,16.720233917236328,2.183209180831909
2015-08-10,16.720233917236328,2.194124460220337
2015-08-11,16.720233917236328,2.188666582107544
2015-08-12,16.720233917236328,2.1122543811798096
2015-08-13,16.720233917236328,2.1286284923553467
2015-08-14,16.720233917236328,2.155919313430786
2015-08-17,16.720233917236328,2.155919313430786
2015-08-18,16.720233917236328,2.166835308074951
2015-08-19,16.720233917236328,2.145002841949463
2015-08-20,16.720233917236328,2.1340863704681396
2015-08-21,16.720233917236328,2.0631325244903564
2015-08-24,16.720233917236328,2.014010190963745
2015-08-25,16.720233917236328,2.0740489959716797
2015-08-26,16.720233917236328,2.1013388633728027
2015-08-27,16.720233917236328,2.1504604816436768
2015-08-28,16.720233917236328,2.1286284923553467
2015-08-31,16.720233917236328,2.1013388633728027
2015-09-01,16.720233917236328,2.0795059204101562
2015-09-02,16.720233917236328,2.177751302719116
2015-09-03,16.720233917236328,2.243246555328369
2015-09-04,16.720233917236328,2.2104990482330322
2015-09-08,16.720233917236328,2.248704671859741
2015-09-09,16.720233917236328,2.2268738746643066
2015-09-10,16.720233917236328,2.2377891540527344
2015-09-11,16.720233917236328,2.215956926345825
2015-09-14,16.720233917236328,2.2759957313537598
2015-09-15,16.720233917236328,2.3142011165618896
2015-09-16,16.720233917236328,2.3087432384490967
2015-09-17,16.720233917236328,2.2869112491607666
2015-09-18,16.720233917236328,2.2268738746643066
2015-09-21,16.720233917236328,2.215956926345825
2015-09-22,16.720233917236328,2.2541630268096924
2015-09-23,16.720233917236328,2.2268738746643066
2015-09-24,16.720233917236328,2.183209180831909
2015-09-25,16.720233917236328,2.2705373764038086
2015-09-28,16.720233917236328,2.2268738746643066
2015-09-29,16.720233917236328,2.2268738746643066
2015-09-30,16.720233917236328,2.3196592330932617
2015-10-01,16.720233917236328,2.4397361278533936
2015-10-02,16.720233917236328,2.357865571975708
2015-10-05,16.720233917236328,2.4288196563720703
2015-10-06,16.720233917236328,2.4124457836151123
2015-10-07,16.720233917236328,2.4233620166778564
2015-10-08,16.720233917236328,2.374239206314087
2015-10-09,16.720233917236328,2.357865571975708
2015-10-13,16.720233917236328,2.401529550552368
2015-10-14,16.720233917236328,2.3524065017700195
2015-10-15,16.720233917236328,2.325117826461792
2015-10-16,16.720233917236328,2.341492176055908
2015-10-19,16.720233917236328,2.374239206314087
2015-10-20,16.720233917236328,2.3142011165618896
2015-10-21,16.720233917236328,2.183209180831909
2015-10-22,16.720233917236328,2.330575942993164
2015-10-23,16.720233917236328,2.3196592330932617
2015-10-26,16.720233917236328,2.368781805038452
2015-10-27,16.720233917236328,2.357865571975708
2015-10-28,16.720233917236328,2.326547861099243
2015-10-29,16.720233917236328,2.244241952896118
2015-10-30,16.720233917236328,2.260701894760132
2015-11-03,16.720233917236328,2.271677017211914
2015-11-04,16.720233917236328,2.1509594917297363
2015-11-05,16.720233917236328,2.145472526550293
2015-11-06,16.720233917236328,2.156446695327759
2015-11-09,16.720233917236328,2.145472526550293
2015-11-10,16.720233917236328,2.1290106773376465
2015-11-11,16.720233917236328,2.194856643676758
2015-11-12,16.720233917236328,2.2168052196502686
2015-11-13,16.807056427001953,2.2168052196502686
2015-11-16,16.807056427001953,2.2552149295806885
2015-11-17,16.807056427001953,2.2058305740356445
2015-11-18,16.807056427001953,2.222292423248291
2015-11-19,16.807056427001953,2.244241952896118
2015-11-23,16.807056427001953,2.200343608856201
2015-11-24,16.807056427001953,2.178395986557007
2015-11-25,16.807056427001953,2.2277793884277344
2015-11-26,16.807056427001953,2.2277793884277344
2015-11-27,16.807056427001953,2.2058305740356445
2015-11-30,16.807056427001953,2.194856643676758
2015-12-01,16.807056427001953,2.0851144790649414
2015-12-02,16.807056427001953,2.18388295173645
2015-12-03,16.807056427001953,2.222292423248291
2015-12-04,16.807056427001953,2.2058305740356445
2015-12-07,16.807056427001953,2.2168052196502686
2015-12-08,16.807056427001953,2.1509594917297363
2015-12-09,16.807056427001953,2.1125497817993164
2015-12-10,16.807056427001953,2.1344988346099854
2015-12-11,16.807056427001953,2.145472526550293
2015-12-14,16.807056427001953,2.1015751361846924
2015-12-15,16.807056427001953,2.1180367469787598
2015-12-16,16.807056427001953,2.0741398334503174
2015-12-17,16.807056427001953,2.1015751361846924
2015-12-18,16.807056427001953,1.9643968343734741
2015-12-21,16.807056427001953,1.9643968343734741
2015-12-22,16.807056427001953,1.9973198175430298
2015-12-23,16.807056427001953,2.0412163734436035
2015-12-28,16.807056427001953,2.046703577041626
2015-12-29,16.807056427001953,2.0521910190582275
2015-12-30,16.807056427001953,2.0906004905700684
2016-01-04,16.807056427001953,1.975371241569519
2016-01-05,16.807056427001953,2.0137813091278076
2016-01-06,16.807056427001953,2.030242443084717
2016-01-07,16.807056427001953,1.9479354619979858
2016-01-08,16.807056427001953,1.9314731359481812
2016-01-11,16.807056427001953,1.8436797857284546
2016-01-12,16.807056427001953,1.8711156845092773
2016-01-13,16.807056427001953,1.827217936515808
2016-01-14,16.807056427001953,1.7613723278045654
2016-01-15,16.807056427001953,1.7558850049972534
2016-01-18,16.807056427001953,1.706500768661499
2016-01-19,16.807056427001953,1.7449114322662354
2016-01-20,16.807056427001953,1.7394243478775024
2016-01-21,16.807056427001953,1.882089614868164
2016-01-22,16.807056427001953,1.882089614868164
2016-01-26,16.807056427001953,1.8491674661636353
2016-01-27,16.807056427001953,1.9095255136489868
2016-01-28,16.807056427001953,1.9204994440078735
2016-01-29,16.807056427001953,2.01926851272583
2016-02-01,16.807056427001953,1.9424482583999634
2016-02-02,16.807056427001953,1.8381928205490112
2016-02-03,16.807056427001953,1.8491674661636353
2016-02-04,16.807056427001953,1.797301173210144
2016-02-05,16.807056427001953,1.819422721862793
2016-02-10,16.807056427001953,1.836012363433838
2016-02-11,16.807056427001953,1.8083624839782715
2016-02-12,16.807056427001953,1.7862412929534912
2016-02-15,16.807056427001953,1.830482006072998
2016-02-16,16.807056427001953,1.8581327199935913
2016-02-17,16.807056427001953,1.863663911819458
2016-02-18,16.807056427001953,1.8857839107513428
2016-02-19,16.807056427001953,1.874724268913269
2016-02-22,16.807056427001953,1.9079049825668335
2016-02-23,16.807056427001953,1.9079049825668335
2016-02-24,16.807056427001953,1.852603554725647
2016-02-25,16.807056427001953,1.852603554725647
2016-02-26,16.807056427001953,1.8857839107513428
2016-02-29,16.807056427001953,1.8691935539245605
2016-03-01,16.807056427001953,1.9134348630905151
2016-03-02,16.807056427001953,1.9134348630905151
2016-03-03,16.807056427001953,1.9134348630905151
2016-03-04,16.807056427001953,1.8581327199935913
2016-03-07,16.807056427001953,1.952146053314209
2016-03-08,16.807056427001953,1.9908572435379028
2016-03-09,16.807056427001953,1.9244954586029053
2016-03-10,16.807056427001953,1.8968448638916016
2016-03-11,16.807056427001953,1.8470730781555176
2016-03-14,16.807056427001953,1.9079049825668335
2016-03-15,16.807056427001953,1.8581327199935913
2016-03-16,16.807056427001953,1.9134348630905151
2016-03-17,16.807056427001953,1.8913133144378662
2016-03-18,16.807056427001953,1.9355560541152954
2016-03-21,16.807056427001953,1.9576761722564697
2016-03-22,16.807056427001953,1.9300254583358765
2016-03-23,16.807056427001953,1.8802536725997925
2016-03-24,16.807056427001953,1.863663911819458
2016-03-28,16.807056427001953,1.8581327199935913
2016-03-29,16.807056427001953,1.852603554725647
2016-03-30,16.807056427001953,1.797301173210144
2016-03-31,16.807056427001953,1.7032891511917114
2016-04-01,16.807056427001953,1.6811683177947998
2016-04-04,16.807056427001953,1.6922287940979004
2016-04-05,16.807056427001953,1.6590477228164673
2016-04-06,16.807056427001953,1.58162522315979
2016-04-07,16.807056427001953,1.5484446287155151
2016-04-08,16.807056427001953,1.5539743900299072
2016-04-11,16.807056427001953,1.4986721277236938
2016-04-12,16.807056427001953,1.5318540334701538
2016-04-13,16.807056427001953,1.5595043897628784
2016-04-14,16.807056427001953,1.5318540334701538
2016-04-15,16.807056427001953,1.5539743900299072
2016-04-18,16.807056427001953,1.58162522315979
2016-04-19,16.807056427001953,1.6203360557556152
2016-04-20,16.807056427001953,1.631397008895874
2016-04-22,16.807056427001953,1.6701076030731201
2016-04-25,16.807056427001953,1.6369273662567139
2016-04-26,17.02659034729004,1.6645773649215698
2016-04-27,17.02659034729004,1.697758674621582
2016-04-28,17.02659034729004,1.6590477228164673
2016-04-29,17.02659034729004,1.5484446287155151
2016-05-02,17.02659034729004,1.5664907693862915
2016-05-03,17.02659034729004,1.5218932628631592
2016-05-04,17.02659034729004,1.527468204498291
2016-05-05,17.02659034729004,1.560916543006897
2016-05-06,17.02659034729004,1.5720655918121338
2016-05-09,17.02659034729004,1.527468204498291
2016-05-10,17.02659034729004,1.577640414237976
2016-05-11,17.02659034729004,1.5497667789459229
2016-05-12,17.02659034729004,1.5441923141479492
2016-05-13,17.02659034729004,1.533042311668396
2016-05-16,17.02659034729004,1.5664907693862915
2016-05-17,17.02659034729004,1.5720655918121338
2016-05-18,17.02659034729004,1.5720655918121338
2016-05-19,17.02659034729004,1.5832147598266602
2016-05-20,17.02659034729004,1.6166632175445557
2016-05-23,17.02659034729004,1.5720655918121338
2016-05-24,17.02659034729004,1.533042311668396
2016-05-25,17.02659034729004,1.5163182020187378
2016-05-27,17.02659034729004,1.4995946884155273
2016-05-30,17.02659034729004,1.5051696300506592
2016-05-31,17.02659034729004,1.4884452819824219
2016-06-01,17.02659034729004,1.44942307472229
2016-06-02,17.02659034729004,1.4772956371307373
2016-06-03,17.02659034729004,1.4661457538604736
2016-06-06,17.02659034729004,1.4717206954956055
2016-06-07,17.02659034729004,1.4271235466003418
2016-06-08,17.02659034729004,1.4103989601135254
2016-06-09,17.02659034729004,1.4159741401672363
2016-06-10,17.02659034729004,1.4271235466003418
2016-06-13,17.02659034729004,1.393675446510315
2016-06-14,17.02659034729004,1.3658015727996826
2016-06-15,17.02659034729004,1.3490771055221558
2016-06-16,17.02659034729004,1.3490771055221558
2016-06-17,17.02659034729004,1.3658015727996826
2016-06-20,17.02659034729004,1.332353949546814
2016-06-21,17.02659034729004,1.2933300733566284
2016-06-22,17.02659034729004,1.2598826885223389
2016-06-23,17.02659034729004,1.315629243850708
2016-06-24,17.02659034729004,1.2543076276779175
2016-06-27,17.02659034729004,1.2543076276779175
2016-06-28,17.02659034729004,1.2264344692230225
2016-06-29,17.02659034729004,1.2598826885223389
2016-06-30,17.02659034729004,1.2877556085586548
2016-07-01,17.02659034729004,1.315629243850708
2016-07-04,17.02659034729004,1.3546518087387085
2016-07-05,17.02659034729004,1.343502402305603
2016-07-06,17.02659034729004,1.343502402305603
2016-07-07,17.02659034729004,1.304479718208313
2016-07-08,17.02659034729004,1.2710319757461548
2016-07-11,17.02659034729004,1.2821811437606812
2016-07-12,17.02659034729004,1.332353949546814
2016-07-13,17.02659034729004,1.3212041854858398
2016-07-14,17.02659034729004,1.343502402305603
2016-07-15,17.02659034729004,1.3267791271209717
2016-07-18,17.02659034729004,1.3546518087387085
2016-07-19,17.02659034729004,1.3881009817123413
2016-07-20,17.02659034729004,1.4326978921890259
2016-07-21,17.02659034729004,1.4661457538604736
2016-07-22,17.02659034729004,1.527468204498291
2016-07-25,17.02659034729004,1.4661457538604736
2016-07-26,17.02659034729004,1.4661457538604736
2016-07-27,17.02659034729004,1.44942307472229
2016-07-28,17.02659034729004,1.4995946884155273
2016-07-29,17.02659034729004,1.454997181892395
2016-08-01,17.02659034729004,1.4176335334777832
2016-08-02,17.02659034729004,1.3613779544830322
2016-08-03,17.02659034729004,1.4007577896118164
2016-08-04,17.02659034729004,1.3895061016082764
2016-08-05,17.02659034729004,1.3726296424865723
2016-08-08,17.02659034729004,1.4063831567764282
2016-08-09,17.02659034729004,1.4288849830627441
2016-08-10,17.02659034729004,1.4176335334777832
2016-08-11,17.02659034729004,1.4513874053955078
2016-08-12,17.02659034729004,1.4401359558105469
2016-08-15,17.02659034729004,1.4513874053955078
2016-08-16,17.02659034729004,1.4738892316818237
2016-08-17,17.02659034729004,1.4457615613937378
2016-08-18,17.02659034729004,1.4682637453079224
2016-08-19,17.02659034729004,1.4626387357711792
2016-08-22,17.02659034729004,1.4513874053955078
2016-08-23,17.02659034729004,1.4570128917694092
2016-08-24,17.02659034729004,1.4626387357711792
2016-08-25,17.02659034729004,1.4626387357711792
2016-08-26,17.02659034729004,1.4457615613937378
2016-08-29,17.02659034729004,1.4570128917694092
2016-08-30,17.02659034729004,1.4626387357711792
2016-08-31,17.02659034729004,1.4570128917694092
2016-09-01,17.02659034729004,1.4907656908035278
2016-09-02,17.02659034729004,1.4570128917694092
2016-09-05,17.02659034729004,1.4570128917694092
2016-09-06,17.02659034729004,1.4513874053955078
2016-09-08,17.02659034729004,1.4513874053955078
2016-09-09,17.02659034729004,1.4513874053955078
2016-09-12,17.02659034729004,1.4682637453079224
2016-09-13,17.02659034729004,1.4457615613937378
2016-09-14,17.02659034729004,1.4457615613937378
2016-09-15,17.02659034729004,1.4513874053955078
2016-09-16,17.02659034729004,1.4513874053955078
2016-09-19,17.02659034729004,1.4795143604278564
2016-09-20,17.02659034729004,1.4907656908035278
2016-09-21,17.02659034729004,1.5132681131362915
2016-09-22,17.02659034729004,1.507642149925232
2016-09-23,17.02659034729004,1.5301437377929688
2016-09-26,17.02659034729004,1.5357699394226074
2016-09-27,17.02659034729004,1.5470209121704102
2016-09-28,17.02659034729004,1.563897967338562
2016-09-29,17.02659034729004,1.5751492977142334
2016-09-30,17.02659034729004,1.563897967338562
2016-10-03,17.02659034729004,1.5863999128341675
2016-10-04,17.02659034729004,1.5863999128341675
2016-10-05,17.02659034729004,1.6089019775390625
2016-10-06,17.02659034729004,1.6032764911651611
2016-10-07,17.02659034729004,1.5357699394226074
2016-10-10,17.02659034729004,1.5470209121704102
2016-10-11,17.02659034729004,1.5413955450057983
2016-10-13,17.02659034729004,1.5413955450057983
2016-10-14,17.02659034729004,1.563897967338562
2016-10-17,17.02659034729004,1.558272361755371
2016-10-18,17.02659034729004,1.5526467561721802
2016-10-19,17.02659034729004,1.5470209121704102
2016-10-20,17.02659034729004,1.524518609046936
2016-10-21,17.02659034729004,1.5470209121704102
2016-10-24,17.02659034729004,1.5357699394226074
2016-10-25,17.02659034729004,1.5470209121704102
2016-10-26,17.02659034729004,1.6089019775390625
2016-10-27,17.02659034729004,1.6257789134979248
2016-10-28,17.02659034729004,1.6539061069488525
2016-10-31,17.02659034729004,1.6145273447036743
2016-11-01,17.02659034729004,1.5526467561721802
2016-11-03,17.02659034729004,1.5188941955566406
2016-11-04,17.02659034729004,1.510688304901123
2016-11-07,17.02659034729004,1.5334062576293945
2016-11-08,17.02659034729004,1.4936505556106567
2016-11-09,17.02659034729004,1.4595750570297241
2016-11-10,17.02659034729004,1.5561226606369019
2016-11-11,17.02659034729004,1.584519624710083
2016-11-14,17.02659034729004,1.5901989936828613
2016-11-16,17.02659034729004,1.5277267694473267
2016-11-17,17.02659034729004,1.5504435300827026
2016-11-18,17.02659034729004,1.5334062576293945
2016-11-21,17.02659034729004,1.487971544265747
2016-11-22,17.02659034729004,1.5220468044281006
2016-11-23,17.02659034729004,1.5561226606369019
2016-11-24,17.02659034729004,1.5618020296096802
2016-11-25,17.02659034729004,1.5334062576293945
2016-11-28,17.02659034729004,1.584519624710083
2016-11-29,17.02659034729004,1.6072365045547485
2016-11-30,17.02659034729004,1.5731607675552368
2016-12-01,17.02659034729004,1.4936505556106567
2016-12-02,17.02659034729004,1.4993300437927246
2016-12-05,17.02659034729004,1.487971544265747
2016-12-06,17.02659034729004,1.516367793083191
2016-12-07,17.02659034729004,1.5561226606369019
2016-12-08,17.02659034729004,1.584519624710083
2016-12-09,17.02659034729004,1.5618020296096802
2016-12-12,17.02659034729004,1.5334062576293945
2016-12-13,17.02659034729004,1.5447638034820557
2016-12-14,17.02659034729004,1.5561226606369019
2016-12-15,17.02659034729004,1.5447638034820557
2016-12-16,17.02659034729004,1.6185951232910156
2016-12-19,17.02659034729004,1.5901989936828613
2016-12-20,17.02659034729004,1.539084553718567
2016-12-21,17.02659034729004,1.539084553718567
2016-12-22,17.02659034729004,1.5277267694473267
2016-12-23,17.02659034729004,1.5504435300827026
2016-12-26,17.02659034729004,1.5618020296096802
2016-12-27,17.02659034729004,1.5618020296096802
2016-12-28,17.02659034729004,1.584519624710083
2016-12-29,17.02659034729004,1.6185951232910156
2017-01-02,17.02659034729004,1.584519624710083
2017-01-03,17.02659034729004,1.6242742538452148
2017-01-04,17.02659034729004,1.6015572547912598
2017-01-05,17.02659034729004,1.6242742538452148
2017-01-06,17.02659034729004,1.6015572547912598
2017-01-09,17.02659034729004,1.5788403749465942
2017-01-10,17.02659034729004,1.6129155158996582
2017-01-11,17.02659034729004,1.5731607675552368
2017-01-12,17.02659034729004,1.6015572547912598
2017-01-13,17.02659034729004,1.5958776473999023
2017-01-16,17.02659034729004,1.5788403749465942
2017-01-17,17.02659034729004,1.5901989936828613
2017-01-18,17.02659034729004,1.6015572547912598
2017-01-19,17.02659034729004,1.6129155158996582
2017-01-20,17.02659034729004,1.6015572547912598
2017-01-23,17.02659034729004,1.5958776473999023
2017-01-24,17.02659034729004,1.6015572547912598
2017-01-26,17.02659034729004,1.6015572547912598
2017-01-27,17.02659034729004,1.6072365045547485
2017-01-30,17.02659034729004,1.5901989936828613
2017-01-31,17.02659034729004,1.5901989936828613
2017-02-01,17.02659034729004,1.5731607675552368
2017-02-02,17.02659034729004,1.5561226606369019
2017-02-03,17.02659034729004,1.5618020296096802
2017-02-06,17.02659034729004,1.5334062576293945
2017-02-07,17.02659034729004,1.5325013399124146
2017-02-08,17.02659034729004,1.5439817905426025
2017-02-09,17.02659034729004,1.5439817905426025
2017-02-10,17.02659034729004,1.5439817905426025
2017-02-13,17.02659034729004,1.538240909576416
2017-02-14,17.02659034729004,1.5439817905426025
2017-02-15,17.02659034729004,1.5956385135650635
2017-02-16,17.02659034729004,1.5784188508987427
2017-02-17,17.02659034729004,1.5784188508987427
2017-02-20,17.02659034729004,1.572679877281189
2017-02-21,17.02659034729004,1.5841591358184814
2017-02-22,17.02659034729004,1.572679877281189
2017-02-23,17.02659034729004,1.5554603338241577
2017-02-24,17.02659034729004,1.5841591358184814
2017-03-01,17.02659034729004,1.5669395923614502
2017-03-02,17.02659034729004,1.5439817905426025
2017-03-03,17.02659034729004,1.5325013399124146
2017-03-06,17.02659034729004,1.5210224390029907
2017-03-07,17.02659034729004,1.50380277633667
2017-03-08,17.02659034729004,1.498063564300537
2017-03-09,17.02659034729004,1.498063564300537
2017-03-10,17.02659034729004,1.50380277633667
2017-03-13,17.02659034729004,1.5325013399124146
2017-03-14,17.02659034729004,1.509542465209961
2017-03-15,17.02659034729004,1.515282392501831
2017-03-16,17.02659034729004,1.515282392501831
2017-03-17,17.02659034729004,1.509542465209961
2017-03-20,17.02659034729004,1.509542465209961
2017-03-21,17.02659034729004,1.4751044511795044
2017-03-22,17.02659034729004,1.4521455764770508
2017-03-23,17.02659034729004,1.434926986694336
2017-03-24,17.02659034729004,1.4291874170303345
2017-03-27,17.02659034729004,1.4177073240280151
2017-03-28,17.02659034729004,1.4578851461410522
2017-03-29,17.02659034729004,1.4808443784713745
2017-03-30,17.02659034729004,1.50380277633667
2017-03-31,17.02659034729004,1.538240909576416
2017-04-03,17.02659034729004,1.5267621278762817
2017-04-04,17.02659034729004,1.5841591358184814
2017-04-05,17.02659034729004,1.5554603338241577
2017-04-06,17.02659034729004,1.5325013399124146
2017-04-07,17.02659034729004,1.5439817905426025
2017-04-10,17.02659034729004,1.5497212409973145
2017-04-11,17.02659034729004,1.5325013399124146
2017-04-12,17.02659034729004,1.5611999034881592
2017-04-13,17.02659034729004,1.5210224390029907
2017-04-17,17.02659034729004,1.538240909576416
2017-04-18,17.02659034729004,1.5210224390029907
2017-04-19,17.02659034729004,1.5210224390029907
2017-04-20,17.02659034729004,1.5325013399124146
2017-04-24,17.02659034729004,1.6587754487991333
2017-04-25,17.02659034729004,1.612857460975647
2017-04-26,17.02659034729004,1.6243369579315186
2017-04-27,17.02659034729004,1.6358160972595215
2017-04-28,17.02659034729004,1.6243369579315186
2017-05-02,17.02659034729004,1.6472959518432617
2017-05-03,17.02659034729004,1.6415557861328125
2017-05-04,17.02659034729004,1.6415557861328125
2017-05-05,17.02659034729004,1.6603883504867554
2017-05-08,17.02659034729004,1.65462327003479
2017-05-09,17.02659034729004,1.6719197034835815
2017-05-10,17.02659034729004,1.643092393875122
2017-05-11,17.02659034729004,1.6315622329711914
2017-05-12,17.02659034729004,1.6257967948913574
2017-05-15,17.02659034729004,1.648857593536377
2017-05-16,17.02659034729004,1.648857593536377
2017-05-17,17.02659034729004,1.596970796585083
2017-05-18,17.02659034729004,1.602736234664917
2017-05-19,17.02659034729004,1.614267110824585
2017-05-22,17.02659034729004,1.6603883504867554
2017-05-23,17.02659034729004,1.72957181930542
2017-05-24,17.02659034729004,1.6892145872116089
2017-05-25,17.02659034729004,1.7468668222427368
2017-05-26,17.02659034729004,1.741101622581482
2017-05-29,17.02659034729004,1.741101622581482
2017-05-30,17.02659034729004,1.6892145872116089
2017-05-31,17.02659034729004,1.648857593536377
2017-06-01,17.02659034729004,1.65462327003479
2017-06-02,17.02659034729004,1.6373279094696045
2017-06-05,17.02659034729004,1.6892145872116089
2017-06-06,17.02659034729004,1.6892145872116089
2017-06-07,17.02659034729004,1.683449149131775
2017-06-08,17.02659034729004,1.6719197034835815
2017-06-09,17.02659034729004,1.6315622329711914
2017-06-12,17.02659034729004,1.666153907775879
2017-06-13,17.02659034729004,1.6949800252914429
2017-06-14,17.02659034729004,1.7007449865341187
2017-06-15,17.02659034729004,1.7007449865341187
2017-06-16,17.02659034729004,1.6892145872116089
2017-06-19,17.02659034729004,1.6949800252914429
2017-06-20,17.02659034729004,1.683449149131775
2017-06-21,17.02659034729004,1.666153907775879
2017-06-22,17.02659034729004,1.6603883504867554
2017-06-23,17.02659034729004,1.6373279094696045
2017-06-26,17.02659034729004,1.6719197034835815
2017-06-27,17.02659034729004,1.666153907775879
2017-06-28,17.02659034729004,1.648857593536377
2017-06-29,17.02659034729004,1.6315622329711914
2017-06-30,17.02659034729004,1.6257967948913574
2017-07-03,17.02659034729004,1.6373279094696045
2017-07-04,17.02659034729004,1.6603883504867554
2017-07-05,17.02659034729004,1.6603883504867554
2017-07-06,17.02659034729004,1.6315622329711914
2017-07-07,17.02659034729004,1.6085014343261719
2017-07-10,17.02659034729004,1.614267110824585
2017-07-11,17.02659034729004,1.648857593536377
2017-07-12,17.02659034729004,1.6603883504867554
2017-07-13,17.02659034729004,1.6373279094696045
2017-07-14,17.02659034729004,1.6603883504867554
2017-07-17,17.02659034729004,1.6719197034835815
2017-07-18,17.02659034729004,1.6603883504867554
2017-07-19,17.02659034729004,1.666153907775879
2017-07-20,17.02659034729004,1.6719197034835815
2017-07-21,17.02659034729004,1.6949800252914429
2017-07-24,17.02659034729004,1.683449149131775
2017-07-25,17.02659034729004,1.6776840686798096
2017-07-26,17.02659034729004,1.643092393875122
2017-07-27,17.02659034729004,1.6603883504867554
2017-07-28,17.02659034729004,1.643092393875122
2017-07-31,17.02659034729004,1.6257967948913574
2017-08-01,17.02659034729004,1.6257967948913574
2017-08-02,17.02659034729004,1.6700116395950317
2017-08-03,17.02659034729004,1.6525555849075317
2017-08-04,17.02659034729004,1.6700116395950317
2017-08-07,17.02659034729004,1.6525555849075317
2017-08-08,17.02659034729004,1.6409170627593994
2017-08-09,17.02659034729004,1.6350984573364258
2017-08-10,17.02659034729004,1.6409170627593994
2017-08-11,17.02659034729004,1.6641925573349
2017-08-14,17.02659034729004,1.6583737134933472
2017-08-15,17.02659034729004,1.7049247026443481
2017-08-16,17.02659034729004,1.7689322233200073
2017-08-17,17.02659034729004,1.739837884902954
2017-08-18,17.02659034729004,1.728200078010559
2017-08-21,17.02659034729004,1.7689322233200073
2017-08-22,17.02659034729004,1.8213024139404297
2017-08-23,17.02659034729004,1.8213024139404297
2017-08-24,17.02659034729004,1.8038456439971924
2017-08-25,17.02659034729004,1.8329393863677979
2017-08-28,17.02659034729004,1.8387583494186401
2017-08-29,17.02659034729004,1.8329393863677979
2017-08-30,17.02659034729004,1.8038456439971924
2017-08-31,17.02659034729004,1.792208194732666
2017-09-01,17.02659034729004,1.7805705070495605
2017-09-04,17.02659034729004,1.8387583494186401
2017-09-05,17.02659034729004,1.8271210193634033
2017-09-06,17.02659034729004,1.8329393863677979
2017-09-07,17.02659034729004,1.8329393863677979
2017-09-08,17.02659034729004,1.8387583494186401
2017-09-11,17.02659034729004,1.8969473838806152
2017-09-12,17.02659034729004,1.9725927114486694
2017-09-13,17.02659034729004,1.9784109592437744
2017-09-14,17.02659034729004,1.9667736291885376
2017-09-15,17.02659034729004,1.9667736291885376
2017-09-18,17.02659034729004,2.0191428661346436
2017-09-19,17.02659034729004,2.030780792236328
2017-09-20,17.02659034729004,2.0191428661346436
2017-09-21,17.02659034729004,1.9842299222946167
2017-09-22,17.02659034729004,2.01332426071167
2017-09-25,17.02659034729004,1.9900481700897217
2017-09-26,17.02659034729004,1.9784109592437744
2017-09-27,17.02659034729004,1.9784109592437744
2017-09-28,17.02659034729004,1.9551351070404053
2017-09-29,17.02659034729004,1.9434971809387207
2017-10-02,17.02659034729004,1.9202229976654053
2017-10-03,17.02659034729004,1.9667736291885376
2017-10-04,17.02659034729004,1.9667736291885376
2017-10-05,17.02659034729004,1.9842299222946167
2017-10-06,17.02659034729004,2.03659987449646
2017-10-09,17.02659034729004,1.9725927114486694
2017-10-10,17.02659034729004,1.9900481700897217
2017-10-11,17.02659034729004,2.03659987449646
2017-10-12,17.02659034729004,2.03659987449646
2017-10-13,17.02659034729004,2.01332426071167
2017-10-16,17.02659034729004,2.0424180030822754
2017-10-17,17.02659034729004,2.0191428661346436
2017-10-18,17.02659034729004,2.03659987449646
2017-10-19,17.02659034729004,1.9958677291870117
2017-10-20,17.02659034729004,2.12388277053833
2017-10-23,17.02659034729004,2.048236608505249
2017-10-24,17.02659034729004,2.0598747730255127
2017-10-25,17.02659034729004,2.030780792236328
2017-10-26,17.02659034729004,2.0075056552886963
2017-10-27,17.02659034729004,2.03659987449646
2017-10-30,17.02659034729004,1.9842299222946167
2017-10-31,17.02659034729004,1.9900481700897217
2017-11-01,17.02659034729004,2.024961471557617
2017-11-02,17.02659034729004,2.024961471557617
2017-11-03,17.02659034729004,2.032454013824463
2017-11-06,17.02659034729004,2.032454013824463
2017-11-07,17.02659034729004,1.9502167701721191
2017-11-08,17.02659034729004,1.9502167701721191
2017-11-09,17.02659034729004,2.014831781387329
2017-11-10,17.494583129882812,1.938468337059021
2017-11-13,17.1372013092041,1.9795873165130615
2017-11-14,16.76280975341797,1.920845627784729
2017-11-15,16.76280975341797,1.920845627784729
2017-11-16,17.01807975769043,1.9913356304168701
2017-11-17,17.349929809570312,1.967838168144226
2017-11-20,17.349929809570312,1.967838168144226
2017-11-21,17.528623580932617,1.9854613542556763
2017-11-22,16.847896575927734,1.938468337059021
2017-11-23,16.609643936157227,1.9443414211273193
2017-11-24,16.464990615844727,1.9149713516235352
2017-11-27,16.27779197692871,1.9443414211273193
2017-11-28,15.767251968383789,1.9854613542556763
2017-11-29,15.443903923034668,1.9502167701721191
2017-11-30,15.051080703735352,1.9149713516235352
2017-12-01,15.248785018920898,1.9090973138809204
2017-12-04,15.033892631530762,1.9090973138809204
2017-12-05,15.317548751831055,1.8679786920547485
2017-12-06,16.237285614013672,1.9090973138809204
2017-12-07,16.082565307617188,1.8679786920547485
2017-12-08,16.142738342285156,1.8386073112487793
2017-12-11,15.88486385345459,1.820985198020935
2017-12-12,15.859078407287598,1.820985198020935
2017-12-13,15.558229446411133,1.820985198020935
2017-12-14,15.626995086669922,1.8033626079559326
2017-12-15,15.704357147216797,1.7857400178909302
2017-12-18,15.755929946899414,1.8151108026504517
2017-12-19,15.455078125,1.7974886894226074
2017-12-20,15.902054786682129,1.809237003326416
2017-12-21,16.306055068969727,1.850355625152588
2017-12-22,16.022397994995117,1.862104058265686
2017-12-25,16.022397994995117,1.862104058265686
2017-12-26,15.88486385345459,1.8797264099121094
2017-12-27,15.9192476272583,1.8562300205230713
2017-12-28,16.06537437438965,1.8444814682006836
2017-12-29,16.06537437438965,1.8444814682006836
2018-01-02,16.151330947875977,1.920845627784729
2018-01-03,16.03099250793457,1.9032230377197266
2018-01-04,16.073970794677734,1.9267199039459229
2018-01-05,16.03099250793457,1.8914738893508911
2018-01-08,16.417800903320312,1.8973489999771118
2018-01-09,16.589712142944336,1.9032230377197266
2018-01-10,16.68426513671875,1.8738523721694946
2018-01-11,16.62409782409668,1.8444814682006836
2018-01-12,16.563926696777344,1.8386073112487793
2018-01-15,16.735841751098633,1.8386073112487793
2018-01-16,16.71005630493164,1.8151108026504517
2018-01-17,16.890562057495117,1.8033626079559326
2018-01-18,18.05098533630371,1.8327332735061646
2018-01-19,18.222896575927734,1.8444814682006836
2018-01-22,18.31744956970215,1.8679786920547485
2018-01-23,18.11115264892578,1.8738523721694946
2018-01-24,17.956432342529297,1.8973489999771118
2018-01-25,17.956432342529297,1.8973489999771118
2018-01-26,17.69856071472168,1.8973489999771118
2018-01-29,17.595409393310547,1.9560902118682861
2018-01-30,18.102558135986328,1.920845627784729
2018-01-31,17.758729934692383,1.8973489999771118
2018-02-01,18.076770782470703,1.8914738893508911
2018-02-02,18.222896575927734,1.8562300205230713
2018-02-05,18.102558135986328,1.850355625152588
2018-02-06,17.98221778869629,1.8738523721694946
2018-02-07,17.96502685546875,1.9228328466415405
2018-02-08,17.0882625579834,1.8516167402267456
2018-02-09,17.12264633178711,1.8575515747070312
2018-02-14,17.466472625732422,1.8694214820861816
2018-02-15,17.440689086914062,1.8872251510620117
2018-02-16,18.343238830566406,1.8872251510620117
2018-02-19,18.987916946411133,1.8694214820861816
2018-02-20,19.61540412902832,1.8694214820861816
2018-02-21,19.59821128845215,1.9168983697891235
2018-02-22,19.039487838745117,1.8931599855422974
2018-02-23,19.039487838745117,1.9168983697891235
2018-02-26,18.558130264282227,1.9287670850753784
2018-02-27,18.44638442993164,1.8990947008132935
2018-02-28,18.69566535949707,1.8634859323501587
2018-03-01,18.274473190307617,1.8990947008132935
2018-03-02,18.7386417388916,1.8872251510620117
2018-03-05,18.412002563476562,1.8812901973724365
2018-03-06,18.609703063964844,1.8812901973724365
2018-03-07,18.876171112060547,1.9287670850753784
2018-03-08,19.56382942199707,1.9050285816192627
2018-03-09,19.890466690063477,1.9406371116638184
2018-03-12,19.00510597229004,1.946571946144104
2018-03-13,19.555233001708984,1.9703103303909302
2018-03-14,20.62969398498535,1.999984860420227
2018-03-15,20.113950729370117,1.9287670850753784
2018-03-16,24.49776268005371,1.946571946144104
2018-03-19,26.3028621673584,1.9050285816192627
2018-03-20,26.173927307128906,1.8931599855422974
2018-03-21,27.308561325073242,1.910963535308838
2018-03-22,27.936044692993164,1.8812901973724365
2018-03-23,28.529150009155273,1.9050285816192627
2018-03-26,29.405914306640625,1.9228328466415405
2018-03-27,28.391620635986328,1.9347023963928223
2018-03-28,28.752639770507812,1.9525066614151
2018-03-29,28.675275802612305,1.976245403289795
2018-04-02,28.821401596069336,1.9287670850753784
2018-04-03,29.569231033325195,1.9168983697891235
2018-04-04,30.84998893737793,1.999984860420227
2018-04-05,31.37432861328125,2.0059187412261963
2018-04-06,32.655086517333984,2.0177879333496094
2018-04-09,31.778322219848633,1.999984860420227
2018-04-10,31.606416702270508,2.0059187412261963
2018-04-11,30.686670303344727,1.976245403289795
2018-04-12,31.245389938354492,1.9703103303909302
2018-04-13,31.159433364868164,1.9703103303909302
2018-04-16,31.683774948120117,2.0177879333496094
2018-04-17,32.569129943847656,2.0118536949157715
2018-04-18,32.10496520996094,1.9940484762191772
2018-04-19,32.087772369384766,1.9821796417236328
2018-04-20,32.345645904541016,2.04746150970459
2018-04-23,32.878578186035156,2.0118536949157715
2018-04-24,32.40581512451172,2.0059187412261963
2018-04-25,33.69517135620117,1.9525066614151
2018-04-26,34.38282775878906,1.9821796417236328
2018-04-27,34.76478958129883,1.999984860420227
2018-04-30,35.46440124511719,1.9881147146224976
2018-05-02,36.664974212646484,2.0118536949157715
2018-05-03,35.257102966308594,2.0171680450439453
2018-05-04,34.41929626464844,1.9692833423614502
2018-05-07,34.05653762817383,1.9692833423614502
2018-05-08,34.53158187866211,1.9812533855438232
2018-05-09,37.010459899902344,1.975269079208374
2018-05-10,36.293575286865234,1.9992108345031738
2018-05-11,37.22639083862305,1.9992108345031738
2018-05-14,39.08339309692383,1.9812533855438232
2018-05-15,39.7225456237793,2.047095775604248
2018-05-16,38.426971435546875,2.0889956951141357
2018-05-17,38.36650848388672,2.0889956951141357
2018-05-18,39.89529037475586,2.08301043510437
2018-05-21,39.489349365234375,2.178781032562256
2018-05-22,37.122745513916016,2.1249094009399414
2018-05-23,36.8895378112793,2.1249094009399414
2018-05-24,39.10930633544922,2.0770246982574463
2018-05-25,38.28013610839844,2.047095775604248
2018-05-28,38.86746597290039,1.9453399181365967
2018-05-29,37.26957702636719,1.951325535774231
2018-05-30,37.22639083862305,2.023153781890869
2018-06-01,38.41832733154297,2.0051968097686768
2018-06-04,40.620819091796875,1.9812533855438232
2018-06-05,41.71773910522461,1.9632971286773682
2018-06-06,44.878963470458984,1.9632971286773682
2018-06-07,42.71102523803711,1.9154119491577148
2018-06-08,38.63425827026367,1.9154119491577148
2018-06-11,38.08147430419922,1.8974547386169434
2018-06-12,39.67936325073242,1.951325535774231
2018-06-13,39.73981857299805,1.903440237045288
2018-06-14,41.45862579345703,1.9154119491577148
2018-06-15,40.854026794433594,1.903440237045288
2018-06-18,39.98166275024414,1.891469120979309
2018-06-19,37.874183654785156,1.891469120979309
2018-06-20,37.23503494262695,1.8675259351730347
2018-06-21,37.6409797668457,1.8615400791168213
2018-06-22,37.90009689331055,1.8615400791168213
2018-06-25,37.969200134277344,1.8615400791168213
2018-06-26,38.435604095458984,1.8555556535720825
2018-06-27,38.86746597290039,1.8555556535720825
2018-06-28,38.15057373046875,1.8555556535720825
2018-06-29,38.841552734375,1.873511791229248
2018-07-02,38.51333999633789,1.8675259351730347
2018-07-03,38.86746597290039,1.8794974088668823
2018-07-04,39.480712890625,1.8555556535720825
2018-07-05,40.41352844238281,1.873511791229248
2018-07-06,39.42024230957031,1.8794974088668823
2018-07-10,37.407772064208984,1.873511791229248
2018-07-11,38.763824462890625,1.9154119491577148
2018-07-12,38.141944885253906,1.9273825883865356
2018-07-13,38.211036682128906,1.951325535774231
2018-07-16,38.27149963378906,1.9632971286773682
2018-07-17,37.73598861694336,1.9692833423614502
2018-07-18,36.5008659362793,1.975269079208374
2018-07-19,36.27629852294922,1.975269079208374
2018-07-20,34.38475036621094,1.951325535774231
2018-07-23,35.507591247558594,1.9692833423614502
2018-07-24,35.94808578491211,1.9932252168655396
2018-07-25,36.7513427734375,1.9872397184371948
2018-07-26,36.690887451171875,1.9692833423614502
2018-07-27,37.48550796508789,1.975269079208374
2018-07-30,38.16785430908203,1.975269079208374
2018-07-31,38.478790283203125,1.975269079208374
2018-08-01,37.65825653076172,1.9692833423614502
2018-08-02,38.098751068115234,1.9632971286773682
2018-08-03,37.00182342529297,1.9213969707489014
2018-08-06,37.22639083862305,1.9659355878829956
2018-08-07,36.64769744873047,1.9296417236328125
2018-08-08,37.718711853027344,1.9296417236328125
2018-08-09,38.00374221801758,1.9054455757141113
2018-08-10,39.45479202270508,1.8812487125396729
2018-08-13,40.594913482666016,1.8993960618972778
2018-08-14,39.71390914916992,1.8993960618972778
2018-08-15,38.28877258300781,1.8752007484436035
2018-08-16,37.27821350097656,1.8812487125396729
2018-08-17,37.95192337036133,1.8752007484436035
2018-08-20,39.04020690917969,1.9054455757141113
2018-08-21,40.75038146972656,1.8993960618972778
2018-08-22,41.648651123046875,1.9356907606124878
2018-08-23,43.445186614990234,1.996181607246399
2018-08-24,43.95478057861328,1.996181607246399
2018-08-27,42.520999908447266,1.9659355878829956
2018-08-28,43.19470977783203,1.9417390823364258
2018-08-29,41.950950622558594,1.978034257888794
2018-08-30,41.933677673339844,1.971984624862671
2018-08-31,40.86265563964844,1.9538376331329346
2018-09-03,42.35689926147461,2.0143280029296875
2018-09-04,43.52292251586914,2.0143280029296875
2018-09-05,46.74460220336914,2.0022292137145996
2018-09-06,47.003719329833984,2.0022292137145996
2018-09-10,45.72541046142578,1.9840829372406006
2018-09-11,45.04307174682617,1.971984624862671
2018-09-12,44.73213577270508,1.971984624862671
2018-09-13,44.70621871948242,1.978034257888794
2018-09-14,44.913516998291016,1.9598870277404785
2018-09-17,44.39528274536133,1.971984624862671
2018-09-18,42.51237106323242,1.9659355878829956
2018-09-19,41.795475006103516,1.9417390823364258
2018-09-20,41.35498046875,1.9598870277404785
2018-09-21,40.638092041015625,1.9659355878829956
2018-09-24,40.560359954833984,1.9356907606124878
2018-09-25,41.45862579345703,1.9356907606124878
2018-09-26,41.4240837097168,1.9538376331329346
2018-09-27,40.940399169921875,1.9356907606124878
2018-09-28,41.52772521972656,1.9296417236328125
2018-10-01,41.45862579345703,1.9114943742752075
2018-10-02,39.903926849365234,1.9356907606124878
2018-10-03,38.124664306640625,1.893347144126892
2018-10-04,36.025821685791016,1.8872977495193481
2018-10-05,36.17266082763672,1.8570533990859985
2018-10-08,36.017189025878906,1.8631021976470947
2018-10-09,35.41257095336914,1.8570533990859985
2018-10-10,36.19856643676758,1.8752007484436035
2018-10-11,35.878990173339844,1.8631021976470947
2018-10-15,35.41257095336914,1.8570533990859985
2018-10-16,35.19664764404297,1.8570533990859985
2018-10-17,34.73023986816406,1.8631021976470947
2018-10-18,34.842525482177734,1.9054455757141113
2018-10-19,34.79933547973633,1.9114943742752075
2018-10-22,35.162105560302734,1.86915123462677
2018-10-23,35.4039421081543,1.8631021976470947
2018-10-24,36.27629852294922,1.8631021976470947
2018-10-25,36.47495651245117,1.893347144126892
2018-10-26,34.11699676513672,1.893347144126892
2018-10-29,32.752315521240234,1.9054455757141113
2018-10-30,31.59493064880371,1.8872977495193481
2018-10-31,32.69185256958008,1.923592448234558
2018-11-01,31.992238998413086,1.9538376331329346
2018-11-05,32.70049285888672,1.9813657999038696
2018-11-06,32.27726745605469,1.9443318843841553
2018-11-07,31.620840072631836,1.9134694337844849
2018-11-08,30.636201858520508,1.8887789249420166
2018-11-09,29.712017059326172,1.8764346837997437
2018-11-12,29.539276123046875,1.851744532585144
2018-11-13,31.361730575561523,1.8640894889831543
2018-11-14,33.814693450927734,1.851744532585144
2018-11-16,33.33964538574219,1.8640894889831543
2018-11-19,32.30318069458008,1.8393990993499756
2018-11-21,31.223529815673828,1.851744532585144
2018-11-22,32.752315521240234,1.8579164743423462
2018-11-23,32.08725357055664,1.851744532585144
2018-11-26,32.72640609741211,1.851744532585144
2018-11-27,31.966331481933594,1.851744532585144
2018-11-28,31.733125686645508,1.851744532585144
2018-11-29,33.62466812133789,1.8455721139907837
2018-11-30,35.317569732666016,1.8332266807556152
2018-12-03,35.93080520629883,1.8393990993499756
2018-12-04,34.24655532836914,1.7961921691894531
2018-12-05,34.36747741699219,1.7900201082229614
2018-12-06,33.89242935180664,1.777674913406372
2018-12-07,32.95096969604492,1.7653297185897827
2018-12-10,32.173622131347656,1.7591572999954224
2018-12-11,30.9471435546875,1.7591572999954224
2018-12-12,31.344451904296875,1.7591572999954224
2018-12-13,32.450016021728516,1.7961921691894531
2018-12-14,32.0440673828125,1.8208820819854736
2018-12-17,31.283987045288086,1.7653297185897827
2018-12-18,32.34636688232422,1.8270548582077026
2018-12-19,31.862688064575195,1.8332266807556152
2018-12-20,31.70721435546875,1.8085371255874634
2018-12-21,33.512393951416016,1.806967854499817
2018-12-26,33.469200134277344,1.8006937503814697
2018-12-27,31.97496795654297,1.7630479335784912
2018-12-28,32.8905143737793,1.7755963802337646
2019-01-02,33.33964538574219,1.8383384943008423
2019-01-03,31.91450309753418,1.875983715057373
2019-01-04,32.450016021728516,1.8885316848754883
2019-01-07,30.964414596557617,1.8885316848754883
2019-01-08,31.26671600341797,1.9010804891586304
2019-01-09,33.14098358154297,1.970096468925476
2019-01-10,33.56421661376953,1.9512736797332764
2019-01-11,33.56421661376953,1.9324517250061035
2019-01-14,33.68513870239258,1.9638220071792603
2019-01-15,36.53541564941406,1.982645034790039
2019-01-16,38.141944885253906,1.976370930671692
2019-01-17,37.114105224609375,1.9575484991073608
2019-01-18,38.32331848144531,1.9638220071792603
2019-01-21,39.38569259643555,1.982645034790039
2019-01-22,38.41832733154297,1.9575484991073608
2019-01-23,39.592994689941406,1.9889194965362549
2019-01-24,41.41543960571289,1.9889194965362549
2019-01-28,42.391448974609375,1.9951937198638916
2019-01-29,41.46726608276367,1.976370930671692
2019-01-30,40.249412536621094,1.9889194965362549
2019-01-31,39.73118209838867,1.976370930671692
2019-02-01,40.258056640625,2.020289659500122
2019-02-04,40.60354232788086,2.070484161376953
2019-02-05,40.84539031982422,2.1520488262176514
2019-02-06,41.32906723022461,2.0830321311950684
2019-02-07,41.994136810302734,2.108128309249878
2019-02-08,41.4240837097168,2.0642101764678955
2019-02-11,40.32715606689453,2.0391125679016113
2019-02-12,39.16976547241211,1.976370930671692
2019-02-13,39.61890411376953,1.972475290298462
2019-02-14,38.91064453125,1.9976025819778442
2019-02-15,39.45479202270508,2.0038845539093018
2019-02-18,39.644813537597656,1.978757381439209
2019-02-19,40.206233978271484,2.0038845539093018
2019-02-20,40.54308319091797,2.0101659297943115
2019-02-21,41.1476936340332,1.9913204908370972
2019-02-22,41.026771545410156,1.972475290298462
2019-02-25,41.45862579345703,1.972475290298462
2019-02-26,43.445186614990234,2.0164473056793213
2019-02-27,41.56227493286133,1.978757381439209
2019-02-28,41.16496276855469,1.9599109888076782
2019-03-01,41.94231414794922,1.9410665035247803
2019-03-06,41.622737884521484,1.9599109888076782
2019-03-07,42.002777099609375,1.9285027980804443
2019-03-08,40.62945556640625,1.972475290298462
2019-03-11,40.89720153808594,1.94734787940979
2019-03-12,39.92120361328125,1.9347847700119019
2019-03-13,39.817562103271484,1.9599109888076782
2019-03-14,39.73118209838867,1.9410665035247803
2019-03-15,40.33579635620117,1.9410665035247803
2019-03-18,41.061317443847656,1.94734787940979
2019-03-19,39.1956787109375,1.953629493713379
2019-03-20,37.891456604003906,1.9410665035247803
2019-03-21,39.08339309692383,1.94734787940979
2019-03-22,39.5498046875,1.909657597541809
2019-03-25,40.27532958984375,1.9347847700119019
2019-03-26,40.249412536621094,1.909657597541809
2019-03-27,41.000858306884766,1.8970938920974731
2019-03-28,40.07667541503906,1.94734787940979
2019-03-29,40.206233978271484,1.9347847700119019
2019-04-01,41.34634780883789,1.9599109888076782
2019-04-02,41.50181198120117,1.953629493713379
2019-04-03,40.5085334777832,1.9347847700119019
2019-04-04,39.247501373291016,1.8845305442810059
2019-04-05,39.04020690917969,1.9033751487731934
2019-04-08,39.20431900024414,1.8970938920974731
2019-04-09,38.60834884643555,1.8845305442810059
2019-04-10,37.2523078918457,1.8468395471572876
2019-04-11,37.045005798339844,1.834275722503662
2019-04-12,36.69952392578125,1.8279941082000732
2019-04-15,36.664974212646484,1.8279941082000732
2019-04-16,35.896263122558594,1.834275722503662
2019-04-17,35.671695709228516,1.878248691558838
2019-04-18,35.4384880065918,1.8594034910202026
2019-04-22,35.4949836730957,1.8594034910202026
2019-04-23,35.809326171875,1.8531213998794556
2019-04-24,36.40309524536133,1.8845305442810059
2019-04-25,37.84385681152344,1.9599109888076782
2019-04-26,37.32867431640625,1.953629493713379
2019-04-29,37.119110107421875,1.94734787940979
2019-04-30,35.56483840942383,1.8970938920974731
2019-05-02,36.62139892578125,1.9285027980804443
2019-05-03,36.66505813598633,1.9159387350082397
2019-05-06,36.088748931884766,1.8970938920974731
2019-05-07,35.7918701171875,1.9086341857910156
2019-05-08,36.04508972167969,1.8768230676651
2019-05-09,38.55986785888672,1.9149950742721558
2019-05-10,35.19810104370117,1.9022719860076904
2019-05-13,33.294559478759766,1.8386509418487549
2019-05-14,32.70078659057617,1.8322887420654297
2019-05-15,32.13322067260742,1.8132027387619019
2019-05-16,31.27750015258789,1.8004778623580933
2019-05-17,33.1810417175293,1.8132027387619019
2019-05-20,32.543617248535156,1.8768230676651
2019-05-21,32.2903938293457,1.9213582277297974
2019-05-22,32.61347198486328,1.9213582277297974
2019-05-23,32.14195251464844,1.8895468711853027
2019-05-24,29.766889572143555,1.8132027387619019
2019-05-27,30.046306610107422,1.8386509418487549
2019-05-28,30.107433319091797,1.8259263038635254
2019-05-29,29.033414840698242,1.8195643424987793
2019-05-30,29.077070236206055,1.8195643424987793
2019-05-31,28.011789321899414,1.8386509418487549
2019-06-03,27.28704261779785,1.806839942932129
2019-06-04,26.841720581054688,1.8132027387619019
2019-06-05,26.588497161865234,1.8259263038635254
2019-06-06,26.15190315246582,1.857736587524414
2019-06-07,26.50990867614746,1.84501314163208
2019-06-10,26.8679141998291,1.8513743877410889
2019-06-11,26.937768936157227,1.8513743877410889
2019-06-12,26.422590255737305,1.84501314163208
2019-06-13,27.880809783935547,1.8768230676651
2019-06-14,28.378524780273438,1.8386509418487549
2019-06-17,28.727800369262695,1.857736587524414
2019-06-18,29.146926879882812,1.8704614639282227
2019-06-19,28.81511878967285,1.9022719860076904
2019-06-21,29.478734970092773,1.9404441118240356
2019-06-24,30.142358779907227,1.9277199506759644
2019-06-25,29.339025497436523,1.9277199506759644
2019-06-26,29.155654907226562,1.9658931493759155
2019-06-27,29.496198654174805,1.9404441118240356
2019-06-28,28.68413734436035,1.9468070268630981
2019-07-01,27.56646156311035,1.9468070268630981
2019-07-02,27.068748474121094,1.9468070268630981
2019-07-03,27.243383407592773,1.9595308303833008
2019-07-04,27.723636627197266,1.97861647605896
2019-07-05,28.553159713745117,2.0104281902313232
2019-07-08,28.422182083129883,1.97861647605896
2019-07-10,27.505334854125977,1.97861647605896
2019-07-11,27.11240577697754,1.9722553491592407
2019-07-12,27.941932678222656,1.97861647605896
2019-07-15,28.727800369262695,1.9722553491592407
2019-07-16,29.400150299072266,2.004065752029419
2019-07-17,30.343189239501953,2.0104281902313232
2019-07-18,30.107433319091797,1.97861647605896
2019-07-19,28.884971618652344,1.9531687498092651
2019-07-22,28.54442596435547,1.9404441118240356
2019-07-23,28.0030517578125,1.9277199506759644
2019-07-24,27.98558807373047,1.9213582277297974
2019-07-25,27.697437286376953,1.9022719860076904
2019-07-26,27.243383407592773,1.8704614639282227
2019-07-29,26.780593872070312,1.8768230676651
2019-07-30,27.1473331451416,1.8895468711853027
2019-07-31,26.780593872070312,1.8640985488891602
2019-08-01,26.76313018798828,1.84501314163208
2019-08-02,26.378931045532227,1.857736587524414
2019-08-05,26.326539993286133,1.84501314163208
2019-08-06,26.43132209777832,1.84501314163208
2019-08-07,26.544832229614258,1.84501314163208
2019-08-08,27.15606689453125,1.8768230676651
2019-08-09,26.59722328186035,1.8616411685943604
2019-08-12,26.929035186767578,1.8616411685943604
2019-08-13,28.509504318237305,1.9131735563278198
2019-08-14,27.994325637817383,1.842315912246704
2019-08-15,27.802221298217773,1.8358747959136963
2019-08-16,27.97686004638672,1.842315912246704
2019-08-19,27.880809783935547,1.822990894317627
2019-08-20,27.199724197387695,1.8036659955978394
2019-08-21,26.544832229614258,1.8101072311401367
2019-08-22,25.671648025512695,1.7972246408462524
2019-08-23,24.449190139770508,1.7907826900482178
2019-08-26,24.48411750793457,1.7907826900482178
2019-08-27,24.90324592590332,1.7972246408462524
2019-08-28,25.077884674072266,1.8358747959136963
2019-08-29,25.32237434387207,1.8487575054168701
2019-08-30,25.392230987548828,1.8551994562149048
2019-09-02,25.44462013244629,1.868082880973816
2019-09-03,24.990564346313477,1.8551994562149048
2019-09-04,25.104080200195312,1.8551994562149048
2019-09-05,25.802627563476562,1.8745237588882446
2019-09-06,25.90740966796875,1.8745237588882446
2019-09-09,27.610122680664062,1.8809654712677002
2019-09-10,27.321971893310547,1.868082880973816
2019-09-11,26.99889373779297,1.900290608406067
2019-09-12,28.422182083129883,1.900290608406067
2019-09-13,29.077070236206055,1.9131735563278198
2019-09-16,29.93279266357422,1.8874070644378662
2019-09-17,29.775617599487305,1.8874070644378662
2019-09-18,29.504934310913086,1.9131735563278198
2019-09-19,28.806385040283203,1.8938493728637695
2019-09-20,27.854612350463867,1.8616411685943604
2019-09-23,28.806385040283203,1.900290608406067
2019-09-24,28.299936294555664,1.8745237588882446
2019-09-25,29.164392471313477,1.8874070644378662
2019-09-26,29.11199951171875,1.868082880973816
2019-09-27,29.47000503540039,1.8745237588882446
2019-09-30,29.382688522338867,1.8874070644378662
2019-10-01,29.382688522338867,1.8745237588882446
2019-10-02,28.623014450073242,1.8487575054168701
2019-10-03,28.23008155822754,1.8358747959136963
2019-10-04,28.66667938232422,1.8487575054168701
2019-10-07,28.160226821899414,1.8294323682785034
2019-10-08,27.627586364746094,1.8101072311401367
2019-10-09,28.142763137817383,1.822990894317627
2019-10-10,29.644643783569336,1.8358747959136963
2019-10-11,30.771053314208984,1.900290608406067
2019-10-14,30.404312133789062,1.9067325592041016
2019-10-15,30.65753936767578,1.9131735563278198
2019-10-16,30.063772201538086,1.9518238306045532
2019-10-17,29.766889572143555,1.9453825950622559
2019-10-18,29.522397994995117,1.9453825950622559
2019-10-21,30.456707000732422,1.9324994087219238
2019-10-22,30.49163055419922,1.9711495637893677
2019-10-23,30.124895095825195,1.9647071361541748
2019-10-24,28.780189514160156,1.9775909185409546
2019-10-25,28.553159713745117,1.9453825950622559
2019-10-28,28.53569793701172,1.919615387916565
2019-10-29,28.570629119873047,1.9324994087219238
2019-10-30,28.203889846801758,1.9389399290084839
2019-10-31,28.500768661499023,1.9582656621932983
2019-11-01,30.570219039916992,1.9904743432998657
2019-11-04,31.81887435913086,2.125749349594116
2019-11-05,32.447574615478516,2.119307518005371
2019-11-06,32.264198303222656,2.112866163253784
2019-11-07,33.4080696105957,2.228060722351074
2019-11-08,33.1810417175293,2.214953899383545
2019-11-11,33.39060974121094,2.2477188110351562
2019-11-12,33.39060974121094,2.26737904548645
2019-11-13,32.86669921875,2.2215070724487305
2019-11-14,32.00224685668945,2.234612226486206
2019-11-18,33.02387619018555,2.228060722351074
2019-11-19,33.111183166503906,2.2215070724487305
2019-11-21,33.38187789916992,2.2608261108398438
2019-11-22,33.45173645019531,2.2411656379699707
2019-11-25,33.1810417175293,2.214953899383545
2019-11-26,33.25090026855469,2.2215070724487305
2019-11-27,34.141544342041016,2.2935914993286133
2019-11-28,33.67875671386719,2.2411656379699707
2019-11-29,33.6700325012207,2.2477188110351562
2019-12-02,33.87959289550781,2.2935914993286133
2019-12-03,34.01057434082031,2.3329102993011475
2019-12-04,33.102455139160156,2.3132505416870117
2019-12-05,33.1810417175293,2.3460164070129395
2019-12-06,33.35568618774414,2.3591225147247314
2019-12-09,32.98893356323242,2.2935914993286133
2019-12-10,33.25962829589844,2.3329102993011475
2019-12-11,34.21141052246094,2.352569341659546
2019-12-12,34.193939208984375,2.37878155708313
2019-12-13,33.94944763183594,2.3984405994415283
2019-12-16,34.22886276245117,2.3656747341156006
2019-12-17,34.95361328125,2.3984405994415283
2019-12-18,34.551944732666016,2.3984405994415283
2019-12-19,34.63926696777344,2.3918874263763428
2019-12-20,35.0845832824707,2.4115474224090576
2019-12-23,34.962337493896484,2.396946668624878
2019-12-26,35.55611038208008,2.38370418548584
2019-12-27,34.92741775512695,2.3505966663360596
2019-12-30,34.64799499511719,2.3505966663360596
2020-01-02,35.61723327636719,2.377082586288452
2020-01-03,35.4949836730957,2.443295955657959
2020-01-06,35.433868408203125,2.443295955657959
2020-01-07,35.88791275024414,2.4565389156341553
2020-01-08,37.677947998046875,2.47640323638916
2020-01-09,37.58190155029297,2.4697818756103516
2020-01-10,37.64302444458008,2.5227527618408203
2020-01-13,39.03138732910156,2.668424367904663
2020-01-14,38.638450622558594,2.7478809356689453
2020-01-15,39.24094772338867,2.6618025302886963
2020-01-16,38.68210983276367,2.701530933380127
2020-01-17,38.228050231933594,2.6949095726013184
2020-01-20,37.50331497192383,2.7478809356689453
2020-01-21,37.28501892089844,2.6949095726013184
2020-01-22,39.16236114501953,2.85382342338562
2020-01-23,38.81309127807617,2.840580940246582
2020-01-24,38.306636810302734,2.8339595794677734
2020-01-27,35.739479064941406,2.7147738933563232
2020-01-28,36.36817169189453,2.7147738933563232
2020-01-29,35.81806564331055,2.800851821899414
2020-01-30,35.372737884521484,2.7213947772979736
2020-01-31,34.63926696777344,2.701530933380127
2020-02-03,34.490821838378906,2.7213947772979736
2020-02-04,33.95817565917969,2.767745018005371
2020-02-05,33.53031539916992,2.7478809356689453
2020-02-06,33.96691131591797,2.807474136352539
2020-02-07,32.86669921875,2.7213947772979736
2020-02-10,32.307861328125,2.6882877349853516
2020-02-11,33.60890579223633,2.764094829559326
2020-02-12,34.92741775512695,2.9099230766296387
2020-02-13,36.062557220458984,2.8701508045196533
2020-02-14,34.761512756347656,2.803865671157837
2020-02-17,34.92741775512695,2.7906086444854736
2020-02-18,35.01473617553711,2.7773518562316895
2020-02-19,35.07585144042969,2.783980131149292
2020-02-20,35.09332275390625,2.7773518562316895
2020-02-21,36.16733932495117,2.876779317855835
2020-02-26,33.704952239990234,2.6580376625061035
2020-02-27,33.294559478759766,2.591752767562866
2020-02-28,33.30328369140625,2.585125207901001
2020-03-02,34.621795654296875,2.750837564468384
2020-03-03,34.87501907348633,2.7375802993774414
2020-03-04,38.018489837646484,2.903294563293457
2020-03-05,37.21516418457031,2.8502657413482666
2020-03-06,34.95361328125,2.783980131149292
2020-03-09,33.13738250732422,2.585125207901001
2020-03-10,33.931983947753906,2.618267059326172
2020-03-11,30.963151931762695,2.4326682090759277
2020-03-12,25.968530654907227,2.1078708171844482
2020-03-13,27.5751953125,2.1542704105377197
2020-03-16,24.772268295288086,1.8692439794540405
2020-03-17,24.449190139770508,1.8825006484985352
2020-03-18,21.49782371520996,1.6902737617492676
2020-03-19,23.864154815673828,1.90901517868042
2020-03-20,23.916545867919922,1.8559870719909668
2020-03-23,25.147737503051758,1.7698160409927368
2020-03-24,25.23505973815918,1.7698160409927368
2020-03-25,25.62799072265625,1.8559870719909668
2020-03-26,24.492849349975586,1.8692439794540405
2020-03-27,28.701601028442383,2.0084426403045654
2020-03-30,29.67957305908203,2.07472825050354
2020-03-31,31.251300811767578,2.1343846321105957
2020-04-01,32.63967514038086,2.114499568939209
2020-04-02,34.8400993347168,2.2139265537261963
2020-04-03,34.75277328491211,2.1741557121276855
2020-04-06,34.944881439208984,2.167527198791504
2020-04-07,32.4737663269043,2.0614707469940186
2020-04-08,33.146114349365234,2.1410133838653564
2020-04-09,30.9107666015625,2.1012425422668457
2020-04-13,31.757755279541016,2.1343846321105957
2020-04-14,33.1810417175293,2.167527198791504
2020-04-15,32.50868606567383,2.1211278438568115
2020-04-16,31.591848373413086,2.1012425422668457
2020-04-17,31.294963836669922,2.0879852771759033
2020-04-20,30.49163055419922,2.114499568939209
2020-04-22,30.744855880737305,2.1741557121276855
2020-04-23,31.923660278320312,2.2205557823181152
2020-04-24,34.167747497558594,2.227184534072876
2020-04-27,35.01473617553711,2.3597543239593506
2020-04-28,33.74861526489258,2.3464977741241455
2020-04-29,33.80973434448242,2.306727170944214
2020-04-30,34.412235260009766,2.339869499206543
2020-05-04,35.364009857177734,2.3266115188598633
2020-05-05,36.32450866699219,2.498953342437744
2020-05-06,36.56026840209961,2.4724395275115967
2020-05-07,39.302066802978516,2.6779236793518066
2020-05-08,41.3453254699707,2.86352276802063
2020-05-11,41.56361770629883,2.8502657413482666
2020-05-12,42.393150329589844,2.803865671157837
2020-05-13,44.17444610595703,3.0822641849517822
2020-05-14,41.511234283447266,2.936436653137207
2020-05-15,39.31953811645508,2.876779317855835
2020-05-18,35.95777130126953,2.6248955726623535
2020-05-19,36.4642219543457,2.6248955726623535
2020-05-20,35.14570999145508,2.611638069152832
2020-05-21,33.60017395019531,2.5122110843658447
2020-05-22,33.713687896728516,2.518838882446289
2020-05-25,32.919090270996094,2.485696792602539
2020-05-26,33.07625961303711,2.4724395275115967
2020-05-27,33.53904724121094,2.6050097942352295
2020-05-28,33.495391845703125,2.5784964561462402
2020-05-29,33.058799743652344,2.591752767562866
2020-06-01,33.573978424072266,2.585125207901001
2020-06-02,33.54778289794922,2.598381280899048
2020-06-03,33.294559478759766,2.585125207901001
2020-06-04,34.79643249511719,2.618267059326172
2020-06-05,33.442996978759766,2.518838882446289
2020-06-08,33.32075500488281,2.5652384757995605
2020-06-09,33.32948303222656,2.5718674659729004
2020-06-10,33.294559478759766,2.585125207901001
2020-06-12,32.31658935546875,2.5122110843658447
2020-06-15,33.60890579223633,2.545353412628174
2020-06-16,33.26836395263672,2.5320961475372314
2020-06-17,33.96691131591797,2.591752767562866
2020-06-18,34.534481048583984,2.6447818279266357
2020-06-19,34.490821838378906,2.6845521926879883
2020-06-22,34.04549789428711,2.671295404434204
2020-06-23,33.21596908569336,2.611638069152832
2020-06-24,33.704952239990234,2.704437732696533
2020-06-25,33.25090026855469,2.6845521926879883
2020-06-26,33.07625961303711,2.6978094577789307
2020-06-29,32.945281982421875,2.671295404434204
2020-06-30,32.124488830566406,2.7176952362060547
2020-07-01,32.43009948730469,2.7309515476226807
2020-07-02,32.15068054199219,2.7176952362060547
2020-07-03,32.543617248535156,2.750837564468384
2020-07-06,32.220542907714844,2.711066722869873
2020-07-07,31.6005802154541,2.7176952362060547
2020-07-08,31.56565284729004,2.770723342895508
2020-07-09,31.845067977905273,2.724323034286499
2020-07-10,32.028438568115234,2.6978094577789307
2020-07-13,31.48706817626953,2.6447818279266357
2020-07-14,32.0109748840332,2.691180467605591
2020-07-15,33.923248291015625,2.770723342895508
2020-07-16,33.8184700012207,2.724323034286499
2020-07-17,34.79643249511719,2.7375802993774414
2020-07-20,35.13698196411133,2.8104946613311768
2020-07-21,35.364009857177734,2.750837564468384
2020-07-22,34.490821838378906,2.783980131149292
2020-07-23,35.573577880859375,2.8104946613311768
2020-07-24,36.93574142456055,2.823751926422119
2020-07-27,36.3856315612793,2.8303802013397217
2020-07-28,36.67378616333008,2.783980131149292
2020-07-29,36.228458404541016,2.764094829559326
2020-07-30,36.86588668823242,2.8104946613311768
2020-07-31,36.67378616333008,2.7176952362060547
2020-08-03,37.62556076049805,2.7574663162231445
2020-08-04,36.7436408996582,2.7442092895507812
2020-08-05,39.5378303527832,3.0159785747528076
2020-08-06,40.445945739746094,3.069007396697998
2020-08-07,40.323699951171875,3.0159785747528076
2020-08-10,41.35405349731445,3.0822641849517822
2020-08-11,40.952392578125,3.1551780700683594
2020-08-12,41.24054718017578,3.2479772567749023
2020-08-13,41.6247444152832,3.3208906650543213
2020-08-14,44.08713150024414,3.3076345920562744
2020-08-17,44.514991760253906,3.3805482387542725
2020-08-18,45.405635833740234,3.3672916889190674
2020-08-19,44.209373474121094,3.3208906650543213
2020-08-20,45.623931884765625,3.4203193187713623
2020-08-21,45.536617279052734,3.3672916889190674
2020-08-24,45.536617279052734,3.4269466400146484
2020-08-25,44.61977005004883,3.3805482387542725
2020-08-26,45.19607162475586,3.4203193187713623
2020-08-27,44.89918899536133,3.4070613384246826
2020-08-28,44.523719787597656,3.4203193187713623
2020-08-31,43.833900451660156,3.340775966644287
2020-09-01,44.63723373413086,3.4004335403442383
2020-09-02,42.7948112487793,3.3010051250457764
2020-09-03,41.91289520263672,3.2811203002929688
2020-09-04,41.511234283447266,3.2479772567749023
2020-09-08,40.84761428833008,3.168435573577881
2020-09-09,41.083370208740234,3.214834451675415
2020-09-10,40.47214126586914,3.2214627265930176
2020-09-11,39.81725311279297,3.141920804977417
2020-09-14,40.271305084228516,3.2413489818573
2020-09-15,42.690032958984375,3.3341472148895264
2020-09-16,41.54615783691406,3.274491548538208
2020-09-17,42.80354690551758,3.3341472148895264
2020-09-18,43.70292663574219,3.2943766117095947
2020-09-21,42.37568664550781,3.2479772567749023
2020-09-22,41.362789154052734,3.1883201599121094
2020-09-23,40.71663284301758,3.168435573577881
2020-09-24,40.16652297973633,3.2082056999206543
2020-09-25,42.0351448059082,3.1551780700683594
2020-09-28,41.56361770629883,3.102149486541748
2020-09-29,41.100833892822266,3.161806583404541
2020-09-30,39.77359390258789,3.1154069900512695
2020-10-01,40.60311508178711,3.168435573577881
2020-10-02,40.45467758178711,3.135291576385498
2020-10-05,41.38899230957031,3.1883201599121094
2020-10-06,41.860504150390625,3.1485490798950195
2020-10-07,42.25343704223633,3.2413489818573
2020-10-08,43.02184295654297,3.2612338066101074
2020-10-09,42.742427825927734,3.181692361831665
2020-10-13,42.742427825927734,3.214834451675415
2020-10-14,42.07880401611328,3.214834451675415
2020-10-15,42.22724914550781,3.254606008529663
2020-10-16,44.17444610595703,3.4070613384246826
2020-10-19,43.75531768798828,3.3208906650543213
2020-10-20,44.26176452636719,3.347404956817627
2020-10-21,43.676734924316406,3.327519655227661
2020-10-22,45.056365966796875,3.3540337085723877
2020-10-23,44.7158203125,3.3672916889190674
2020-10-26,44.5324592590332,3.340775966644287
2020-10-27,43.746585845947266,3.2347209453582764
2020-10-28,42.36695098876953,3.141920804977417
2020-10-29,43.807708740234375,3.1551780700683594
2020-10-30,43.70292663574219,3.141920804977417
2020-11-03,45.99940490722656,3.2280919551849365
2020-11-04,45.08256149291992,3.194948673248291
2020-11-05,44.794403076171875,3.168435573577881
2020-11-06,43.57195281982422,3.1551780700683594
2020-11-09,42.50666427612305,3.108778476715088
2020-11-10,41.8867073059082,3.088892698287964
2020-11-11,42.21851348876953,3.088892698287964
2020-11-12,42.410614013671875,3.0955212116241455
2020-11-13,45.35324478149414,3.2347209453582764
2020-11-16,46.35740661621094,3.20157790184021
2020-11-17,44.794403076171875,3.135291576385498
2020-11-18,44.3054313659668,3.1551780700683594
2020-11-19,43.8426399230957,3.102149486541748
2020-11-23,44.200645446777344,3.0955212116241455
2020-11-24,43.746585845947266,3.102149486541748
2020-11-25,44.12205505371094,3.088892698287964
2020-11-26,46.62809753417969,3.1750638484954834
2020-11-27,48.48798751831055,3.3076345920562744
2020-11-30,49.3349723815918,3.3076345920562744
2020-12-01,50.17322540283203,3.3672916889190674
2020-12-02,47.65846252441406,3.2877488136291504
2020-12-03,45.38817596435547,3.161806583404541
2020-12-04,46.10418701171875,3.2082056999206543
2020-12-07,46.06052780151367,3.161806583404541
2020-12-08,46.1303825378418,3.168435573577881
2020-12-09,45.824764251708984,3.135291576385498
2020-12-10,44.13951873779297,3.1485490798950195
2020-12-11,44.89918899536133,3.141920804977417
2020-12-14,45.10875701904297,3.161806583404541
2020-12-15,46.715415954589844,3.2413489818573
2020-12-16,47.4750862121582,3.274491548538208
2020-12-17,47.990264892578125,3.3010051250457764
2020-12-18,49.27385330200195,3.3672916889190674
2020-12-21,48.21729278564453,3.274491548538208
2020-12-22,50.36532974243164,3.4004335403442383
2020-12-23,49.221458435058594,3.3341472148895264
2020-12-28,49.91127395629883,3.3540337085723877
2020-12-29,49.954933166503906,3.3672916889190674
2020-12-30,51.11627197265625,3.453461170196533
2021-01-04,51.4393424987793,3.4070613384246826
2021-01-05,51.20359420776367,3.4136900901794434
2021-01-06,50.26927947998047,3.4335756301879883
2021-01-07,54.56535339355469,3.745116710662842
2021-01-08,54.81856918334961,3.85117244720459
2021-01-11,53.534996032714844,3.8246591091156006
2021-01-12,53.46513748168945,3.8975725173950195
2021-01-13,52.39112091064453,3.725231170654297
2021-01-14,52.094234466552734,3.7119741439819336
2021-01-15,53.395286560058594,3.718602418899536
2021-01-18,55.26390075683594,3.784886598587036
2021-01-19,56.94041442871094,3.784886598587036
2021-01-20,57.54291915893555,3.7981438636779785
2021-01-21,57.13251876831055,3.8379156589508057
2021-01-22,56.19820785522461,3.784886598587036
2021-01-26,57.80487060546875,3.8379156589508057
2021-01-27,54.35578536987305,3.6854593753814697
2021-01-28,54.94955825805664,3.6722028255462646
2021-01-29,54.181156158447266,3.619173765182495
2021-02-01,56.084693908691406,3.7318596839904785
2021-02-02,55.080528259277344,3.6589455604553223
2021-02-03,55.75288391113281,3.6722028255462646
2021-02-04,56.46016311645508,3.6523165702819824
2021-02-05,58.066829681396484,3.7119741439819336
2021-02-08,57.604034423828125,3.665574073791504
2021-02-09,58.241458892822266,3.605917453765869
2021-02-10,59.55123519897461,3.6390607357025146
2021-02-11,61.699275970458984,3.6589455604553223
2021-02-12,61.751670837402344,3.6456894874572754
2021-02-17,63.20988082885742,3.6722028255462646
2021-02-18,64.65064239501953,3.758373260498047
2021-02-19,65.51509857177734,3.8644297122955322
2021-02-22,67.1304931640625,3.9506006240844727
2021-02-23,66.89472198486328,3.9903714656829834
2021-02-24,66.15251922607422,4.043400287628174
2021-02-25,64.71175384521484,3.877686023712158
2021-02-26,63.890968322753906,3.8975725173950195
2021-03-01,65.04357147216797,4.043400287628174
2021-03-02,64.20531463623047,3.970486640930176
2021-03-03,64.17913818359375,3.9771151542663574
2021-03-04,64.26644134521484,3.970486640930176
2021-03-05,66.44940185546875,4.076542377471924
2021-03-08,65.8119888305664,3.9108293056488037
2021-03-09,69.13882446289062,4.030144214630127
2021-03-10,65.36665344238281,3.8843154907226562
2021-03-11,64.75543212890625,3.81803035736084
2021-03-12,64.83401489257812,3.877686023712158
2021-03-15,63.61155319213867,3.758373260498047
2021-03-16,65.70720672607422,3.9174587726593018
2021-03-17,66.84234619140625,3.924086570739746
2021-03-18,65.75086212158203,3.784886598587036
2021-03-19,64.61572265625,3.7517454624176025
2021-03-22,63.227359771728516,3.7716307640075684
2021-03-23,62.66850280761719,3.7517454624176025
2021-03-24,64.31883239746094,3.7915163040161133
2021-03-25,63.91716384887695,3.784886598587036
2021-03-26,63.37579345703125,3.7318596839904785
2021-03-29,63.7774543762207,3.7650022506713867
2021-03-30,61.66435623168945,3.725231170654297
2021-03-31,59.85686111450195,3.632431745529175
2021-04-01,60.46807861328125,3.698716163635254
2021-04-05,60.46807861328125,3.705345392227173
2021-04-06,61.34127426147461,3.778259515762329
2021-04-07,60.99199676513672,3.8047733306884766
2021-04-08,61.49844741821289,3.8445451259613037
2021-04-09,62.32796096801758,3.8975725173950195
2021-04-12,62.869346618652344,3.9373438358306885
2021-04-13,63.21862030029297,3.9373438358306885
2021-04-14,62.3017692565918,3.9108293056488037
2021-04-15,62.9566650390625,3.9506006240844727
2021-04-16,62.1009407043457,3.877686023712158
2021-04-19,62.9566650390625,3.9307150840759277
2021-04-20,63.12257385253906,3.970486640930176
2021-04-22,60.73004150390625,3.8644297122955322
2021-04-23,61.16664123535156,3.8246591091156006
2021-04-26,60.56414031982422,3.81803035736084
2021-04-27,61.882652282714844,3.8379156589508057
2021-04-28,58.974945068359375,3.698716163635254
2021-04-29,59.062252044677734,3.6920883655548096
2021-04-30,59.961631774902344,3.6523165702819824
2021-05-03,59.11465072631836,3.625803232192993
2021-05-04,59.03605651855469,3.5926601886749268
2021-05-05,59.08845520019531,3.6589455604553223
2021-05-06,58.90509033203125,3.6589455604553223
2021-05-07,58.870147705078125,3.6523165702819824
2021-05-10,59.78700637817383,3.6589455604553223
2021-05-11,59.65602111816406,3.6920883655548096
2021-05-12,59.743343353271484,3.6456894874572754
2021-05-13,58.33750915527344,3.5396320819854736
2021-05-14,56.88802719116211,3.4866039752960205
2021-05-17,58.084285736083984,3.4932332038879395
2021-05-18,58.031898498535156,3.479975700378418
2021-05-19,57.57783889770508,3.479975700378418
2021-05-20,55.1678466796875,3.3938045501708984
2021-05-21,56.626068115234375,3.3938045501708984
2021-05-24,56.14582061767578,3.4070613384246826
2021-05-25,56.46016311645508,3.387176036834717
2021-05-26,54.3296012878418,3.3606629371643066
2021-05-27,54.66140365600586,3.453461170196533
2021-05-28,53.7358283996582,3.4070613384246826
2021-05-31,53.02854919433594,3.4070613384246826
2021-06-01,51.7973518371582,3.340775966644287
2021-06-02,51.762428283691406,3.3010051250457764
2021-06-04,51.16865921020508,3.2943766117095947
2021-06-07,51.95452880859375,3.3606629371643066
2021-06-08,50.714603424072266,3.2678616046905518
2021-06-09,52.12916946411133,3.3341472148895264
2021-06-10,51.2559814453125,3.314263343811035
2021-06-11,51.48300552368164,3.3606629371643066
2021-06-14,51.04641342163086,3.2943766117095947
2021-06-15,50.793190002441406,3.2943766117095947
2021-06-16,50.714603424072266,3.274491548538208
2021-06-17,49.21272659301758,3.2413489818573
2021-06-18,49.77156066894531,3.3010051250457764
2021-06-21,51.08134078979492,3.3540337085723877
2021-06-22,51.2559814453125,3.347404956817627
2021-06-23,50.74079895019531,3.2877488136291504
2021-06-24,52.26013946533203,3.347404956817627
2021-06-25,51.002750396728516,3.2943766117095947
2021-06-28,52.041847229003906,3.340775966644287
2021-06-29,52.61814880371094,3.327519655227661
2021-06-30,52.225215911865234,3.3208906650543213
2021-07-01,52.67927169799805,3.3341472148895264
2021-07-02,51.69257354736328,3.3805482387542725
2021-07-05,51.95452880859375,3.4136900901794434
2021-07-06,51.84101104736328,3.3805482387542725
2021-07-07,53.22065353393555,3.4667179584503174
2021-07-08,53.2468376159668,3.3805482387542725
2021-07-12,52.78404998779297,3.4269466400146484
2021-07-13,51.92833709716797,3.4004335403442383
2021-07-14,51.325836181640625,3.3606629371643066
2021-07-15,50.06844711303711,3.3208906650543213
2021-07-16,49.20399856567383,3.2943766117095947
2021-07-19,48.7761344909668,3.2479772567749023
2021-07-20,49.42229461669922,3.2943766117095947
2021-07-21,49.518341064453125,3.2612338066101074
2021-07-22,49.77156066894531,3.254606008529663
2021-07-23,49.21272659301758,3.2612338066101074
2021-07-26,49.45721435546875,3.314263343811035
2021-07-27,48.976966857910156,3.2413489818573
2021-07-28,48.653892517089844,3.214834451675415
2021-07-29,48.68008804321289,3.20157790184021
2021-07-30,47.213130950927734,3.102149486541748
2021-08-02,47.6060676574707,3.122034788131714
2021-08-03,47.981529235839844,3.122034788131714
2021-08-04,48.11251449584961,3.181692361831665
2021-08-05,47.64972686767578,3.122034788131714
2021-08-06,47.41396713256836,3.102149486541748
2021-08-09,49.221458435058594,3.1485490798950195
2021-08-10,49.62312316894531,3.161806583404541
2021-08-11,49.3349723815918,3.135291576385498
2021-08-12,48.64515686035156,3.108778476715088
2021-08-13,49.60566711425781,3.1750638484954834
2021-08-16,50.39152526855469,3.194948673248291
2021-08-17,50.03351974487305,3.1551780700683594
2021-08-18,49.01189422607422,3.0424931049346924
2021-08-19,48.61895751953125,3.009350538253784
2021-08-20,49.640586853027344,3.122034788131714
2021-08-23,50.19068908691406,3.181692361831665
2021-08-24,51.56159973144531,3.2280919551849365
2021-08-25,54.36451721191406,3.3540337085723877
2021-08-26,53.86680603027344,3.314263343811035
2021-08-27,54.0501708984375,3.3341472148895264
2021-08-30,53.718360900878906,3.3341472148895264
2021-08-31,53.26430892944336,3.3208906650543213
2021-09-01,53.438941955566406,3.2678616046905518
2021-09-02,53.03728103637695,3.181692361831665
2021-09-03,53.88426971435547,3.20157790184021
2021-09-06,53.683441162109375,3.168435573577881
2021-09-08,54.65266418457031,3.1551780700683594
2021-09-09,54.35578536987305,3.2413489818573
2021-09-10,52.96742630004883,3.1750638484954834
2021-09-13,52.32126235961914,3.194948673248291
2021-09-14,52.43478012084961,3.214834451675415
2021-09-15,50.74953079223633,3.1485490798950195
2021-09-16,47.833091735839844,3.0027217864990234
2021-09-17,45.93828582763672,2.9231793880462646
2021-09-20,44.846805572509766,2.8502657413482666
2021-09-21,45.361976623535156,2.8171231746673584
2021-09-22,47.012306213378906,2.843637466430664
2021-09-23,48.749942779541016,2.936436653137207
2021-09-24,48.461788177490234,2.9430646896362305
2021-09-27,48.0164680480957,2.9430646896362305
2021-09-28,46.75907897949219,2.8900370597839355
2021-09-29,47.15201187133789,2.9231793880462646
2021-09-30,47.6060676574707,3.0226075649261475
2021-10-01,45.816036224365234,2.9695796966552734
2021-10-04,44.81187438964844,2.9231793880462646
2021-10-05,43.964881896972656,2.9099230766296387
2021-10-06,43.388580322265625,2.856894016265869
2021-10-07,43.16154861450195,2.7906086444854736
2021-10-08,43.05677032470703,2.783980131149292
2021-10-11,43.833900451660156,2.8303802013397217
2021-10-13,44.523719787597656,2.8701508045196533
2021-10-14,43.53702163696289,2.8370089530944824
2021-10-15,44.45386505126953,2.876779317855835
2021-10-18,43.48463439941406,2.86352276802063
2021-10-19,42.550323486328125,2.7972376346588135
2021-10-20,42.35821533203125,2.7972376346588135
2021-10-21,42.960723876953125,2.783980131149292
2021-10-22,46.10418701171875,3.009350538253784
2021-10-25,44.94285202026367,3.029236078262329
2021-10-26,44.05220031738281,2.982836961746216
2021-10-27,42.244712829589844,2.936436653137207
2021-10-28,42.707496643066406,2.982836961746216
2021-10-29,42.98691177368164,2.876779317855835
2021-11-01,42.707496643066406,2.8317372798919678
2021-11-03,43.45843505859375,2.865447521209717
2021-11-04,43.04804229736328,2.8519632816314697
2021-11-05,43.09169387817383,2.872189998626709
2021-11-08,43.32745361328125,2.872189998626709
2021-11-09,42.78607940673828,2.8384780883789062
2021-11-10,42.56778335571289,2.8452208042144775
2021-11-11,44.26176452636719,2.9328701496124268
2021-11-12,44.85552978515625,2.9328701496124268
2021-11-16,46.42726135253906,2.8991591930389404
2021-11-17,45.76364517211914,2.9126434326171875
2021-11-18,45.5715446472168,2.878931999206543
2021-11-19,46.78527069091797,2.946354389190674
2021-11-22,45.80730056762695,2.8924167156219482
2021-11-23,46.41853332519531,2.8991591930389404
2021-11-24,47.6060676574707,2.946354389190674
2021-11-25,47.789432525634766,2.973323106765747
2021-11-26,47.859291076660156,2.9328701496124268
2021-11-29,48.610225677490234,2.9935500621795654
2021-11-30,49.038089752197266,2.9935500621795654
2021-12-01,50.68840789794922,3.040745496749878
2021-12-02,50.64474868774414,3.0811994075775146
2021-12-03,49.85887908935547,3.0677146911621094
2021-12-06,50.53123474121094,3.1890740394592285
2021-12-07,50.924171447753906,3.182333469390869
2021-12-08,51.21232223510742,3.1890740394592285
2021-12-09,50.56616973876953,3.182333469390869
2021-12-10,51.08134078979492,3.256497383117676
2021-12-13,50.4002571105957,3.256497383117676
2021-12-14,50.513771057128906,3.269981622695923
2021-12-15,51.308372497558594,3.2632389068603516
2021-12-16,52.66181564331055,3.276724100112915
2021-12-17,53.709625244140625,3.337404727935791
2021-12-20,52.29507064819336,3.3036928176879883
2021-12-21,52.38239288330078,3.3104352951049805
2021-12-22,52.06804656982422,3.330662250518799
2021-12-23,52.5570182800293,3.3239188194274902
2021-12-27,52.68800354003906,3.3576302528381348
2021-12-28,52.094234466552734,3.330662250518799
2021-12-29,51.5528564453125,3.330662250518799
2021-12-30,52.4871711730957,3.3711154460906982
2022-01-03,52.03311538696289,3.3845996856689453
2022-01-04,53.16825485229492,3.398083209991455
2022-01-05,52.56576156616211,3.2834665775299072
2022-01-06,52.146629333496094,3.3239188194274902
2022-01-07,51.7973518371582,3.2430126667022705
2022-01-10,51.675106048583984,3.2632389068603516
2022-01-11,51.98072052001953,3.2295286655426025
2022-01-12,53.80568313598633,3.344146490097046
2022-01-13,54.60028076171875,3.296950578689575
2022-01-14,54.809844970703125,3.2834665775299072
2022-01-17,54.1636848449707,3.162106513977051
2022-01-18,54.87969970703125,3.2430126667022705
2022-01-19,54.6509895324707,3.3239188194274902
2022-01-20,53.29024887084961,3.3104352951049805
2022-01-21,52.654052734375,3.1890740394592285
2022-01-24,51.44350814819336,3.1486215591430664
2022-01-25,50.10926055908203,3.121652841567993
2022-01-26,49.1638069152832,3.1351370811462402
2022-01-27,51.68208312988281,3.195817232131958
2022-01-28,52.39780044555664,3.209301710128784
2022-01-31,52.30944061279297,3.209301710128784
2022-02-01,52.69822692871094,3.216043472290039
2022-02-02,52.37129211425781,3.182333469390869
2022-02-03,52.19457244873047,3.236271381378174
2022-02-04,53.528812408447266,3.276724100112915
2022-02-07,53.5023078918457,3.2497549057006836
2022-02-08,53.42278289794922,3.269981622695923
2022-02-09,53.546485900878906,3.2834665775299072
2022-02-10,51.56721496582031,3.1890740394592285
2022-02-11,51.001705169677734,3.0811994075775146
2022-02-14,51.56721496582031,3.108168601989746
2022-02-15,50.60408020019531,3.052485704421997
2022-02-16,50.612918853759766,3.03879714012146
2022-02-17,51.16959762573242,3.0456418991088867
2022-02-18,50.40085220336914,3.0593299865722656
2022-02-21,50.303653717041016,3.052485704421997
2022-02-22,50.330162048339844,3.0867061614990234
2022-02-23,47.255218505859375,2.984044313430786
2022-02-24,47.652835845947266,2.9772000312805176
2022-02-25,48.6601448059082,3.0456418991088867
2022-03-02,48.598297119140625,3.025108575820923
2022-03-03,47.47611618041992,3.0319530963897705
2022-03-04,50.657100677490234,3.1619913578033447
2022-03-07,51.319801330566406,3.1756794452667236
2022-03-08,51.19609069824219,3.237276554107666
2022-03-09,52.20341110229492,3.244121789932251
2022-03-10,53.749717712402344,3.3194069862365723
2022-03-11,53.97062301635742,3.3536276817321777
2022-03-14,52.857276916503906,3.3125627040863037
2022-03-15,51.74393081665039,3.2235889434814453
2022-03-16,53.555320739746094,3.298874616622925
2022-03-17,54.42125701904297,3.3673155307769775
2022-03-18,56.77164840698242,3.4494450092315674
2022-03-21,54.66866683959961,3.3946926593780518
2022-03-22,54.13850402832031,3.4699783325195312
2022-03-23,52.848445892333984,3.422070026397705
2022-03-24,53.343257904052734,3.4905107021331787
2022-03-25,50.14460372924805,3.264653444290161
2022-03-28,50.807315826416016,3.25780987739563
2022-03-29,50.10042953491211,3.250965118408203
2022-03-30,50.51572036743164,3.230433702468872
2022-03-31,48.73084259033203,3.18936824798584
2022-04-01,47.90024948120117,3.120927095413208
2022-04-04,47.82072067260742,3.093550205230713
2022-04-05,47.864906311035156,3.052485704421997
2022-04-06,48.89872360229492,3.1003947257995605
2022-04-07,48.12998580932617,3.03879714012146
2022-04-08,48.156494140625,3.0593299865722656
2022-04-11,47.88257598876953,3.0182652473449707
2022-04-12,47.27288818359375,2.9977328777313232
2022-04-13,47.529136657714844,2.9977328777313232
2022-04-14,47.370086669921875,3.0045769214630127
2022-04-18,46.03584289550781,2.9361352920532227
2022-04-19,46.38045120239258,2.9361352920532227
2022-04-20,45.93864822387695,2.9224469661712646
2022-04-22,45.56753158569336,2.9019148349761963
2022-04-25,45.72657775878906,2.88822603225708
2022-04-26,44.79879379272461,2.8060965538024902
2022-04-27,44.71043014526367,2.785564661026001
2022-04-28,45.046207427978516,2.785564661026001
2022-04-29,43.835662841796875,2.71712327003479
2022-05-02,45.125728607177734,2.7581875324249268
2022-05-03,45.293609619140625,2.8060965538024902
2022-05-04,45.912132263183594,2.9498233795166016
2022-05-05,47.148094177246094,2.984044313430786
2022-05-06,46.298980712890625,3.0045769214630127
2022-05-09,45.02083969116211,2.9093682765960693
2022-05-10,43.84102249145508,2.8468761444091797
2022-05-11,44.01084518432617,2.832988977432251
2022-05-12,43.572879791259766,2.8191018104553223
2022-05-13,46.10234451293945,2.930198907852173
2022-05-16,45.88783264160156,2.923255205154419
2022-05-17,47.0229606628418,2.9718613624572754
2022-05-18,45.51243209838867,2.9579737186431885
2022-05-19,45.36048889160156,2.9371426105499268
2022-05-20,45.896766662597656,2.951030731201172
2022-05-23,46.55817794799805,2.97880482673645
2022-05-24,46.59393310546875,2.951030731201172
2022-05-25,45.753761291503906,2.895481824874878
2022-05-26,47.65755844116211,2.951030731201172
2022-05-27,47.889949798583984,2.9718613624572754
2022-05-30,47.96145248413086,2.9649174213409424
2022-05-31,47.818443298339844,3.0065786838531494
2022-06-01,48.06870651245117,3.0551846027374268
2022-06-02,48.28321838378906,3.041297674179077
2022-06-03,47.21959686279297,2.985748291015625
2022-06-06,47.737998962402344,2.985748291015625
2022-06-07,48.5245475769043,2.9718613624572754
2022-06-08,46.987205505371094,2.9371426105499268
2022-06-09,46.343666076660156,2.9163122177124023
2022-06-10,46.200660705566406,2.895481824874878
2022-06-13,46.52242660522461,2.867706537246704
2022-06-14,45.3157958984375,2.8121585845947266
2022-06-15,44.7884521484375,2.7982709407806396
2022-06-17,43.87677764892578,2.777440309524536
2022-06-20,43.805267333984375,2.7843830585479736
2022-06-21,43.46562957763672,2.7843830585479736
2022-06-22,42.11598205566406,2.777440309524536
2022-06-23,40.784217834472656,2.701061248779297
2022-06-24,42.768455505371094,2.735778331756592
2022-06-27,43.6890754699707,2.777440309524536
2022-06-28,44.180667877197266,2.763552665710449
2022-06-29,43.662261962890625,2.7704970836639404
2022-06-30,44.413055419921875,2.791327476501465
2022-07-01,45.09234619140625,2.791327476501465
2022-07-04,45.02083969116211,2.777440309524536
2022-07-05,43.70695114135742,2.728834390640259
2022-07-06,44.09128952026367,2.7566096782684326
2022-07-07,43.78739547729492,2.7566096782684326
2022-07-08,42.536067962646484,2.728834390640259
2022-07-11,42.59864044189453,2.680229902267456
2022-07-12,42.545005798339844,2.701061248779297
2022-07-13,41.347312927246094,2.63856840133667
2022-07-14,40.22112274169922,2.6038501262664795
2022-07-15,39.27368927001953,2.5691325664520264
2022-07-18,39.1128044128418,2.527470588684082
2022-07-19,41.07023620605469,2.6038501262664795
2022-07-20,40.22112274169922,2.631624698638916
2022-07-21,40.793155670166016,2.527470588684082
2022-07-22,41.928287506103516,2.5691325664520264
2022-07-25,41.240055084228516,2.5344138145446777
2022-07-26,40.68589782714844,2.5344138145446777
2022-07-27,41.87464904785156,2.680229902267456
2022-07-28,41.96403884887695,2.666342258453369
2022-07-29,43.1617317199707,2.777440309524536
2022-08-01,42.428810119628906,2.735778331756592
2022-08-02,42.77739715576172,2.730485677719116
2022-08-03,42.30368423461914,2.730485677719116
2022-08-04,42.16961669921875,2.7375588417053223
2022-08-05,42.7148323059082,2.7517073154449463
2022-08-08,43.420936584472656,2.794149875640869
2022-08-09,43.85890197753906,2.772927761077881
2022-08-10,43.814208984375,2.7870755195617676
2022-08-11,44.198543548583984,2.8012235164642334
2022-08-12,44.84208297729492,2.8648874759674072
2022-08-15,43.68013381958008,2.808297634124756
2022-08-16,44.60969543457031,2.8648874759674072
2022-08-17,45.58393859863281,2.9144036769866943
2022-08-18,45.262168884277344,2.9214775562286377
2022-08-19,44.6633186340332,2.9214775562286377
2022-08-22,43.55500793457031,2.879035234451294
2022-08-23,44.25217056274414,2.9144036769866943
2022-08-24,42.822086334228516,2.8931832313537598
2022-08-25,42.294742584228516,2.8295183181762695
2022-08-26,40.53395080566406,2.780001401901245
2022-08-29,40.48031997680664,2.780001401901245
2022-08-30,40.31944274902344,2.723411798477173
2022-08-31,39.55970764160156,2.6738955974578857
2022-09-01,39.32731628417969,2.6385257244110107
2022-09-02,38.898292541503906,2.617305040359497
2022-09-05,39.97978973388672,2.680968761444092
2022-09-06,40.2032470703125,2.645599603652954
2022-09-08,39.30944061279297,2.6031572818756104
2022-09-09,40.31944274902344,2.645599603652954
2022-09-12,40.560768127441406,2.688042640686035
2022-09-13,39.61333465576172,2.6526732444763184
2022-09-14,39.74740982055664,2.688042640686035
2022-09-15,39.17537307739258,2.666821002960205
2022-09-16,38.978736877441406,2.6102311611175537
2022-09-19,39.452449798583984,2.596083402633667
2022-09-20,39.354129791259766,2.6314516067504883
2022-09-21,38.71953582763672,2.574861764907837
2022-09-22,39.47926330566406,2.6314516067504883
2022-09-23,38.02236557006836,2.5607142448425293
2022-09-26,37.95085525512695,2.5536398887634277
2022-09-27,38.72847366333008,2.5607142448425293
2022-09-28,38.88041687011719,2.5677874088287354
2022-09-29,38.63909149169922,2.5253450870513916
2022-09-30,39.77421951293945,2.574861764907837
2022-10-03,40.58757781982422,2.645599603652954
2022-10-04,40.90935134887695,2.6314516067504883
2022-10-05,41.95509719848633,2.65974760055542
2022-10-06,41.794212341308594,2.6526732444763184
2022-10-07,41.463504791259766,2.6526732444763184
2022-10-10,43.12598419189453,2.730485677719116
2022-10-11,42.57182312011719,2.723411798477173
2022-10-13,42.7148323059082,2.7870755195617676
2022-10-14,42.7148323059082,2.780001401901245
2022-10-17,44.180667877197266,2.879035234451294
2022-10-18,44.38623809814453,2.8931832313537598
2022-10-19,43.99296951293945,2.8931832313537598
2022-10-20,44.33261489868164,2.8931832313537598
2022-10-21,44.413055419921875,2.9144036769866943
2022-10-24,45.95933151245117,2.963920831680298
2022-10-25,46.504554748535156,2.963920831680298
2022-10-26,47.192779541015625,2.9780683517456055
2022-10-27,47.47880172729492,2.9780683517456055
2022-10-28,49.25746536254883,3.0841755867004395
2022-10-31,47.5503044128418,3.062953472137451
2022-11-01,47.255348205566406,3.0638489723205566
2022-11-03,48.19384002685547,3.157787322998047
2022-11-04,48.69437026977539,3.1939175128936768
2022-11-07,49.141265869140625,3.1939175128936768
2022-11-08,49.56135940551758,3.2878568172454834
2022-11-09,49.26640319824219,3.2445006370544434
2022-11-10,50.39259338378906,3.2445006370544434
2022-11-11,52.06400680541992,3.4107003211975098
2022-11-14,51.60816955566406,3.3962481021881104
2022-11-16,52.376834869384766,3.3239874839782715
2022-11-17,51.786922454833984,3.237274646759033
2022-11-18,51.45622253417969,3.1939175128936768
2022-11-21,49.98143768310547,3.0927531719207764
2022-11-22,50.124454498291016,3.121657371520996
2022-11-23,49.79374694824219,3.078301191329956
2022-11-24,50.00825881958008,3.078301191329956
2022-11-25,49.10551834106445,2.998814582824707
2022-11-28,49.10551834106445,2.9843618869781494
2022-11-29,47.64862060546875,2.897649049758911
2022-11-30,47.505615234375,2.84706711769104
2022-12-01,47.52348709106445,2.883197784423828
2022-12-02,45.923580169677734,2.883197784423828
2022-12-05,46.93357849121094,2.926553726196289
2022-12-06,47.639678955078125,3.027719020843506
2022-12-07,47.416229248046875,2.998814582824707
2022-12-08,47.46091842651367,2.948232412338257
2022-12-09,49.150211334228516,3.071075201034546
2022-12-12,49.06083297729492,3.071075201034546
2022-12-13,45.90571212768555,2.955458641052246
2022-12-14,46.924644470214844,2.998814582824707
2022-12-15,46.27216720581055,2.926553726196289
2022-12-16,45.96826934814453,2.9410059452056885
2022-12-19,45.22254180908203,2.85429310798645
2022-12-20,44.9539680480957,2.883197784423828
2022-12-21,44.83356857299805,2.8445053100585938
2022-12-22,44.58351516723633,2.8445053100585938
2022-12-23,43.37955856323242,2.8010778427124023
2022-12-26,42.76831817626953,2.7793638706207275
2022-12-27,43.99079895019531,2.8372673988342285
2022-12-28,44.574256896972656,2.8879332542419434
2022-12-29,44.67612838745117,2.90964674949646
2023-01-02,45.36145782470703,2.9024081230163574
2023-01-03,46.16718292236328,2.916884660720825
2023-01-04,46.259796142578125,2.9530746936798096
2023-01-05,46.54689407348633,2.974787473678589
2023-01-06,46.25053405761719,2.945836067199707
2023-01-09,46.87104034423828,2.974787473678589
2023-01-10,46.287574768066406,2.9385986328125
2023-01-11,45.61151123046875,2.88069486618042
2023-01-12,46.54689407348633,2.8951711654663086
2023-01-13,46.70433807373047,2.90964674949646
2023-01-16,46.87104034423828,2.8951711654663086
2023-01-17,47.43597412109375,2.945836067199707
2023-01-18,46.17644500732422,2.945836067199707
2023-01-19,45.694862365722656,2.9241223335266113
2023-01-20,43.65739440917969,2.851743221282959
2023-01-23,43.50921630859375,2.830029249191284
2023-01-24,44.00006103515625,2.830029249191284
2023-01-25,43.314735412597656,2.815554141998291
2023-01-26,42.04594421386719,2.793840169906616
2023-01-27,41.74958419799805,2.786602258682251
2023-01-30,42.860931396484375,2.8662195205688477
2023-01-31,42.93502426147461,2.8083157539367676
2023-02-01,43.296207427978516,2.8445053100585938
2023-02-02,41.69401550292969,2.764888048171997
2023-02-03,42.88871383666992,2.793840169906616
2023-02-06,42.564571380615234,2.772125720977783
2023-02-07,42.65718460083008,2.8010778427124023
2023-02-08,42.55531311035156,2.786602258682251
2023-02-09,42.87944793701172,2.8083157539367676
2023-02-10,42.97206497192383,2.8445053100585938
2023-02-13,43.259159088134766,2.8372673988342285
2023-02-14,43.48143005371094,2.883389949798584
2023-02-15,44.62056350708008,2.905457019805908
2023-02-16,44.231590270996094,2.890745162963867
2023-02-17,43.490692138671875,2.8319013118743896
2023-02-22,42.63866424560547,2.780411958694458
2023-02-23,42.74053955078125,2.7951231002807617
2023-02-24,42.74053955078125,2.780411958694458
2023-02-27,42.916500091552734,2.8171892166137695
2023-02-28,44.21307373046875,2.8686790466308594
2023-03-01,43.314735412597656,2.890745162963867
2023-03-02,43.249900817871094,2.883389949798584
2023-03-03,44.63908386230469,2.9128127098083496
2023-03-06,44.2501106262207,2.883389949798584
2023-03-07,44.222328186035156,2.8539674282073975
2023-03-08,43.93523025512695,2.8981010913848877
2023-03-09,43.036895751953125,2.861323595046997
2023-03-10,41.74032211303711,2.8319013118743896
2023-03-13,41.28652572631836,2.758344888687134
2023-03-14,41.647708892822266,2.7142112255096436
2023-03-15,40.953121185302734,2.66272234916687
2023-03-16,40.7401123046875,2.6553664207458496
2023-03-17,40.369659423828125,2.6774330139160156
2023-03-20,40.036258697509766,2.6553664207458496
2023-03-21,39.77694320678711,2.670077323913574
2023-03-22,39.712120056152344,2.66272234916687
2023-03-23,39.1193962097168,2.66272234916687
2023-03-24,39.480587005615234,2.699500322341919
2023-03-27,38.88787078857422,2.6259448528289795
2023-03-28,39.15644073486328,2.633300304412842
2023-03-29,39.88807678222656,2.670077323913574
2023-03-30,39.86955261230469,2.699500322341919
2023-03-31,38.526676177978516,2.670077323913574
2023-04-03,39.58245849609375,2.6921446323394775
2023-04-04,39.22127151489258,2.699500322341919
2023-04-05,37.95248031616211,2.633300304412842
2023-04-06,37.37828826904297,2.640655755996704
2023-04-10,38.10065841674805,2.670077323913574
2023-04-11,39.406497955322266,2.7509894371032715
2023-04-12,39.08235168457031,2.7730565071105957
2023-04-13,38.25810241699219,2.758344888687134
2023-04-14,37.498680114746094,2.728921890258789
2023-04-17,37.47089767456055,2.74363374710083
2023-04-18,38.128448486328125,2.758344888687134
2023-04-19,38.14696502685547,2.7877676486968994
2023-04-20,37.322723388671875,2.7362778186798096
2023-04-24,36.73926544189453,2.7362778186798096
2023-04-25,35.933536529541016,2.699500322341919
2023-04-26,35.43342971801758,2.6921446323394775
2023-04-27,35.19264221191406,2.699500322341919
2023-04-28,36.85966110229492,2.802478075027466
2023-05-02,37.674644470214844,2.8098337650299072
2023-05-03,37.13749694824219,2.927523136138916
2023-05-04,36.67443084716797,2.861323595046997
2023-05-05,38.53594207763672,2.920168161392212
2023-05-08,38.776729583740234,2.9879696369171143
2023-05-09,38.4340705871582,2.9879696369171143
2023-05-10,38.61003112792969,3.0179245471954346
2023-05-11,38.49889373779297,2.9879696369171143
2023-05-12,39.30461883544922,2.980480909347534
2023-05-15,39.73990249633789,3.1227657794952393
2023-05-16,40.48079299926758,3.077833414077759
2023-05-17,40.49932098388672,3.10029935836792
2023-05-18,41.999637603759766,3.2276062965393066
2023-05-19,42.0644645690918,3.272538185119629
2023-05-22,41.84219741821289,3.257560968399048
2023-05-23,42.47195816040039,3.242583751678467
2023-05-24,41.295780181884766,3.167696952819824
2023-05-25,40.860504150390625,3.167696952819824
2023-05-26,41.999637603759766,3.1976518630981445
2023-05-29,42.02742004394531,3.160207986831665
2023-05-30,41.786624908447266,3.152719020843506
2023-05-31,41.47174835205078,3.1227657794952393
2023-06-01,41.67549514770508,3.0928103923797607
2023-06-02,42.99058151245117,3.152719020843506
2023-06-05,43.351776123046875,3.167696952819824
2023-06-06,43.472164154052734,3.2126290798187256
2023-06-07,42.44417953491211,3.1901631355285645
2023-06-09,41.897762298583984,3.1826751232147217
2023-06-12,43.249900817871094,3.280027389526367
2023-06-13,43.57404327392578,3.3249588012695312
2023-06-14,43.2036018371582,3.3624022006988525
2023-06-15,44.768741607666016,3.429800033569336
2023-06-16,44.73169708251953,3.4672434329986572
2023-06-19,44.176025390625,3.4372880458831787
2023-06-20,43.93523025512695,3.452265739440918
2023-06-21,43.0461540222168,3.377378463745117
2023-06-22,42.47195816040039,3.3399362564086914
2023-06-23,42.54604721069336,3.3923563957214355
2023-06-26,42.24042892456055,3.3324477672576904
2023-06-27,41.527313232421875,3.309980869293213
2023-06-28,40.90681457519531,3.242583751678467
2023-06-29,40.795677185058594,3.242583751678467
2023-06-30,40.953121185302734,3.280027389526367
2023-07-03,40.953121185302734,3.280027389526367
2023-07-04,41.42544174194336,3.317469835281372
2023-07-05,41.1661262512207,3.2950046062469482
2023-07-06,40.85124588012695,3.2276062965393066
2023-07-07,41.2216911315918,3.272538185119629
2023-07-10,40.77715301513672,3.242583751678467
2023-07-11,40.795677185058594,3.2276062965393066
2023-07-12,40.916072845458984,3.1976518630981445
2023-07-13,41.092037200927734,3.2126290798187256
2023-07-14,41.25873565673828,3.2126290798187256
2023-07-17,41.11982345581055,3.1901631355285645
2023-07-18,41.27726364135742,3.1976518630981445
2023-07-19,40.25852966308594,3.152719020843506
2023-07-20,40.425235748291016,3.152719020843506
2023-07-21,40.8049430847168,3.160207986831665
2023-07-24,41.69401550292969,3.2650492191314697
2023-07-25,41.88850402832031,3.280027389526367
2023-07-26,43.036895751953125,3.3249588012695312
2023-07-27,43.71296691894531,3.377378463745117
2023-07-28,43.722225189208984,3.414822578430176
2023-07-31,44.51869201660156,3.4672434329986572
2023-08-01,44.805789947509766,3.3998448848724365
2023-08-02,44.351985931396484,3.429800033569336
2023-08-03,45.97269821166992,3.48970890045166
2023-08-04,46.556156158447266,3.5571062564849854
2023-08-07,46.787689208984375,3.541033983230591
2023-08-08,46.07456970214844,3.457803964614868
2023-08-09,45.65781784057617,3.412405252456665
2023-08-10,45.704124450683594,3.4048402309417725
2023-08-11,46.46354293823242,3.4199717044830322
2023-08-14,47.15813446044922,3.4653701782226562
2023-08-15,46.3431510925293,3.4351046085357666
2023-08-16,46.222755432128906,3.4275381565093994
2023-08-17,46.67655563354492,3.412405252456665
2023-08-18,46.93586730957031,3.412405252456665
2023-08-21,46.380191802978516,3.3670082092285156
2023-08-22,46.16718292236328,3.412405252456665
2023-08-23,45.82452392578125,3.4199717044830322
2023-08-24,45.704124450683594,3.38970685005188
2023-08-25,46.21349334716797,3.4275381565093994
2023-08-28,46.58394241333008,3.4653701782226562
2023-08-29,47.37114715576172,3.503201961517334
2023-08-30,47.074790954589844,3.4880690574645996
2023-08-31,46.44502258300781,3.472935914993286
2023-09-01,47.32483673095703,3.4805028438568115
2023-09-04,47.204444885253906,3.503201961517334
2023-09-05,46.92660140991211,3.4880690574645996
2023-09-06,46.17644500732422,3.38970685005188
2023-09-08,45.19475555419922,3.3594417572021484
2023-09-11,46.2783203125,3.4199717044830322
2023-09-12,46.556156158447266,3.4426703453063965
2023-09-13,46.537635803222656,3.457803964614868
2023-09-14,47.44523239135742,3.450237512588501
2023-09-15,48.649192810058594,3.450237512588501
2023-09-18,48.20465087890625,3.503201961517334
2023-09-19,48.88071823120117,3.5259006023406982
2023-09-20,50.834842681884766,3.639394998550415
2023-09-21,51.87209701538086,3.6696603298187256
2023-09-22,51.288639068603516,3.646960735321045
2023-09-25,51.13119888305664,3.6318297386169434
2023-09-26,50.343997955322266,3.586430788040161
2023-09-27,50.07542419433594,3.61669659614563
2023-09-28,49.853153228759766,3.571298360824585
2023-09-29,50.26990509033203,3.624262571334839
2023-10-02,50.21434020996094,3.624262571334839
2023-10-03,51.19602966308594,3.639394998550415
2023-10-04,50.93671798706055,3.593996524810791
2023-10-05,51.1775016784668,3.5637316703796387
2023-10-06,52.04806137084961,3.5637316703796387
2023-10-09,52.51112365722656,3.556165933609009
2023-10-10,52.27959442138672,3.548600435256958
2023-10-11,52.46481704711914,3.518334150314331
2023-10-13,54.23371124267578,3.586430788040161
2023-10-16,53.131622314453125,3.556165933609009
2023-10-17,53.224239349365234,3.593996524810791
2023-10-18,51.936927795410156,3.5259006023406982
2023-10-19,51.84431457519531,3.518334150314331
2023-10-20,50.8441047668457,3.4426703453063965
2023-10-23,50.381038665771484,3.38970685005188
2023-10-24,48.63066864013672,3.3670082092285156
2023-10-25,48.71402359008789,3.351874828338623
2023-10-26,48.815895080566406,3.3745744228363037
2023-10-27,48.08425521850586,3.336742401123047
2023-10-30,47.83420944213867,3.2967405319213867
2023-10-31,47.76011657714844,3.2890732288360596
2023-11-01,47.648983001708984,3.3274073600769043
2023-11-03,47.38040542602539,3.3734090328216553
2023-11-06,48.05647277832031,3.411742925643921
2023-11-07,48.21391677856445,3.450077533721924
2023-11-08,49.538272857666016,3.5114119052886963
2023-11-09,49.482704162597656,3.4577434062957764
2023-11-10,50.60331344604492,3.4654102325439453
2023-11-13,50.103206634521484,3.434743642807007
2023-11-14,48.62141036987305,3.488410711288452
2023-11-16,49.454917907714844,3.542078733444214
2023-11-17,49.028900146484375,3.534412384033203
2023-11-20,48.991859436035156,3.5037455558776855
2023-11-21,49.06594467163086,3.5037455558776855
2023-11-22,49.482704162597656,3.572746515274048
2023-11-23,49.82536697387695,3.572746515274048
2023-11-24,49.51974868774414,3.5267460346221924
2023-11-27,49.77906036376953,3.534412384033203
2023-11-28,49.40861129760742,3.534412384033203
2023-11-29,50.242122650146484,3.588080644607544
2023-11-30,49.806846618652344,3.4654102325439453
2023-12-01,47.93608093261719,3.258406400680542
2023-12-04,47.963863372802734,3.2354049682617188
2023-12-05,47.648983001708984,3.2200722694396973
2023-12-06,47.29705810546875,3.243072032928467
2023-12-07,47.14887619018555,3.1434037685394287
2023-12-08,48.118812561035156,3.1740708351135254
2023-12-11,48.715911865234375,3.2124054431915283
2023-12-12,48.298885345458984,3.1970720291137695
2023-12-13,49.14241027832031,3.266072988510132
2023-12-14,49.67316818237305,3.3350744247436523
2023-12-15,49.881683349609375,3.3427412509918213
2023-12-18,49.80585861206055,3.2354049682617188
2023-12-19,50.20392990112305,3.250739574432373
2023-12-20,51.085365295410156,3.2890732288360596
2023-12-21,51.60663986206055,3.3274073600769043
2023-12-22,52.071048736572266,3.3667874336242676
2023-12-26,52.33643341064453,3.38995361328125
2023-12-27,52.64919662475586,3.38995361328125
2023-12-28,52.72502136230469,3.4053971767425537
2024-01-02,52.2606086730957,3.3667874336242676
2024-01-03,52.55442428588867,3.413119316101074
2024-01-04,51.7582893371582,3.3976755142211914
2024-01-05,51.2275276184082,3.413119316101074
2024-01-08,51.89097213745117,3.4362854957580566
2024-01-09,51.25596237182617,3.4362854957580566
2024-01-10,50.96215057373047,3.44400691986084
2024-01-11,51.331787109375,3.4362854957580566
2024-01-12,50.782073974609375,3.474895477294922
2024-01-15,51.047454833984375,3.4903390407562256
2024-01-16,50.15653610229492,3.413119316101074
2024-01-17,49.94802474975586,3.428563117980957
2024-01-18,48.8391227722168,3.343621253967285
2024-01-19,49.09502410888672,3.3667874336242676
2024-01-22,48.9718132019043,3.3358991146087646
2024-01-23,49.379356384277344,3.3513433933258057
2024-01-24,49.16136932373047,3.3822314739227295
2024-01-25,49.14241027832031,3.38995361328125
2024-01-26,50.147064208984375,3.3976755142211914
2024-01-29,48.14724349975586,3.3281772136688232
2024-01-30,49.379356384277344,3.3127336502075195
2024-01-31,48.92442321777344,3.2972896099090576
2024-02-01,48.43157196044922,3.2509570121765137
2024-02-02,48.65904235839844,3.2432360649108887
2024-02-05,49.04763412475586,3.2972896099090576
2024-02-06,50.90528869628906,3.3358991146087646
2024-02-07,50.89580535888672,3.343621253967285
2024-02-08,50.65885925292969,3.3281772136688232
2024-02-09,49.94802474975586,3.3358991146087646
2024-02-14,49.521522521972656,3.2741236686706543
2024-02-15,49.6068229675293,3.3281772136688232
2024-02-16,50.279747009277344,3.3630564212799072
2024-02-19,50.27027130126953,3.3319177627563477
2024-02-20,51.05692672729492,3.3708417415618896
2024-02-21,52.38382339477539,3.3630564212799072
2024-02-22,52.82927703857422,3.417551040649414
2024-02-23,52.38382339477539,3.3630564212799072
2024-02-26,53.18943405151367,3.4409048557281494
2024-02-27,53.852882385253906,3.479830026626587
2024-02-28,54.38364028930664,3.526538372039795
2024-02-29,53.40742492675781,3.5109686851501465
2024-03-01,54.487892150878906,3.487614631652832
2024-03-04,55.39776611328125,3.487614631652832
2024-03-05,55.511497497558594,3.4720451831817627
2024-03-06,55.246116638183594,3.4642601013183594
2024-03-07,55.748443603515625,3.526538372039795
2024-03-08,56.06121063232422,3.4409048557281494
2024-03-11,55.511497497558594,3.456475257873535
2024-03-12,56.02330017089844,3.4720451831817627
2024-03-13,56.32658767700195,3.51875376701355
2024-03-14,56.3929328918457,3.5421087741851807
2024-03-15,57.62504959106445,3.6355268955230713
2024-03-18,57.86199188232422,3.72894549369812
2024-03-19,59.567996978759766,3.791224479675293
2024-03-20,58.819252014160156,3.845717668533325
2024-03-21,58.800296783447266,3.8690717220306396
2024-03-22,58.90455627441406,3.7756547927856445
2024-03-25,58.402225494384766,3.760084867477417
2024-03-26,59.681732177734375,3.8223631381988525
2024-03-27,60.468387603759766,3.892427444458008
2024-03-28,60.63898849487305,3.915781021118164
2024-04-01,61.501468658447266,3.8846421241760254
2024-04-02,61.8237190246582,3.907996892929077
2024-04-03,61.22661209106445,3.8301475048065186
2024-04-04,60.544212341308594,3.8690717220306396
2024-04-05,59.530086517333984,3.8379321098327637
2024-04-08,59.331050872802734,3.8690717220306396
2024-04-09,59.0372428894043,3.9469218254089355
2024-04-10,58.534912109375,3.907996892929077
2024-04-11,58.013633728027344,3.907996892929077
2024-04-12,58.00415802001953,3.8768575191497803
2024-04-15,57.86199188232422,3.8379321098327637
2024-04-16,58.14632797241211,3.8145790100097656
2024-04-17,57.634525299072266,3.799008369445801
2024-04-18,57.577659606933594,3.7756547927856445
2024-04-19,58.013633728027344,3.8379321098327637
2024-04-22,57.38810348510742,3.7522995471954346
2024-04-23,56.98055648803711,3.7133750915527344
2024-04-24,57.3975830078125,3.658881664276123
2024-04-25,56.77204513549805,3.59660267829895
2024-04-26,56.468753814697266,3.6121721267700195
2024-04-29,55.82426834106445,3.6043879985809326
2024-04-30,55.40724182128906,3.5654640197753906
2024-05-02,55.92852020263672,3.6433115005493164
2024-05-03,56.08016586303711,3.674450397491455
2024-05-06,56.37397384643555,3.6347973346710205
2024-05-07,49.45518112182617,3.6947202682495117
2024-05-08,49.58787155151367,3.729412078857422
2024-05-09,49.94802474975586,3.772777795791626
2024-05-10,49.000244140625,3.755431652069092
2024-05-13,48.05246353149414,3.7641046047210693
2024-05-14,47.25632858276367,3.7380850315093994
2024-05-15,47.900821685791016,3.755431652069092
2024-05-16,48.99076461791992,3.755431652069092
2024-05-17,48.763301849365234,3.7033932209014893
2024-05-20,48.38418960571289,3.755431652069092
2024-05-21,46.58340835571289,3.7380850315093994
2024-05-22,45.796749114990234,3.6600277423858643
2024-05-23,47.483795166015625,3.607989549636841
2024-05-24,46.38437271118164,3.642681837081909
2024-05-27,46.44123840332031,3.6513545513153076
2024-05-28,46.51706314086914,3.607989549636841
2024-05-29,46.70661544799805,3.5993165969848633
2024-05-31,46.15690612792969,3.503913640975952
2024-06-03,44.649932861328125,3.5125861167907715
2024-06-04,44.45090103149414,3.5125861167907715
2024-06-05,44.2044792175293,3.4778947830200195
2024-06-06,45.82518005371094,3.486567497253418
2024-06-07,46.10951614379883,3.451875686645508
2024-06-10,47.09520721435547,3.443202257156372
2024-06-11,46.36540985107422,3.5299320220947266
2024-06-12,46.44123840332031,3.5125861167907715
2024-06-13,46.22324752807617,3.5299320220947266
2024-06-14,46.412803649902344,3.4952404499053955
2024-06-17,45.97682571411133,3.503913640975952
2024-06-18,45.77779006958008,3.5299320220947266
2024-06-19,46.18533706665039,3.5472781658172607
2024-06-20,45.63562774658203,3.564624071121216
2024-06-21,46.299068450927734,3.6166627407073975
2024-06-24,47.0383415222168,3.5472781658172607
2024-06-25,47.10468673706055,3.564624071121216
2024-06-26,48.15672302246094,3.607989549636841
2024-06-27,54.02348327636719,3.6773741245269775
2024-06-28,54.032958984375,3.6947202682495117
2024-07-01,54.63954162597656,3.755431652069092
2024-07-02,54.59214782714844,3.746758460998535
2024-07-03,54.345726013183594,3.7033932209014893
2024-07-04,54.02348327636719,3.729412078857422
2024-07-05,51.89097213745117,3.642681837081909
2024-07-08,50.44087600708008,3.6340084075927734
2024-07-09,50.07123947143555,3.5993165969848633
2024-07-10,49.71107864379883,3.607989549636841
2024-07-11,50.24183654785156,3.625336170196533
2024-07-12,49.568912506103516,3.625336170196533
2024-07-15,51.369693756103516,3.6947202682495117
2024-07-16,51.331787109375,3.6947202682495117
2024-07-17,51.34126281738281,3.7380850315093994
2024-07-18,51.06640625,3.6947202682495117
2024-07-19,50.801025390625,3.712066173553467
2024-07-22,50.497737884521484,3.7987968921661377
2024-07-23,50.33662033081055,3.729412078857422
2024-07-24,50.26079559326172,3.7380850315093994
2024-07-25,49.73004150390625,3.712066173553467
2024-07-26,49.085548400878906,3.6773741245269775
2024-07-29,50.02384948730469,3.7987968921661377
2024-07-30,50.630428314208984,3.7987968921661377
2024-07-31,51.047454833984375,3.816143274307251
2024-08-01,50.99058151245117,3.816143274307251
2024-08-02,50.232357025146484,3.7901244163513184
2024-08-05,50.26079559326172,3.729412078857422
2024-08-06,49.180320739746094,3.6830995082855225
2024-08-07,49.47413635253906,3.6478545665740967
2024-08-08,50.801025390625,3.656665325164795
2024-08-09,51.654029846191406,3.6919105052948
2024-08-12,51.54977035522461,3.6478545665740967
2024-08-13,51.69194412231445,3.656665325164795
2024-08-14,51.84358596801758,3.6830995082855225
2024-08-15,50.782073974609375,3.674288272857666
2024-08-16,51.56873321533203,3.6919105052948
2024-08-19,52.16583251953125,3.7447781562805176
2024-08-20,52.95248794555664,3.8593244552612305
2024-08-21,53.511680603027344,3.8857581615448
2024-08-22,53.464290618896484,3.8593244552612305
2024-08-23,53.151527404785156,3.876946210861206
2024-08-26,52.298519134521484,3.876946210861206
2024-08-27,52.71554183959961,3.8593244552612305
2024-08-28,53.151527404785156,3.8593244552612305
2024-08-29,52.601806640625,3.7888343334198
2024-08-30,52.1279182434082,3.8417017459869385
2024-09-02,52.21322250366211,3.7800228595733643
2024-09-03,51.73933029174805,3.7976455688476562
2024-09-04,52.488075256347656,3.876946210861206
2024-09-05,52.3932991027832,3.850512742996216
2024-09-06,51.530818939208984,3.7976455688476562
2024-09-09,51.29387283325195,3.7888343334198
2024-09-10,52.31747817993164,3.8593244552612305
2024-09-11,52.24165344238281,3.850512742996216
2024-09-12,51.54977035522461,3.8152682781219482
2024-09-13,51.45499801635742,3.8417017459869385
2024-09-16,50.25131607055664,3.8152682781219482
2024-09-17,50.50721740722656,3.771212100982666
2024-09-18,49.853248596191406,3.753589153289795
2024-09-19,49.82481384277344,3.718344211578369
2024-09-20,49.6068229675293,3.674288272857666
2024-09-23,48.95285415649414,3.6654765605926514
2024-09-24,50.24183654785156,3.7095329761505127
2024-09-25,49.43622589111328,3.656665325164795
2024-09-26,51.40760803222656,3.735966682434082
2024-09-27,51.54029846191406,3.700721502304077
2024-09-30,51.59716033935547,3.700721502304077
2024-10-01,52.02366638183594,3.700721502304077
2024-10-02,52.222694396972656,3.7447781562805176
2024-10-03,51.98575210571289,3.7271556854248047
2024-10-04,52.83875274658203,3.7624006271362305
2024-10-07,52.87666702270508,3.7447781562805176
2024-10-08,52.79136657714844,3.7447781562805176
2024-10-09,51.54029846191406,3.6919105052948
2024-10-10,51.30335235595703,3.612609386444092
2024-10-11,51.369693756103516,3.550931215286255
2024-10-14,51.8341064453125,3.5685527324676514
2024-10-15,51.862545013427734,3.5685527324676514
2024-10-16,51.61612319946289,3.577364683151245
2024-10-17,52.13739776611328,3.621420383453369
2024-10-18,52.85771560668945,3.6478545665740967
2024-10-21,53.33160400390625,3.6302316188812256
2024-10-22,54.57319641113281,3.6654765605926514
2024-10-23,54.544761657714844,3.639042615890503
2024-10-24,54.40259552001953,3.612609386444092
2024-10-25,55.919044494628906,3.6654765605926514
2024-10-28,56.24128723144531,3.656665325164795
2024-10-29,56.44980239868164,3.6302316188812256
2024-10-30,57.23645782470703,3.639042615890503
2024-10-31,56.648834228515625,3.674288272857666
2024-11-01,56.85734939575195,3.6919105052948
2024-11-04,56.8383903503418,3.8593244552612305
2024-11-05,57.34071350097656,3.894569158554077
2024-11-06,56.3929328918457,3.876946210861206
2024-11-07,55.81478500366211,3.7271556854248047
2024-11-08,55.35037612915039,3.639042615890503
2024-11-11,55.132381439208984,3.6654765605926514
2024-11-12,56.279197692871094,3.6564340591430664
2024-11-13,56.629878997802734,3.683318853378296
2024-11-14,57.38810348510742,3.683318853378296
2024-11-18,57.549224853515625,3.6653952598571777
2024-11-19,57.24593734741211,3.6922807693481445
2024-11-21,57.61557388305664,3.7191665172576904
2024-11-22,57.530269622802734,3.817746877670288
2024-11-25,56.77204513549805,3.7639756202697754
2024-11-26,56.20337677001953,3.7908618450164795
2024-11-27,56.62040328979492,3.7818992137908936
2024-11-28,58.316925048828125,3.8535943031311035
2024-11-29,59.14149856567383,3.9432125091552734
2024-12-02,58.85716247558594,3.988022804260254
2024-12-03,60.08927917480469,4.050754547119141
2024-12-04,61.653114318847656,4.131411552429199
2024-12-05,61.70050048828125,4.140373706817627
2024-12-06,62.01327133178711,4.095564365386963
2024-12-09,63.16956329345703,4.185184001922607
2024-12-10,61.236087799072266,4.104526996612549
2024-12-11,60.75271987915039,4.140373706817627
2024-12-12,59.71016311645508,4.12244987487793
2024-12-13,59.16044998168945,4.113488674163818
2024-12-16,60.53472900390625,4.140373706817627
2024-12-17,60.83554458618164,4.233029365539551
2024-12-18,60.297264099121094,4.205894470214844
2024-12-19,59.406654357910156,4.142580509185791
2024-12-20,58.349666595458984,4.151625156402588
2024-12-23,59.935150146484375,4.124490737915039
2024-12-26,60.620235443115234,4.151625156402588
2024-12-27,60.27769088745117,4.160669803619385
2024-12-30,60.46364212036133,4.151625156402588
2025-01-02,61.0704345703125,4.0883097648620605
2025-01-03,61.3444709777832,4.061175346374512
2025-01-06,61.11936950683594,3.9978606700897217
2025-01-07,60.69853210449219,3.9797706604003906
2025-01-08,60.48321533203125,3.9797706604003906
2025-01-09,60.160247802734375,3.9345462322235107
2025-01-10,60.13088607788086,3.925501585006714
2025-01-13,60.75725173950195,3.916456460952759
2025-01-14,59.63175582885742,3.8440968990325928
2025-01-15,59.78834533691406,3.835052013397217
2025-01-16,59.07390213012695,3.8079168796539307
2025-01-17,60.95298767089844,3.862186908721924
2025-01-20,60.48321533203125,3.943591356277466
2025-01-21,61.0704345703125,3.961681365966797
2025-01-22,60.09174346923828,3.862186908721924
2025-01-23,61.4129753112793,3.907411575317383
2025-01-24,61.422760009765625,3.925501585006714
2025-01-27,61.745731353759766,3.961681365966797
2025-01-28,61.422760009765625,3.9526357650756836
2025-01-29,60.87469482421875,3.9526357650756836
2025-01-30,61.031288146972656,4.034040451049805
2025-01-31,61.041072845458984,3.9888157844543457
2025-02-03,61.11936950683594,4.006906032562256
2025-02-04,58.643272399902344,3.8531417846679688
2025-02-05,58.41817092895508,3.835052013397217
2025-02-06,58.809654235839844,3.862186908721924
2025-02-07,58.25179672241211,3.7898271083831787
2025-02-10,58.085418701171875,3.7988719940185547
2025-02-11,57.67436981201172,3.7898271083831787
2025-02-12,56.734825134277344,3.7717373371124268
2025-02-13,57.96797561645508,3.7536473274230957
2025-02-14,57.5960693359375,3.835052013397217
2025-02-17,56.57823181152344,3.7988719940185547
2025-02-18,56.470577239990234,3.780782461166382
2025-02-19,56.83269500732422,3.780782461166382
2025-02-20,56.44121551513672,3.7536473274230957
2025-02-21,56.27484130859375,3.744602680206299
2025-02-24,55.81485366821289,3.744602680206299
2025-02-25,55.628902435302734,3.7536473274230957
2025-02-26,55.824642181396484,3.672243356704712
2025-02-27,55.951866149902344,3.690333366394043
2025-02-28,55.11019515991211,3.590839147567749
2025-03-05,54.19021987915039,3.590839147567749
2025-03-06,53.98469924926758,3.589826822280884
2025-03-07,54.16086196899414,3.6260874271392822
2025-03-10,54.40553283691406,3.553565740585327
2025-03-11,53.95533752441406,3.5173051357269287
2025-03-12,53.583431243896484,3.4719784259796143
2025-03-13,53.152809143066406,3.508239507675171
2025-03-14,52.98643112182617,3.535435199737549
2025-03-17,53.43662643432617,3.589826822280884
2025-03-18,53.837890625,3.580761432647705
2025-03-19,53.68130111694336,3.589826822280884
2025-03-20,54.65020751953125,3.5716958045959473
2025-03-21,53.19195556640625,3.52636981010437
2025-03-24,52.97664260864258,3.4901089668273926
2025-03-25,52.2719841003418,3.453848361968994
2025-03-26,52.379638671875,3.4719784259796143
2025-03-27,52.75154495239258,3.4719784259796143
2025-03-28,52.06645965576172,3.4447829723358154
2025-03-31,51.81199645996094,3.3994569778442383
2025-04-01,52.26219940185547,3.3994569778442383
2025-04-02,52.30134201049805,3.408522129058838
2025-04-03,49.981842041015625,3.3450655937194824
2025-04-04,49.815467834472656,3.3359999656677246
2025-04-07,49.423988342285156,3.2634785175323486
2025-04-08,49.629512786865234,3.2725436687469482
2025-04-09,51.12691879272461,3.3631958961486816
2025-04-10,51.12691879272461,3.2725436687469482
2025-04-11,50.539695739746094,3.25441312789917
2025-04-14,51.29328918457031,3.308804750442505
2025-04-15,50.84309387207031,3.245347738265991
2025-04-16,50.75501251220703,3.2090871334075928
2025-04-17,50.735435485839844,3.227217435836792
2025-04-22,50.725650787353516,3.200021743774414
2025-04-23,51.32265090942383,3.2725436687469482
2025-04-24,51.13669967651367,3.354130744934082
2025-04-25,50.18737030029297,3.3631958961486816
2025-04-28,49.76652908325195,3.3994569778442383
2025-04-29,49.28697204589844,3.3903913497924805
2025-04-30,49.012939453125,3.3359999656677246
2025-05-02,49.57079315185547,3.3722612857818604
2025-05-05,49.423988342285156,3.3450655937194824
2025-05-06,49.36526870727539,3.381326198577881
2025-05-07,50.148223876953125,3.4719784259796143
2025-05-08,50.373321533203125,3.5716958045959473
2025-05-09,49.02272415161133,3.4719784259796143
2025-05-12,51.13669967651367,3.4991743564605713
2025-05-13,51.91965103149414,3.5445005893707275
2025-05-14,51.88050842285156,3.5773017406463623
2025-05-15,52.673248291015625,3.5864744186401367
2025-05-16,52.52643966674805,3.5589568614959717
2025-05-19,52.056671142578125,3.522266149520874
2025-05-20,51.89029312133789,3.5130934715270996
2025-05-21,52.07624435424805,3.5039212703704834
2025-05-22,52.056671142578125,3.5039212703704834
2025-05-23,51.831573486328125,3.5130934715270996
2025-05-26,51.635833740234375,3.522266149520874
2025-05-27,50.216732025146484,3.5314388275146484
2025-05-28,49.9720573425293,3.4855759143829346
2025-05-29,49.50228500366211,3.494748592376709
2025-05-30,48.59210205078125,3.3663322925567627
2025-06-02,48.52359390258789,3.320469617843628
2025-06-03,49.32612228393555,3.3663322925567627
2025-06-04,48.69975280761719,3.3663322925567627
2025-06-05,51.772850036621094,3.3846776485443115
2025-06-06,52.281768798828125,3.3388147354125977
2025-06-09,52.42857360839844,3.3846776485443115
2025-06-10,52.154541015625,3.375504732131958
2025-06-11,51.85114669799805,3.320469617843628
2025-06-12,51.82178497314453,3.3296420574188232
2025-06-13,52.957069396972656,3.3388147354125977
2025-06-16,53.094085693359375,3.3663322925567627
2025-06-17,51.51839065551758,3.2837791442871094
2025-06-18,51.68477249145508,3.274606466293335
2025-06-20,50.76479721069336,3.2103989124298096
2025-06-23,50.64735412597656,3.2103989124298096
2025-06-24,50.74522399902344,3.24708890914917
2025-06-25,50.39289474487305,3.2103989124298096
2025-06-26,50.510337829589844,3.292951822280884
2025-06-27,50.06013870239258,3.2837791442871094
2025-06-30,50.118858337402344,3.3571598529815674
2025-07-01,49.756744384765625,3.3846776485443115
2025-07-02,50.60820388793945,3.4580583572387695
2025-07-03,50.950748443603516,3.5773017406463623
2025-07-04,50.84309387207031,3.568129062652588
2025-07-07,49.92312240600586,3.4397132396698
2025-07-08,49.844825744628906,3.4121954441070557
2025-07-09,48.93464279174805,3.375504732131958
2025-07-10,48.787837982177734,3.421367645263672
2025-07-11,48.83677673339844,3.393850326538086
2025-07-14,48.88570785522461,3.4580583572387695
2025-07-15,49.423988342285156,3.47640323638916
2025-07-16,49.44356155395508,3.4855759143829346
2025-07-17,49.423988342285156,3.4855759143829346
2025-07-18,49.53164291381836,3.421367645263672
2025-07-21,49.913333892822266,3.4030227661132812
2025-07-22,50.16779327392578,3.3846776485443115
2025-07-23,50.64735412597656,3.393850326538086
2025-07-24,50.40268325805664,3.393850326538086
2025-07-25,51.44988250732422,3.4305403232574463
2025-07-28,51.03883361816406,3.4030227661132812
2025-07-29,50.74522399902344,3.3663322925567627
2025-07-30,51.06819152832031,3.393850326538086
2025-07-31,51.03883361816406,3.375504732131958
2025-08-01,50.637569427490234,3.3388147354125977
2025-08-04,49.688236236572266,3.3296420574188232
2025-08-05,49.883975982666016,3.2837791442871094
2025-08-06,50.52012252807617,3.302124500274658
2025-08-07,52.98643112182617,3.4030227661132812
2025-08-08,53.417057037353516,3.4580583572387695
2025-08-11,52.927711486816406,3.4024555683135986
2025-08-12,52.93749237060547,3.3931596279144287
2025-08-13,52.71239471435547,3.355973958969116
2025-08-14,52.761329650878906,3.355973958969116
2025-08-15,52.19369125366211,3.355973958969116
2025-08-18,51.47924041748047,3.355973958969116
2025-08-19,51.88050842285156,3.337381362915039
2025-08-20,51.37158966064453,3.346677780151367
2025-08-21,51.18563461303711,3.337381362915039
2025-08-22,52.614524841308594,3.3931596279144287
2025-08-25,52.2719841003418,3.4024555683135986
2025-08-26,51.48903274536133,3.3838629722595215
2025-08-27,51.85114669799805,3.4117519855499268
2025-08-28,51.704341888427734,3.421048402786255
2025-08-29,51.33243942260742,3.430344820022583
2025-09-01,51.4303092956543,3.430344820022583
2025-09-02,51.146484375,3.4024555683135986
2025-09-03,50.8626708984375,3.3931596279144287
2025-09-04,50.569053649902344,3.439640998840332
2025-09-05,50.882240295410156,3.439640998840332
2025-09-08,50.50054931640625,3.458233594894409
2025-09-09,50.8039436340332,3.4954190254211426
2025-09-10,49.717594146728516,3.439640998840332
2025-09-11,50.45161819458008,3.458233594894409
2025-09-12,49.3554801940918,3.44893741607666
2025-09-15,49.423988342285156,3.430344820022583
2025-09-16,49.60015106201172,3.4024555683135986
2025-09-17,49.815467834472656,3.421048402786255
2025-09-18,49.649085998535156,3.3931596279144287
2025-09-19,49.423988342285156,3.4024555683135986
2025-09-22,49.277183532714844,3.3745665550231934
2025-09-23,49.06187438964844,3.355973958969116
2025-09-24,48.88570785522461,3.3838629722595215
2025-09-25,49.16952896118164,3.3838629722595215
2025-09-26,48.396358489990234,3.3838629722595215
2025-09-29,48.1223258972168,3.32808518409729
2025-09-30,48.83677673339844,3.32808518409729
2025-10-01,48.82698440551758,3.3745665550231934
2025-10-02,49.032508850097656,3.3652703762054443
2025-10-03,49.619728088378906,3.3838629722595215
2025-10-06,48.44529724121094,3.318788528442383
2025-10-07,47.84829330444336,3.2908995151519775
2025-10-08,46.810882568359375,3.2630105018615723
2025-10-09,46.673858642578125,3.244418144226074
2025-10-10,47.163204193115234,3.244418144226074
2025-10-13,47.18278121948242,3.2630105018615723
2025-10-14,46.96746826171875,3.2537143230438232
2025-10-15,46.615142822265625,3.2630105018615723
2025-10-16,46.781517028808594,3.2908995151519775
2025-10-17,46.615142822265625,3.225825309753418
2025-10-20,46.69343566894531,3.2723069190979004
2025-10-21,46.46833801269531,3.21652889251709
2025-10-22,47.192569732666016,3.2908995151519775
2025-10-23,47.63298034667969,3.309492349624634
2025-10-24,48.05381393432617,3.355973958969116
2025-10-27,48.06360626220703,3.309492349624634
2025-10-28,48.41593551635742,3.3838629722595215
2025-10-29,48.05381393432617,3.337381362915039
2025-10-30,47.65255355834961,3.337381362915039
2025-10-31,47.84829330444336,3.337381362915039
2025-11-03,47.51553726196289,3.346677780151367
2025-11-04,48.35721206665039,3.421048402786255
2025-11-05,47.85808181762695,3.4768264293670654
2025-11-06,47.613407135009766,3.421048402786255
2025-11-07,46.605350494384766,3.4024555683135986
2025-11-10,45.7049560546875,3.3856287002563477
2025-11-11,45.55815124511719,3.3856287002563477
2025-11-12,47.0457649230957,3.4705052375793457
2025-11-13,46.644500732421875,3.395059585571289
2025-11-14,46.350894927978516,3.4044899940490723
2025-11-17,47.46660232543945,3.4139208793640137
2025-11-18,47.4959602355957,3.3761980533599854
2025-11-19,47.300228118896484,3.3573365211486816
2025-11-21,47.2806510925293,3.338474988937378
2025-11-24,46.95768356323242,3.281890630722046
2025-11-25,46.781517028808594,3.3290443420410156
2025-11-26,46.840240478515625,3.3573365211486816
2025-11-27,47.172996520996094,3.3573365211486816
2025-11-28,46.56620788574219,3.3573365211486816
2025-12-01,46.46833801269531,3.3573365211486816
2025-12-02,47.172996520996094,3.3761980533599854
2025-12-03,47.907012939453125,3.423351526260376
2025-12-04,48.48444366455078,3.4610745906829834
2025-12-05,49.423988342285156,3.5176589488983154
2025-12-08,49.31633377075195,3.5459511280059814
2025-12-09,49.37505340576172,3.564812660217285
2025-12-10,50.569053649902344,3.640258550643921
2025-12-11,48.41593551635742,3.5553817749023438
2025-12-12,48.014671325683594,3.5553817749023438
2025-12-15,47.6721305847168,3.621397018432617
2025-12-16,47.87765121459961,3.643563985824585
2025-12-17,48.7291145324707,3.6534650325775146
2025-12-18,51.52817916870117,3.740000009536743
2025-12-19,51.314788818359375,3.6700000762939453
2025-12-22,51.194801330566406,3.7300000190734863
2025-12-23,51.49477005004883,3.740000009536743
2025-12-26,51.67475128173828,3.740000009536743
2025-12-29,51.544761657714844,3.740000009536743
2025-12-30,51.44477462768555,3.759999990463257
2026-01-02,51.86473083496094,3.809999942779541
2026-01-05,50.42487716674805,3.7100000381469727
2026-01-06,50.22489929199219,3.7200000286102295
2026-01-07,49.9349250793457,3.680000066757202
2026-01-08,49.564964294433594,3.680000066757202
2026-01-09,50.98482131958008,3.75
2026-01-12,52.10470962524414,3.7699999809265137
2026-01-13,51.50476837158203,3.700000047683716
2026-01-14,52.16469955444336,3.759999990463257
2026-01-15,52.34468078613281,3.759999990463257
2026-01-16,51.594757080078125,3.7200000286102295
2026-01-19,51.844730377197266,3.700000047683716
2026-01-20,51.344783782958984,3.700000047683716
2026-01-21,52.194698333740234,3.7899999618530273
2026-01-22,52.184696197509766,3.869999885559082
2026-01-23,52.244693756103516,3.880000114440918
2026-01-26,51.66474914550781,3.8499999046325684
2026-01-27,51.2747917175293,3.859999895095825
2026-01-28,51.75474166870117,3.930000066757202
2026-01-29,49.35498809814453,3.799999952316284
2026-01-30,49.32499313354492,3.8499999046325684
2026-02-02,48.71505355834961,3.880000114440918
2026-02-03,49.08501434326172,3.8399999141693115
2026-02-04,49.5949592590332,3.8499999046325684
2026-02-05,50.42487716674805,3.890000104904175
2026-02-06,50.19490051269531,3.869999885559082
2026-02-09,51.33478546142578,3.950000047683716
2026-02-10,51.11480712890625,3.9600000381469727
2026-02-11,57.92411804199219,4.179999828338623
2026-02-12,58.244083404541016,4.070000171661377
2026-02-13,58.334075927734375,4.050000190734863
2026-02-18,57.194190979003906,4.03000020980835
2026-02-19,57.12419891357422,4.03000020980835
2026-02-20,56.854225158691406,4.010000228881836
2026-02-23,56.99420928955078,3.990000009536743
2026-02-24,58.57405090332031,4.03000020980835
2026-02-25,58.894020080566406,4.099999904632568
2026-02-26,58.9740104675293,4.119999885559082
2026-02-27,57.994110107421875,4.099999904632568
2026-03-02,58.05410385131836,4.090000152587891
2026-03-03,57.264183044433594,3.9800000190734863
2026-03-04,56.4942626953125,3.990000009536743
2026-03-05,55.79433059692383,3.950000047683716
2026-03-06,54.91442108154297,3.880000114440918
2026-03-09,54.79443359375,3.9200000762939453
2026-03-10,55.59435272216797,3.940000057220459
2026-03-11,54.89442443847656,3.950000047683716
2026-03-12,53.464569091796875,3.8499999046325684
2026-03-13,53.39457702636719,3.8299999237060547
2026-03-16,53.14460372924805,3.8499999046325684
2026-03-17,53.10460662841797,3.8499999046325684
2026-03-18,52.554664611816406,3.799999952316284
2026-03-19,51.11480712890625,3.7799999713897705
2026-03-20,50.174903869628906,3.700000047683716
2026-03-23,51.6147575378418,3.819999933242798
2026-03-24,51.16480255126953,3.8399999141693115
2026-03-25,51.394779205322266,3.9200000762939453
2026-03-26,50.794837951660156,3.8299999237060547
2026-03-27,50.43487548828125,3.8299999237060547
2026-03-30,50.554866790771484,3.8399999141693115
2026-03-31,51.89472961425781,3.940000057220459
2026-04-01,52.08470916748047,3.940000057220459
2026-04-02,50.84483337402344,3.880000114440918
2026-04-06,49.5949592590332,3.819999933242798
2026-04-07,46.42528533935547,3.690000057220459
2026-04-08,47.3351936340332,3.7799999713897705
2026-04-09,47.59516525268555,3.8299999237060547
2026-04-10,47.155208587646484,3.819999933242798
2026-04-13,47.795143127441406,3.8499999046325684
2026-04-14,48.505069732666016,3.890000104904175
2026-04-15,47.82514572143555,3.8499999046325684
2026-04-16,47.52517318725586,3.799999952316284
2026-04-17,47.925132751464844,3.799999952316284
2026-04-20,47.795143127441406,3.759999990463257
2026-04-22,47.34518814086914,3.759999990463257
2026-04-23,46.68525695800781,3.630000114440918
2026-04-24,45.6353645324707,3.5799999237060547
2026-04-27,45.2953987121582,3.5899999141693115
2026-04-28,45.44538497924805,3.5999999046325684
2026-04-29,44.81544876098633,3.5399999618530273
2026-04-30,43.84000015258789,3.569999933242798
2026-05-04,42.58000183105469,3.4600000381469727
2026-05-05,42.400001525878906,3.4800000190734863
2026-05-06,43.0099983215332,3.4100000858306885
2026-05-07,43.29999923706055,3.4100000858306885
2026-05-08,43.70000076293945,3.450000047683716
2026-05-11,43.130001068115234,3.4000000953674316
2026-05-12,42.68000030517578,3.369999885559082
2026-05-13,43.0,3.369999885559082
2026-05-14,42.619998931884766,3.380000114440918
2026-05-15,41.70000076293945,3.299999952316284
2026-05-18,41.970001220703125,3.2799999713897705
2026-05-19,41.04999923706055,3.240000009536743
2026-05-20,42.20000076293945,3.3299999237060547
2026-05-21,42.2599983215332,3.319999933242798
2026-05-22,41.70000076293945,3.299999952316284
2026-05-25,41.40999984741211,3.309999942779541
2026-05-26,41.68000030517578,3.3299999237060547
2026-05-27,42.09000015258789,3.359999895095825
2026-05-28,41.689998626708984,3.3499999046325684
2026-05-29,41.90999984741211,3.3299999237060547
2026-06-01,40.650001525878906,3.359999895095825
2026-06-02,40.43000030517578,3.3499999046325684
2026-06-03,41.220001220703125,3.3499999046325684
2026-06-05,41.7400016784668,3.4200000762939453
2026-06-08,41.970001220703125,3.430000066757202
2026-06-09,42.04999923706055,3.4200000762939453
2026-06-10,41.45000076293945,3.369999885559082
2026-06-11,41.290000915527344,3.359999895095825
2026-06-12,41.52000045776367,3.4000000953674316
2026-06-15,42.59000015258789,3.4200000762939453
2026-06-16,42.93000030517578,3.4100000858306885
2026-06-17,42.22999954223633,3.390000104904175
2026-06-18,43.58000183105469,3.440000057220459
2026-06-19,43.22999954223633,3.5299999713897705
2026-06-22,42.040000915527344,3.380000114440918
2026-06-23,41.95000076293945,3.369999885559082
2026-06-24,42.20000076293945,3.369999885559082
2026-06-25,42.0,3.450000047683716
2026-06-26,40.11000061035156,3.4000000953674316
2026-06-29,39.68000030517578,3.4000000953674316
2026-06-30,39.75,3.3499999046325684
2026-07-01,40.59000015258789,3.390000104904175
2026-07-02,40.779998779296875,3.4000000953674316
2026-07-03,40.79999923706055,3.4200000762939453
2026-07-06,40.720001220703125,3.4000000953674316
2026-07-07,40.91999816894531,3.430000066757202
2026-07-08,40.83000183105469,3.440000057220459
2026-07-09,41.029998779296875,3.4600000381469727
2026-07-10,41.54999923706055,3.490000009536743
2026-07-13,41.4900016784668,3.490000009536743
2026-07-14,41.11000061035156,3.490000009536743
2026-07-15,41.47999954223633,3.4700000286102295
2026-07-16,41.70000076293945,3.5
2026-07-17,41.93000030517578,3.509999990463257
2026-07-20,41.88999938964844,3.5
2026-07-21,41.630001068115234,3.5299999713897705
2026-07-22,42.65999984741211,3.5799999237060547
2026-07-23,42.43000030517578,3.5199999809265137
2026-07-24,41.84000015258789,3.5
2026-07-27,41.869998931884766,3.549999952316284
2026-07-28,43.099998474121094,3.5999999046325684
2026-07-29,42.29999923706055,3.5999999046325684
2026-07-30,42.72999954223633,3.5999999046325684
2026-07-31,43.31999969482422,3.640000104904175
2026-08-03,43.099998474121094,3.630000114440918
2026-08-04,43.02000045776367,3.619999885559082
2026-08-05,42.84000015258789,3.7100000381469727
2026-08-06,41.970001220703125,3.5999999046325684
2026-08-07,41.70000076293945,3.5899999141693115
2026-08-10,41.290000915527344,3.569999933242798
2026-08-11,40.380001068115234,3.4800000190734863
2026-08-12,41.45000076293945,3.509999990463257
2026-08-13,41.5,3.4800000190734863
2026-08-14,42.029998779296875,3.490000009536743
2026-08-17,40.58000183105469,3.4600000381469727
2026-08-18,41.15999984741211,3.4700000286102295
2026-08-19,43.06999969482422,3.5299999713897705
2026-08-20,44.15999984741211,3.619999885559082
2026-08-21,44.970001220703125,3.680000066757202
2026-08-24,46.31999969482422,3.7100000381469727
2026-08-25,46.34000015258789,3.7100000381469727
2026-08-26,46.150001525878906,3.7100000381469727
2026-08-27,46.400001525878906,3.7100000381469727
2026-08-28,45.9900016784668,3.75
2026-08-31,45.29999923706055,3.75
2026-09-01,45.7599983215332,3.759999990463257
2026-09-02,46.75,3.8399999141693115
2026-09-03,46.790000915527344,3.859999895095825
2026-09-04,46.88999938964844,3.8499999046325684
2026-09-08,47.029998779296875,3.859999895095825
2026-09-09,47.22999954223633,3.8499999046325684
2026-09-10,48.099998474121094,3.8399999141693115
2026-09-11,47.810001373291016,3.8499999046325684
2026-09-14,47.29999923706055,3.799999952316284
2026-09-15,47.560001373291016,3.8399999141693115
2026-09-16,46.70000076293945,3.819999933242798
2026-09-17,47.400001525878906,3.880000114440918
2026-09-18,47.9900016784668,3.859999895095825
