Date,UGPA3.SA,CSAN3.SA
2011-09-21,4.282985210418701,3.827502727508545
2011-09-22,4.150371551513672,3.6452388763427734
2011-09-23,4.13142728805542,3.651366710662842
2011-09-26,4.211577415466309,3.6973140239715576
2011-09-27,4.313587188720703,3.7830843925476074
2011-09-28,4.299014568328857,3.767768621444702
2011-09-29,4.323788642883301,3.7830843925476074
2011-09-30,4.299014568328857,3.6712779998779297
2011-10-03,4.2611260414123535,3.5227108001708984
2011-10-04,4.313587188720703,3.59163236618042
2011-10-05,4.383537769317627,3.553342580795288
2011-10-06,4.405397891998291,3.622265100479126
2011-10-07,4.319417476654053,3.610011577606201
2011-10-10,4.351478576660156,3.706503391265869
2011-10-11,4.342734336853027,3.7570483684539795
2011-10-13,4.481176376342773,3.829033136367798
2011-10-14,4.452031135559082,3.855069160461426
2011-10-17,4.532182216644287,3.827502727508545
2011-10-18,4.532182216644287,3.9148037433624268
2011-10-19,4.5161519050598145,4.0327372550964355
2011-10-20,4.473889350891113,4.058775901794434
2011-10-21,4.619618892669678,4.106254577636719
2011-10-24,4.539468288421631,4.0878753662109375
2011-10-25,4.539468288421631,4.0878753662109375
2011-10-26,4.539468288421631,4.0878753662109375
2011-10-27,4.539468288421631,4.0878753662109375
2011-10-28,4.459316730499268,4.089407444000244
2011-10-31,4.459316730499268,4.104723930358887
2011-11-01,4.500121593475342,4.104723930358887
2011-11-03,4.5686140060424805,4.058775901794434
2011-11-04,4.548211574554443,4.058775901794434
2011-11-07,4.708514213562012,4.104723930358887
2011-11-08,4.699771881103516,4.121571063995361
2011-11-09,4.621077537536621,4.086343288421631
2011-11-10,4.621077537536621,4.086343288421631
2011-11-11,4.625448703765869,4.158329010009766
2011-11-14,4.572986125946045,4.104723930358887
2011-11-16,4.583187103271484,4.058775901794434
2011-11-17,4.532182216644287,3.9546256065368652
2011-11-18,4.4622321128845215,3.9699416160583496
2011-11-21,4.4083123207092285,3.936246871948242
2011-11-22,4.430171489715576,3.974536657333374
2011-11-23,4.452031135559082,3.9347147941589355
2011-11-24,4.328161239624023,3.963815212249756
2011-11-25,4.396653652191162,3.9515621662139893
2011-11-28,4.452031135559082,4.064900875091553
2011-11-29,4.422884941101074,4.034268856048584
2011-11-30,4.637107849121094,4.120039463043213
2011-12-01,4.728916645050049,4.22725248336792
2011-12-02,4.615248203277588,4.211935997009277
2011-12-05,4.6443939208984375,4.2502264976501465
2011-12-06,4.736202239990234,4.273200988769531
2011-12-07,4.736202239990234,4.290049076080322
2011-12-08,4.736202239990234,4.271669387817383
2011-12-09,4.663337707519531,4.2609477043151855
2011-12-12,4.663337707519531,4.2609477043151855
2011-12-13,4.641478538513184,4.254820346832275
2011-12-14,4.517609596252441,4.104723930358887
2011-12-15,4.546754837036133,4.051116943359375
2011-12-16,4.554041862487793,4.081748962402344
2011-12-19,4.546754837036133,4.104723930358887
2011-12-20,4.543839931488037,4.136887073516846
2011-12-21,4.5686140060424805,4.104723930358887
2011-12-22,4.558415412902832,4.089407444000244
2011-12-23,4.61233377456665,4.090939044952393
2011-12-26,4.562786102294922,4.1445465087890625
2011-12-27,4.699771881103516,4.13076114654541
2011-12-28,4.685196399688721,4.120039463043213
2011-12-29,4.664795875549316,4.135356426239014
2012-01-02,4.664795875549316,4.089407444000244
2012-01-03,4.798866271972656,4.147609710693359
2012-01-04,4.9256510734558105,4.167520046234131
2012-01-05,4.8906755447387695,4.20121431350708
2012-01-06,4.851329803466797,4.150670528411865
2012-01-09,4.940225124359131,4.181304454803467
2012-01-10,4.841128349304199,4.251758575439453
2012-01-11,4.911077499389648,4.2425689697265625
2012-01-12,5.005802631378174,4.2578840255737305
2012-01-13,5.020375728607178,4.202746868133545
2012-01-16,5.029118061065674,4.211935997009277
2012-01-17,5.029118061065674,4.211935997009277
2012-01-18,5.24479866027832,4.2180633544921875
2012-01-19,5.187964916229248,4.211935997009277
2012-01-20,5.088867664337158,4.2425689697265625
2012-01-23,5.064093589782715,4.20121431350708
2012-01-24,5.018918037414551,4.2425689697265625
2012-01-26,5.01017427444458,4.2425689697265625
2012-01-27,4.991230010986328,4.2425689697265625
2012-01-30,4.998514652252197,4.211935997009277
2012-01-31,5.1515326499938965,4.329869747161865
2012-02-01,5.268115520477295,4.421767711639404
2012-02-02,5.289975643157959,4.38041353225708
2012-02-03,5.304548740386963,4.418704032897949
2012-02-06,5.275402069091797,4.411045551300049
2012-02-07,5.333693504333496,4.441679000854492
2012-02-08,5.2462568283081055,4.461589336395264
2012-02-09,5.31912088394165,4.493753910064697
2012-02-10,5.231682300567627,4.467715740203857
2012-02-13,5.224397659301758,4.518259048461914
2012-02-14,5.19525146484375,4.521321773529053
2012-02-15,5.21856689453125,4.6101555824279785
2012-02-16,5.3555521965026855,4.686737060546875
2012-02-17,5.466305732727051,4.748001575469971
2012-02-23,5.5623369216918945,4.502943515777588
2012-02-24,5.628819465637207,4.631599426269531
2012-02-27,5.648025989532471,4.671420574188232
2012-02-28,5.71155309677124,4.717369079589844
2012-02-29,5.760305881500244,4.709709644317627
2012-03-01,5.8873610496521,4.774038791656494
2012-03-02,5.8356523513793945,4.823050498962402
2012-03-05,5.822356224060059,4.795480728149414
2012-03-06,5.7307562828063965,4.780165195465088
2012-03-07,5.7765583992004395,4.824581623077393
2012-03-08,5.844515800476074,4.8307085037231445
2012-03-09,5.879973888397217,4.832239627838135
2012-03-12,5.894745826721191,4.933326244354248
2012-03-13,6.007027626037598,5.0083746910095215
2012-03-14,6.012938976287842,5.115589618682861
2012-03-15,5.956796646118164,5.222801685333252
2012-03-16,5.9006571769714355,5.192168712615967
2012-03-19,5.9006571769714355,5.161536693572998
2012-03-20,5.798717498779297,5.1431565284729
2012-03-21,5.955321311950684,5.297850608825684
2012-03-22,5.955321311950684,5.192168712615967
2012-03-23,5.924295902252197,5.178384304046631
2012-03-26,5.924295902252197,5.314697742462158
2012-03-27,5.981912612915039,5.26721715927124
2012-03-28,5.939070701599121,5.190637588500977
2012-03-29,5.909520626068115,5.130904197692871
2012-03-30,5.909520626068115,5.201359272003174
2012-04-02,5.953842639923096,5.2534332275390625
2012-04-03,6.057258129119873,5.262623310089111
2012-04-04,5.992254734039307,5.268749713897705
2012-04-05,5.983391284942627,5.279469966888428
2012-04-09,5.9109978675842285,5.195231914520264
2012-04-10,5.857813358306885,5.186041831970215
2012-04-11,5.909520626068115,5.130904197692871
2012-04-12,6.0336222648620605,4.96242618560791
2012-04-13,5.909520626068115,4.841429710388184
2012-04-16,5.968616008758545,4.902694225311279
2012-04-17,6.101579666137695,5.00990629196167
2012-04-18,6.290685176849365,5.130904197692871
2012-04-19,6.323188304901123,5.023690700531006
2012-04-20,6.330574035644531,4.957831859588623
2012-04-23,6.35273551940918,4.786291599273682
2012-04-24,6.23454475402832,4.919541358947754
2012-04-25,6.301026821136475,4.96855354309082
2012-04-26,6.321711540222168,5.080361366271973
2012-04-27,6.426604747772217,5.054324150085449
2012-04-30,6.397056579589844,5.069640159606934
2012-05-02,6.397056579589844,5.026754379272461
2012-05-03,6.337963104248047,5.069640159606934
2012-05-04,6.131128787994385,5.101804256439209
2012-05-07,6.072032928466797,5.130904197692871
2012-05-08,6.113399028778076,5.005312442779541
2012-05-09,6.101579666137695,5.046665191650391
2012-05-10,6.204996585845947,5.031350135803223
2012-05-11,6.175450325012207,5.031350135803223
2012-05-14,6.134082794189453,4.870529651641846
2012-05-15,6.082374095916748,4.81692361831665
2012-05-16,5.974526882171631,4.73268461227417
2012-05-17,5.817922592163086,4.550422191619873
2012-05-18,5.848948955535889,4.593307971954346
2012-05-21,5.848948955535889,4.692862033843994
2012-05-22,6.049872875213623,4.581055641174316
2012-05-23,5.8873610496521,4.518259048461914
2012-05-24,5.8061041831970215,4.493753910064697
2012-05-25,5.7839436531066895,4.509069442749023
2012-05-28,5.894745826721191,4.536638259887695
2012-05-29,5.968616008758545,4.507537364959717
2012-05-30,5.909520626068115,4.449336051940918
2012-05-31,6.129651069641113,4.5887131690979
2012-06-01,6.0941948890686035,4.501410961151123
2012-06-04,6.070555686950684,4.464653015136719
2012-06-05,6.074987888336182,4.493753910064697
2012-06-06,6.318756103515625,4.63619327545166
2012-06-08,6.131128787994385,4.576459884643555
2012-06-11,6.134082794189453,4.487626075744629
2012-06-12,6.441379070281982,4.671420574188232
2012-06-13,6.500473499298096,4.770974636077881
2012-06-14,6.35273551940918,4.737279891967773
2012-06-15,6.40001106262207,4.748001575469971
2012-06-18,6.448766708374023,4.809266090393066
2012-06-19,6.699919700622559,4.847555637359619
2012-06-20,6.661509990692139,4.748001575469971
2012-06-21,6.484221458435059,4.642320156097412
2012-06-22,6.411831378936768,4.614750385284424
2012-06-25,6.397056579589844,4.464653015136719
2012-06-26,6.5078606605529785,4.608623504638672
2012-06-27,6.640824794769287,4.631599426269531
2012-06-28,6.645256519317627,4.649977684020996
2012-06-29,6.677759647369385,4.746469497680664
2012-07-02,6.818109512329102,4.735747814178467
2012-07-03,6.781177043914795,4.723495006561279
2012-07-04,6.652642726898193,4.778633117675781
2012-07-05,6.914140701293945,4.786291599273682
2012-07-06,6.914140701293945,4.778633117675781
2012-07-10,6.730945110321045,4.685205459594727
2012-07-11,6.773787975311279,4.68214225769043
2012-07-12,6.936301231384277,4.671420574188232
2012-07-13,6.9510722160339355,4.700520992279053
2012-07-16,6.9510722160339355,4.602498531341553
2012-07-17,6.877206325531006,4.679078102111816
2012-07-18,6.849134922027588,4.725027084350586
2012-07-19,6.869819164276123,4.728090763092041
2012-07-20,6.824020862579346,4.720431804656982
2012-07-23,6.784130096435547,4.679078102111816
2012-07-24,6.776742458343506,4.645382881164551
2012-07-25,6.7959489822387695,4.671420574188232
2012-07-26,6.844703197479248,4.73268461227417
2012-07-27,7.1121087074279785,4.8935041427612305
2012-07-30,7.239162445068359,4.8935041427612305
2012-07-31,7.135746479034424,4.778633117675781
2012-08-01,6.980620861053467,4.837496280670166
2012-08-02,7.084037780761719,4.748204231262207
2012-08-03,7.135746479034424,4.784234523773193
2012-08-06,7.135746479034424,4.942455291748047
2012-08-07,6.917095184326172,4.986318588256836
2012-08-08,6.8107218742370605,5.111642360687256
2012-08-09,6.839107990264893,5.033315181732178
2012-08-10,6.839107990264893,4.958120346069336
2012-08-13,6.901851654052734,4.933056354522705
2012-08-14,6.865998268127441,4.973787307739258
2012-08-15,6.842095851898193,5.044281005859375
2012-08-16,6.730052471160889,5.016083240509033
2012-08-17,6.6493821144104,5.053679943084717
2012-08-20,6.580661296844482,5.113209247589111
2012-08-21,6.4462080001831055,5.2009358406066895
2012-08-22,6.562735557556152,5.251065731048584
2012-08-23,6.53734016418457,5.177436351776123
2012-08-24,6.6927056312561035,5.310593605041504
2012-08-27,6.712125301361084,5.316860198974609
2012-08-28,6.677765369415283,5.2322678565979
2012-08-29,6.662826061248779,5.182137489318848
2012-08-30,6.618008613586426,5.279263019561768
2012-08-31,6.52837610244751,5.294929027557373
2012-09-03,6.79727840423584,5.298062324523926
2012-09-04,6.72706413269043,5.2322678565979
2012-09-05,6.722581386566162,5.373255729675293
2012-09-06,6.737520694732666,5.475080966949463
2012-09-10,6.722581386566162,5.396754741668701
2012-09-11,6.722581386566162,5.512678623199463
2012-09-12,6.849564552307129,5.506412506103516
2012-09-13,6.921273231506348,5.678731918334961
2012-09-14,6.722581386566162,5.529910564422607
2012-09-17,6.715113162994385,5.558108329772949
2012-09-18,6.689716339111328,5.553408622741699
2012-09-19,6.871973991394043,5.694397449493408
2012-09-20,6.874960422515869,5.616070747375488
2012-09-21,6.824167251586914,5.642702579498291
2012-09-24,6.79727840423584,5.6630659103393555
2012-09-25,6.7659077644348145,5.661500930786133
2012-09-26,6.83014440536499,5.808756351470947
2012-09-27,6.783833026885986,5.8197221755981445
2012-09-28,6.8137102127075195,5.800923824310303
2012-10-01,6.79727840423584,5.811889171600342
2012-10-02,6.842095851898193,5.827554702758789
2012-10-03,6.800266265869141,5.810321807861328
2012-10-04,6.848069667816162,5.764893054962158
2012-10-05,6.901851654052734,5.86671781539917
2012-10-08,6.882431507110596,5.890215873718262
2012-10-09,6.812217712402344,5.894915580749512
2012-10-10,6.724077224731445,5.9137139320373535
2012-10-11,6.871973991394043,6.046871185302734
2012-10-15,6.378983020782471,5.774292469024658
2012-10-16,6.29681921005249,5.811889171600342
2012-10-17,6.364044666290283,5.869851112365723
2012-10-18,6.334167003631592,5.863585472106934
2012-10-19,6.199715614318848,5.8980488777160645
2012-10-22,6.310265064239502,5.921547889709473
2012-10-23,6.29681921005249,5.816588401794434
2012-10-24,6.4671244621276855,5.772726535797119
2012-10-25,6.43873929977417,5.796224117279053
2012-10-26,6.331178665161133,5.971677303314209
2012-10-29,6.461149215698242,5.984208106994629
2012-10-30,6.476088523864746,6.0923004150390625
2012-10-31,6.364044666290283,6.1016998291015625
2012-11-01,6.378983020782471,6.242689609527588
2012-11-05,6.334167003631592,6.234857082366943
2012-11-06,6.408863067626953,6.148696422576904
2012-11-07,6.461149215698242,6.031205654144287
2012-11-08,6.57767391204834,6.1674957275390625
2012-11-09,6.520905494689941,6.198826313018799
2012-11-12,6.647887229919434,6.128331661224365
2012-11-13,6.549291133880615,6.178459167480469
2012-11-14,6.4984965324401855,6.156527996063232
2012-11-16,6.48355770111084,6.1110992431640625
2012-11-19,6.603072166442871,6.250521183013916
2012-11-21,6.573193073272705,6.209791660308838
2012-11-22,6.543314456939697,6.1674957275390625
2012-11-23,6.618008613586426,6.256788730621338
2012-11-26,6.744990825653076,6.195692539215088
2012-11-27,6.637431621551514,6.203525066375732
2012-11-28,6.718100547790527,6.180028438568115
2012-11-29,6.737520694732666,6.225457191467285
2012-11-30,6.573193073272705,6.154962539672852
2012-12-03,6.661331653594971,6.109532833099365
2012-12-04,6.618008613586426,6.06253719329834
2012-12-05,6.618008613586426,6.078202724456787
2012-12-06,6.64041805267334,6.156527996063232
2012-12-07,6.603072166442871,6.148696422576904
2012-12-10,6.585142612457275,6.172194480895996
2012-12-11,6.573193073272705,6.203525066375732
2012-12-12,6.543314456939697,6.234857082366943
2012-12-13,6.52837610244751,6.219191074371338
2012-12-14,6.4984965324401855,6.277153968811035
2012-12-17,6.5134358406066895,6.451039791107178
2012-12-18,6.52837610244751,6.5011677742004395
2012-12-19,6.700174331665039,6.573230266571045
2012-12-20,6.625478267669678,6.560698986053467
2012-12-21,6.7524614334106445,6.555999279022217
2012-12-26,6.680752754211426,6.637459754943848
2012-12-27,6.770386219024658,6.573230266571045
2012-12-28,6.915297031402588,6.540333271026611
2013-01-02,6.842095851898193,6.657824516296387
2013-01-03,6.764413833618164,6.617094039916992
2013-01-04,6.901851654052734,6.604561805725098
2013-01-07,7.021365165710449,6.626492977142334
2013-01-08,7.051244258880615,6.696987628936768
2013-01-09,7.03630256652832,6.711087226867676
2013-01-10,6.946670055389404,6.634326934814453
2013-01-11,6.930236339569092,6.6625237464904785
2013-01-14,6.9167914390563965,6.767484664916992
2013-01-15,6.901851654052734,6.696987628936768
2013-01-16,6.871973991394043,6.696987628936768
2013-01-17,6.854043483734131,6.7095208168029785
2013-01-18,6.79727840423584,6.712653636932373
2013-01-21,6.864504337310791,6.798813819885254
2013-01-22,6.827157974243164,6.798813819885254
2013-01-23,6.934718132019043,6.798813819885254
2013-01-24,6.79727840423584,6.969567775726318
2013-01-28,6.991486549377441,7.008732318878174
2013-01-29,7.209596633911133,7.159120559692383
2013-01-30,7.275328636169434,7.345538139343262
2013-01-31,7.181211471557617,7.36276912689209
2013-02-01,7.32462739944458,7.36276912689209
2013-02-04,7.1886820793151855,7.284442901611328
2013-02-05,7.208103656768799,7.378435134887695
2013-02-06,7.200632572174072,7.26564359664917
2013-02-07,7.252918720245361,7.495926856994629
2013-02-08,7.3784098625183105,7.323606967926025
2013-02-13,7.409780502319336,7.2217817306518555
2013-02-14,7.379902362823486,7.206116199493408
2013-02-15,7.379902362823486,7.284442901611328
2013-02-18,7.245449542999268,7.300107955932617
2013-02-19,7.379902362823486,7.378435134887695
2013-02-20,7.529293537139893,7.229613304138184
2013-02-21,7.871397972106934,7.198283672332764
2013-02-22,7.869902610778809,7.165384292602539
2013-02-25,7.789231777191162,7.174783706665039
2013-02-26,7.633866786956787,7.159120559692383
2013-02-27,7.6353607177734375,7.088624000549316
2013-02-28,7.764002323150635,7.309506416320801
2013-03-01,7.695901393890381,7.279743194580078
2013-03-04,7.659574031829834,7.3157734870910645
2013-03-05,7.671681880950928,7.517857551574707
2013-03-06,7.6353607177734375,7.49906063079834
2013-03-07,7.476448059082031,7.279743194580078
2013-03-08,7.479476451873779,7.2703447341918945
2013-03-11,7.408341884613037,7.329872131347656
2013-03-12,7.6277923583984375,7.36276912689209
2013-03-13,7.6277923583984375,7.430130958557129
2013-03-14,7.564227104187012,7.411332130432129
2013-03-15,7.597524642944336,7.3251729011535645
2013-03-18,7.605091571807861,7.42386531829834
2013-03-19,7.6731953620910645,7.215514659881592
2013-03-20,7.630821228027344,7.091758728027344
2013-03-21,7.567253112792969,7.145021915435791
2013-03-22,7.485528945922852,6.9633002281188965
2013-03-25,7.608116149902344,7.013430118560791
2013-03-26,7.64292573928833,7.151287078857422
2013-03-27,7.686819076538086,7.23431396484375
2013-03-28,7.733733654022217,7.23431396484375
2013-04-01,7.738273620605469,7.079225063323975
2013-04-02,7.801839828491211,6.98836612701416
2013-04-03,7.7942728996276855,7.008732318878174
2013-04-04,7.732219696044922,7.00403356552124
2013-04-05,7.597524642944336,6.955467224121094
2013-04-08,7.567253112792969,6.955467224121094
2013-04-09,7.711032867431641,7.008732318878174
2013-04-10,7.820003509521484,7.1277875900268555
2013-04-11,7.788218021392822,6.947635650634766
2013-04-12,7.783677101135254,6.827012062072754
2013-04-15,7.6277923583984375,6.626492977142334
2013-04-16,7.869945526123047,6.975832939147949
2013-04-17,7.854812145233154,6.814478874206543
2013-04-18,8.13479995727539,7.094891548156738
2013-04-19,8.127230644226074,7.046328544616699
2013-04-22,8.095449447631836,7.014998435974121
2013-04-23,8.142367362976074,7.217082500457764
2013-04-24,8.204419136047363,7.286009311676025
2013-04-25,8.157501220703125,7.27191162109375
2013-04-26,8.157501220703125,7.27191162109375
2013-04-29,8.051558494567871,7.267210960388184
2013-04-30,8.080315589904785,7.456762790679932
2013-05-02,8.02280330657959,7.36276912689209
2013-05-03,8.124205589294434,7.412899971008301
2013-05-06,8.096962928771973,7.36276912689209
2013-05-07,8.208958625793457,7.36276912689209
2013-05-08,8.205933570861816,7.253111839294434
2013-05-09,8.157501220703125,7.3157734870910645
2013-05-10,8.316413879394531,7.337706565856934
2013-05-13,8.263442039489746,7.293842792510986
2013-05-14,8.310359001159668,7.323606967926025
2013-05-15,8.331547737121582,7.36276912689209
2013-05-16,8.316413879394531,7.229613304138184
2013-05-17,8.37846565246582,7.367469787597656
2013-05-20,8.44505786895752,7.544490337371826
2013-05-21,8.414787292480469,7.644749164581299
2013-05-22,8.407218933105469,7.672946929931641
2013-05-23,8.328522682189941,7.679213523864746
2013-05-24,8.240740776062012,7.55075740814209
2013-05-27,8.254363059997559,7.475563049316406
2013-05-28,8.27100944519043,7.517857551574707
2013-05-29,8.202901840209961,7.477128028869629
2013-05-31,8.13479995727539,7.409766674041748
2013-06-03,8.142367362976074,7.293842792510986
2013-06-04,8.13479995727539,7.312641143798828
2013-06-05,8.096962928771973,7.206116199493408
2013-06-06,8.03642463684082,6.877140045166016
2013-06-07,7.850268363952637,6.983665466308594
2013-06-10,7.969831466674805,6.834843635559082
2013-06-11,7.880540370941162,6.631193161010742
2013-06-12,7.764002323150635,6.814478874206543
2013-06-13,7.658061504364014,6.9413676261901855
2013-06-14,7.718598365783691,6.869307041168213
2013-06-17,7.691357612609863,6.776881694793701
2013-06-18,7.762491226196289,6.806646347045898
2013-06-19,7.676222324371338,6.687589168548584
2013-06-20,7.736762046813965,6.642158508300781
2013-06-21,7.553632736206055,6.626492977142334
2013-06-24,7.450719356536865,6.573230266571045
2013-06-25,7.4613118171691895,6.476104736328125
2013-06-26,7.688330173492432,6.540333271026611
2013-06-27,8.01826286315918,6.817611217498779
2013-06-28,8.021288871765137,6.783148765563965
2013-07-01,8.095449447631836,6.798813819885254
2013-07-02,7.92896842956543,6.628059387207031
2013-07-03,7.930483818054199,6.606129169464111
2013-07-04,7.91534948348999,6.579497337341309
2013-07-05,7.938050746917725,6.571663856506348
2013-07-08,7.869945526123047,6.579497337341309
2013-07-10,7.954697132110596,6.560698986053467
2013-07-11,8.142367362976074,6.872440814971924
2013-07-12,8.127230644226074,6.792547225952148
2013-07-15,8.142367362976074,6.798813819885254
2013-07-16,8.059125900268555,6.781581401824951
2013-07-17,8.133284568786621,6.883407115936279
2013-07-18,8.152960777282715,6.863040924072266
2013-07-19,8.104531288146973,6.8458099365234375
2013-07-22,8.163556098937988,6.892807483673096
2013-07-23,8.193824768066406,6.877140045166016
2013-07-24,8.218037605285645,6.797247409820557
2013-07-25,8.218037605285645,6.696987628936768
2013-07-26,8.218037605285645,6.696987628936768
2013-07-29,8.18777084350586,6.736150741577148
2013-07-30,8.160529136657715,6.712653636932373
2013-07-31,8.19533634185791,6.659390449523926
2013-08-01,8.218037605285645,6.942981243133545
2013-08-02,8.323980331420898,6.919012546539307
2013-08-05,8.420841217041016,6.831125736236572
2013-08-06,8.27100944519043,6.741642951965332
2013-08-07,8.11209774017334,6.663344383239746
2013-08-08,8.27452278137207,6.679323673248291
2013-08-09,8.357267379760742,6.740045547485352
2013-08-12,8.311299324035645,6.596230983734131
2013-08-13,8.297506332397461,6.6457672119140625
2013-08-14,8.243876457214355,6.511542320251465
2013-08-15,8.090644836425781,6.479583263397217
2013-08-16,8.07225513458252,6.4428300857543945
2013-08-19,7.891444206237793,6.503551483154297
2013-08-20,7.869990348815918,6.431645393371582
2013-08-21,8.069190979003906,6.3757171630859375
2013-08-22,8.142743110656738,6.564274787902832
2013-08-23,8.250006675720215,6.757620811462402
2013-08-26,8.182584762573242,6.642571449279785
2013-08-27,7.954267501831055,6.4636030197143555
2013-08-28,7.978785514831543,6.514738082885742
2013-08-29,8.029352188110352,6.439635753631592
2013-08-30,7.9971723556518555,6.647365570068359
2013-09-02,8.243876457214355,6.711282730102539
2013-09-03,8.007899284362793,6.554685115814209
2013-09-04,8.095242500305176,6.663344383239746
2013-09-05,8.174921989440918,6.711282730102539
2013-09-06,8.305168151855469,6.644168853759766
2013-09-09,8.556467056274414,6.871073246002197
2013-09-10,8.700505256652832,6.896641731262207
2013-09-11,8.55034065246582,6.871073246002197
2013-09-12,8.41242790222168,6.871073246002197
2013-09-13,8.622359275817871,6.8886518478393555
2013-09-16,8.554938316345215,6.877465724945068
2013-09-17,8.525821685791016,6.859887599945068
2013-09-18,8.7142972946167,6.931795120239258
2013-09-19,8.84148120880127,6.695302963256836
2013-09-20,8.588647842407227,6.648962497711182
2013-09-23,8.754136085510254,6.72246789932251
2013-09-24,8.758736610412598,6.939785003662109
2013-09-25,8.587114334106445,6.9989094734191895
2013-09-26,8.504371643066406,6.903034687042236
2013-09-27,8.519694328308105,6.8534979820251465
2013-09-30,8.375656127929688,6.826332092285156
2013-10-01,8.732685089111328,7.053236961364746
2013-10-02,8.835351943969727,7.0005059242248535
2013-10-03,8.757204055786133,6.939785003662109
2013-10-04,8.826156616210938,6.971743583679199
2013-10-07,8.850672721862793,6.966951370239258
2013-10-08,8.772525787353516,7.0484442710876465
2013-10-09,8.882853507995605,7.137927532196045
2013-10-10,8.86139965057373,6.955763339996338
2013-10-11,8.939547538757324,6.914219856262207
2013-10-14,9.040684700012207,7.010092735290527
2013-10-15,9.074393272399902,7.070815086364746
2013-10-16,9.054471015930176,7.05164098739624
2013-10-17,8.964065551757812,7.113958835601807
2013-10-18,9.05907154083252,7.0260725021362305
2013-10-21,9.193913459777832,7.032464504241943
2013-10-22,9.224559783935547,7.102774143218994
2013-10-23,9.201574325561523,7.029269695281982
2013-10-24,9.17859172821045,6.934992790222168
2013-10-25,9.052942276000977,6.930196762084961
2013-10-28,9.034553527832031,7.097979545593262
2013-10-29,9.089716911315918,7.134732723236084
2013-10-30,9.161736488342285,7.054836750030518
2013-10-31,9.152542114257812,7.177875518798828
2013-11-01,9.181655883789062,7.134732723236084
2013-11-04,9.169397354125977,7.062824726104736
2013-11-05,9.098910331726074,6.990919589996338
2013-11-06,9.103507995605469,7.005300045013428
2013-11-07,8.887450218200684,7.046846389770508
2013-11-08,8.718894958496094,6.934992790222168
2013-11-11,8.881319999694824,6.97493839263916
2013-11-12,8.888982772827148,7.014886856079102
2013-11-13,8.879788398742676,7.077206611633301
2013-11-14,8.959467887878418,7.136329650878906
2013-11-18,8.993180274963379,7.014886856079102
2013-11-19,8.979387283325195,6.903034687042236
2013-11-21,8.964065551757812,6.791177749633789
2013-11-22,8.872129440307617,6.740045547485352
2013-11-25,8.864462852478027,6.871073246002197
2013-11-26,8.84454345703125,6.762416362762451
2013-11-27,8.899709701538086,6.79757022857666
2013-11-28,8.833820343017578,6.743241786956787
2013-11-29,8.892046928405762,6.871073246002197
2013-12-02,8.73421859741211,6.703292369842529
2013-12-03,8.579452514648438,6.53391170501709
2013-12-04,8.504371643066406,6.551489353179932
2013-12-05,8.504371643066406,6.439635753631592
2013-12-06,8.594778060913086,6.5131402015686035
2013-12-09,8.603972434997559,6.524324893951416
2013-12-10,8.580986022949219,6.5259222984313965
2013-12-11,8.482919692993164,6.402884006500244
2013-12-12,8.501304626464844,6.415666103363037
2013-12-13,8.381782531738281,6.351749420166016
2013-12-16,8.544212341308594,6.3213887214660645
2013-12-17,8.67292594909668,6.311801433563232
2013-12-18,8.512032508850098,6.319789886474609
2013-12-19,8.633084297180176,6.430046558380127
2013-12-20,8.639215469360352,6.346955299377441
2013-12-23,8.522757530212402,6.364531517028809
2013-12-26,8.531952857971191,6.279841423034668
2013-12-27,8.528886795043945,6.276646137237549
2013-12-30,8.573324203491211,6.324583530426025
2014-01-02,8.34654426574707,6.080101490020752
2014-01-03,8.297506332397461,6.139225482940674
2014-01-06,8.168791770935059,5.995411396026611
2014-01-07,8.202505111694336,5.966649055480957
2014-01-08,8.328153610229492,5.897938251495361
2014-01-09,8.179518699645996,5.960257053375244
2014-01-10,8.262266159057617,6.10407018661499
2014-01-13,8.197907447814941,5.997009754180908
2014-01-14,8.303637504577637,6.1903581619262695
2014-01-15,8.262266159057617,6.113658905029297
2014-01-16,8.27452278137207,6.076906204223633
2014-01-17,8.121292114257812,6.10407018661499
2014-01-20,8.202505111694336,6.06092643737793
2014-01-21,8.242342948913574,5.976237773895264
2014-01-22,8.314364433288574,5.997009754180908
2014-01-23,8.182584762573242,5.8388142585754395
2014-01-24,8.087579727172852,5.784485340118408
2014-01-27,7.945074558258057,5.851597785949707
2014-01-28,8.090644836425781,5.878762722015381
2014-01-29,8.193309783935547,5.808454513549805
2014-01-30,8.168791770935059,5.632683277130127
2014-01-31,8.167262077331543,5.7429399490356445
2014-02-03,7.915960311889648,5.517632007598877
2014-02-04,8.035482406616211,5.696600437164307
2014-02-05,7.807164192199707,5.659847736358643
2014-02-06,8.075321197509766,5.579951763153076
2014-02-07,7.960398197174072,5.672630786895752
2014-02-10,7.86232852935791,5.5751566886901855
2014-02-11,8.018625259399414,5.651858329772949
2014-02-12,7.968058109283447,5.626291751861572
2014-02-13,7.892975807189941,5.551189422607422
2014-02-14,7.9052348136901855,5.827629089355469
2014-02-17,8.038543701171875,5.7988667488098145
2014-02-18,7.946608543395996,5.5607757568359375
2014-02-19,8.095242500305176,5.432941436767578
2014-02-20,7.968058109283447,5.544796943664551
2014-02-21,8.075321197509766,5.650259494781494
2014-02-24,8.069190979003906,5.84840202331543
2014-02-25,7.954267501831055,5.758918285369873
2014-02-26,8.05999755859375,5.734950065612793
2014-02-27,8.23241138458252,5.718970775604248
2014-02-28,8.100385665893555,5.543198108673096
2014-03-05,8.019614219665527,5.40897274017334
2014-03-06,8.115917205810547,5.5607757568359375
2014-03-07,8.077083587646484,5.400985240936279
2014-03-10,8.063104629516602,5.512838840484619
2014-03-11,7.997866630554199,5.532013893127441
2014-03-12,7.976120471954346,5.50165319442749
2014-03-13,7.873604774475098,5.4233551025390625
2014-03-14,7.774192810058594,5.273150444030762
2014-03-17,7.850306510925293,5.2411909103393555
2014-03-18,8.064659118652344,5.273150444030762
2014-03-19,8.178048133850098,5.2955217361450195
2014-03-20,8.170282363891602,5.249181747436523
2014-03-21,8.235518455505371,5.37222146987915
2014-03-24,8.28677749633789,5.485673904418945
2014-03-25,8.319396018981934,5.36263370513916
2014-03-26,8.294544219970703,5.415365219116211
2014-03-27,8.465407371520996,5.5607757568359375
2014-03-28,8.499576568603516,5.600724220275879
2014-03-31,8.529088973999023,5.634280681610107
2014-04-01,8.645586013793945,5.6087141036987305
2014-04-02,8.807127952575684,5.806857109069824
2014-04-03,8.605201721191406,5.803660869598389
2014-04-04,8.637819290161133,5.893144607543945
2014-04-07,8.768296241760254,5.9187116622924805
2014-04-08,8.66733455657959,5.797269344329834
2014-04-09,8.72946548461914,5.736549377441406
2014-04-10,8.755873680114746,5.907526016235352
2014-04-11,8.88479232788086,6.152008056640625
2014-04-14,8.807127952575684,6.080101490020752
2014-04-15,8.704611778259277,5.912320613861084
2014-04-16,8.845962524414062,6.188759803771973
2014-04-17,8.900325775146484,6.140822887420654
2014-04-22,8.816446304321289,6.035360336303711
2014-04-23,8.755873680114746,5.952267646789551
2014-04-24,8.713932991027832,6.0081939697265625
2014-04-25,8.69373893737793,5.928299903869629
2014-04-28,8.633160591125488,5.95546293258667
2014-04-29,8.69839859008789,6.078502655029297
2014-04-30,8.626949310302734,6.080101490020752
2014-05-02,8.818002700805664,6.268733978271484
2014-05-05,8.906537055969238,6.255808353424072
2014-05-06,9.071187973022461,6.2444987297058105
2014-05-07,8.974882125854492,6.28812313079834
2014-05-08,8.853727340698242,6.221879482269287
2014-05-09,8.797809600830078,6.192798137664795
2014-05-12,8.894113540649414,6.284890651702881
2014-05-13,8.866153717041016,6.352748394012451
2014-05-14,9.009057998657227,6.302663326263428
2014-05-15,8.912752151489258,6.268733978271484
2014-05-16,8.741890907287598,6.155638217926025
2014-05-19,8.387742042541504,5.9617600440979
2014-05-20,8.294544219970703,5.977917671203613
2014-05-21,8.306970596313477,5.950450420379639
2014-05-22,8.468511581420898,6.013460636138916
2014-05-23,8.367549896240234,5.998920917510986
2014-05-26,8.384635925292969,6.019923210144043
2014-05-27,8.22309398651123,5.943987846374512
2014-05-28,8.263479232788086,5.984378814697266
2014-05-29,8.356677055358887,6.065162181854248
2014-05-30,8.364442825317383,6.099090099334717
2014-06-02,8.296097755432129,6.123324394226074
2014-06-03,8.403273582458496,6.160485744476318
2014-06-04,8.308525085449219,6.200876235961914
2014-06-05,8.192028045654297,6.286506652832031
2014-06-06,8.282118797302246,6.375367164611816
2014-06-09,8.443657875061035,6.507850646972656
2014-06-10,8.45763874053955,6.536932468414307
2014-06-11,8.28056526184082,6.559550762176514
2014-06-13,8.188921928405762,6.672647476196289
2014-06-16,8.182707786560059,6.575708866119385
2014-06-17,8.207559585571289,6.624176502227783
2014-06-18,8.381529808044434,6.545010566711426
2014-06-20,8.39395523071289,6.464228630065918
2014-06-23,8.403273582458496,6.548242092132568
2014-06-24,8.387742042541504,6.564399242401123
2014-06-25,8.296097755432129,6.488463401794434
2014-06-26,8.216878890991211,6.3866777420043945
2014-06-27,8.221540451049805,6.490078926086426
2014-06-30,8.170282363891602,6.478768825531006
2014-07-01,8.046016693115234,6.407679557800293
2014-07-02,7.937289714813232,6.359210968017578
2014-07-03,7.976120471954346,6.452919960021973
2014-07-04,8.139216423034668,6.47068977355957
2014-07-07,8.028929710388184,6.349515914916992
2014-07-08,8.032039642333984,6.365673542022705
2014-07-10,8.095723152160645,6.414141654968262
2014-07-11,8.12989616394043,6.3834452629089355
2014-07-14,8.23241138458252,6.406064033508301
2014-07-15,8.325610160827637,6.373750686645508
2014-07-16,8.193583488464355,6.2574238777160645
2014-07-17,8.154747009277344,6.252577304840088
2014-07-18,8.178048133850098,6.394753932952881
2014-07-21,8.356677055358887,6.4157586097717285
2014-07-22,8.462301254272461,6.441607475280762
2014-07-23,8.28677749633789,6.401218414306641
2014-07-24,8.418807029724121,6.250961780548096
2014-07-25,8.387742042541504,6.173410415649414
2014-07-28,8.409488677978516,5.969837665557861
2014-07-29,8.328716278076172,6.026385307312012
2014-07-30,8.184261322021484,6.058698654174805
2014-07-31,8.115917205810547,6.005382061004639
2014-08-01,7.9776740074157715,5.960143566131592
2014-08-04,8.125236511230469,6.052236557006836
2014-08-05,7.937289714813232,6.021538257598877
2014-08-06,7.9854416847229,5.979532718658447
2014-08-07,8.178048133850098,5.943987846374512
2014-08-08,8.209113121032715,5.929447650909424
2014-08-11,8.387742042541504,5.979532718658447
2014-08-12,8.536857604980469,5.9892258644104
2014-08-13,8.40172004699707,5.9536824226379395
2014-08-14,8.623648643493652,5.897133827209473
2014-08-15,8.774747848510742,5.929447650909424
2014-08-18,8.790486335754395,6.074855327606201
2014-08-19,8.916400909423828,6.223494529724121
2014-08-20,8.913253784179688,6.373750686645508
2014-08-21,8.944734573364258,6.34628438949585
2014-08-22,8.913253784179688,6.4464545249938965
2014-08-25,9.089536666870117,6.61125373840332
2014-08-26,8.9557523727417,6.805130481719971
2014-08-27,8.877052307128906,7.100796222686768
2014-08-28,8.825112342834473,7.181577682495117
2014-08-29,9.081665992736816,7.543483257293701
2014-09-01,8.823539733886719,7.302751541137695
2014-09-02,8.788909912109375,7.301136016845703
2014-09-03,8.933713912963867,7.3560686111450195
2014-09-04,8.971490859985352,7.246203899383545
2014-09-05,8.971490859985352,7.0862531661987305
2014-09-08,8.814095497131348,6.963465690612793
2014-09-09,8.814095497131348,6.898838043212891
2014-09-10,8.801501274108887,6.834212779998779
2014-09-11,8.853443145751953,6.808362007141113
2014-09-12,8.578003883361816,6.624176502227783
2014-09-15,8.50717544555664,6.640334606170654
2014-09-16,8.744841575622559,6.753429889678955
2014-09-17,8.62207317352295,6.897223949432373
2014-09-18,8.499306678771973,6.779280662536621
2014-09-19,8.510324478149414,6.646796703338623
2014-09-22,8.384408950805664,6.47068977355957
2014-09-23,8.286824226379395,6.418989658355713
2014-09-24,8.37024211883545,6.402833461761475
2014-09-25,8.227012634277344,6.249346733093262
2014-09-26,8.403295516967773,6.517545700073242
2014-09-29,8.184514999389648,6.349515914916992
2014-09-30,8.154611587524414,6.355979919433594
2014-10-01,7.909079074859619,6.074855327606201
2014-10-02,7.836674213409424,5.990840435028076
2014-10-03,7.965739727020264,6.099090099334717
2014-10-06,8.422182083129883,6.568110942840576
2014-10-07,8.242753028869629,6.580835342407227
2014-10-08,8.296266555786133,6.47175931930542
2014-10-09,8.245901107788086,6.437220573425293
2014-10-10,8.003511428833008,6.371776580810547
2014-10-13,8.184514999389648,6.762627124786377
2014-10-14,8.105819702148438,6.822618007659912
2014-10-15,7.8697285652160645,6.701367378234863
2014-10-16,7.794177055358887,6.462687969207764
2014-10-17,8.153036117553711,6.504915714263916
2014-10-20,7.946850776672363,6.36721658706665
2014-10-21,7.757977485656738,5.89536714553833
2014-10-22,7.849266529083252,5.858645915985107
2014-10-23,7.554938793182373,5.636491298675537
2014-10-24,7.830376148223877,5.774191856384277
2014-10-27,7.691872596740723,5.658524036407471
2014-10-28,8.09795093536377,5.93392276763916
2014-10-29,7.825656414031982,5.78887939453125
2014-10-30,8.053877830505371,5.994510173797607
2014-10-31,8.50717544555664,6.350691795349121
2014-11-03,8.294692993164062,6.227680206298828
2014-11-04,8.318302154541016,6.288268566131592
2014-11-05,8.393853187561035,6.179945468902588
2014-11-06,8.020827293395996,5.812747478485107
2014-11-07,8.088505744934082,5.792551040649414
2014-11-10,8.135722160339355,5.765010833740234
2014-11-11,8.153036117553711,5.599771976470947
2014-11-12,8.286824226379395,5.750323295593262
2014-11-13,8.184514999389648,5.526332855224609
2014-11-14,8.173501014709473,5.496957302093506
2014-11-17,8.20025634765625,5.511643409729004
2014-11-18,8.376538276672363,5.495121002197266
2014-11-19,8.499306678771973,5.6566877365112305
2014-11-21,8.814095497131348,5.985329627990723
2014-11-24,8.499306678771973,6.040410041809082
2014-11-25,8.634666442871094,5.939429759979248
2014-11-26,8.543377876281738,6.187289714813232
2014-11-27,8.551246643066406,6.000018119812012
2014-11-28,8.636240005493164,5.8384504318237305
2014-12-01,8.184514999389648,5.673211574554443
2014-12-02,8.115262985229492,5.8384504318237305
2014-12-03,8.227012634277344,5.801730155944824
2014-12-04,8.09795093536377,5.6915717124938965
2014-12-05,8.09795093536377,5.709931373596191
2014-12-08,7.8539886474609375,5.462072372436523
2014-12-09,7.932685852050781,5.306013107299805
2014-12-10,7.792605876922607,5.177495002746582
2014-12-11,7.902781009674072,5.206870079040527
2014-12-12,7.751682758331299,5.00307559967041
2014-12-15,7.7501068115234375,4.747872829437256
2014-12-16,7.715482234954834,4.8837361335754395
2014-12-17,8.011383056640625,5.120578765869141
2014-12-18,7.953148365020752,5.0673346519470215
2014-12-19,8.027120590209961,5.113234996795654
2014-12-22,8.121562004089355,5.094874858856201
2014-12-23,8.118410110473633,5.203198432922363
2014-12-26,8.063323974609375,5.205033302307129
2014-12-29,8.184514999389648,5.269293308258057
2014-12-30,8.060175895690918,5.2968339920043945
2015-01-02,7.973607063293457,5.104053974151611
2015-01-05,7.7611260414123535,4.801115036010742
2015-01-06,7.772144317626953,4.612009048461914
2015-01-07,7.9830522537231445,4.679940223693848
2015-01-08,7.901207447052002,4.736855506896973
2015-01-09,7.805196285247803,4.589976787567139
2015-01-12,7.655670642852783,4.303562164306641
2015-01-13,7.729646682739258,4.553256511688232
2015-01-14,7.792605876922607,4.604665279388428
2015-01-15,7.816213607788086,4.843343257904053
2015-01-16,7.924818992614746,4.760724067687988
2015-01-19,7.8697285652160645,4.516537666320801
2015-01-20,7.984626770019531,4.718495845794678
2015-01-21,8.220718383789062,4.738692283630371
2015-01-22,8.25849437713623,4.986551761627197
2015-01-23,8.253769874572754,5.0122551918029785
2015-01-26,8.182940483093262,4.984715461730957
2015-01-27,8.264787673950195,4.865375995635986
2015-01-28,8.193963050842285,4.735020637512207
2015-01-29,8.271082878112793,4.780920505523682
2015-01-30,8.329320907592773,4.503684997558594
2015-02-02,8.571706771850586,4.595485210418701
2015-02-03,8.5858736038208,4.698300361633301
2015-02-04,8.590595245361328,4.6689252853393555
2015-02-05,8.798356056213379,4.834164142608643
2015-02-06,8.815669059753418,4.635876655578613
2015-02-09,8.886497497558594,4.755215644836426
2015-02-10,8.837703704833984,4.837835788726807
2015-02-11,8.75900650024414,4.86904764175415
2015-02-12,8.965194702148438,5.122413635253906
2015-02-13,9.113146781921387,5.109562873840332
2015-02-18,9.121016502380371,5.140774250030518
2015-02-19,9.13360595703125,5.0673346519470215
2015-02-20,8.979360580444336,5.104053974151611
2015-02-23,9.032872200012207,4.984715461730957
2015-02-24,9.125737190246582,5.04897403717041
2015-02-25,9.190268516540527,5.021435260772705
2015-02-26,9.320907592773438,5.155462265014648
2015-02-27,9.363404273986816,5.194018363952637
2015-03-02,9.284706115722656,5.142609596252441
2015-03-03,9.46413516998291,5.087530612945557
2015-03-04,9.268965721130371,4.970026969909668
2015-03-05,9.316761016845703,4.947996139526367
2015-03-06,9.272149085998535,4.89842414855957
2015-03-09,9.112836837768555,4.847015380859375
2015-03-10,9.042737007141113,4.843343257904053
2015-03-11,9.155853271484375,4.8874077796936035
2015-03-12,9.335877418518066,4.841508388519287
2015-03-13,9.240290641784668,4.698300361633301
2015-03-16,9.415535926818848,4.742363929748535
2015-03-17,9.536616325378418,4.863539695739746
2015-03-18,9.796298027038574,5.140774250030518
2015-03-19,9.78036880493164,5.026942729949951
2015-03-20,9.8807373046875,5.1260857582092285
2015-03-23,9.877552032470703,5.122413635253906
2015-03-24,9.907818794250488,5.149953842163086
2015-03-25,10.012968063354492,5.344569206237793
2015-03-26,9.855247497558594,5.236246109008789
2015-03-27,9.925345420837402,5.0122551918029785
2015-03-30,10.218483924865723,5.087530612945557
2015-03-31,10.347530364990234,5.120578765869141
2015-04-01,10.621552467346191,5.320701599121094
2015-04-02,10.467015266418457,5.324373245239258
2015-04-06,10.5817232131958,5.285817623138428
2015-04-07,10.427188873291016,5.381289005279541
2015-04-08,10.546677589416504,5.427189350128174
2015-04-09,10.55782699584961,5.350077152252197
2015-04-10,10.474982261657715,5.397812843322754
2015-04-13,10.607215881347656,5.434532642364502
2015-04-14,10.59128189086914,5.361093521118164
2015-04-15,10.728294372558594,5.471252918243408
2015-04-16,10.669347763061523,5.3739447593688965
2015-04-17,10.516406059265137,5.306013107299805
2015-04-20,10.478169441223145,5.282145977020264
2015-04-22,10.629518508911133,5.4785966873168945
2015-04-23,10.804767608642578,5.515316486358643
2015-04-24,10.87167739868164,5.4088287353515625
2015-04-27,10.650229454040527,5.3188652992248535
2015-04-28,10.631112098693848,5.403320789337158
2015-04-29,10.833441734313965,5.306013107299805
2015-04-30,11.048518180847168,5.416172981262207
2015-05-04,11.152073860168457,5.382404804229736
2015-05-05,11.183938026428223,5.167182445526123
2015-05-06,11.351215362548828,5.278502941131592
2015-05-07,11.142513275146484,5.107810020446777
2015-05-08,11.410162925720215,5.146772384643555
2015-05-11,11.31138801574707,4.968658447265625
2015-05-12,11.40697956085205,5.028029918670654
2015-05-13,11.435654640197754,5.092967510223389
2015-05-14,11.515312194824219,5.150483131408691
2015-05-15,11.725608825683594,5.141206741333008
2015-05-18,11.563108444213867,5.130074501037598
2015-05-19,11.524871826171875,5.074413299560547
2015-05-20,11.494600296020508,5.167182445526123
2015-05-21,11.700117111206055,5.202434062957764
2015-05-22,11.564702033996582,5.167182445526123
2015-05-25,11.355998039245605,5.120798587799072
2015-05-26,11.312982559204102,4.966804027557373
2015-05-27,11.16800308227539,4.979790687561035
2015-05-28,11.11861801147461,4.812807559967041
2015-05-29,10.964081764221191,4.668089389801025
2015-06-01,11.072415351867676,4.66066837310791
2015-06-02,11.19667911529541,4.797965049743652
2015-06-03,11.088345527648926,4.8462042808532715
2015-06-05,11.088345527648926,4.777556419372559
2015-06-08,11.000724792480469,4.790544033050537
2015-06-09,10.944964408874512,4.872179985046387
2015-06-10,10.865304946899414,4.9538164138793945
2015-06-11,10.847782135009766,4.9538164138793945
2015-06-12,10.881235122680664,4.898153781890869
2015-06-15,10.833441734313965,4.784977436065674
2015-06-16,10.95930290222168,4.666234016418457
2015-06-17,10.944964408874512,4.675510883331299
2015-06-18,10.94974136352539,4.823940753936768
2015-06-19,10.814326286315918,4.708907604217529
2015-06-22,10.772902488708496,4.790544033050537
2015-06-23,10.73785400390625,4.879601001739502
2015-06-24,10.659788131713867,4.855481147766113
2015-06-25,10.640671730041504,4.790544033050537
2015-06-26,10.543488502502441,4.823940753936768
2015-06-29,10.479763984680176,4.681077480316162
2015-06-30,10.479763984680176,4.666234016418457
2015-07-01,10.379392623901367,4.606863021850586
2015-07-02,10.50365924835205,4.471421718597412
2015-07-03,10.430375099182129,4.413905620574951
2015-07-06,10.514812469482422,4.267331600189209
2015-07-07,10.511625289916992,4.232079029083252
2015-07-08,10.358684539794922,4.207960605621338
2015-07-10,10.63748550415039,4.3452558517456055
2015-07-13,10.691651344299316,4.374942779541016
2015-07-14,10.799985885620117,4.4250383377075195
2015-07-15,10.913100242614746,4.289595603942871
2015-07-16,10.865304946899414,4.220947742462158
2015-07-17,10.720328330993652,4.12817907333374
2015-07-20,10.674127578735352,4.0446882247924805
2015-07-21,10.690057754516602,3.9444985389709473
2015-07-22,10.89079475402832,3.9352223873138428
2015-07-23,10.658195495605469,3.8424534797668457
2015-07-24,10.790427207946777,3.8313217163085938
2015-07-27,10.610401153564453,3.8777058124542236
2015-07-28,10.59128189086914,3.8313217163085938
2015-07-29,10.80954360961914,3.801635980606079
2015-07-30,10.995944023132324,3.805346727371216
2015-07-31,11.19667911529541,3.859152317047119
2015-08-03,11.054890632629395,3.7830822467803955
2015-08-04,11.23013687133789,3.7571070194244385
2015-08-05,11.220580101013184,3.712578773498535
2015-08-06,11.150481224060059,3.794215202331543
2015-08-07,10.556233406066895,3.7107231616973877
2015-08-10,10.62633228302002,3.7830822467803955
2015-08-11,10.713955879211426,3.8313217163085938
2015-08-12,10.798393249511719,3.8034918308258057
2015-08-13,10.612990379333496,3.7478299140930176
2015-08-14,10.538830757141113,3.7478299140930176
2015-08-17,10.498525619506836,3.617954730987549
2015-08-18,10.30506420135498,3.543740749359131
2015-08-19,10.284107208251953,3.4955010414123535
2015-08-20,10.185762405395508,3.335939645767212
2015-08-21,9.900406837463379,3.378613233566284
2015-08-24,9.755311012268066,3.3118202686309814
2015-08-25,9.673089981079102,3.373047113418579
2015-08-26,10.068072319030762,3.4825146198272705
2015-08-27,10.430814743041992,3.5827033519744873
2015-08-28,10.322799682617188,3.543740749359131
2015-08-31,10.23251724243164,3.367480993270874
2015-09-01,10.122888565063477,3.2747132778167725
2015-09-02,10.298615455627441,3.2839903831481934
2015-09-03,10.46628189086914,3.45097279548645
2015-09-04,10.471120834350586,3.586414098739624
2015-09-08,10.461446762084961,3.671760320663452
2015-09-09,10.2695951461792,3.4973561763763428
2015-09-10,10.293780326843262,3.5121994018554688
2015-09-11,10.33247184753418,3.5734260082244873
2015-09-14,10.664581298828125,3.739814519882202
2015-09-15,10.614604949951172,3.6509058475494385
2015-09-16,10.825799942016602,3.785214900970459
2015-09-17,10.830636978149414,3.7984566688537598
2015-09-18,10.608156204223633,3.694415330886841
2015-09-21,10.612990379333496,3.649015188217163
2015-09-22,10.687152862548828,3.6811723709106445
2015-09-23,10.414693832397461,3.535515308380127
2015-09-24,10.335698127746582,3.556323766708374
2015-09-25,10.334081649780273,3.614964723587036
2015-09-28,10.279269218444824,3.5809149742126465
2015-09-29,10.197047233581543,3.5941569805145264
2015-09-30,10.76937484741211,3.8079142570495605
2015-10-01,10.874166488647461,3.868448257446289
2015-10-02,11.161133766174316,4.034914016723633
2015-10-05,11.124052047729492,4.014106273651123
2015-10-06,11.08375072479248,4.208946704864502
2015-10-07,11.099869728088379,4.3810882568359375
2015-10-08,11.077301979064941,4.265697002410889
2015-10-09,11.0950345993042,4.426488876342773
2015-10-13,10.962834358215332,4.246779441833496
2015-10-14,10.843534469604492,4.265697002410889
2015-10-15,10.72100830078125,4.199488162994385
2015-10-16,10.95638656616211,4.2675886154174805
2015-10-19,11.043442726135254,4.312987804412842
2015-10-20,11.08375072479248,4.41892147064209
2015-10-21,11.124052047729492,4.358387470245361
2015-10-22,11.267538070678711,4.52485466003418
2015-10-23,11.212722778320312,4.479454040527344
2015-10-26,11.156298637390137,4.452971458435059
2015-10-27,11.232071876525879,4.4851298332214355
2015-10-28,11.106317520141602,4.511612892150879
2015-10-29,10.809677124023438,4.435946464538574
2015-10-30,10.801619529724121,4.674295425415039
2015-11-03,11.194988250732422,4.808603763580322
2015-11-04,11.17725658416748,4.776444911956787
2015-11-05,11.019261360168457,4.891836643218994
2015-11-06,10.819353103637695,4.79536247253418
2015-11-09,10.858043670654297,4.729154109954834
2015-11-10,10.820962905883789,4.8010358810424805
2015-11-11,11.011199951171875,4.871027946472168
2015-11-12,10.924144744873047,5.012903213500977
2015-11-13,10.888675689697266,4.880486965179443
2015-11-16,10.978957176208496,4.842653274536133
2015-11-17,11.006362915039062,4.842653274536133
2015-11-18,11.09180736541748,4.846436977386475
2015-11-19,11.124052047729492,4.9183197021484375
2015-11-23,10.964447021484375,4.931561470031738
2015-11-24,10.943490028381348,4.956153392791748
2015-11-25,10.575912475585938,4.748070240020752
2015-11-26,10.829022407531738,4.806711673736572
2015-11-27,10.479182243347168,4.759420871734619
2015-11-30,10.113214492797852,4.558904647827148
2015-12-01,10.292168617248535,4.681861877441406
2015-12-02,10.253477096557617,4.689428806304932
2015-12-03,10.5339937210083,4.808603763580322
2015-12-04,10.324410438537598,4.7102370262146
2015-12-07,10.14868450164795,4.748070240020752
2015-12-08,10.098706245422363,4.615653991699219
2015-12-09,10.479182243347168,4.848328113555908
2015-12-10,10.334081649780273,4.791578769683838
2015-12-11,10.258313179016113,4.729154109954834
2015-12-14,10.03099536895752,4.72158670425415
2015-12-15,10.069687843322754,4.719695568084717
2015-12-16,10.10031795501709,4.738611698150635
2015-12-17,10.085806846618652,4.7840118408203125
2015-12-18,10.011648178100586,4.621329307556152
2015-12-21,10.00519847869873,4.615653991699219
2015-12-22,9.96328067779541,4.653487205505371
2015-12-23,10.180928230285645,4.68753719329834
2015-12-28,10.177700996398926,4.787795066833496
2015-12-29,10.00358772277832,4.808603763580322
2015-12-30,9.745636940002441,4.766986846923828
2016-01-04,9.27004337310791,4.539987087249756
2016-01-05,9.4828519821167,4.562687873840332
2016-01-06,9.415143013000488,4.475670337677002
2016-01-07,9.036275863647461,4.426488876342773
2016-01-08,9.181375503540039,4.426488876342773
2016-01-11,8.939549446105957,4.434054851531982
2016-01-12,9.002420425415039,4.197597026824951
2016-01-13,8.868610382080078,4.350821495056152
2016-01-14,9.055623054504395,4.373521327972412
2016-01-15,8.995973587036133,4.312987804412842
2016-01-18,8.762206077575684,4.203271389007568
2016-01-19,8.818632125854492,4.180572032928467
2016-01-20,8.83152961730957,4.278938293457031
2016-01-21,8.889569282531738,4.275156021118164
2016-01-22,9.234576225280762,4.435946464538574
2016-01-26,8.925039291381836,4.445404052734375
2016-01-27,9.216842651367188,4.539987087249756
2016-01-28,9.292614936828613,4.649703502655029
2016-01-29,9.573134422302246,4.755636692047119
2016-02-01,9.428038597106934,4.749961853027344
2016-02-02,9.152356147766113,4.653487205505371
2016-02-03,9.268434524536133,4.5362043380737305
2016-02-04,9.399020195007324,4.551337242126465
2016-02-05,9.318408966064453,4.422704219818115
2016-02-10,9.299066543579102,4.460537433624268
2016-02-11,9.187823295593262,4.33190393447876
2016-02-12,9.429649353027344,4.454862117767334
2016-02-15,9.40708065032959,4.598628997802734
2016-02-16,9.527993202209473,4.6364617347717285
2016-02-17,9.689214706420898,4.615653991699219
2016-02-18,9.97940444946289,4.615653991699219
2016-02-19,9.808512687683105,4.674517631530762
2016-02-22,10.034218788146973,4.840073108673096
2016-02-23,9.985855102539062,4.892662525177002
2016-02-24,10.04711627960205,5.050426959991455
2016-02-25,10.060181617736816,5.069904804229736
2016-02-26,10.05201530456543,5.071852207183838
2016-02-29,10.264325141906738,5.210139751434326
2016-03-01,10.452134132385254,5.3367414474487305
2016-03-02,10.572988510131836,5.381538391113281
2016-03-03,10.670977592468262,5.480871677398682
2016-03-04,10.883285522460938,5.5548858642578125
2016-03-07,10.852256774902344,5.486715793609619
2016-03-08,10.757535934448242,5.47697639465332
2016-03-09,10.74446964263916,5.519826889038086
2016-03-10,10.907785415649414,5.597734451293945
2016-03-11,10.904519081115723,5.5996832847595215
2016-03-14,10.764065742492676,5.615264892578125
2016-03-15,10.809795379638672,5.552937984466553
2016-03-16,10.835926055908203,5.591890811920166
2016-03-17,11.327502250671387,5.901578903198242
2016-03-18,11.138056755065918,5.923003673553467
2016-03-21,11.178885459899902,5.9697489738464355
2016-03-22,11.255644798278809,6.123619079589844
2016-03-23,11.378131866455078,6.135304927825928
2016-03-24,11.386295318603516,6.037918567657471
2016-03-28,11.396093368530273,6.158677577972412
2016-03-29,11.579008102416992,6.189840316772461
2016-03-30,11.595335006713867,6.1820502281188965
2016-03-31,11.412425994873047,6.113880157470703
2016-04-01,11.351999282836914,6.203474521636963
2016-04-04,11.043334007263184,5.7184929847717285
2016-04-05,11.177251815795898,5.7399187088012695
2016-04-06,11.394461631774902,5.665905475616455
2016-04-07,11.556142807006836,5.7652387619018555
2016-04-08,11.693327903747559,5.864572525024414
2016-04-11,11.546342849731445,5.804193019866943
2016-04-12,11.74068832397461,5.8937883377075195
2016-04-13,11.637797355651855,6.094402313232422
2016-04-14,11.758652687072754,6.096350193023682
2016-04-15,11.905634880065918,6.189840316772461
2016-04-18,12.037920951843262,6.174259185791016
2016-04-19,11.984028816223145,6.359292507171631
2016-04-20,11.79621696472168,6.30086088180542
2016-04-22,12.03628921508789,6.273592948913574
2016-04-25,11.938300132751465,6.0729780197143555
2016-04-26,11.779884338378906,5.963905334472656
2016-04-27,11.84194278717041,6.34955358505249
2016-04-28,11.936665534973145,6.252167224884033
2016-04-29,11.827244758605957,6.201526641845703
2016-05-02,11.706392288208008,6.123619079589844
2016-05-03,11.660664558410645,6.0710296630859375
2016-05-04,11.792949676513672,6.150886535644531
2016-05-05,11.73742389678955,6.090507507324219
2016-05-06,11.698226928710938,6.158677577972412
2016-05-09,11.709660530090332,6.053500652313232
2016-05-10,11.884407997131348,6.1489386558532715
2016-05-11,11.88930606842041,6.271645545959473
2016-05-12,11.881138801574707,6.5209527015686035
2016-05-13,11.595335006713867,6.674821853637695
2016-05-16,11.685160636901855,6.793087959289551
2016-05-17,11.644333839416504,7.011898517608643
2016-05-18,11.355265617370605,6.846795082092285
2016-05-19,11.423858642578125,6.669756889343262
2016-05-20,11.481017112731934,6.723465442657471
2016-05-23,11.530013084411621,6.723465442657471
2016-05-24,11.523482322692871,6.655832767486572
2016-05-25,11.487550735473633,6.681691646575928
2016-05-27,11.525111198425293,6.564329624176025
2016-05-30,11.46468734741211,6.540460586547852
2016-05-31,11.146224021911621,6.530514240264893
2016-06-01,11.182153701782227,6.6220173835754395
2016-06-02,11.30953598022461,6.659811973571777
2016-06-03,11.319336891174316,6.685671329498291
2016-06-06,11.252379417419434,6.763250350952148
2016-06-07,11.10539436340332,6.731422424316406
2016-06-08,10.984541893005371,6.834860801696777
2016-06-09,10.942082405090332,6.727443695068359
2016-06-10,10.770599365234375,6.526536464691162
2016-06-13,11.299737930297852,6.572287082672119
2016-06-14,11.121725082397461,6.345519065856934
2016-06-15,11.40589427947998,6.399226665496826
2016-06-16,11.494084358215332,6.405195713043213
2016-06-17,11.562675476074219,6.512611389160156
2016-06-20,11.730887413024902,6.631962776184082
2016-06-21,11.9856595993042,6.6916375160217285
2016-06-22,11.59697151184082,6.504654884338379
2016-06-23,11.856643676757812,6.552394390106201
2016-06-24,11.660664558410645,6.315680980682373
2016-06-27,11.441821098327637,6.4589033126831055
2016-06-28,11.446722030639648,6.633951187133789
2016-06-29,11.58064079284668,6.574275970458984
2016-06-30,11.613303184509277,6.625995635986328
2016-07-01,11.384660720825195,6.701584815979004
2016-07-04,11.276875495910645,6.749325275421143
2016-07-05,11.332403182983398,6.705562114715576
2016-07-06,11.294839859008789,6.8209357261657715
2016-07-07,11.386295318603516,6.803032875061035
2016-07-08,11.554511070251465,6.862708568572998
2016-07-11,11.645966529846191,6.912437915802002
2016-07-12,11.668828964233398,6.8845906257629395
2016-07-13,11.415692329406738,6.842817783355713
2016-07-14,11.616570472717285,6.942277431488037
2016-07-15,11.641067504882812,6.727443695068359
2016-07-18,11.799483299255371,6.8308820724487305
2016-07-19,11.872973442077637,6.862708568572998
2016-07-20,11.93176555633545,6.892547130584717
2016-07-21,11.894203186035156,6.809000492095947
2016-07-22,11.954629898071289,6.783141613006592
2016-07-25,11.88930606842041,6.673736095428467
2016-07-26,11.823980331420898,6.803032875061035
2016-07-27,11.97422981262207,6.765237808227539
2016-07-28,12.047718048095703,6.791098117828369
2016-07-29,12.091812133789062,6.773195266723633
2016-08-01,11.8109130859375,6.7095417976379395
2016-08-02,11.755386352539062,6.564329624176025
2016-08-03,11.587170600891113,6.494709014892578
2016-08-04,11.709660530090332,6.4151411056518555
2016-08-05,11.9121675491333,6.729433059692383
2016-08-08,12.085281372070312,6.663790225982666
2016-08-09,11.990560531616211,6.745347023010254
2016-08-10,11.819082260131836,6.793087959289551
2016-08-11,12.28126049041748,6.773195266723633
2016-08-12,12.317188262939453,6.775184154510498
2016-08-15,12.567060470581055,6.8189473152160645
2016-08-16,12.781001091003418,6.9621686935424805
2016-08-17,12.91002082824707,7.186946392059326
2016-08-18,12.746687889099121,7.208829879760742
2016-08-19,12.721939086914062,7.1252827644348145
2016-08-22,12.481063842773438,6.990016937255859
2016-08-23,12.462915420532227,7.009908676147461
2016-08-24,12.347424507141113,7.13124942779541
2016-08-25,12.261632919311523,7.182969093322754
2016-08-26,12.241836547851562,7.202859401702881
2016-08-29,12.439814567565918,7.2804388999938965
2016-08-30,12.373821258544922,7.668331623077393
2016-08-31,12.279778480529785,7.48333740234375
2016-09-01,12.010856628417969,7.485325336456299
2016-09-02,12.010856628417969,7.564892768859863
2016-09-05,12.017455101013184,7.6106438636779785
2016-09-06,12.063650131225586,7.539033889770508
2016-09-08,12.192338943481445,7.5091962814331055
2016-09-09,11.753479957580566,7.310276985168457
2016-09-12,11.845869064331055,7.344091892242432
2016-09-13,11.713884353637695,7.137217044830322
2016-09-14,11.659440994262695,7.06361722946167
2016-09-15,11.722131729125977,7.175012111663818
2016-09-16,11.524151802062988,7.031789302825928
2016-09-19,11.680888175964355,7.095442771911621
2016-09-20,11.789776802062988,7.369952201843262
2016-09-21,11.662740707397461,7.499249458312988
2016-09-22,11.565398216247559,7.447531223297119
2016-09-23,11.66603946685791,7.409735679626465
2016-09-26,11.639641761779785,7.256568431854248
2016-09-27,11.659440994262695,7.300331115722656
2016-09-28,11.717185020446777,7.539033889770508
2016-09-29,11.659440994262695,7.455487251281738
2016-09-30,11.723783493041992,7.50123929977417
2016-10-03,11.811223983764648,7.620590686798096
2016-10-04,11.832674026489258,7.5788164138793945
2016-10-05,11.893717765808105,7.8931097984313965
2016-10-06,11.946512222290039,8.042299270629883
2016-10-07,12.043853759765625,8.036332130432129
2016-10-10,12.068599700927734,7.9587531089782715
2016-10-11,11.796379089355469,8.038320541381836
2016-10-13,11.880518913269043,8.251164436340332
2016-10-14,11.77988052368164,8.245195388793945
2016-10-17,12.035603523254395,8.294925689697266
2016-10-18,12.109848022460938,8.708678245544434
2016-10-19,11.946512222290039,8.370515823364258
2016-10-20,11.946512222290039,8.450082778930664
2016-10-21,11.9613618850708,8.619165420532227
2016-10-24,11.928365707397461,8.491856575012207
2016-10-25,12.002608299255371,8.551531791687012
2016-10-26,12.002608299255371,8.201435089111328
2016-10-27,11.96466064453125,8.539597511291504
2016-10-28,11.977862358093262,8.477932929992676
2016-10-31,11.933313369750977,8.537607192993164
2016-11-01,11.608294486999512,8.296915054321289
2016-11-03,11.548900604248047,8.082082748413086
2016-11-04,11.449910163879395,8.088050842285156
2016-11-07,11.548900604248047,8.462018966674805
2016-11-08,11.565398216247559,8.603249549865723
2016-11-09,11.227180480957031,8.39438533782959
2016-11-10,10.9549560546875,8.096009254455566
2016-11-11,10.789971351623535,7.360006809234619
2016-11-14,10.826269149780273,7.558926105499268
2016-11-16,11.294824600219727,7.360006809234619
2016-11-17,11.218932151794434,7.0616278648376465
2016-11-18,11.418562889099121,7.350061416625977
2016-11-21,11.40041446685791,7.49328088760376
2016-11-22,11.588496208190918,7.56887149810791
2016-11-23,11.520853996276855,7.463445663452148
2016-11-24,11.548900604248047,7.5430121421813965
2016-11-25,11.738632202148438,7.648438930511475
2016-11-28,11.697385787963867,7.658384799957275
2016-11-29,11.47465705871582,7.596718788146973
2016-11-30,11.40041446685791,7.853325843811035
2016-12-01,11.235428810119629,7.584786415100098
2016-12-02,11.268427848815918,7.596718788146973
2016-12-05,11.161185264587402,7.360006809234619
2016-12-06,11.202432632446289,7.759834289550781
2016-12-07,11.105093002319336,7.737953186035156
2016-12-08,10.888964653015137,7.6186017990112305
2016-12-09,10.85596752166748,7.7101030349731445
2016-12-12,10.775125503540039,7.594730377197266
2016-12-13,11.011053085327148,7.5352253913879395
2016-12-14,10.824616432189941,7.395269870758057
2016-12-15,10.755324363708496,7.551450729370117
2016-12-16,10.938459396362305,7.5352253913879395
2016-12-19,10.80647087097168,7.332392692565918
2016-12-20,10.857616424560547,7.372957229614258
2016-12-21,10.793270111083984,7.407441139221191
2016-12-22,10.885665893554688,7.529139518737793
2016-12-23,10.872464179992676,7.48248815536499
2016-12-26,10.888964653015137,7.403384208679199
2016-12-27,10.948357582092285,7.243145942687988
2016-12-28,11.093541145324707,7.658952713012695
2016-12-29,11.293176651000977,7.738058090209961
2017-01-02,11.202432632446289,7.5352253913879395
2017-01-03,11.38391399383545,7.886125087738037
2017-01-04,11.202432632446289,7.8901824951171875
2017-01-05,11.268427848815918,7.875984191894531
2017-01-06,11.218932151794434,7.693434715270996
2017-01-09,11.177682876586914,7.8110761642456055
2017-01-10,11.205732345581055,7.622442722320557
2017-01-11,11.16943645477295,7.69951868057251
2017-01-12,11.13643741607666,7.817161560058594
2017-01-13,11.075396537780762,7.833388328552246
2017-01-16,11.022599220275879,7.780652046203613
2017-01-17,10.938459396362305,8.06056022644043
2017-01-18,10.831218719482422,7.955089092254639
2017-01-19,10.913710594177246,8.028107643127441
2017-01-20,11.020949363708496,8.168062210083008
2017-01-23,11.034149169921875,8.178202629089355
2017-01-24,11.014352798461914,8.279620170593262
2017-01-26,11.114990234375,8.269477844238281
2017-01-27,11.070446014404297,8.22485637664795
2017-01-30,10.84771728515625,8.13560962677002
2017-01-31,10.915361404418945,8.168062210083008
2017-02-01,10.649737358093262,8.239053726196289
2017-02-02,10.725629806518555,8.368866920471191
2017-02-03,10.987954139709473,8.65080451965332
2017-02-06,10.83781909942627,8.640661239624023
2017-02-07,10.85596752166748,8.557499885559082
2017-02-08,11.037450790405273,8.399291038513184
2017-02-09,11.053946495056152,8.421603202819824
2017-02-10,11.055597305297852,8.508820533752441
2017-02-13,11.053946495056152,8.441884994506836
2017-02-14,10.987954139709473,8.543301582336426
2017-02-15,11.352568626403809,8.630518913269043
2017-02-16,11.332770347595215,8.600095748901367
2017-02-17,11.210684776306152,8.640661239624023
2017-02-20,11.18593692779541,8.721795082092285
2017-02-21,11.235428810119629,8.80495548248291
2017-02-22,11.235428810119629,8.364810943603516
2017-02-23,11.017650604248047,8.257308006286621
2017-02-24,10.789971351623535,8.09301471710205
2017-03-01,10.624988555908203,7.910466194152832
2017-03-02,10.666800498962402,7.973343849182129
2017-03-03,10.832371711730957,7.790794372558594
2017-03-06,10.951114654541016,7.983485698699951
2017-03-07,10.847423553466797,7.740086555480957
2017-03-08,10.837387084960938,7.707632541656494
2017-03-09,10.929373741149902,7.84961462020874
2017-03-10,11.370896339416504,7.719801902770996
2017-03-13,11.459535598754883,7.910466194152832
2017-03-14,11.456189155578613,7.589987754821777
2017-03-15,11.506362915039062,7.809047698974609
2017-03-16,11.548173904418945,7.831359386444092
2017-03-17,11.623432159423828,7.677206993103027
2017-03-20,11.623432159423828,7.69951868057251
2017-03-21,11.578278541564941,7.395269870758057
2017-03-22,11.48963737487793,7.628528594970703
2017-03-23,11.70538330078125,7.466261863708496
2017-03-24,11.800712585449219,7.632585525512695
2017-03-27,11.929487228393555,7.671123027801514
2017-03-28,11.95457649230957,7.91452169418335
2017-03-29,12.125163078308105,7.8901824951171875
2017-03-30,12.081679344177246,7.770510673522949
2017-03-31,11.97799015045166,7.882068634033203
2017-04-03,12.031508445739746,7.8901824951171875
2017-04-04,12.003077507019043,7.752255439758301
2017-04-05,11.962937355041504,7.705605983734131
2017-04-06,11.956249237060547,7.701547622680664
2017-04-07,11.98133373260498,7.84961462020874
2017-04-10,11.984682083129883,7.869898796081543
2017-04-11,11.737159729003906,7.8070197105407715
2017-04-12,11.718762397766113,7.8901824951171875
2017-04-13,11.723779678344727,7.748199462890625
2017-04-17,11.937849998474121,7.780652046203613
2017-04-18,11.849211692810059,7.646782398223877
2017-04-19,11.732141494750977,7.443950176239014
2017-04-20,11.76726245880127,7.348618030548096
2017-04-24,11.901057243347168,7.421639442443848
2017-04-25,12.01645565032959,7.504800319671631
2017-04-26,11.877642631530762,7.267486572265625
2017-04-27,11.797367095947266,7.241117477416992
2017-04-28,11.777297019958496,7.527111053466797
2017-05-02,12.03317928314209,7.648129940032959
2017-05-03,12.041544914245605,7.469202041625977
2017-05-04,12.392752647399902,7.209131717681885
2017-05-05,12.372685432434082,7.336045265197754
2017-05-08,12.359304428100586,7.550342559814453
2017-05-09,12.362650871276855,7.695981979370117
2017-05-10,12.667035102844238,7.833298683166504
2017-05-11,12.509822845458984,7.712625980377197
2017-05-12,12.660344123840332,7.8083319664001465
2017-05-15,12.700484275817871,7.906118392944336
2017-05-16,12.792465209960938,8.149542808532715
2017-05-17,12.623550415039062,8.022629737854004
2017-05-18,12.026490211486816,7.350610256195068
2017-05-19,12.257286071777344,7.446316719055176
2017-05-22,12.262304306030273,7.242420673370361
2017-05-23,12.514841079711914,7.413026809692383
2017-05-24,12.526549339294434,7.477523326873779
2017-05-25,12.618534088134766,7.552423477172852
2017-05-26,12.75065803527832,7.606518268585205
2017-05-29,12.75065803527832,7.606518268585205
2017-05-30,12.625222206115723,7.614840030670166
2017-05-31,12.518184661865234,7.496248722076416
2017-06-01,12.79413890838623,7.604437351226807
2017-06-02,13.028281211853027,7.4920878410339355
2017-06-05,13.058382987976074,7.184165000915527
2017-06-06,13.257403373718262,7.157118320465088
2017-06-07,13.270780563354492,7.159197807312012
2017-06-08,13.245696067810059,6.9220147132873535
2017-06-09,13.095179557800293,6.718120098114014
2017-06-12,12.974760055541992,6.595367431640625
2017-06-13,13.051692008972168,6.512144088745117
2017-06-14,12.845983505249023,6.595367431640625
2017-06-15,12.845983505249023,6.595367431640625
2017-06-16,12.877760887145996,6.470534324645996
2017-06-19,12.958037376403809,6.507983207702637
2017-06-20,12.804173469543457,6.387311935424805
2017-06-21,12.718879699707031,6.297847747802734
2017-06-22,12.78577709197998,6.406036853790283
2017-06-23,12.648636817932129,6.6161723136901855
2017-06-26,12.807516098022461,6.8034234046936035
2017-06-27,12.827587127685547,6.892887115478516
2017-06-28,12.707171440124512,7.028122425079346
2017-06-29,12.727239608764648,7.150875568389893
2017-06-30,12.964726448059082,7.194568634033203
2017-07-03,12.973087310791016,7.115506649017334
2017-07-04,12.942983627319336,7.159197807312012
2017-07-05,13.009881973266602,7.055171012878418
2017-07-06,12.839293479919434,7.011478424072266
2017-07-07,12.81086254119873,6.9074506759643555
2017-07-10,12.735602378845215,6.938658237457275
2017-07-11,12.85768985748291,6.967787265777588
2017-07-12,12.969742774963379,7.177923202514648
2017-07-13,13.058382987976074,7.354770660400391
2017-07-14,13.136988639831543,7.3859782218933105
2017-07-17,12.660344123840332,7.375576019287109
2017-07-18,12.310805320739746,7.365172863006592
2017-07-19,12.367667198181152,7.535778522491455
2017-07-20,12.538253784179688,7.448395252227783
2017-07-21,12.568361282348633,7.3859782218933105
2017-07-24,12.501462936401367,7.4275898933410645
2017-07-25,12.419513702392578,7.481685161590576
2017-07-26,12.158613204956055,7.437992572784424
2017-07-27,12.359304428100586,7.494167804718018
2017-07-28,12.334219932556152,7.415106296539307
2017-07-31,12.376028060913086,7.510812282562256
2017-08-01,12.514841079711914,7.352689743041992
2017-08-02,11.899384498596191,7.4275898933410645
2017-08-03,12.049903869628906,7.3069167137146
2017-08-04,11.94286823272705,7.500410079956055
2017-08-07,12.029834747314453,7.737593173980713
2017-08-08,11.983007431030273,7.604437351226807
2017-08-09,11.95457649230957,7.529537677764893
2017-08-10,11.640156745910645,7.521215915679932
2017-08-11,11.914436340332031,7.490006446838379
2017-08-14,12.120147705078125,7.668935775756836
2017-08-15,12.03819751739502,7.791688442230225
2017-08-16,12.03819751739502,7.76255989074707
2017-08-17,11.91972827911377,7.687658786773682
2017-08-18,11.845260620117188,7.833298683166504
2017-08-21,11.965421676635742,7.737593173980713
2017-08-22,12.119433403015137,7.802091598510742
2017-08-23,12.151588439941406,7.839539051055908
2017-08-24,12.44606876373291,7.9373273849487305
2017-08-25,12.393604278564453,7.9997429847717285
2017-08-28,12.520537376403809,8.053836822509766
2017-08-29,12.525612831115723,8.047595977783203
2017-08-30,12.429146766662598,7.978937149047852
2017-08-31,12.430839538574219,8.028871536254883
2017-09-01,12.517152786254883,8.103771209716797
2017-09-04,12.610235214233398,8.164108276367188
2017-09-05,12.354679107666016,8.145381927490234
2017-09-06,12.479918479919434,8.114174842834473
2017-09-07,12.479918479919434,8.114174842834473
2017-09-08,12.559462547302246,8.049676895141602
2017-09-11,12.649161338806152,8.085046768188477
2017-09-12,12.838713645935059,8.087126731872559
2017-09-13,12.980875015258789,8.159947395324707
2017-09-14,13.046880722045898,8.072563171386719
2017-09-15,13.158581733703613,8.189075469970703
2017-09-18,13.095958709716797,8.037193298339844
2017-09-19,13.116267204284668,8.028871536254883
2017-09-20,13.217814445495605,8.114174842834473
2017-09-21,13.158581733703613,8.095447540283203
2017-09-22,13.22966194152832,7.864506721496582
2017-09-25,13.195812225341797,7.866589069366455
2017-09-26,13.217814445495605,7.852024078369141
2017-09-27,12.926718711853027,7.60027551651001
2017-09-28,12.776092529296875,7.490006446838379
2017-09-29,12.745631217956543,7.531618595123291
2017-10-02,12.777783393859863,7.641887187957764
2017-10-03,13.177196502685547,7.862426280975342
2017-10-04,13.304128646850586,8.00598430633545
2017-10-05,13.226280212402344,7.943567276000977
2017-10-06,13.151813507080078,7.879071235656738
2017-10-09,12.896255493164062,7.791688442230225
2017-10-10,13.072264671325684,7.978937149047852
2017-10-11,13.065498352050781,7.958132266998291
2017-10-12,13.065498352050781,7.958132266998291
2017-10-13,13.205967903137207,8.201558113098145
2017-10-16,13.290587425231934,8.093369483947754
2017-10-17,13.300743103027344,7.960212707519531
2017-10-18,13.349825859069824,7.997662544250488
2017-10-19,13.24658489227295,7.935245990753174
2017-10-20,13.238123893737793,8.01014518737793
2017-10-23,13.205967903137207,7.93316650390625
2017-10-24,13.366745948791504,7.945648670196533
2017-10-25,13.378594398498535,7.906118392944336
2017-10-26,13.414135932922363,7.876989841461182
2017-10-27,13.503832817077637,7.929004669189453
2017-10-30,13.37520980834961,7.677258014678955
2017-10-31,13.217814445495605,7.781284809112549
2017-11-01,13.014724731445312,7.698062896728516
2017-11-02,13.014724731445312,7.698062896728516
2017-11-03,12.965643882751465,7.708464622497559
2017-11-06,13.168736457824707,7.74175500869751
2017-11-07,12.926718711853027,7.517054557800293
2017-11-08,13.055342674255371,7.698062896728516
2017-11-09,12.532383918762207,7.723029136657715
2017-11-10,11.855415344238281,7.544102191925049
2017-11-13,12.143125534057617,7.589874267578125
2017-11-14,12.050044059753418,7.304837226867676
2017-11-15,12.050044059753418,7.304837226867676
2017-11-16,12.227747917175293,7.38181734085083
2017-11-17,12.27682876586914,7.512893199920654
2017-11-20,12.27682876586914,7.512893199920654
2017-11-21,12.506999015808105,7.5940351486206055
2017-11-22,12.352988243103027,7.641887187957764
2017-11-23,12.434224128723145,7.698062896728516
2017-11-24,12.259902954101562,7.596114158630371
2017-11-27,12.18543815612793,7.627323627471924
2017-11-28,12.068660736083984,7.631485939025879
2017-11-29,11.907880783081055,7.604437351226807
2017-11-30,11.8808012008667,7.4546380043029785
2017-12-01,11.830031394958496,7.421348571777344
2017-12-04,11.999271392822266,7.527456283569336
2017-12-05,11.98742389678955,7.3859782218933105
2017-12-06,12.011119842529297,7.338124752044678
2017-12-07,12.007731437683105,7.383899211883545
2017-12-08,11.929883003234863,7.2299370765686035
2017-12-11,11.946806907653809,7.327723026275635
2017-12-12,12.33775520324707,7.500410079956055
2017-12-13,12.352988243103027,7.889474391937256
2017-12-14,12.310674667358398,7.90819787979126
2017-12-15,12.244671821594238,8.114174842834473
2017-12-18,12.2175931930542,8.064241409301758
2017-12-19,12.242980003356934,8.132899284362793
2017-12-20,12.341140747070312,8.320150375366211
2017-12-21,12.513766288757324,8.494916915893555
2017-12-22,12.50361442565918,8.530284881591797
2017-12-25,12.50361442565918,8.530284881591797
2017-12-26,12.481613159179688,8.565654754638672
2017-12-27,12.53069019317627,8.57189655303955
2017-12-28,12.693164825439453,8.634315490722656
2017-12-29,12.693164825439453,8.634315490722656
2018-01-02,13.026569366455078,8.852770805358887
2018-01-03,12.897945404052734,8.852770805358887
2018-01-04,13.04857349395752,8.831966400146484
2018-01-05,13.075653076171875,8.923511505126953
2018-01-08,13.167044639587402,8.846529960632324
2018-01-09,13.116267204284668,8.603104591369629
2018-01-10,13.014724731445312,8.436661720275879
2018-01-11,13.065498352050781,8.521963119506836
2018-01-12,13.094266891479492,8.675925254821777
2018-01-15,13.131503105163574,8.67176342010498
2018-01-16,13.158581733703613,8.480351448059082
2018-01-17,13.271973609924316,8.738340377807617
2018-01-18,13.3532075881958,8.842369079589844
2018-01-19,13.321050643920898,8.815321922302246
2018-01-22,13.400598526000977,8.721695899963379
2018-01-23,13.47167682647705,8.861095428466797
2018-01-24,13.710310935974121,9.196065902709961
2018-01-25,13.710310935974121,9.196065902709961
2018-01-26,13.652766227722168,9.410360336303711
2018-01-29,13.444599151611328,9.4977445602417
2018-01-30,13.530912399291992,9.233514785766602
2018-01-31,13.800008773803711,9.079551696777344
2018-02-01,13.852472305297852,9.15445327758789
2018-02-02,13.698463439941406,9.156533241271973
2018-02-05,13.429366111755371,9.081633567810059
2018-02-06,13.539371490478516,9.248076438903809
2018-02-07,13.52245044708252,9.229352951049805
2018-02-08,13.2347412109375,9.012974739074707
2018-02-09,13.080728530883789,9.033781051635742
2018-02-14,13.263510704040527,8.956799507141113
2018-02-15,13.370134353637695,9.031699180603027
2018-02-16,13.327821731567383,8.925592422485352
2018-02-19,13.321050643920898,9.289689064025879
2018-02-20,13.3159761428833,9.689156532287598
2018-02-21,13.292280197143555,9.945063591003418
2018-02-22,13.309206008911133,9.795265197753906
2018-02-23,13.415827751159668,9.566402435302734
2018-02-26,13.128114700317383,9.591370582580566
2018-02-27,12.933488845825195,9.262640953063965
2018-02-28,12.750706672668457,9.023377418518066
2018-03-01,12.557771682739258,9.214789390563965
2018-03-02,12.549202919006348,9.216869354248047
2018-03-05,12.420714378356934,9.131566047668457
2018-03-06,12.434420585632324,9.218951225280762
2018-03-07,12.492667198181152,9.18358039855957
2018-03-08,12.458404541015625,9.06082820892334
2018-03-09,12.725664138793945,9.391636848449707
2018-03-12,12.58860969543457,9.316736221313477
2018-03-13,12.49609375,9.00881290435791
2018-03-14,12.484103202819824,9.002571105957031
2018-03-15,12.309354782104492,8.896464347839355
2018-03-16,12.163731575012207,9.0941162109375
2018-03-19,12.160307884216309,8.859014511108398
2018-03-20,12.071220397949219,8.759146690368652
2018-03-21,12.129469871520996,8.898544311523438
2018-03-22,11.995841026306152,8.748744010925293
2018-03-23,11.863923072814941,8.732100486755371
2018-03-26,11.886195182800293,8.840288162231445
2018-03-27,11.917032241821289,8.653037071228027
2018-03-28,12.07807445526123,8.48867416381836
2018-03-29,12.15002727508545,8.636393547058105
2018-04-02,12.043810844421387,8.455385208129883
2018-04-03,11.769697189331055,8.447062492370605
2018-04-04,11.836512565612793,8.38464641571045
2018-04-05,11.838226318359375,8.295182228088379
2018-04-06,11.821094512939453,8.234847068786621
2018-04-09,11.718300819396973,8.072563171386719
2018-04-10,11.649773597717285,8.095447540283203
2018-04-11,11.478453636169434,8.417935371398926
2018-04-12,11.358529090881348,8.413774490356445
2018-04-13,11.300281524658203,8.20779800415039
2018-04-16,11.007323265075684,7.991421699523926
2018-04-17,10.707511901855469,8.174510955810547
2018-04-18,10.906242370605469,8.047595977783203
2018-04-19,10.724644660949707,7.906118392944336
2018-04-20,10.853134155273438,7.916520595550537
2018-04-23,10.793173789978027,7.864506721496582
2018-04-24,10.390568733215332,8.228604316711426
2018-04-25,10.453958511352539,8.186992645263672
2018-04-26,10.546470642089844,8.38880729675293
2018-04-27,10.618424415588379,8.38464641571045
2018-04-30,10.356304168701172,8.276455879211426
2018-05-02,10.299769401550293,8.263973236083984
2018-05-03,9.253005981445312,8.023968696594238
2018-05-04,9.25129222869873,7.874147415161133
2018-05-07,9.079970359802246,7.8206400871276855
2018-05-08,9.002875328063965,7.908392906188965
2018-05-09,8.927495002746582,8.111720085144043
2018-05-10,9.165632247924805,8.047511100769043
2018-05-11,9.254715919494629,8.366415977478027
2018-05-14,9.441457748413086,8.475570678710938
2018-05-15,9.247864723205566,8.636092185974121
2018-05-16,9.326671600341797,8.552621841430664
2018-05-17,9.1005277633667,8.625391960144043
2018-05-18,9.350656509399414,8.56118392944336
2018-05-21,8.795578002929688,8.556901931762695
2018-05-22,8.966898918151855,8.633953094482422
2018-05-23,8.58828353881836,8.760229110717773
2018-05-24,8.634537696838379,8.597566604614258
2018-05-25,8.336440086364746,8.479850769042969
2018-05-28,8.07774543762207,8.02182674407959
2018-05-29,8.566009521484375,8.205892562866211
2018-05-30,8.566009521484375,8.304347038269043
2018-06-01,8.807570457458496,8.229436874389648
2018-06-04,8.7767333984375,8.240137100219727
2018-06-05,8.495768547058105,8.195191383361816
2018-06-06,8.428954124450684,8.171649932861328
2018-06-07,8.278191566467285,7.852744102478027
2018-06-08,8.356999397277832,7.662258625030518
2018-06-11,8.5026216506958,7.769273281097412
2018-06-12,8.733902931213379,7.623733043670654
2018-06-13,8.368992805480957,7.632293224334717
2018-06-14,8.30217456817627,7.469631671905518
2018-06-15,8.052050590515137,7.407562732696533
2018-06-18,8.13770866394043,7.484614372253418
2018-06-19,8.343295097351074,7.520999431610107
2018-06-20,7.9903740882873535,7.495316028594971
2018-06-21,7.743672847747803,7.491034507751465
2018-06-22,7.868736267089844,7.5745062828063965
2018-06-25,7.95268440246582,7.625873565673828
2018-06-26,7.938976764678955,7.6729583740234375
2018-06-27,7.572351932525635,7.5252790451049805
2018-06-28,7.745384693145752,7.529559135437012
2018-06-29,7.87216329574585,7.529559135437012
2018-07-02,7.884153842926025,7.4460883140563965
2018-07-03,7.880728721618652,7.542403221130371
2018-07-04,7.84646463394165,7.61303186416626
2018-07-05,7.841327667236328,7.58092737197876
2018-07-06,7.993800163269043,7.7500104904174805
2018-07-10,7.810488224029541,7.927655220031738
2018-07-11,7.795070171356201,7.824920177459717
2018-07-12,7.7676591873168945,8.141685485839844
2018-07-13,7.354775428771973,8.18877124786377
2018-07-16,7.219433307647705,7.953339099884033
2018-07-17,7.315372467041016,8.066774368286133
2018-07-18,7.394179821014404,8.240137100219727
2018-07-19,7.334217071533203,8.116000175476074
2018-07-20,7.4181647300720215,8.454167366027832
2018-07-23,7.166323661804199,8.135262489318848
2018-07-24,7.500395774841309,8.27866268157959
2018-07-25,7.709410667419434,8.396380424499512
2018-07-26,7.409597873687744,8.261541366577148
2018-07-27,7.491832733154297,8.304347038269043
2018-07-30,7.575778484344482,8.379258155822754
2018-07-31,6.964165210723877,7.891270160675049
2018-08-01,6.801413536071777,7.908392906188965
2018-08-02,7.315372467041016,8.237997055053711
2018-08-03,7.740245819091797,8.488412857055664
2018-08-06,7.615182399749756,8.297926902770996
2018-08-07,7.817339897155762,8.477710723876953
2018-08-08,7.697416305541992,8.454167366027832
2018-08-09,7.483265399932861,8.233719825744629
2018-08-10,7.094524383544922,7.876287460327148
2018-08-13,7.235095500946045,7.812079429626465
2018-08-14,7.5926008224487305,8.036809921264648
2018-08-15,7.366990089416504,7.996145725250244
2018-08-16,7.611690044403076,7.953339099884033
2018-08-17,7.434673309326172,7.722187519073486
2018-08-20,7.462440013885498,7.726466655731201
2018-08-21,7.229890823364258,7.533841133117676
2018-08-22,7.46764612197876,7.919093608856201
2018-08-23,7.476324558258057,7.833481788635254
2018-08-24,7.354841709136963,7.711484909057617
2018-08-27,7.545742034912109,7.906250953674316
2018-08-28,7.4086408615112305,7.6601176261901855
2018-08-29,7.528388023376465,7.882708549499512
2018-08-30,7.184768199920654,7.5316996574401855
2018-08-31,7.144852638244629,7.44822883605957
2018-09-03,7.375667572021484,7.495316028594971
2018-09-04,6.9522175788879395,7.473912239074707
2018-09-05,6.822057723999023,7.31125020980835
2018-09-06,6.799498558044434,7.366896152496338
2018-09-10,6.735287189483643,7.334792137145996
2018-09-11,6.646778583526611,7.161429405212402
2018-09-12,6.669339179992676,7.249180793762207
2018-09-13,6.601656436920166,7.095080852508545
2018-09-14,6.634631156921387,7.155007839202881
2018-09-17,6.822057723999023,7.131465435028076
2018-09-18,6.796027183532715,7.073677062988281
2018-09-19,6.768259048461914,7.1057820320129395
2018-09-20,6.572154521942139,7.088658332824707
2018-09-21,6.386460781097412,7.075817584991455
2018-09-24,6.421169757843018,7.0308709144592285
2018-09-25,6.369106769561768,7.041572570800781
2018-09-26,6.665867328643799,7.058695316314697
2018-09-27,6.672808647155762,6.938838005065918
2018-09-28,6.478438854217529,6.9366984367370605
2018-10-01,6.473233222961426,6.795438766479492
2018-10-02,6.794291973114014,6.977362632751465
2018-10-03,6.953952312469482,7.11220121383667
2018-10-04,6.919244289398193,7.1378865242004395
2018-10-05,6.898417949676514,7.458929538726807
2018-10-08,7.361785411834717,7.655837535858154
2018-10-09,7.5787153244018555,7.4931745529174805
2018-10-10,7.196916103363037,7.416123867034912
2018-10-11,6.979983806610107,7.326232433319092
2018-10-15,6.721402168273926,7.180691719055176
2018-10-16,6.898417949676514,7.422544956207275
2018-10-17,7.052874565124512,7.565945148468018
2018-10-18,6.86891508102417,7.6729583740234375
2018-10-19,6.93312931060791,8.026108741760254
2018-10-22,6.905360698699951,7.949057579040527
2018-10-23,6.943541049957275,8.047511100769043
2018-10-24,6.799498558044434,7.247041702270508
2018-10-25,7.169149875640869,7.039432525634766
2018-10-26,7.375667572021484,7.206374645233154
2018-10-29,7.236830711364746,6.960241794586182
2018-10-30,7.865065097808838,6.955960750579834
2018-10-31,7.679370403289795,6.9024529457092285
2018-11-01,7.679370403289795,6.988065719604492
2018-11-05,7.455498695373535,7.788535118103027
2018-11-06,7.410377025604248,7.790677070617676
2018-11-07,7.599539279937744,7.473912239074707
2018-11-08,7.183032989501953,7.180691719055176
2018-11-09,7.026841163635254,7.34335470199585
2018-11-12,7.01295804977417,7.172130107879639
2018-11-13,6.8550310134887695,6.970942974090576
2018-11-14,7.183032989501953,7.152868270874023
2018-11-16,7.583921432495117,7.364757537841797
2018-11-19,7.566567897796631,7.206374645233154
2018-11-21,7.9015092849731445,7.204235076904297
2018-11-22,7.878947734832764,7.155007839202881
2018-11-23,7.913658618927002,7.084378719329834
2018-11-26,7.852916240692139,6.831823825836182
2018-11-27,8.0004301071167,6.960241794586182
2018-11-28,8.191329956054688,6.953821182250977
2018-11-29,8.403056144714355,7.251321792602539
2018-11-30,8.200007438659668,7.375458717346191
2018-12-03,8.25727653503418,7.5402607917785645
2018-12-04,8.161826133728027,7.422544956207275
2018-12-05,8.208685874938965,7.202095031738281
2018-12-06,8.501976013183594,7.2085161209106445
2018-12-07,8.333637237548828,7.339074611663818
2018-12-10,8.224303245544434,7.172130107879639
2018-12-11,8.404789924621582,7.0800981521606445
2018-12-12,8.677257537841797,7.095080852508545
2018-12-13,8.555774688720703,7.152868270874023
2018-12-14,8.626928329467773,7.133605003356934
2018-12-17,8.590484619140625,7.013748645782471
2018-12-18,8.642546653747559,7.1057820320129395
2018-12-19,8.590484619140625,7.020169258117676
2018-12-20,8.770973205566406,6.853226661682129
2018-12-21,8.607837677001953,6.915295600891113
2018-12-26,8.710229873657227,6.981644630432129
2018-12-27,8.946250915527344,6.955960750579834
2018-12-28,9.232600212097168,7.161429405212402
2019-01-02,9.430442810058594,7.64085578918457
2019-01-03,9.25516128540039,7.756430625915527
2019-01-04,9.192684173583984,7.711484909057617
2019-01-07,8.911541938781738,7.598049640655518
2019-01-08,8.764028549194336,7.681520462036133
2019-01-09,9.045171737670898,8.308626174926758
2019-01-10,9.279457092285156,8.505536079406738
2019-01-11,9.230865478515625,8.33645248413086
2019-01-14,9.29681396484375,8.389958381652832
2019-01-15,9.215246200561523,8.477710723876953
2019-01-16,9.208304405212402,8.892928123474121
2019-01-17,9.544981956481934,9.0277681350708
2019-01-18,9.721997261047363,9.0277681350708
2019-01-21,9.551922798156738,8.755949974060059
2019-01-22,9.440853118896484,8.74738883972168
2019-01-23,9.765384674072266,9.10695743560791
2019-01-24,10.015291213989258,9.297444343566895
2019-01-28,10.098591804504395,9.314567565917969
2019-01-29,9.900747299194336,9.464386940002441
2019-01-30,9.836539268493652,9.62062931060791
2019-01-31,9.926782608032227,9.500771522521973
2019-02-01,9.715056419372559,9.49221134185791
2019-02-04,9.855628967285156,9.52431583404541
2019-02-05,9.892071723937988,9.631329536437988
2019-02-06,9.475564002990723,9.265339851379395
2019-02-07,9.359289169311523,9.181868553161621
2019-02-08,9.361023902893066,9.228955268859863
2019-02-11,9.354083061218262,9.177587509155273
2019-02-12,9.317638397216797,9.104817390441895
2019-02-13,9.579689979553223,9.102677345275879
2019-02-14,9.721997261047363,9.139062881469727
2019-02-15,9.900747299194336,9.181868553161621
2019-02-18,9.669934272766113,9.032047271728516
2019-02-19,9.701172828674316,9.314567565917969
2019-02-20,9.491181373596191,9.573543548583984
2019-02-21,9.024346351623535,9.477228164672852
2019-02-22,9.28466510772705,9.648451805114746
2019-02-25,9.4530029296875,9.438703536987305
2019-02-26,9.374906539916992,9.663434982299805
2019-02-27,9.564072608947754,9.52431583404541
2019-02-28,9.26904582977295,9.3530912399292
2019-03-01,9.038681983947754,9.130501747131348
2019-03-06,9.003511428833008,8.865103721618652
2019-03-07,9.126606941223145,8.867243766784668
2019-03-08,9.232117652893066,9.002083778381348
2019-03-11,9.38334846496582,9.391616821289062
2019-03-12,9.443137168884277,9.383055686950684
2019-03-13,9.567991256713867,9.417302131652832
2019-03-14,9.564474105834961,9.3530912399292
2019-03-15,9.675257682800293,9.477228164672852
2019-03-18,9.58381462097168,9.631329536437988
2019-03-19,9.364006042480469,9.800414085388184
2019-03-20,9.25497817993164,9.830378532409668
2019-03-21,8.994720458984375,9.939532279968262
2019-03-22,8.669395446777344,9.671995162963867
2019-03-25,8.565645217895508,9.306004524230957
2019-03-26,8.493547439575195,9.363792419433594
2019-03-27,8.177018165588379,9.019205093383789
2019-03-28,8.335280418395996,9.021346092224121
2019-03-29,8.264942169189453,9.128361701965332
2019-04-01,8.282527923583984,9.333829879760742
2019-04-02,8.175260543823242,9.209692001342773
2019-04-03,8.053922653198242,9.440844535827637
2019-04-04,8.300111770629883,9.404458999633789
2019-04-05,8.264942169189453,9.84536075592041
2019-04-08,8.018754005432129,9.905287742614746
2019-04-09,7.953688621520996,9.631329536437988
2019-04-10,8.004684448242188,9.909568786621094
2019-04-11,7.830594539642334,9.631329536437988
2019-04-12,7.737393379211426,9.425862312316895
2019-04-15,7.846419334411621,9.624908447265625
2019-04-16,7.973030090332031,9.8346586227417
2019-04-17,7.820042133331299,9.599225044250488
2019-04-18,7.958962917327881,9.9309720993042
2019-04-22,7.804214954376221,9.952375411987305
2019-04-23,7.930829048156738,10.127878189086914
2019-04-24,7.519339084625244,9.973777770996094
2019-04-25,7.473617076873779,9.836798667907715
2019-04-26,7.237978458404541,9.753327369689941
2019-04-29,7.399762153625488,9.892447471618652
2019-04-30,7.385692596435547,10.03156566619873
2019-05-02,7.550992012023926,10.003742218017578
2019-05-03,7.459550857543945,9.883402824401855
2019-05-06,7.47713565826416,9.81122875213623
2019-05-07,7.526373863220215,9.74561595916748
2019-05-08,7.642434597015381,9.900899887084961
2019-05-09,7.667052745819092,9.677818298339844
2019-05-10,7.6318840980529785,9.789358139038086
2019-05-13,7.385692596435547,9.730306625366211
2019-05-14,7.473617076873779,9.666882514953613
2019-05-15,7.452516078948975,9.579399108886719
2019-05-16,7.118401050567627,9.53565788269043
2019-05-17,6.812422752380371,9.244775772094727
2019-05-20,6.94606876373291,9.699687957763672
2019-05-21,7.283699989318848,9.896525382995605
2019-05-22,7.266114711761475,10.032123565673828
2019-05-23,7.016408920288086,10.027749061584473
2019-05-24,6.840559005737305,9.732494354248047
2019-05-27,6.910899639129639,9.857157707214355
2019-05-28,6.8300065994262695,10.049620628356934
2019-05-29,7.051579475402832,10.148039817810059
2019-05-30,7.002340316772461,10.215836524963379
2019-05-31,7.273149490356445,10.309882164001465
2019-06-03,7.202809810638428,10.386430740356445
2019-06-04,7.146537780761719,10.557022094726562
2019-06-05,6.942551612854004,10.268327713012695
2019-06-06,7.033993244171143,10.44766902923584
2019-06-07,7.107850074768066,10.349248886108398
2019-06-10,7.097298622131348,10.281450271606445
2019-06-11,7.420864105224609,10.716679573059082
2019-06-12,7.2696332931518555,10.535150527954102
2019-06-13,7.614297389984131,10.629195213317871
2019-06-14,7.5615434646606445,10.340502738952637
2019-06-17,7.596713542938232,10.082427024841309
2019-06-18,7.505270957946777,10.213651657104492
2019-06-19,7.368108749389648,10.213651657104492
2019-06-21,7.526373863220215,10.108672142028809
2019-06-24,7.550992012023926,10.156786918640137
2019-06-25,7.31887149810791,9.879027366638184
2019-06-26,7.332939147949219,10.148039817810059
2019-06-27,7.209842205047607,10.10429859161377
2019-06-28,7.069162368774414,10.093362808227539
2019-07-01,6.94606876373291,10.43235969543457
2019-07-02,6.840559005737305,10.294572830200195
2019-07-03,6.8581438064575195,10.425798416137695
2019-07-04,6.910899639129639,10.600764274597168
2019-07-05,6.8968305587768555,10.67074966430664
2019-07-08,6.928483486175537,10.68387222290039
2019-07-10,7.332939147949219,11.125662803649902
2019-07-11,7.273149490356445,10.902580261230469
2019-07-12,7.202809810638428,10.863212585449219
2019-07-15,7.234463691711426,11.057863235473633
2019-07-16,7.100815773010254,10.889459609985352
2019-07-17,7.135985851287842,10.84790325164795
2019-07-18,7.325904846191406,10.996624946594238
2019-07-19,7.100815773010254,10.826032638549805
2019-07-22,6.805389404296875,10.957258224487305
2019-07-23,6.9812397956848145,10.84352970123291
2019-07-24,7.2977681159973145,11.051301002502441
2019-07-25,7.234463691711426,10.91132926940918
2019-07-26,7.079713344573975,10.928826332092285
2019-07-29,7.030476093292236,10.782292366027832
2019-07-30,7.086747646331787,11.171592712402344
2019-07-31,6.995306015014648,11.127849578857422
2019-08-01,6.995306015014648,11.27875804901123
2019-08-02,6.995306015014648,11.17815113067627
2019-08-05,6.699878692626953,10.821660041809082
2019-08-06,6.7878031730651855,10.823846817016602
2019-08-07,6.696362018585205,11.219706535339355
2019-08-08,6.815939903259277,11.552143096923828
2019-08-09,6.808905124664307,11.66368293762207
2019-08-12,6.689327716827393,11.396860122680664
2019-08-13,6.611954689025879,11.241578102111816
2019-08-14,6.48182487487793,10.629195213317871
2019-08-15,5.936690807342529,10.616073608398438
2019-08-16,5.803045272827148,10.845717430114746
2019-08-19,5.574440002441406,10.84790325164795
2019-08-20,5.570923328399658,10.659815788269043
2019-08-21,5.88041877746582,10.80416202545166
2019-08-22,6.028132915496826,10.74948501586914
2019-08-23,5.700748443603516,10.495784759521484
2019-08-26,5.5512919425964355,10.399552345275879
2019-08-27,5.544173717498779,10.320817947387695
2019-08-28,5.682956218719482,10.716679573059082
2019-08-29,5.992547512054443,10.84790325164795
2019-08-30,5.843089580535889,10.93320083618164
2019-09-02,5.9071431159973145,10.867587089538574
2019-09-03,6.045925140380859,10.836967468261719
2019-09-04,6.262995719909668,11.079733848571777
2019-09-05,6.36619234085083,11.204397201538086
2019-09-06,6.419569969177246,11.309377670288086
2019-09-09,6.5192084312438965,11.477782249450684
2019-09-10,6.540559768676758,11.558704376220703
2019-09-11,6.369749546051025,11.753353118896484
2019-09-12,6.405335903167725,11.987371444702148
2019-09-13,6.230967998504639,11.930505752563477
2019-09-16,6.476505756378174,11.934882164001465
2019-09-17,6.768304347991943,11.783973693847656
2019-09-18,6.682900428771973,11.707425117492676
2019-09-19,6.497856616973877,11.810218811035156
2019-09-20,6.526325702667236,11.84958553314209
2019-09-23,6.494298458099365,11.549956321716309
2019-09-24,6.369749546051025,11.68774127960205
2019-09-25,6.401778221130371,11.867081642150879
2019-09-26,6.512091636657715,12.024550437927246
2019-09-27,6.558351993560791,11.707425117492676
2019-09-30,6.579703330993652,11.635251998901367
2019-10-01,6.8537092208862305,11.724922180175781
2019-10-02,6.875058650970459,11.525897026062012
2019-10-03,6.76118803024292,11.613380432128906
2019-10-04,6.636639595031738,11.724922180175781
2019-10-07,6.504974842071533,11.261260986328125
2019-10-08,6.551233768463135,11.508401870727539
2019-10-09,6.8501505851745605,11.770851135253906
2019-10-10,6.636639595031738,11.921758651733398
2019-10-11,6.832357406616211,12.177647590637207
2019-10-14,6.864384651184082,12.278252601623535
2019-10-15,6.867943286895752,12.356987953186035
2019-10-16,6.917761325836182,12.586630821228027
2019-10-17,6.796773433685303,12.400728225708008
2019-10-18,6.942672252655029,12.416036605834961
2019-10-21,6.9355549812316895,12.488210678100586
2019-10-22,6.914204120635986,12.612874031066895
2019-10-23,6.924879550933838,12.531952857971191
2019-10-24,6.832357406616211,12.3810453414917
2019-10-25,6.9319963455200195,12.514457702636719
2019-10-28,6.899969100952148,12.494772911071777
2019-10-29,6.757628440856934,12.400728225708008
2019-10-30,6.76118803024292,12.857828140258789
2019-10-31,6.714926719665527,12.639121055603027
2019-11-01,6.903527736663818,12.870949745178223
2019-11-04,6.917761325836182,13.12246322631836
2019-11-05,6.867943286895752,13.013111114501953
2019-11-06,6.956906795501709,12.919065475463867
2019-11-07,7.323432445526123,13.091845512390137
2019-11-08,7.287848472595215,12.991240501403809
2019-11-11,7.29496431350708,13.251501083374023
2019-11-12,7.27005672454834,12.597564697265625
2019-11-13,7.117039680480957,12.903757095336914
2019-11-14,7.202444076538086,13.297430038452148
2019-11-18,7.227353096008301,13.494268417358398
2019-11-19,7.351901531219482,13.199012756347656
2019-11-21,7.807393550872803,13.540196418762207
2019-11-22,8.070724487304688,13.758904457092285
2019-11-25,7.889238357543945,13.669234275817871
2019-11-26,7.803834438323975,13.463648796081543
2019-11-27,7.757572650909424,13.465835571289062
2019-11-28,7.793159484863281,13.627680778503418
2019-11-29,7.761133193969727,13.58174991607666
2019-12-02,7.864328384399414,14.106648445129395
2019-12-03,7.967525959014893,13.887941360473633
2019-12-04,7.882119655609131,14.237873077392578
2019-12-05,7.714871406555176,14.358161926269531
2019-12-06,7.650817394256592,14.552812576293945
2019-12-09,7.608115196228027,14.404091835021973
2019-12-10,7.704195022583008,14.50907039642334
2019-12-11,7.739779949188232,14.983668327331543
2019-12-12,7.8536529541015625,15.0798978805542
2019-12-13,7.9212646484375,15.156445503234863
2019-12-16,7.9817609786987305,15.163007736206055
2019-12-17,8.184595108032227,14.959609985351562
2019-12-18,8.430133819580078,15.117080688476562
2019-12-19,8.643645286560059,14.953049659729004
2019-12-20,8.757516860961914,15.224246978759766
2019-12-23,9.0137300491333,15.134573936462402
2019-12-26,9.109811782836914,15.106143951416016
2019-12-27,9.152512550354004,15.316102981567383
2019-12-30,9.067107200622559,15.215497016906738
2020-01-02,9.109811782836914,15.68353271484375
2020-01-03,9.003056526184082,15.987537384033203
2020-01-06,8.807336807250977,15.893491744995117
2020-01-07,9.003056526184082,16.18000030517578
2020-01-08,8.931886672973633,15.913175582885742
2020-01-09,8.949677467346191,15.742581367492676
2020-01-10,8.928327560424805,15.976600646972656
2020-01-13,9.010172843933105,16.38558578491211
2020-01-14,9.109811782836914,16.908294677734375
2020-01-15,9.02796745300293,16.630537033081055
2020-01-16,9.045757293701172,16.88423728942871
2020-01-17,9.348231315612793,17.0592041015625
2020-01-20,9.515480995178223,17.400386810302734
2020-01-21,9.376699447631836,17.074512481689453
2020-01-22,9.753901481628418,17.581912994384766
2020-01-23,9.896244049072266,17.651899337768555
2020-01-24,9.796605110168457,17.62128448486328
2020-01-27,9.412284851074219,17.236356735229492
2020-01-28,9.590210914611816,17.573165893554688
2020-01-29,9.291296005249023,17.49443244934082
2020-01-30,9.237916946411133,17.645341873168945
2020-01-31,8.988821983337402,17.431007385253906
2020-02-03,9.024405479431152,17.98652458190918
2020-02-04,8.942561149597168,17.802810668945312
2020-02-05,9.042200088500977,17.99964714050293
2020-02-06,8.928327560424805,17.706579208374023
2020-02-07,8.661436080932617,17.256040573120117
2020-02-10,8.519096374511719,17.256040573120117
2020-02-11,8.931886672973633,18.305835723876953
2020-02-12,8.92476749420166,18.415189743041992
2020-02-13,8.725491523742676,18.2117919921875
2020-02-14,8.593825340270996,18.087129592895508
2020-02-17,8.76463508605957,17.72844886779785
2020-02-18,8.576032638549805,17.396011352539062
2020-02-19,8.49062728881836,17.737197875976562
2020-02-20,7.867887020111084,17.46818733215332
2020-02-21,7.6686110496521,17.409135818481445
2020-02-26,7.0423102378845215,16.4840030670166
2020-02-27,6.814565658569336,15.786324501037598
2020-02-28,6.875827789306641,16.002845764160156
2020-03-02,7.106464385986328,16.52336883544922
2020-03-03,7.200159072875977,16.61522674560547
2020-03-04,7.1893486976623535,16.853618621826172
2020-03-05,6.522667407989502,15.744767189025879
2020-03-06,6.198336124420166,15.16956901550293
2020-03-09,5.553277015686035,13.77858829498291
2020-03-10,6.443386554718018,14.712469100952148
2020-03-11,6.007340908050537,13.013111114501953
2020-03-12,4.7316365242004395,10.613885879516602
2020-03-13,5.837967872619629,12.127344131469727
2020-03-16,4.591092586517334,10.769168853759766
2020-03-17,5.045156955718994,11.383737564086914
2020-03-18,4.349646091461182,10.06055736541748
2020-03-19,4.396494388580322,10.30113410949707
2020-03-20,4.4433417320251465,11.0447416305542
2020-03-23,3.8523380756378174,10.710116386413574
2020-03-24,4.313608646392822,11.569639205932617
2020-03-25,4.4361348152160645,12.466341018676758
2020-03-26,5.1568708419799805,13.441778182983398
2020-03-27,4.7208251953125,12.168898582458496
2020-03-30,4.5406413078308105,12.155776023864746
2020-03-31,4.515416145324707,11.757726669311523
2020-04-01,4.129820823669434,10.9135160446167
2020-04-02,4.155046463012695,10.87196159362793
2020-04-03,4.007296085357666,10.519842147827148
2020-04-06,4.479378700256348,11.17815113067627
2020-04-07,4.637939929962158,11.482156753540039
2020-04-08,4.944254398345947,11.659309387207031
2020-04-09,5.1316447257995605,11.27875804901123
2020-04-13,5.236152172088623,11.722734451293945
2020-04-14,5.081193923950195,11.810218811035156
2020-04-15,5.113626956939697,12.19295597076416
2020-04-16,5.1208343505859375,12.400728225708008
2020-04-17,5.063174724578857,11.7008638381958
2020-04-20,5.1172308921813965,12.354799270629883
2020-04-22,5.189303874969482,12.958433151245117
2020-04-23,5.239756107330322,12.971556663513184
2020-04-24,4.8613691329956055,12.278252601623535
2020-04-27,5.1568708419799805,12.930000305175781
2020-04-28,5.2541704177856445,13.559880256652832
2020-04-29,5.538861274719238,13.524887084960938
2020-04-30,5.225340843200684,13.19682502746582
2020-05-04,5.261377811431885,13.019671440124512
2020-05-05,5.200116157531738,13.393661499023438
2020-05-06,5.063174724578857,13.199012756347656
2020-05-07,4.792898654937744,12.761595726013184
2020-05-08,5.001912593841553,13.623305320739746
2020-05-11,4.832540512084961,13.299616813659668
2020-05-12,4.947856903076172,13.006548881530762
2020-05-13,4.857765197753906,12.910316467285156
2020-05-14,5.4055256843566895,12.919065475463867
2020-05-15,5.1028151512146,12.63037109375
2020-05-18,5.437958240509033,13.365229606628418
2020-05-19,5.4559760093688965,13.669234275817871
2020-05-20,5.571295261383057,13.868258476257324
2020-05-21,5.928058624267578,14.338479995727539
2020-05-22,5.801929950714111,13.77640151977539
2020-05-25,6.126262187957764,13.942617416381836
2020-05-26,6.162299156188965,13.971051216125488
2020-05-27,6.23797607421875,14.49376106262207
2020-05-28,6.266805171966553,14.25537109375
2020-05-29,6.169506549835205,14.40190315246582
2020-06-01,6.194731712341309,14.935552597045898
2020-06-02,6.825376510620117,15.287670135498047
2020-06-03,6.760510444641113,15.70977783203125
2020-06-04,6.713662147521973,15.508244514465332
2020-06-05,6.731679916381836,15.46133804321289
2020-06-08,6.89384651184082,15.479207038879395
2020-06-09,6.944297790527344,15.307218551635742
2020-06-10,6.710058689117432,14.797945022583008
2020-06-12,6.48302698135376,14.688495635986328
2020-06-15,6.436178207397461,14.925261497497559
2020-06-16,6.306445598602295,15.121822357177734
2020-06-17,6.522667407989502,15.595358848571777
2020-06-18,6.789340972900391,15.992948532104492
2020-06-19,6.7244744300842285,15.756182670593262
2020-06-22,6.609155654907227,15.700338363647461
2020-06-23,6.652399063110352,15.35859203338623
2020-06-24,6.663210868835449,15.3652925491333
2020-06-25,6.598344326019287,15.671300888061523
2020-06-26,6.356898307800293,15.34295654296875
2020-06-29,6.486630916595459,15.67577075958252
2020-06-30,6.623570919036865,15.841057777404785
2020-07-01,6.774925231933594,16.738988876342773
2020-07-02,6.717267036437988,16.53572654724121
2020-07-03,6.6415886878967285,16.8908748626709
2020-07-06,6.681229114532471,17.14997673034668
2020-07-07,6.5010457038879395,16.417341232299805
2020-07-08,6.764113426208496,16.80599594116211
2020-07-09,6.699247360229492,16.473182678222656
2020-07-10,6.670417308807373,16.618371963500977
2020-07-13,6.3785200119018555,16.34586524963379
2020-07-14,6.789340972900391,16.642942428588867
2020-07-15,6.947902202606201,17.288467407226562
2020-07-16,6.9695234298706055,17.3621768951416
2020-07-17,7.027182579040527,18.255638122558594
2020-07-20,7.117275714874268,18.930200576782227
2020-07-21,7.135293483734131,18.68003273010254
2020-07-22,7.110068321228027,18.76714324951172
2020-07-23,6.901054382324219,18.530376434326172
2020-07-24,6.901054382324219,18.414228439331055
2020-07-27,6.987542152404785,18.5393123626709
2020-07-28,7.027182579040527,18.46113395690918
2020-07-29,7.009164810180664,18.773845672607422
2020-07-30,7.117275714874268,19.678476333618164
2020-07-31,6.825376510620117,20.192214965820312
2020-08-03,6.832583904266357,19.65837287902832
2020-08-04,6.792943000793457,19.240678787231445
2020-08-05,6.807358741760254,19.636035919189453
2020-08-06,6.868621349334717,19.624866485595703
2020-08-07,6.926279067993164,19.455108642578125
2020-08-10,6.85420560836792,19.42830467224121
2020-08-11,6.778528690338135,18.762676239013672
2020-08-12,6.7244744300842285,18.6509952545166
2020-08-13,6.68483304977417,18.55048179626465
2020-08-14,6.767718315124512,18.494640350341797
2020-08-17,6.583930015563965,18.21543312072754
2020-08-18,6.778528690338135,19.02401351928711
2020-08-19,7.095653533935547,18.530376434326172
2020-08-20,7.182140350341797,18.72023582458496
2020-08-21,7.470436096191406,18.61972427368164
2020-08-24,7.441606044769287,19.07315444946289
2020-08-25,7.358721733093262,18.905630111694336
2020-08-26,7.0632195472717285,18.505807876586914
2020-08-27,7.009164810180664,18.521442413330078
2020-08-28,7.3082709312438965,19.198238372802734
2020-08-31,7.005559921264648,18.595151901245117
2020-09-01,7.441606044769287,18.2467041015625
2020-09-02,7.477643966674805,17.670419692993164
2020-09-03,7.56052827835083,17.132110595703125
2020-09-04,7.744316577911377,17.17008399963379
2020-09-08,7.755127906799316,16.980220794677734
2020-09-09,7.884860992431641,17.49172592163086
2020-09-10,7.747920513153076,16.877473831176758
2020-09-11,7.769540309906006,16.587100982666016
2020-09-14,8.05423355102539,16.582630157470703
2020-09-15,8.299283027648926,16.910980224609375
2020-09-16,8.270453453063965,16.801530838012695
2020-09-17,8.335319519042969,16.888641357421875
2020-09-18,8.270453453063965,16.54019546508789
2020-09-21,8.075854301452637,16.386072158813477
2020-09-22,8.09027099609375,16.075593948364258
2020-09-23,7.740711688995361,15.403264999389648
2020-09-24,7.679450511932373,15.521646499633789
2020-09-25,7.632601737976074,15.255844116210938
2020-09-28,7.250612258911133,14.811346054077148
2020-09-29,7.102860450744629,14.710831642150879
2020-09-30,6.944297790527344,15.262545585632324
2020-10-01,7.034390449523926,15.709275245666504
2020-10-02,6.89384651184082,15.251374244689941
2020-10-05,6.976731300354004,15.34295654296875
2020-10-06,6.919071674346924,15.159796714782715
2020-10-07,6.710058689117432,15.177663803100586
2020-10-08,6.915468215942383,15.278180122375488
2020-10-09,6.792943000793457,14.795709609985352
2020-10-13,6.702850818634033,15.019075393676758
2020-10-14,6.6415886878967285,15.412198066711426
2020-10-15,6.782133102416992,15.720441818237305
2020-10-16,6.828981399536133,15.318387031555176
2020-10-19,6.875827789306641,15.823190689086914
2020-10-20,6.92988395690918,15.69587230682373
2020-10-21,6.800150394439697,15.834358215332031
2020-10-22,6.7244744300842285,15.700338363647461
2020-10-23,6.670417308807373,15.465806007385254
2020-10-26,6.4686126708984375,15.244674682617188
2020-10-27,6.389331340789795,15.673534393310547
2020-10-28,6.032567501068115,15.166497230529785
2020-10-29,6.0505852699279785,15.014609336853027
2020-10-30,5.902833461761475,14.516502380371094
2020-11-03,5.978511810302734,14.809113502502441
2020-11-04,6.183920383453369,14.918560981750488
2020-11-05,7.117275714874268,16.428510665893555
2020-11-06,7.1857452392578125,16.28555679321289
2020-11-09,7.210970401763916,16.462013244628906
2020-11-10,7.819993495941162,17.036062240600586
2020-11-11,7.286648750305176,16.931081771850586
2020-11-12,7.214575290679932,16.716650009155273
2020-11-13,7.441606044769287,17.52076530456543
2020-11-16,7.683053016662598,17.853580474853516
2020-11-17,7.582149505615234,17.75753402709961
2020-11-18,7.44881534576416,17.701690673828125
2020-11-19,7.456019878387451,17.871450424194336
2020-11-23,7.419984817504883,18.93243408203125
2020-11-24,7.3947601318359375,18.684499740600586
2020-11-25,7.4812469482421875,18.867658615112305
2020-11-26,7.4884538650512695,18.867658615112305
2020-11-27,7.351513862609863,18.360618591308594
2020-11-30,7.32628870010376,17.319738388061523
2020-12-01,7.668638229370117,17.14104461669922
2020-12-02,7.499266147613525,16.94001579284668
2020-12-03,7.657826900482178,16.971290588378906
2020-12-04,7.928104400634766,17.042766571044922
2020-12-07,7.8992743492126465,16.0286865234375
2020-12-08,8.057836532592773,16.030920028686523
2020-12-09,8.108287811279297,15.635563850402832
2020-12-10,8.24522876739502,15.93710708618164
2020-12-11,8.270453453063965,15.901368141174316
2020-12-14,8.533523559570312,15.541749954223633
2020-12-15,8.504693031311035,16.497753143310547
2020-12-16,8.645235061645508,16.533491134643555
2020-12-17,8.421809196472168,17.292932510375977
2020-12-18,8.551542282104492,16.998090744018555
2020-12-21,8.356941223144531,16.48658561706543
2020-12-22,8.41460132598877,16.776958465576172
2020-12-23,8.540728569030762,16.55359649658203
2020-12-28,8.612804412841797,17.10083770751953
2020-12-29,8.688482284545898,17.199119567871094
2020-12-30,8.555144309997559,16.915447235107422
2021-01-04,8.692086219787598,17.6994571685791
2021-01-05,8.620011329650879,17.755300521850586
2021-01-06,8.515503883361816,17.712860107421875
2021-01-07,8.774970054626465,18.403057098388672
2021-01-08,9.002002716064453,18.371788024902344
2021-01-11,8.580371856689453,18.065776824951172
2021-01-12,8.5191068649292,18.521442413330078
2021-01-13,8.454239845275879,18.919031143188477
2021-01-14,8.403791427612305,18.852022171020508
2021-01-15,8.173154830932617,18.19086265563965
2021-01-18,8.039816856384277,18.365087509155273
2021-01-19,7.996573448181152,18.394123077392578
2021-01-20,8.126306533813477,18.041208267211914
2021-01-21,8.104684829711914,17.33760643005371
2021-01-22,7.895670413970947,17.199119567871094
2021-01-26,7.95693302154541,16.91991424560547
2021-01-27,7.9389142990112305,17.199119567871094
2021-01-28,8.277660369873047,17.232624053955078
2021-01-29,7.848823547363281,16.765789031982422
2021-02-01,8.007384300231934,17.17231559753418
2021-02-02,8.22721004486084,17.55203628540039
2021-02-03,8.450638771057129,17.634681701660156
2021-02-04,8.400185585021973,17.853580474853516
2021-02-05,8.504693031311035,17.5877742767334
2021-02-08,8.598387718200684,19.095487594604492
2021-02-09,8.789384841918945,18.668865203857422
2021-02-10,8.544336318969727,18.751506805419922
2021-02-11,8.436222076416016,19.29875373840332
2021-02-12,8.43262004852295,19.564556121826172
2021-02-17,8.400185585021973,19.53105354309082
2021-02-18,8.108287811279297,19.36576271057129
2021-02-19,8.238020896911621,19.60923194885254
2021-02-22,7.59296178817749,18.313711166381836
2021-02-23,7.704676151275635,19.459577560424805
2021-02-24,7.668638229370117,19.258544921875
2021-02-25,7.102860450744629,18.782779693603516
2021-02-26,6.962314605712891,18.181928634643555
2021-03-01,6.756907939910889,18.40529441833496
2021-03-02,6.735285758972168,18.40082359313965
2021-03-03,6.565910816192627,18.2913761138916
2021-03-04,6.973128318786621,19.87950325012207
2021-03-05,7.091129302978516,20.489290237426758
2021-03-08,6.530622482299805,20.25922203063965
2021-03-09,6.619124412536621,19.96661376953125
2021-03-10,6.755562782287598,20.020221710205078
2021-03-11,7.1870036125183105,19.944278717041016
2021-03-12,7.1980671882629395,19.901838302612305
2021-03-15,7.1058783531188965,20.493755340576172
2021-03-16,7.072691440582275,19.82366180419922
2021-03-17,7.411942481994629,21.284469604492188
2021-03-18,7.164878845214844,20.772964477539062
2021-03-19,7.308692932128906,20.953889846801758
2021-03-22,7.297630786895752,20.61884117126465
2021-03-23,7.216506481170654,20.58980369567871
2021-03-24,7.175942420959473,20.30166244506836
2021-03-25,7.434069633483887,20.57193374633789
2021-03-26,7.714323997497559,20.28379249572754
2021-03-29,7.747509479522705,20.060428619384766
2021-03-30,7.861822128295898,20.670215606689453
2021-03-31,7.821260452270508,20.420045852661133
2021-04-01,7.666384220123291,20.739458084106445
2021-04-05,7.780697822570801,20.65458106994629
2021-04-06,7.743820667266846,20.341867446899414
2021-04-07,7.688509941101074,20.096166610717773
2021-04-08,7.7290730476379395,20.024688720703125
2021-04-09,7.541008472442627,19.92194175720215
2021-04-12,7.622134208679199,20.102867126464844
2021-04-13,7.714323997497559,20.073829650878906
2021-04-14,7.70694637298584,20.13860511779785
2021-04-15,7.78807258605957,20.339632034301758
2021-04-16,7.777008533477783,20.281558990478516
2021-04-19,7.847072124481201,20.08946418762207
2021-04-20,7.813884735107422,20.68138313293457
2021-04-22,7.743820667266846,20.848907470703125
2021-04-23,7.732759952545166,20.330698013305664
2021-04-26,7.773322105407715,20.134138107299805
2021-04-27,7.5078206062316895,20.084997177124023
2021-04-28,7.714323997497559,20.41558074951172
2021-04-29,7.854449272155762,20.442380905151367
2021-04-30,7.78438663482666,20.116268157958984
2021-05-03,7.9540114402771,20.303897857666016
2021-05-04,7.854449272155762,19.723148345947266
2021-05-05,8.027763366699219,19.9174747467041
2021-05-06,7.478320121765137,19.47017478942871
2021-05-07,7.500443935394287,20.08483123779297
2021-05-10,7.323443412780762,19.759424209594727
2021-05-11,7.16856575012207,19.614797592163086
2021-05-12,7.205442905426025,19.307470321655273
2021-05-13,7.293942928314209,19.515369415283203
2021-05-14,7.360319137573242,20.193300247192383
2021-05-17,7.5225701332092285,20.52774429321289
2021-05-18,7.434069633483887,20.27465057373047
2021-05-19,7.4967570304870605,20.229454040527344
2021-05-20,7.286568641662598,20.211380004882812
2021-05-21,7.1316914558410645,19.804616928100586
2021-05-24,7.072691440582275,20.35600471496582
2021-05-25,6.9694414138793945,19.768463134765625
2021-05-26,7.128004550933838,19.840776443481445
2021-05-27,7.094816207885742,19.804616928100586
2021-05-28,7.028441429138184,19.81365966796875
2021-05-31,7.116940975189209,21.124324798583984
2021-06-01,7.633194446563721,21.729942321777344
2021-06-02,7.692196846008301,21.919763565063477
2021-06-04,7.7954487800598145,22.23613166809082
2021-06-07,7.865510940551758,22.516342163085938
2021-06-08,7.802822589874268,22.543458938598633
2021-06-09,7.596320152282715,22.43498992919922
2021-06-10,7.5520710945129395,23.058687210083008
2021-06-11,7.4635701179504395,23.230430603027344
2021-06-14,7.441444396972656,22.959259033203125
2021-06-15,7.622134208679199,22.877904891967773
2021-06-16,7.426694393157959,22.480188369750977
2021-06-17,7.290256977081299,22.57057762145996
2021-06-18,7.227567195892334,22.145740509033203
2021-06-21,7.271818161010742,22.615774154663086
2021-06-22,7.201754570007324,22.823671340942383
2021-06-23,7.061628341674805,22.272287368774414
2021-06-24,7.1316914558410645,22.769439697265625
2021-06-25,7.002627372741699,22.3536376953125
2021-06-28,15.359212875366211,21.919763565063477
2021-06-29,14.830962181091309,21.585315704345703
2021-06-30,14.718907356262207,21.657629013061523
2021-07-01,14.550829887390137,21.729942321777344
2021-07-02,15.167119026184082,22.08246612548828
2021-07-05,15.03905963897705,22.407875061035156
2021-07-06,14.806951522827148,22.037273406982422
2021-07-07,15.287177085876465,22.344600677490234
2021-07-08,15.255160331726074,22.281326293945312
2021-07-12,15.519285202026367,23.619108200073242
2021-07-13,15.527288436889648,23.854127883911133
2021-07-14,15.743391990661621,24.37839126586914
2021-07-15,15.431245803833008,24.31511878967285
2021-07-16,15.215141296386719,23.863162994384766
2021-07-19,15.01504898071289,23.628149032592773
2021-07-20,14.93500804901123,23.483522415161133
2021-07-21,14.918999671936035,23.827009201049805
2021-07-22,14.886985778808594,24.586294174194336
2021-07-23,14.694899559020996,24.405508041381836
2021-07-26,14.582844734191895,24.0349063873291
2021-07-27,14.47879695892334,23.781814575195312
2021-07-28,14.726912498474121,24.242807388305664
2021-07-29,14.76693058013916,23.90835952758789
2021-07-30,14.150639533996582,23.094844818115234
2021-08-02,13.974560737609863,23.275625228881836
2021-08-03,13.958552360534668,23.131000518798828
2021-08-04,13.854501724243164,22.190935134887695
2021-08-05,13.6063871383667,21.992074966430664
2021-08-06,13.686426162719727,21.874568939208984
2021-08-09,14.206668853759766,21.955921173095703
2021-08-10,13.918532371520996,21.96495819091797
2021-08-11,13.886520385742188,21.955921173095703
2021-08-12,12.173714637756348,21.648591995239258
2021-08-13,12.477856636047363,21.323184967041016
2021-08-16,12.613920211791992,20.853153228759766
2021-08-17,12.886048316955566,20.600059509277344
2021-08-18,12.245746612548828,20.157142639160156
2021-08-19,12.301774978637695,20.28369140625
2021-08-20,12.463960647583008,20.36504364013672
2021-08-23,12.236899375915527,19.994441986083984
2021-08-24,12.545052528381348,20.319847106933594
2021-08-25,12.52072525024414,20.419275283813477
2021-08-26,11.863872528076172,20.030595779418945
2021-08-27,11.888199806213379,20.328886032104492
2021-08-30,11.847654342651367,20.066753387451172
2021-08-31,11.709796905517578,19.93116569519043
2021-09-01,11.758453369140625,20.40119743347168
2021-09-02,11.661138534545898,20.148103713989258
2021-09-03,11.969294548034668,20.003477096557617
2021-09-06,12.139588356018066,20.20233917236328
2021-09-08,11.458409309387207,19.614797592163086
2021-09-09,11.807110786437988,20.057714462280273
2021-09-10,11.580048561096191,19.75038719177246
2021-09-13,12.074715614318848,20.446395874023438
2021-09-14,11.766562461853027,21.241832733154297
2021-09-15,11.580048561096191,21.28702735900879
2021-09-16,11.67735767364502,21.377418518066406
2021-09-17,11.263787269592285,21.142404556274414
2021-09-20,11.085383415222168,20.807958602905273
2021-09-21,11.490845680236816,21.061050415039062
2021-09-22,11.847654342651367,21.115285873413086
2021-09-23,12.974843978881836,21.55820083618164
2021-09-24,12.788333892822266,21.55820083618164
2021-09-27,12.488288879394531,21.241832733154297
2021-09-28,12.155806541442871,20.636215209960938
2021-09-29,12.123371124267578,20.807958602905273
2021-09-30,11.95307445526123,20.771799087524414
2021-10-01,12.228789329528809,21.386457443237305
2021-10-04,11.92874813079834,21.124324798583984
2021-10-05,11.920637130737305,20.88930892944336
2021-10-06,11.612485885620117,20.735645294189453
2021-10-07,11.442190170288086,20.961620330810547
2021-10-08,11.920637130737305,21.124324798583984
2021-10-11,12.066604614257812,20.60909652709961
2021-10-13,12.301774978637695,21.259910583496094
2021-10-14,12.107151985168457,21.241832733154297
2021-10-15,12.228789329528809,21.01585578918457
2021-10-18,12.50450611114502,21.0248966217041
2021-10-19,11.847654342651367,20.383119583129883
2021-10-20,12.009840965270996,20.030595779418945
2021-10-21,11.320551872253418,19.244197845458984
2021-10-22,10.947525024414062,18.90974998474121
2021-10-25,11.125929832458496,19.587682723999023
2021-10-26,10.7285737991333,18.72896957397461
2021-10-27,11.142148971557617,18.57530403137207
2021-10-28,10.842105865478516,18.204702377319336
2021-10-29,10.58260726928711,17.888336181640625
2021-11-01,10.558279037475586,18.24989891052246
2021-11-03,10.923196792602539,18.58434295654297
2021-11-04,10.039286613464355,18.286052703857422
2021-11-05,10.104161262512207,18.783203125
2021-11-08,10.104161262512207,18.65665626525879
2021-11-09,10.558279037475586,19.000141143798828
2021-11-10,10.517733573913574,19.235158920288086
2021-11-11,10.89076042175293,19.759424209594727
2021-11-12,10.931304931640625,19.081493377685547
2021-11-16,10.75290298461914,18.79224395751953
2021-11-17,10.842105865478516,18.819358825683594
2021-11-18,10.963743209838867,18.954946517944336
2021-11-19,11.020508766174316,19.036298751831055
2021-11-22,10.7285737991333,18.674732208251953
2021-11-23,11.263787269592285,19.226119995117188
2021-11-24,11.223238945007324,19.1718807220459
2021-11-25,11.46651840209961,19.452096939086914
2021-11-26,11.061056137084961,19.25323486328125
2021-11-29,11.507064819335938,19.415937423706055
2021-11-30,11.70168685913086,19.20804214477539
2021-12-01,11.288113594055176,19.18092155456543
2021-12-02,11.555720329284668,19.831735610961914
2021-12-03,11.95307445526123,20.220417022705078
2021-12-06,12.139588356018066,19.786540985107422
2021-12-07,12.074715614318848,19.858854293823242
2021-12-08,12.463960647583008,20.075788497924805
2021-12-09,12.188243865966797,19.904048919677734
2021-12-10,12.390975952148438,20.120988845825195
2021-12-13,12.6099271774292,20.039634704589844
2021-12-14,12.382867813110352,20.066753387451172
2021-12-15,12.334211349487305,20.4847412109375
2021-12-16,12.439632415771484,20.539905548095703
2021-12-17,12.3179931640625,20.356021881103516
2021-12-20,11.612485885620117,19.923891067504883
2021-12-21,11.523283004760742,19.6204833984375
2021-12-22,11.571939468383789,19.675647735595703
2021-12-23,11.571939468383789,19.445789337158203
2021-12-27,11.807110786437988,19.68484115600586
2021-12-28,11.847654342651367,19.72161865234375
2021-12-29,11.67735767364502,19.730812072753906
2021-12-30,11.79089069366455,19.942279815673828
2022-01-03,11.450299263000488,19.46417999267578
2022-01-04,11.020508766174316,19.58370590209961
2022-01-05,10.7285737991333,18.609115600585938
2022-01-06,10.574498176574707,18.176990509033203
2022-01-07,10.501514434814453,18.21376609802246
2022-01-10,10.36365795135498,18.140213012695312
2022-01-11,10.533950805664062,18.90333366394043
2022-01-12,10.947525024414062,19.519346237182617
2022-01-13,10.850212097167969,19.353849411010742
2022-01-14,10.671809196472168,19.51015281677246
2022-01-17,10.428529739379883,19.381431579589844
2022-01-18,10.396093368530273,19.5929012298584
2022-01-19,10.7285737991333,20.199718475341797
2022-01-20,11.069164276123047,20.595069885253906
2022-01-21,11.231350898742676,20.20890998840332
2022-01-24,10.915088653564453,19.905502319335938
2022-01-25,11.361099243164062,20.190523147583008
2022-01-26,11.596266746520996,20.62265396118164
2022-01-27,12.26122760772705,21.47771644592285
2022-01-28,12.293664932250977,21.339801788330078
2022-01-31,12.253117561340332,21.85468101501465
2022-02-01,12.034167289733887,21.790321350097656
2022-02-02,11.66925048828125,21.72595977783203
2022-02-03,12.042278289794922,21.735153198242188
2022-02-04,11.774673461914062,21.431743621826172
2022-02-07,11.393534660339355,20.723791122436523
2022-02-08,11.482736587524414,20.383604049682617
2022-02-09,11.628704071044922,20.55829429626465
2022-02-10,11.766562461853027,20.521516799926758
2022-02-11,11.782779693603516,20.47554588317871
2022-02-14,11.855765342712402,20.47554588317871
2022-02-15,12.26933765411377,20.503128051757812
2022-02-16,12.812660217285156,21.073171615600586
2022-02-17,12.57748794555664,21.018003463745117
2022-02-18,12.196353912353516,20.00663948059082
2022-02-21,12.245009422302246,19.47337532043457
2022-02-22,12.423412322998047,18.866558074951172
2022-02-23,12.099043846130371,18.802196502685547
2022-02-24,12.536943435668945,18.857362747192383
2022-02-25,12.009840965270996,19.409013748168945
2022-03-02,11.604377746582031,20.052610397338867
2022-03-03,11.507064819335938,20.54909896850586
2022-03-04,11.441730499267578,20.51232147216797
2022-03-07,10.694815635681152,20.15374755859375
2022-03-08,10.596323013305664,20.2548828125
2022-03-09,11.080585479736328,20.797344207763672
2022-03-10,10.66198444366455,20.273273468017578
2022-03-11,10.120267868041992,19.804367065429688
2022-03-14,10.013565063476562,19.353849411010742
2022-03-15,10.169515609741211,19.21593475341797
2022-03-16,10.103852272033691,19.26190757751465
2022-03-17,10.49782943725586,20.18132972717285
2022-03-18,10.990300178527832,20.926063537597656
2022-03-21,11.080585479736328,20.82492446899414
2022-03-22,11.449939727783203,21.5236873626709
2022-03-23,11.507393836975098,21.799514770507812
2022-03-24,12.106565475463867,22.544246673583984
2022-03-25,12.213268280029297,22.57183074951172
2022-03-28,11.950617790222168,22.59941291809082
2022-03-29,12.098357200622559,22.250032424926758
2022-03-30,11.94240951538086,22.286808013916016
2022-03-31,11.614094734191895,21.744346618652344
2022-04-01,12.008070945739746,21.88226318359375
2022-04-04,11.79466724395752,21.679988861083984
2022-04-05,11.622302055358887,21.51449203491211
2022-04-06,11.425313949584961,21.413358688354492
2022-04-07,11.211909294128418,21.229473114013672
2022-04-08,11.269365310668945,21.413358688354492
2022-04-11,11.244742393493652,21.155920028686523
2022-04-12,11.605886459350586,21.459327697753906
2022-04-13,12.073735237121582,21.257055282592773
2022-04-14,12.328176498413086,21.30302619934082
2022-04-18,12.221476554870605,21.284637451171875
2022-04-19,11.925992965698242,20.852508544921875
2022-04-20,11.860330581665039,20.89847755432129
2022-04-22,11.646925926208496,20.383604049682617
2022-04-25,11.573055267333984,20.236495971679688
2022-04-26,10.91642951965332,19.905502319335938
2022-04-27,11.047754287719727,19.83194923400879
2022-04-28,11.302197456359863,19.62967872619629
2022-04-29,10.72764778137207,19.307878494262695
2022-05-02,10.32546329498291,18.627506256103516
2022-05-03,10.144891738891602,18.195377349853516
2022-05-04,10.563491821289062,18.370067596435547
2022-05-05,10.268009185791016,17.60694694519043
2022-05-06,10.013565063476562,17.15375518798828
2022-05-09,9.841201782226562,16.580080032348633
2022-05-10,10.079229354858398,16.78697967529297
2022-05-11,10.029982566833496,17.238393783569336
2022-05-12,10.547075271606445,17.44529151916504
2022-05-13,10.735855102539062,17.906112670898438
2022-05-16,11.28577995300293,17.7180233001709
2022-05-17,11.819289207458496,17.868494033813477
2022-05-18,10.908219337463379,17.210180282592773
2022-05-19,10.8179349899292,17.238393783569336
2022-05-20,11.187288284301758,17.511123657226562
2022-05-23,11.23653507232666,18.17884063720703
2022-05-24,11.48404598236084,18.498594284057617
2022-05-25,11.670228004455566,18.837154388427734
2022-05-26,12.169533729553223,19.984500885009766
2022-05-27,12.076445579528809,20.341869354248047
2022-05-30,12.017202377319336,20.266633987426758
2022-05-31,12.161072731018066,20.323060989379883
2022-06-01,11.949501991271973,20.464128494262695
2022-06-02,11.864872932434082,20.765071868896484
2022-06-03,11.53482437133789,20.125566482543945
2022-06-06,11.272476196289062,20.04092788696289
2022-06-07,11.221698760986328,19.33559226989746
2022-06-08,10.984740257263184,19.015838623046875
2022-06-09,10.976278305053711,18.837154388427734
2022-06-10,10.790094375610352,18.564424514770508
2022-06-13,10.358492851257324,17.868494033813477
2022-06-14,10.33310317993164,17.276012420654297
2022-06-15,10.578524589538574,17.64278793334961
2022-06-17,10.316178321838379,17.247798919677734
2022-06-20,10.172311782836914,17.313629150390625
2022-06-21,10.30771541595459,17.34184455871582
2022-06-22,10.646227836608887,17.388866424560547
2022-06-23,10.21462345123291,17.022092819213867
2022-06-24,10.299251556396484,17.29482078552246
2022-06-27,10.612377166748047,17.48291015625
2022-06-28,10.756242752075195,17.623977661132812
2022-06-29,10.629302024841309,17.464101791381836
2022-06-30,10.417731285095215,17.11613655090332
2022-07-01,10.273863792419434,16.81519317626953
2022-07-04,10.045367240905762,16.551868438720703
2022-07-05,9.935351371765137,16.260330200195312
2022-07-06,10.003052711486816,16.09105110168457
2022-07-07,10.045367240905762,16.533058166503906
2022-07-08,10.096145629882812,16.683530807495117
2022-07-11,10.028441429138184,16.382587432861328
2022-07-12,10.197697639465332,16.1192626953125
2022-07-13,10.163847923278809,15.771297454833984
2022-07-14,10.096145629882812,16.1192626953125
2022-07-15,10.045367240905762,16.203903198242188
2022-07-18,10.172311782836914,16.382587432861328
2022-07-19,10.163847923278809,16.429609298706055
2022-07-20,10.7647066116333,16.495441436767578
2022-07-21,10.730855941772461,16.71174430847168
2022-07-22,10.544672966003418,16.44841957092285
2022-07-25,10.823945999145508,16.63650894165039
2022-07-26,10.52774715423584,16.551868438720703
2022-07-27,10.908574104309082,17.285415649414062
2022-07-28,10.80702018737793,17.37005615234375
2022-07-29,10.73931884765625,17.55814552307129
2022-08-01,10.917037010192871,17.63338279724121
2022-08-02,10.99320125579834,17.89670753479004
2022-08-03,11.39095687866211,18.084796905517578
2022-08-04,11.357104301452637,19.006433486938477
2022-08-05,11.255550384521484,18.724300384521484
2022-08-08,11.424806594848633,18.874771118164062
2022-08-09,11.560212135314941,18.808940887451172
2022-08-10,11.873335838317871,19.758792877197266
2022-08-11,11.509434700012207,19.100479125976562
2022-08-12,11.983352661132812,19.787006378173828
2022-08-15,11.805634498596191,19.824623107910156
2022-08-16,11.619451522827148,19.749387741088867
2022-08-17,11.594062805175781,20.003311157226562
2022-08-18,11.619451522827148,19.984500885009766
2022-08-19,11.48404598236084,19.58951187133789
2022-08-22,11.492508888244629,19.241546630859375
2022-08-23,11.610989570617676,19.40142250061035
2022-08-24,12.008740425109863,19.617725372314453
2022-08-25,11.89026165008545,19.5330867767334
2022-08-26,11.873335838317871,19.100479125976562
2022-08-29,11.957965850830078,19.439041137695312
2022-08-30,11.763318061828613,18.950008392333984
2022-08-31,11.450194358825684,18.790132522583008
2022-09-01,11.53482437133789,18.498594284057617
2022-09-02,11.594062805175781,18.517404556274414
2022-09-05,11.644841194152832,18.395145416259766
2022-09-06,11.348640441894531,17.7086181640625
2022-09-08,11.28940200805664,17.464101791381836
2022-09-09,11.433270454406738,17.755640029907227
2022-09-12,11.517898559570312,18.028369903564453
2022-09-13,11.28940200805664,17.37005615234375
2022-09-14,11.29786491394043,17.576955795288086
2022-09-15,10.883186340332031,16.758766174316406
2022-09-16,10.781632423400879,16.834003448486328
2022-09-19,11.010129928588867,17.163158416748047
2022-09-20,10.984740257263184,17.37946128845215
2022-09-21,11.001667022705078,17.247798919677734
2022-09-22,11.306326866149902,18.00956153869629
2022-09-23,10.646227836608887,17.163158416748047
2022-09-26,10.24847412109375,16.655315399169922
2022-09-27,10.138456344604492,16.410802841186523
2022-09-28,10.028441429138184,16.19449806213379
2022-09-29,9.816871643066406,16.034622192382812
2022-09-30,9.926888465881348,16.344968795776367
2022-10-03,10.722393989562988,17.351247787475586
2022-10-04,10.629302024841309,17.181968688964844
2022-10-05,10.58698844909668,16.834003448486328
2022-10-06,10.646227836608887,17.15375518798828
2022-10-07,10.485434532165527,15.658443450927734
2022-10-10,10.519285202026367,14.482884407043457
2022-10-11,10.544672966003418,14.727400779724121
2022-10-13,10.350028991699219,15.07536792755127
2022-10-14,10.21462345123291,14.755614280700684
2022-10-17,10.519285202026367,15.207029342651367
2022-10-18,11.11168384552002,15.432735443115234
2022-10-19,11.153997421264648,15.479758262634277
2022-10-20,11.137070655822754,15.573802947998047
2022-10-21,11.492508888244629,16.081645965576172
2022-10-24,11.128608703613281,15.91236400604248
2022-10-25,10.671614646911621,15.376309394836426
2022-10-26,10.33310317993164,15.50797176361084
2022-10-27,10.908574104309082,15.48916244506836
2022-10-28,10.99320125579834,15.366905212402344
2022-10-31,11.348640441894531,15.855938911437988
2022-11-01,11.84794807434082,16.542463302612305
2022-11-03,12.059517860412598,17.01268768310547
2022-11-04,12.110296249389648,17.58635902404785
2022-11-07,11.475584983825684,16.87162208557129
2022-11-08,11.450194358825684,17.144350051879883
2022-11-09,11.475584983825684,16.87162208557129
2022-11-10,11.204773902893066,16.326162338256836
2022-11-11,11.81409740447998,17.022092819213867
2022-11-14,11.610989570617676,16.67412567138672
2022-11-16,10.90011215209961,16.04402732849121
2022-11-17,11.11168384552002,16.081645965576172
2022-11-18,11.120145797729492,16.034622192382812
2022-11-21,11.187849044799805,15.771297454833984
2022-11-22,11.467121124267578,15.818319320678711
2022-11-23,11.196310997009277,15.498567581176758
2022-11-24,11.839484214782715,16.081645965576172
2022-11-25,11.170920372009277,15.790105819702148
2022-11-28,11.280940055847168,15.968791007995605
2022-11-29,11.627914428710938,16.24152183532715
2022-11-30,12.017202377319336,16.956262588500977
2022-12-01,11.85641098022461,16.429609298706055
2022-12-02,11.85641098022461,16.5612735748291
2022-12-05,11.441733360290527,16.147476196289062
2022-12-06,11.399419784545898,16.062835693359375
2022-12-07,11.357104301452637,15.611421585083008
2022-12-08,10.857797622680664,15.50797176361084
2022-12-09,10.705467224121094,15.649038314819336
2022-12-12,10.443121910095215,15.442140579223633
2022-12-13,10.290788650512695,14.981321334838867
2022-12-14,10.476970672607422,14.953107833862305
2022-12-15,10.146920204162598,14.877872467041016
2022-12-16,9.977665901184082,14.765018463134766
2022-12-19,10.282326698303223,15.225838661193848
2022-12-20,10.561599731445312,15.714868545532227
2022-12-21,10.536211013793945,15.808914184570312
2022-12-22,10.663152694702148,15.696062088012695
2022-12-23,10.866260528564453,16.260330200195312
2022-12-26,10.451582908630371,15.771297454833984
2022-12-27,10.392342567443848,15.902960777282715
2022-12-28,10.747780799865723,16.260330200195312
2022-12-29,10.671614646911621,16.10045623779297
2023-01-02,10.113068580627441,15.291668891906738
2023-01-03,9.952275276184082,14.661569595336914
2023-01-04,10.18923568725586,14.765018463134766
2023-01-05,10.324640274047852,15.065962791442871
2023-01-06,10.443121910095215,15.592613220214844
2023-01-09,10.409268379211426,15.517376899719238
2023-01-10,10.7647066116333,16.034622192382812
2023-01-11,11.120145797729492,16.363779067993164
2023-01-12,11.103219985961914,16.63650894165039
2023-01-13,10.65468978881836,16.1192626953125
2023-01-16,10.451582908630371,15.686656951904297
2023-01-17,10.7647066116333,16.250926971435547
2023-01-18,10.933963775634766,16.288543701171875
2023-01-19,10.89164924621582,16.420204162597656
2023-01-20,10.680078506469727,15.686656951904297
2023-01-23,10.52774715423584,15.037747383117676
2023-01-24,10.976278305053711,15.639633178710938
2023-01-25,11.137070655822754,15.818319320678711
2023-01-26,11.128608703613281,15.82772445678711
2023-01-27,11.094756126403809,15.82772445678711
2023-01-30,10.874723434448242,15.413926124572754
2023-01-31,11.162459373474121,15.705467224121094
2023-02-01,10.90011215209961,15.50797176361084
2023-02-02,10.80702018737793,15.150603294372559
2023-02-03,10.434657096862793,14.953107833862305
2023-02-06,10.883186340332031,15.018939018249512
2023-02-07,10.697005271911621,15.056558609008789
2023-02-08,11.187849044799805,15.23524284362793
2023-02-09,10.840872764587402,14.652164459228516
2023-02-10,10.984740257263184,14.727400779724121
2023-02-13,11.04397964477539,14.765018463134766
2023-02-14,10.722393989562988,14.482884407043457
2023-02-15,11.094756126403809,14.774423599243164
2023-02-16,10.908574104309082,14.962512016296387
2023-02-17,11.179384231567383,14.633356094360352
2023-02-22,11.32325267791748,14.41705322265625
2023-02-23,11.60252571105957,14.304200172424316
2023-02-24,11.551376342773438,13.82457160949707
2023-02-27,11.432024955749512,14.078493118286133
2023-02-28,11.23595142364502,14.087896347045898
2023-03-01,11.073974609375,13.918617248535156
2023-03-02,10.988725662231445,13.84338092803955
2023-03-03,11.082502365112305,13.862189292907715
2023-03-06,11.414976119995117,14.200750350952148
2023-03-07,11.252999305725098,14.313605308532715
2023-03-08,11.738927841186523,14.576929092407227
2023-03-09,11.645151138305664,14.54871654510498
2023-03-10,11.500225067138672,14.087896347045898
2023-03-13,11.278575897216797,13.608269691467285
2023-03-14,11.26152515411377,13.702313423156738
2023-03-15,11.18480110168457,13.486010551452637
2023-03-16,11.37235164642334,13.438987731933594
2023-03-17,11.32972526550293,13.335539817810059
2023-03-20,11.278575897216797,13.30732536315918
2023-03-21,11.611050605773926,13.006382942199707
2023-03-22,11.576950073242188,12.978169441223145
2023-03-23,11.218900680541992,12.827698707580566
2023-03-24,11.159225463867188,13.156854629516602
2023-03-27,11.380876541137695,13.373157501220703
2023-03-28,11.457600593566895,13.7305269241333
2023-03-29,11.58547592163086,14.181941032409668
2023-03-30,11.628101348876953,14.586334228515625
2023-03-31,11.900901794433594,14.191346168518066
2023-04-03,11.909425735473633,14.181941032409668
2023-04-04,12.096975326538086,14.097301483154297
2023-04-05,12.1992769241333,13.786953926086426
2023-04-06,12.301576614379883,13.84338092803955
2023-04-10,12.318626403808594,13.815166473388672
2023-04-11,12.557326316833496,14.699188232421875
2023-04-12,12.693727493286133,14.962512016296387
2023-04-13,12.557326316833496,14.830850601196289
2023-04-14,12.62552547454834,14.868468284606934
2023-04-17,12.327152252197266,14.840254783630371
2023-04-18,12.429450988769531,14.783827781677246
2023-04-19,12.361250877380371,14.454670906066895
2023-04-20,12.241900444030762,14.454670906066895
2023-04-24,12.437976837158203,14.586334228515625
2023-04-25,12.335675239562988,14.257176399230957
2023-04-26,12.07140064239502,13.758740425109863
2023-04-27,12.079926490783691,13.805763244628906
2023-04-28,12.310100555419922,14.087896347045898
2023-05-02,12.165177345275879,13.64588737487793
2023-05-03,12.34420108795166,13.55184268951416
2023-05-04,13.801977157592773,13.363752365112305
2023-05-05,13.955427169799805,13.880998611450195
2023-05-08,14.262325286865234,14.35122299194336
2023-05-09,14.270851135253906,14.699188232421875
2023-05-10,14.12592601776123,14.859064102172852
2023-05-11,14.671525001525879,15.413926124572754
2023-05-12,14.424301147460938,15.338690757751465
2023-05-15,14.466924667358398,15.244646072387695
2023-05-16,14.415777206420898,14.953107833862305
2023-05-17,14.66300106048584,15.319883346557617
2023-05-18,15.021052360534668,15.23524284362793
2023-05-19,14.935803413391113,15.369111061096191
2023-05-22,14.833500862121582,15.378771781921387
2023-05-23,14.705625534057617,15.26285171508789
2023-05-24,14.86760139465332,15.098630905151367
2023-05-25,14.569226264953613,15.05033016204834
2023-05-26,14.339051246643066,14.982710838317871
2023-05-29,14.43282699584961,14.808829307556152
2023-05-30,14.466924667358398,14.548008918762207
2023-05-31,14.43282699584961,14.4900484085083
2023-06-01,15.046627044677734,14.799169540405273
2023-06-02,15.345002174377441,15.968033790588379
2023-06-05,15.336475372314453,16.180553436279297
2023-06-06,15.24270248413086,16.54763412475586
2023-06-07,15.106300354003906,16.789134979248047
2023-06-09,15.430253028869629,17.049957275390625
2023-06-12,15.285327911376953,17.01131820678711
2023-06-13,15.191551208496094,16.8857364654541
2023-06-14,15.345002174377441,17.252819061279297
2023-06-15,15.268278121948242,17.09825897216797
2023-06-16,15.038101196289062,17.001657485961914
2023-06-19,15.268278121948242,17.204517364501953
2023-06-20,15.49845027923584,17.088598251342773
2023-06-21,15.626326560974121,17.39771842956543
2023-06-22,15.438776016235352,17.204517364501953
2023-06-23,15.438776016235352,17.426698684692383
2023-06-26,15.421727180480957,17.33009910583496
2023-06-27,15.200078964233398,17.049957275390625
2023-06-28,15.2256498336792,16.97267723083496
2023-06-29,15.984374046325684,17.194856643676758
2023-06-30,16.10372543334961,17.252819061279297
2023-07-03,16.120777130126953,17.755138397216797
2023-07-04,15.95880126953125,17.687519073486328
2023-07-05,16.069625854492188,17.95800018310547
2023-07-06,15.728628158569336,17.648880004882812
2023-07-07,16.453250885009766,18.315420150756836
2023-07-10,16.547025680541992,18.22848129272461
2023-07-11,16.393573760986328,18.32508087158203
2023-07-12,16.427677154541016,18.489301681518555
2023-07-13,16.87097930908203,19.136524200439453
2023-07-14,16.828351974487305,18.692163467407227
2023-07-17,16.828351974487305,18.866043090820312
2023-07-18,16.512928009033203,18.78876304626465
2023-07-19,16.09520149230957,18.663183212280273
2023-07-20,16.086679458618164,18.721141815185547
2023-07-21,16.274229049682617,19.049583435058594
2023-07-24,16.589651107788086,19.407005310058594
2023-07-25,16.47030258178711,19.793405532836914
2023-07-26,16.171924591064453,19.571226119995117
2023-07-27,15.941751480102539,19.06890296936035
2023-07-28,16.09520149230957,19.078563690185547
2023-07-31,16.10372543334961,19.26210594177246
2023-08-01,16.180452346801758,19.204143524169922
2023-08-02,16.2486515045166,19.26210594177246
2023-08-03,16.22307586669922,19.29108428955078
2023-08-04,16.24012565612793,19.0399227142334
2023-08-07,16.419151306152344,18.866043090820312
2023-08-08,16.444726943969727,18.740463256835938
2023-08-09,16.34242820739746,18.643861770629883
2023-08-10,15.771251678466797,18.692163467407227
2023-08-11,15.865028381347656,18.392702102661133
2023-08-14,15.847976684570312,18.247800827026367
2023-08-15,15.975851058959961,17.813100814819336
2023-08-16,15.967326164245605,17.60057830810547
2023-08-17,15.839449882507324,17.281797409057617
2023-08-18,15.81352710723877,17.39771842956543
2023-08-21,15.770319938659668,17.320438385009766
2023-08-22,16.003637313842773,17.61989974975586
2023-08-23,16.055482864379883,17.629558563232422
2023-08-24,15.951787948608398,17.39771842956543
2023-08-25,15.9949951171875,17.281797409057617
2023-08-28,16.08140754699707,17.349416732788086
2023-08-29,16.28879737854004,17.503978729248047
2023-08-30,16.185102462768555,17.58125877380371
2023-08-31,15.692549705505371,16.92437744140625
2023-09-01,15.90858268737793,17.31077766418457
2023-09-04,15.848092079162598,17.165878295898438
2023-09-05,15.839449882507324,17.1079158782959
2023-09-06,15.848092079162598,16.85675811767578
2023-09-08,15.882658004760742,16.731176376342773
2023-09-11,16.38385009765625,17.049957275390625
2023-09-12,16.513471603393555,17.233497619628906
2023-09-13,15.839449882507324,17.252819061279297
2023-09-14,16.20238494873047,17.80344009399414
2023-09-15,16.45298194885254,17.91935920715332
2023-09-18,16.565319061279297,17.900041580200195
2023-09-19,16.20238494873047,17.774459838867188
2023-09-20,16.38385009765625,17.880720138549805
2023-09-21,16.176462173461914,17.41703987121582
2023-09-22,16.098690032958984,17.35907745361328
2023-09-25,16.098690032958984,17.136898040771484
2023-09-26,15.640705108642578,16.692537307739258
2023-09-27,15.81352710723877,16.267494201660156
2023-09-28,16.064123153686523,16.315793991088867
2023-09-29,16.20238494873047,16.557294845581055
2023-10-02,15.804885864257812,15.881093978881836
2023-10-03,15.787605285644531,15.6009521484375
2023-10-04,15.943148612976074,15.736193656921387
2023-10-05,15.81352710723877,15.417411804199219
2023-10-06,15.9949951171875,15.311151504516602
2023-10-09,16.38385009765625,15.678232192993164
2023-10-10,16.876405715942383,16.07429313659668
2023-10-11,17.092435836791992,16.064632415771484
2023-10-13,17.152925491333008,15.571972846984863
2023-10-16,17.464012145996094,15.417411804199219
2023-10-17,17.12700080871582,15.27251148223877
2023-10-18,17.075157165527344,14.99237060546875
2023-10-19,17.05786895751953,15.108290672302246
2023-10-20,17.118358612060547,14.982710838317871
2023-10-23,17.049230575561523,15.1372709274292
2023-10-24,17.19613265991211,15.629932403564453
2023-10-25,17.429445266723633,15.446391105651855
2023-10-26,18.146669387817383,15.784493446350098
2023-10-27,17.68868064880371,15.45605182647705
2023-10-30,17.61955451965332,15.117950439453125
2023-10-31,17.671401977539062,15.214550971984863
2023-11-01,18.328136444091797,16.04531478881836
2023-11-03,18.44047737121582,16.586275100708008
2023-11-06,18.87253761291504,16.682876586914062
2023-11-07,19.010799407958984,17.175539016723633
2023-11-08,20.393402099609375,16.943696975708008
2023-11-09,20.25514030456543,16.769817352294922
2023-11-10,20.237857818603516,17.136898040771484
2023-11-13,20.687206268310547,17.21417808532715
2023-11-14,21.171113967895508,17.31077766418457
2023-11-16,21.309377670288086,17.648880004882812
2023-11-17,21.274812698364258,17.33009910583496
2023-11-20,21.74144172668457,17.687519073486328
2023-11-21,21.413070678710938,17.388057708740234
2023-11-22,21.197040557861328,17.436357498168945
2023-11-23,21.127910614013672,17.474998474121094
2023-11-24,21.032855987548828,17.33009910583496
2023-11-27,21.127910614013672,16.963016510009766
2023-11-28,21.559974670410156,17.04029655456543
2023-11-29,21.361223220825195,16.895397186279297
2023-11-30,21.819211959838867,17.146556854248047
2023-12-01,22.11301612854004,17.175539016723633
2023-12-04,22.017959594726562,17.088598251342773
2023-12-05,21.534048080444336,16.54763412475586
2023-12-06,22.078449249267578,16.508995056152344
2023-12-07,22.03524398803711,16.373756408691406
2023-12-08,22.380895614624023,16.92437744140625
2023-12-11,22.398176193237305,16.70219612121582
2023-12-12,21.983394622802734,16.56695556640625
2023-12-13,22.259916305541992,17.494319915771484
2023-12-14,22.484588623046875,17.986980438232422
2023-12-15,21.96611213684082,17.793779373168945
2023-12-18,22.20806884765625,18.035280227661133
2023-12-19,22.49323081970215,18.1028995513916
2023-12-20,22.25127410888672,18.044940948486328
2023-12-21,22.691984176635742,18.354061126708984
2023-12-22,22.726543426513672,18.5376033782959
2023-12-26,22.78703498840332,18.595561981201172
2023-12-27,22.83024024963379,18.875703811645508
2023-12-28,22.90801239013672,18.701824188232422
2024-01-02,22.9685001373291,18.56658172607422
2024-01-03,22.925296783447266,18.643861770629883
2024-01-04,22.890729904174805,18.392702102661133
2024-01-05,23.4178466796875,18.5376033782959
2024-01-08,23.158607482910156,18.85638427734375
2024-01-09,23.443769454956055,18.76944351196289
2024-01-10,23.4178466796875,18.56658172607422
2024-01-11,23.599313735961914,18.56658172607422
2024-01-12,24.11779022216797,18.85638427734375
2024-01-15,24.247407913208008,18.88536262512207
2024-01-16,23.556108474731445,17.726160049438477
2024-01-17,23.944963455200195,17.494319915771484
2024-01-18,23.677085876464844,17.21417808532715
2024-01-19,23.90176010131836,17.474998474121094
2024-01-22,23.893115997314453,17.4653377532959
2024-01-23,24.152355194091797,17.91935920715332
2024-01-24,24.04001808166504,17.813100814819336
2024-01-25,24.152355194091797,17.83241844177246
2024-01-26,24.46343994140625,17.93868064880371
2024-01-29,24.135072708129883,17.629558563232422
2024-01-30,24.04001808166504,17.639219284057617
2024-01-31,24.34246253967285,17.648880004882812
2024-02-01,24.59305763244629,17.929019927978516
2024-02-02,23.88447380065918,17.339759826660156
2024-02-05,24.351104736328125,17.474998474121094
2024-02-06,24.498004913330078,17.91935920715332
2024-02-07,25.016483306884766,17.948339462280273
2024-02-08,25.15474510192871,17.8227596282959
2024-02-09,25.604087829589844,17.880720138549805
2024-02-14,25.267078399658203,17.610239028930664
2024-02-15,25.457185745239258,17.948339462280273
2024-02-16,25.776912689208984,18.29610252380371
2024-02-19,25.768272399902344,18.170520782470703
2024-02-20,26.381803512573242,18.131881713867188
2024-02-21,26.857072830200195,17.91935920715332
2024-02-22,26.76201820373535,17.532958984375
2024-02-23,26.364521026611328,17.136898040771484
2024-02-26,26.67560577392578,17.33009910583496
2024-02-27,26.658327102661133,17.66819953918457
2024-02-28,26.390443801879883,16.92437744140625
2024-02-29,25.370777130126953,16.422054290771484
2024-03-01,25.41398048400879,16.219194412231445
2024-03-04,25.232515335083008,16.035654067993164
2024-03-05,25.059688568115234,15.794153213500977
2024-03-06,25.16338539123535,15.716873168945312
2024-03-07,25.059688568115234,15.581631660461426
2024-03-08,25.287506103515625,15.852112770080566
2024-03-11,24.89320945739746,15.948713302612305
2024-03-12,24.97206687927246,16.09361457824707
2024-03-13,25.015878677368164,16.151573181152344
2024-03-14,25.156070709228516,16.016334533691406
2024-03-15,24.97206687927246,15.861773490905762
2024-03-18,24.875682830810547,15.803813934326172
2024-03-19,24.875682830810547,15.9583740234375
2024-03-20,25.07721519470215,16.267494201660156
2024-03-21,24.761777877807617,16.122594833374023
2024-03-22,24.35871696472168,15.861773490905762
2024-03-25,24.367481231689453,15.649252891540527
2024-03-26,24.016996383666992,15.465712547302246
2024-03-27,24.64786720275879,15.668571472167969
2024-03-28,24.94577980041504,15.649252891540527
2024-04-01,24.64786720275879,15.204891204833984
2024-04-02,24.586532592773438,14.924750328063965
2024-04-03,24.753013610839844,15.040670394897461
2024-04-04,24.753013610839844,14.973050117492676
2024-04-05,24.455101013183594,14.750869750976562
2024-04-08,25.050928115844727,15.26285171508789
2024-04-09,25.050928115844727,15.407751083374023
2024-04-10,24.271099090576172,15.031010627746582
2024-04-11,24.34119415283203,14.499709129333496
2024-04-12,23.5876522064209,14.374128341674805
2024-04-15,23.578887939453125,13.910446166992188
2024-04-16,23.605175018310547,13.649625778198242
2024-04-17,23.473743438720703,13.910446166992188
2024-04-18,23.263450622558594,13.88146686553955
2024-04-19,23.280977249145508,13.929766654968262
2024-04-22,23.31602668762207,14.065007209777832
2024-04-23,22.80782127380371,13.929766654968262
2024-04-24,22.43981170654297,13.80418586730957
2024-04-25,23.053159713745117,13.871806144714355
2024-04-26,23.219642639160156,14.258208274841309
2024-04-29,23.167070388793945,14.180928230285645
2024-04-30,22.650104522705078,14.007046699523926
2024-05-02,23.07944679260254,13.958746910095215
2024-05-03,23.33354949951172,14.238887786865234
2024-05-06,22.948017120361328,13.746225357055664
2024-05-07,23.324787139892578,14.16160774230957
2024-05-08,23.48250389099121,14.258208274841309
2024-05-09,21.992942810058594,14.045686721801758
2024-05-10,21.449691772460938,13.794526100158691
2024-05-13,21.42340850830078,13.862146377563477
2024-05-14,21.695030212402344,13.920106887817383
2024-05-15,22.01923179626465,13.89112663269043
2024-05-16,22.08056640625,14.016707420349121
2024-05-17,21.76512908935547,13.842825889587402
2024-05-20,21.598648071289062,13.726905822753906
2024-05-21,21.572362899780273,13.89112663269043
2024-05-22,21.449691772460938,13.591665267944336
2024-05-23,20.91520118713379,13.446764945983887
2024-05-24,20.888914108276367,13.514385223388672
2024-05-27,21.002822875976562,13.591665267944336
2024-05-28,21.002822875976562,13.408124923706055
2024-05-29,20.678625106811523,13.369484901428223
2024-05-31,20.30185317993164,13.156964302062988
2024-06-03,20.170419692993164,13.147303581237793
2024-06-04,20.135372161865234,12.896143913269043
2024-06-05,20.16166114807129,12.828522682189941
2024-06-06,20.082799911499023,13.050000190734863
2024-06-07,19.416879653930664,12.720000267028809
2024-06-10,19.723554611206055,12.739999771118164
2024-06-11,19.916318893432617,12.829999923706055
2024-06-12,19.127729415893555,12.3100004196167
2024-06-13,19.022581100463867,12.460000038146973
2024-06-14,19.057628631591797,12.670000076293945
2024-06-17,18.899911880493164,12.479999542236328
2024-06-18,18.81229019165039,12.489999771118164
2024-06-19,18.987533569335938,12.770000457763672
2024-06-20,18.864864349365234,12.680000305175781
2024-06-21,18.917436599731445,12.890000343322754
2024-06-24,19.3380184173584,13.199999809265137
2024-06-25,19.022581100463867,13.180000305175781
2024-06-26,18.856101989746094,13.390000343322754
2024-06-27,19.329256057739258,13.770000457763672
2024-06-28,18.926198959350586,13.539999961853027
2024-07-01,19.04886817932129,13.59000015258789
2024-07-02,18.84733772277832,13.470000267028809
2024-07-03,19.162776947021484,13.899999618530273
2024-07-04,19.162776947021484,14.140000343322754
2024-07-05,19.364303588867188,14.100000381469727
2024-07-08,19.793649673461914,13.970000267028809
2024-07-09,20.135372161865234,14.079999923706055
2024-07-10,20.152894973754883,14.029999732971191
2024-07-11,20.28432846069336,14.300000190734863
2024-07-12,19.890031814575195,14.279999732971191
2024-07-15,19.627168655395508,14.3100004196167
2024-07-16,19.749839782714844,14.329999923706055
2024-07-17,20.33690071105957,14.300000190734863
2024-07-18,19.776124954223633,13.880000114440918
2024-07-19,20.34566307067871,14.029999732971191
2024-07-22,20.22299575805664,14.050000190734863
2024-07-23,20.003942489624023,13.6899995803833
2024-07-24,19.951366424560547,13.569999694824219
2024-07-25,19.46944808959961,13.550000190734863
2024-07-26,20.065275192260742,13.699999809265137
2024-07-29,19.863746643066406,13.4399995803833
2024-07-30,19.67974090576172,13.380000114440918
2024-07-31,19.4606876373291,13.369999885559082
2024-08-01,19.741077423095703,13.069999694824219
2024-08-02,20.01270294189453,13.0
2024-08-05,19.399351119995117,12.800000190734863
2024-08-06,19.381832122802734,13.0
2024-08-07,20.932727813720703,13.1899995803833
2024-08-08,19.68850326538086,13.300000190734863
2024-08-09,20.196706771850586,13.609999656677246
2024-08-12,20.23175621032715,13.479999542236328
2024-08-13,20.95901107788086,13.710000038146973
2024-08-14,20.678625106811523,13.510000228881836
2024-08-15,20.810056686401367,13.6899995803833
2024-08-16,21.252822875976562,13.430000305175781
2024-08-19,21.208545684814453,13.9399995803833
2024-08-20,20.9074649810791,13.869999885559082
2024-08-21,20.987163543701172,13.930000305175781
2024-08-22,20.889753341674805,13.6899995803833
2024-08-23,20.942886352539062,13.970000267028809
2024-08-26,21.0225830078125,14.039999961853027
2024-08-27,20.863187789916992,13.960000038146973
2024-08-28,20.810056686401367,13.65999984741211
2024-08-29,20.500118255615234,13.4399995803833
2024-08-30,20.686080932617188,13.359999656677246
2024-09-02,20.030786514282227,13.109999656677246
2024-09-03,20.092775344848633,13.119999885559082
2024-09-04,20.278736114501953,13.399999618530273
2024-09-05,20.650659561157227,13.420000076293945
2024-09-06,20.384998321533203,12.890000343322754
2024-09-09,21.06686019897461,12.760000228881836
2024-09-10,20.243316650390625,12.489999771118164
2024-09-11,20.323013305664062,12.970000267028809
2024-09-12,20.20789337158203,12.84000015258789
2024-09-13,20.1901798248291,13.039999961853027
2024-09-16,20.429277420043945,13.130000114440918
2024-09-17,20.455842971801758,13.399999618530273
2024-09-18,19.818256378173828,13.100000381469727
2024-09-19,19.58802032470703,12.989999771118164
2024-09-20,18.906158447265625,12.5600004196167
2024-09-23,18.693628311157227,12.25
2024-09-24,19.04784393310547,12.720000267028809
2024-09-25,18.498809814453125,12.5
2024-09-26,18.808748245239258,12.960000038146973
2024-09-27,18.897302627563477,13.149999618530273
2024-09-30,18.782180786132812,13.079999923706055
2024-10-01,18.95043182373047,13.3100004196167
2024-10-02,19.030132293701172,13.529999732971191
2024-10-03,18.693628311157227,13.09000015258789
2024-10-04,18.755615234375,13.25
2024-10-07,18.631643295288086,13.050000190734863
2024-10-08,18.578508377075195,12.800000190734863
2024-10-09,18.321706771850586,12.4399995803833
2024-10-10,18.516523361206055,12.479999542236328
2024-10-11,18.45453643798828,12.100000381469727
2024-10-14,18.56965446472168,12.239999771118164
2024-10-15,18.277427673339844,12.119999885559082
2024-10-16,18.72019386291504,12.0600004196167
2024-10-17,18.463390350341797,11.890000343322754
2024-10-18,18.419111251831055,11.8100004196167
2024-10-21,18.48995590209961,11.729999542236328
2024-10-22,17.994056701660156,11.6899995803833
2024-10-23,17.932069778442383,11.729999542236328
2024-10-24,18.091466903686523,11.819999694824219
2024-10-25,17.799240112304688,11.75
2024-10-28,18.534231185913086,12.069999694824219
2024-10-29,18.675918579101562,12.09000015258789
2024-10-30,18.43682289123535,12.029999732971191
2024-10-31,18.498809814453125,11.819999694824219
2024-11-01,18.153453826904297,11.5
2024-11-04,18.746761322021484,12.079999923706055
2024-11-05,18.755615234375,12.069999694824219
2024-11-06,19.136396408081055,12.130000114440918
2024-11-07,18.43682289123535,12.050000190734863
2024-11-08,18.180021286010742,11.670000076293945
2024-11-11,18.153453826904297,11.630000114440918
2024-11-12,18.091466903686523,11.359999656677246
2024-11-13,18.21544075012207,11.430000305175781
2024-11-14,17.081958770751953,11.300000190734863
2024-11-18,16.34696388244629,11.050000190734863
2024-11-19,16.258411407470703,11.0
2024-11-21,15.957330703735352,10.489999771118164
2024-11-22,16.22298812866211,11.130000114440918
2024-11-25,16.479793548583984,11.239999771118164
2024-11-26,16.45322608947754,11.010000228881836
2024-11-27,15.9750394821167,10.75
2024-11-28,15.133780479431152,9.670000076293945
2024-11-29,15.88648509979248,10.1899995803833
2024-12-02,15.727089881896973,9.989999771118164
2024-12-03,15.647392272949219,9.9399995803833
2024-12-04,15.762510299682617,9.720000267028809
2024-12-05,16.16985511779785,9.819999694824219
2024-12-06,15.647392272949219,9.399999618530273
2024-12-09,15.549981117248535,9.359999656677246
2024-12-10,16.178712844848633,9.609999656677246
2024-12-11,16.38238525390625,9.739999771118164
2024-12-12,15.487993240356445,9.260000228881836
2024-12-13,14.930109024047852,8.90999984741211
2024-12-16,14.522762298583984,8.6899995803833
2024-12-17,14.850411415100098,8.819999694824219
2024-12-18,14.203969955444336,8.350000381469727
2024-12-19,14.345656394958496,8.289999961853027
2024-12-20,14.575894355773926,8.520000457763672
2024-12-23,14.389932632446289,8.539999961853027
2024-12-26,14.07114028930664,8.359999656677246
2024-12-27,14.03571891784668,8.15999984741211
2024-12-30,14.062284469604492,8.15999984741211
2025-01-02,14.044573783874512,8.020000457763672
2025-01-03,13.770058631896973,8.050000190734863
2025-01-06,14.026863098144531,8.289999961853027
2025-01-07,14.540472984313965,8.380000114440918
2025-01-08,14.301379203796387,8.199999809265137
2025-01-09,14.009151458740234,8.210000038146973
2025-01-10,13.787769317626953,8.109999656677246
2025-01-13,13.734636306762695,8.210000038146973
2025-01-14,13.867467880249023,8.229999542236328
2025-01-15,14.637882232666016,8.579999923706055
2025-01-16,14.079995155334473,8.630000114440918
2025-01-17,14.079995155334473,8.199999809265137
2025-01-20,14.257102012634277,7.639999866485596
2025-01-21,14.451919555664062,7.75
2025-01-22,14.558183670043945,7.730000019073486
2025-01-23,14.310235023498535,7.570000171661377
2025-01-24,14.239391326904297,7.559999942779541
2025-01-27,14.912397384643555,7.829999923706055
2025-01-28,14.487340927124023,7.619999885559082
2025-01-29,14.611315727233887,7.480000019073486
2025-01-30,15.12492561340332,8.029999732971191
2025-01-31,14.646738052368164,7.739999771118164
2025-02-03,14.8326997756958,7.800000190734863
2025-02-04,14.726433753967285,7.679999828338623
2025-02-05,14.19511604309082,7.510000228881836
2025-02-06,14.522762298583984,7.650000095367432
2025-02-07,14.248247146606445,7.179999828338623
2025-02-10,14.770711898803711,7.449999809265137
2025-02-11,14.912397384643555,7.550000190734863
2025-02-12,14.451919555664062,7.309999942779541
2025-02-13,14.664447784423828,7.21999979019165
2025-02-14,15.364021301269531,7.579999923706055
2025-02-17,15.505706787109375,7.78000020980835
2025-02-18,15.248899459838867,7.769999980926514
2025-02-19,14.850411415100098,7.409999847412109
2025-02-20,14.522762298583984,7.46999979019165
2025-02-21,14.522762298583984,7.289999961853027
2025-02-24,14.416499137878418,6.960000038146973
2025-02-25,14.699869155883789,7.119999885559082
2025-02-26,14.372220039367676,7.0
2025-02-27,15.142637252807617,7.239999771118164
2025-02-28,14.726433753967285,7.090000152587891
2025-03-05,14.168548583984375,7.110000133514404
2025-03-06,14.168548583984375,7.059999942779541
2025-03-07,14.560501098632812,7.269999980926514
2025-03-10,14.396490097045898,7.090000152587891
2025-03-11,14.022911071777344,6.980000019073486
2025-03-12,14.296260833740234,6.909999847412109
2025-03-13,14.742735862731934,7.139999866485596
2025-03-14,15.599234580993652,7.46999979019165
2025-03-17,15.899922370910645,7.800000190734863
2025-03-18,15.699462890625,7.690000057220459
2025-03-19,15.827028274536133,7.909999847412109
2025-03-20,16.136823654174805,7.800000190734863
2025-03-21,16.082155227661133,7.760000228881836
2025-03-24,15.890810012817383,7.590000152587891
2025-03-25,16.118602752685547,7.650000095367432
2025-03-26,16.145936965942383,7.710000038146973
2025-03-27,16.06393051147461,7.760000228881836
2025-03-28,16.009260177612305,7.630000114440918
2025-03-31,15.590124130249023,7.389999866485596
2025-04-01,15.827028274536133,7.369999885559082
2025-04-02,15.872586250305176,7.489999771118164
2025-04-03,16.200607299804688,7.789999961853027
2025-04-04,15.48989486694336,7.239999771118164
2025-04-07,15.243879318237305,7.010000228881836
2025-04-08,15.043421745300293,6.590000152587891
2025-04-09,15.371444702148438,6.840000152587891
2025-04-10,15.298548698425293,6.940000057220459
2025-04-11,15.289438247680664,7.039999961853027
2025-04-14,15.380553245544434,7.25
2025-04-15,15.307661056518555,7.050000190734863
2025-04-16,15.289438247680664,7.0
2025-04-17,15.717687606811523,7.170000076293945
2025-04-22,15.417001724243164,7.260000228881836
2025-04-23,15.854362487792969,7.510000228881836
2025-04-24,16.2370548248291,7.809999942779541
2025-04-25,16.41017723083496,7.710000038146973
2025-04-28,16.382843017578125,7.71999979019165
2025-04-29,16.24616813659668,7.730000019073486
2025-04-30,16.24616813659668,7.769999980926514
2025-05-02,16.15505027770996,8.010000228881836
2025-05-05,15.73591136932373,7.75
2025-05-06,15.963704109191895,7.730000019073486
2025-05-07,15.325882911682129,7.650000095367432
2025-05-08,14.76095962524414,7.989999771118164
2025-05-09,14.842965126037598,7.809999942779541
2025-05-12,14.806517601013184,7.78000020980835
2025-05-13,15.626570701599121,7.96999979019165
2025-05-14,15.644794464111328,7.800000190734863
2025-05-15,15.817917823791504,7.71999979019165
2025-05-16,15.863473892211914,7.570000171661377
2025-05-19,16.06393051147461,7.570000171661377
2025-05-20,16.127716064453125,7.579999923706055
2025-05-21,15.107203483581543,7.679999828338623
2025-05-22,15.07986831665039,7.739999771118164
2025-05-23,15.152761459350586,8.020000457763672
2025-05-26,15.298548698425293,8.050000190734863
2025-05-27,15.380553245544434,8.149999618530273
2025-05-28,15.125426292419434,8.229999542236328
2025-05-29,15.289438247680664,8.399999618530273
2025-05-30,14.842965126037598,8.229999542236328
2025-06-02,14.64250659942627,8.050000190734863
2025-06-03,15.07986831665039,8.539999961853027
2025-06-04,14.85207462310791,8.3100004196167
2025-06-05,14.669841766357422,8.039999961853027
2025-06-06,14.751847267150879,8.0600004196167
2025-06-09,15.016085624694824,8.010000228881836
2025-06-10,15.098091125488281,8.260000228881836
2025-06-11,15.471672058105469,8.25
2025-06-12,15.590124130249023,8.239999771118164
2025-06-13,15.480783462524414,8.119999885559082
2025-06-16,15.590124130249023,8.4399995803833
2025-06-17,15.708577156066895,8.119999885559082
2025-06-18,15.799692153930664,8.0
2025-06-20,15.571898460388184,7.28000020980835
2025-06-23,15.453447341918945,6.940000057220459
2025-06-24,15.854362487792969,7.110000133514404
2025-06-25,15.444337844848633,6.869999885559082
2025-06-26,15.307661056518555,6.909999847412109
2025-06-27,15.36233139038086,6.739999771118164
2025-06-30,15.981928825378418,6.860000133514404
2025-07-01,16.21883201599121,7.070000171661377
2025-07-02,15.981928825378418,6.929999828338623
2025-07-03,16.227941513061523,7.070000171661377
2025-07-04,16.391952514648438,7.139999866485596
2025-07-07,16.18238639831543,6.900000095367432
2025-07-08,16.136823654174805,6.889999866485596
2025-07-09,16.073043823242188,6.610000133514404
2025-07-10,15.95459270477295,6.409999847412109
2025-07-11,15.581012725830078,6.380000114440918
2025-07-14,15.161873817443848,6.28000020980835
2025-07-15,15.189208984375,6.380000114440918
2025-07-16,14.997862815856934,6.260000228881836
2025-07-17,14.66072940826416,6.190000057220459
2025-07-18,14.305374145507812,5.960000038146973
2025-07-21,14.341819763183594,5.829999923706055
2025-07-22,14.259815216064453,5.739999771118164
2025-07-23,14.815629005432129,5.869999885559082
2025-07-24,14.697175979614258,5.900000095367432
2025-07-25,15.070756912231445,6.019999980926514
2025-07-28,15.39877700805664,5.860000133514404
2025-07-29,15.571898460388184,5.809999942779541
2025-07-30,15.690351486206055,5.96999979019165
2025-07-31,15.644794464111328,5.929999828338623
2025-08-01,15.417001724243164,5.820000171661377
2025-08-04,15.216545104980469,5.800000190734863
2025-08-05,15.225653648376465,5.940000057220459
2025-08-06,15.55367660522461,5.809999942779541
2025-08-07,15.890810012817383,5.96999979019165
2025-08-08,14.879410743713379,5.800000190734863
2025-08-11,14.897635459899902,5.639999866485596
2025-08-12,15.590124130249023,5.849999904632568
2025-08-13,15.453447341918945,5.78000020980835
2025-08-14,16.073043823242188,5.400000095367432
2025-08-15,16.027484893798828,5.480000019073486
2025-08-18,16.273502349853516,5.769999980926514
2025-08-19,15.726799011230469,5.400000095367432
2025-08-20,16.41017723083496,5.320000171661377
2025-08-21,16.21883201599121,5.21999979019165
2025-08-22,16.672958374023438,5.460000038146973
2025-08-25,16.59881591796875,5.449999809265137
2025-08-26,16.81197738647461,5.409999847412109
2025-08-27,17.099281311035156,5.579999923706055
2025-08-28,18.480201721191406,5.71999979019165
2025-08-29,18.2206974029541,5.849999904632568
2025-09-01,18.313377380371094,6.050000190734863
2025-09-02,18.2206974029541,6.25
2025-09-03,18.229965209960938,6.75
2025-09-04,18.294841766357422,7.150000095367432
2025-09-05,19.499670028686523,7.300000190734863
2025-09-08,19.277238845825195,7.46999979019165
2025-09-09,18.832380294799805,7.210000038146973
2025-09-10,19.027008056640625,7.329999923706055
2025-09-11,19.03627586364746,7.380000114440918
2025-09-12,19.19382667541504,7.429999828338623
2025-09-15,19.305044174194336,7.559999942779541
2025-09-16,19.397722244262695,7.730000019073486
2025-09-17,19.444061279296875,8.0
2025-09-18,19.703561782836914,7.849999904632568
2025-09-19,19.34211540222168,7.5
2025-09-22,19.379186630249023,6.139999866485596
2025-09-23,19.78697395324707,6.340000152587891
2025-09-24,19.712831497192383,6.699999809265137
2025-09-25,19.83331298828125,6.230000019073486
2025-09-26,19.685028076171875,6.199999809265137
2025-09-29,20.157690048217773,6.28000020980835
2025-09-30,20.361583709716797,6.170000076293945
2025-10-01,19.657222747802734,6.159999847412109
2025-10-02,19.64795684814453,5.96999979019165
2025-10-03,19.43479347229004,6.099999904632568
2025-10-06,19.258703231811523,6.039999961853027
2025-10-07,19.054807662963867,5.809999942779541
2025-10-08,20.111351013183594,5.929999828338623
2025-10-09,20.102083206176758,5.889999866485596
2025-10-10,19.694293975830078,5.869999885559082
2025-10-13,19.842580795288086,5.869999885559082
2025-10-14,19.55527687072754,5.880000114440918
2025-10-15,19.78697395324707,5.96999979019165
2025-10-16,19.536739349365234,5.699999809265137
2025-10-17,19.5274715423584,5.869999885559082
2025-10-20,19.369918823242188,5.849999904632568
2025-10-21,19.11968421936035,6.010000228881836
2025-10-22,18.906522750854492,5.949999809265137
2025-10-23,19.22163200378418,6.159999847412109
2025-10-24,19.629419326782227,6.0
2025-10-27,19.592348098754883,6.119999885559082
2025-10-28,19.471866607666016,6.059999942779541
2025-10-29,19.230899810791016,6.079999923706055
2025-10-30,19.694293975830078,6.070000171661377
2025-10-31,19.842580795288086,6.150000095367432
2025-11-03,19.824045181274414,6.090000152587891
2025-11-04,19.83331298828125,5.900000095367432
2025-11-05,20.482067108154297,6.119999885559082
2025-11-06,20.5006046295166,6.079999923706055
2025-11-07,20.769371032714844,6.130000114440918
2025-11-10,20.936193466186523,6.170000076293945
2025-11-11,21.362516403198242,6.679999828338623
2025-11-12,21.167892456054688,6.409999847412109
2025-11-13,20.157690048217773,6.099999904632568
2025-11-14,20.750835418701172,6.190000057220459
2025-11-17,20.361583709716797,6.0
2025-11-18,20.815710067749023,5.949999809265137
2025-11-19,20.621084213256836,5.840000152587891
2025-11-21,20.204029083251953,5.849999904632568
2025-11-24,20.398656845092773,5.909999847412109
2025-11-25,20.51913833618164,5.869999885559082
2025-11-26,20.435726165771484,6.079999923706055
2025-11-27,20.66742515563965,6.110000133514404
2025-11-28,20.38011932373047,6.159999847412109
2025-12-01,20.009403228759766,6.150000095367432
2025-12-02,20.676692962646484,6.400000095367432
2025-12-03,20.91765785217285,6.5
2025-12-04,21.751768112182617,6.599999904632568
2025-12-05,20.268905639648438,6.090000152587891
2025-12-08,20.152360916137695,6.03000020980835
2025-12-09,19.958120346069336,5.889999866485596
2025-12-10,20.162073135375977,6.010000228881836
2025-12-11,20.472856521606445,5.960000038146973
2025-12-12,20.880760192871094,5.829999923706055
2025-12-15,21.123559951782227,5.900000095367432
2025-12-16,19.967832565307617,5.5
2025-12-17,19.783306121826172,5.309999942779541
2025-12-18,19.754169464111328,5.28000020980835
2025-12-19,19.99696922302246,5.269999980926514
2025-12-22,19.851289749145508,5.139999866485596
2025-12-23,20.327177047729492,5.28000020980835
2025-12-26,20.259193420410156,5.400000095367432
2025-12-29,20.249481201171875,5.300000190734863
2025-12-30,20.29804039001465,5.320000171661377
2026-01-02,20.366024017333984,5.25
2026-01-05,20.492280960083008,5.25
2026-01-06,20.472856521606445,5.210000038146973
2026-01-07,20.230056762695312,5.099999904632568
2026-01-08,20.424297332763672,5.110000133514404
2026-01-09,20.705944061279297,5.179999828338623
2026-01-12,20.85162353515625,5.25
2026-01-13,20.929319381713867,5.139999866485596
2026-01-14,21.308088302612305,5.139999866485596
2026-01-15,21.618871688842773,5.010000228881836
2026-01-16,21.4829044342041,5.130000114440918
2026-01-19,21.327510833740234,5.050000190734863
2026-01-20,21.919940948486328,5.039999961853027
2026-01-21,22.823156356811523,5.340000152587891
2026-01-22,23.44472312927246,5.480000019073486
2026-01-23,23.842914581298828,5.650000095367432
2026-01-26,23.940032958984375,5.650000095367432
2026-01-27,24.260528564453125,5.820000171661377
2026-01-28,24.678144454956055,6.03000020980835
2026-01-29,24.571311950683594,5.909999847412109
2026-01-30,24.64900779724121,5.900000095367432
2026-02-02,25.124897003173828,5.820000171661377
2026-02-03,25.35798454284668,5.989999771118164
2026-02-04,25.241439819335938,5.820000171661377
2026-02-05,25.36769676208496,5.639999866485596
2026-02-06,25.901853561401367,5.769999980926514
2026-02-09,26.164077758789062,6.039999961853027
2026-02-10,26.076669692993164,6.099999904632568
2026-02-11,26.55255699157715,6.429999828338623
2026-02-12,26.329181671142578,6.110000133514404
2026-02-13,26.202924728393555,6.119999885559082
2026-02-18,26.37774085998535,6.300000190734863
2026-02-19,26.707948684692383,6.400000095367432
2026-02-20,26.97988510131836,6.53000020980835
2026-02-23,26.57198143005371,6.599999904632568
2026-02-24,26.834203720092773,6.800000190734863
2026-02-25,25.979549407958984,6.5
2026-02-26,25.93099021911621,6.639999866485596
2026-02-27,25.05691146850586,6.289999961853027
2026-03-02,25.16374397277832,6.159999847412109
2026-03-03,24.62958526611328,5.96999979019165
2026-03-04,25.115184783935547,6.039999961853027
2026-03-05,25.241439819335938,5.710000038146973
2026-03-06,25.66876792907715,5.590000152587891
2026-03-09,25.94070053100586,5.739999771118164
2026-03-10,26.173789978027344,6.110000133514404
2026-03-11,26.309757232666016,5.96999979019165
2026-03-12,25.299711227416992,5.639999866485596
2026-03-13,25.36769676208496,5.420000076293945
2026-03-16,25.192880630493164,5.449999809265137
2026-03-17,25.66876792907715,5.21999979019165
2026-03-18,25.464815139770508,5.190000057220459
2026-03-19,26.008686065673828,5.239999771118164
2026-03-20,25.406543731689453,5.099999904632568
2026-03-23,26.630252838134766,5.349999904632568
2026-03-24,27.057580947875977,5.320000171661377
2026-03-25,27.64029884338379,5.429999828338623
2026-03-26,27.71799659729004,5.25
2026-03-27,27.504331588745117,5.110000133514404
2026-03-30,27.52375602722168,5.070000171661377
2026-03-31,27.892810821533203,5.380000114440918
2026-04-01,28.426969528198242,5.429999828338623
2026-04-02,28.378408432006836,5.369999885559082
2026-04-06,28.456104278564453,5.269999980926514
2026-04-07,29.067960739135742,5.260000228881836
2026-04-08,28.145320892333984,5.239999771118164
2026-04-09,28.883432388305664,5.480000019073486
2026-04-10,29.553560256958008,5.579999923706055
2026-04-13,29.650680541992188,5.53000020980835
2026-04-14,29.27191162109375,5.5
2026-04-15,29.806072235107422,5.489999771118164
2026-04-16,29.5049991607666,5.340000152587891
2026-04-17,28.902856826782227,5.25
2026-04-20,29.009689331054688,5.300000190734863
2026-04-22,28.41725730895996,5.170000076293945
2026-04-23,28.106473922729492,5.090000152587891
2026-04-24,28.242441177368164,5.110000133514404
2026-04-27,28.3104248046875,5.0
2026-04-28,28.60178565979004,5.179999828338623
2026-04-29,28.28129005432129,4.949999809265137
2026-04-30,29.077672958374023,5.039999961853027
2026-05-04,29.067960739135742,5.099999904632568
2026-05-05,28.815448760986328,5.289999961853027
2026-05-06,28.93199348449707,5.300000190734863
2026-05-07,28.51437759399414,5.25
2026-05-08,29.291336059570312,5.139999866485596
2026-05-11,28.85429573059082,4.96999979019165
2026-05-12,29.213640213012695,4.809999942779541
2026-05-13,28.41725730895996,4.599999904632568
2026-05-14,28.698904037475586,4.650000095367432
2026-05-15,28.291000366210938,4.409999847412109
2026-05-18,28.436681747436523,4.409999847412109
2026-05-19,27.552892684936523,4.130000114440918
2026-05-20,28.18416976928711,4.320000171661377
2026-05-21,28.3104248046875,4.400000095367432
2026-05-22,27.873388290405273,4.289999961853027
2026-05-25,27.62087631225586,4.389999866485596
2026-05-26,27.067293167114258,4.28000020980835
2026-05-27,26.68852424621582,4.010000228881836
2026-05-28,26.13494110107422,3.940000057220459
2026-05-29,25.124897003173828,3.799999952316284
2026-06-01,24.678144454956055,3.880000114440918
2026-06-02,24.96950340270996,3.880000114440918
2026-06-03,24.20225715637207,3.5799999237060547
2026-06-05,24.241104125976562,3.5899999141693115
2026-06-08,23.96916961669922,3.430000066757202
2026-06-09,24.551889419555664,3.4000000953674316
2026-06-10,24.270240783691406,3.369999885559082
2026-06-11,24.260528564453125,3.369999885559082
2026-06-12,24.085712432861328,3.3399999141693115
2026-06-15,23.40587615966797,3.2699999809265137
2026-06-16,23.192211151123047,3.2699999809265137
2026-06-17,23.493284225463867,3.4700000286102295
2026-06-18,24.114849090576172,3.4000000953674316
2026-06-19,24.377073287963867,3.490000009536743
2026-06-22,24.493616104125977,3.6500000953674316
2026-06-23,24.755840301513672,3.75
2026-06-24,24.590736389160156,3.700000047683716
2026-06-25,24.52275276184082,3.7100000381469727
2026-06-26,24.862672805786133,3.759999990463257
2026-06-29,25.561935424804688,3.7100000381469727
2026-06-30,25.309423446655273,3.700000047683716
2026-07-01,25.290000915527344,3.700000047683716
2026-07-02,25.833871841430664,3.7200000286102295
2026-07-03,26.737085342407227,3.7799999713897705
2026-07-06,27.135276794433594,3.8399999141693115
2026-07-07,27.387788772583008,3.8399999141693115
2026-07-08,28.51437759399414,3.75
2026-07-09,29.233064651489258,3.859999895095825
2026-07-10,29.82549476623535,4.070000171661377
2026-07-13,30.03915786743164,3.9000000953674316
2026-07-14,29.24277687072754,3.890000104904175
2026-07-15,30.204261779785156,3.930000066757202
2026-07-16,31.068628311157227,3.880000114440918
2026-07-17,31.146324157714844,3.8399999141693115
2026-07-20,30.7869815826416,3.819999933242798
2026-07-21,30.90352439880371,3.7799999713897705
2026-07-22,31.884437561035156,3.9200000762939453
2026-07-23,32.428306579589844,3.9000000953674316
2026-07-24,31.76789093017578,3.799999952316284
2026-07-27,31.165748596191406,3.950000047683716
2026-07-28,31.515380859375,4.0
2026-07-29,31.078340530395508,3.890000104904175
2026-07-30,31.97184181213379,3.990000009536743
2026-07-31,32.09809875488281,4.070000171661377
2026-08-03,32.14665603637695,4.099999904632568
2026-08-04,31.66105842590332,4.050000190734863
2026-08-05,31.476531982421875,3.9100000858306885
2026-08-06,31.806739807128906,3.7899999618530273
2026-08-07,30.379077911376953,3.6700000762939453
2026-08-10,30.107141494750977,3.450000047683716
2026-08-11,30.097429275512695,3.2799999713897705
2026-08-12,29.611831665039062,3.2100000381469727
2026-08-13,31.117189407348633,3.319999933242798
2026-08-14,31.340564727783203,3.309999942779541
2026-08-17,32.84592056274414,3.2200000286102295
2026-08-18,32.311763763427734,3.130000114440918
2026-08-19,32.96246337890625,3.390000104904175
2026-08-20,33.331520080566406,3.369999885559082
2026-08-21,33.58403396606445,3.640000104904175
2026-08-24,33.720001220703125,3.5
2026-08-25,33.619998931884766,3.75
2026-08-26,33.459999084472656,3.7100000381469727
2026-08-27,33.16999816894531,3.7100000381469727
2026-08-28,33.630001068115234,3.7699999809265137
2026-08-31,34.81999969482422,3.9000000953674316
2026-09-01,35.290000915527344,3.9700000286102295
2026-09-02,36.72999954223633,3.7899999618530273
2026-09-03,36.45000076293945,3.819999933242798
2026-09-04,37.41999816894531,3.799999952316284
2026-09-08,38.040000915527344,3.9100000858306885
2026-09-09,38.400001525878906,3.7899999618530273
2026-09-10,38.529998779296875,3.8499999046325684
2026-09-11,38.02000045776367,3.700000047683716
2026-09-14,38.369998931884766,3.609999895095825
2026-09-15,38.43000030517578,3.5399999618530273
2026-09-16,38.93000030517578,3.6500000953674316
2026-09-17,38.880001068115234,3.6700000762939453
2026-09-18,39.130001068115234,3.6500000953674316
