Date,USIM5.SA,CSNA3.SA
2011-09-21,9.507462501525879,7.413041591644287
2011-09-22,9.128091812133789,6.906874656677246
2011-09-23,8.980990409851074,6.874664783477783
2011-09-26,8.88808536529541,6.975896835327148
2011-09-27,8.880340576171875,6.902273178100586
2011-09-28,8.671300888061523,6.879264831542969
2011-09-29,8.43903636932373,6.9114766120910645
2011-09-30,8.144829750061035,6.791835784912109
2011-10-03,7.943532466888428,6.400708198547363
2011-10-04,7.912562847137451,6.2764668464660645
2011-10-05,8.02869701385498,6.285670280456543
2011-10-06,8.19128131866455,6.423715114593506
2011-10-07,8.051920890808105,6.31328010559082
2011-10-10,8.51645565032959,6.672196865081787
2011-10-11,8.369354248046875,6.690603256225586
2011-10-13,8.377097129821777,6.709009170532227
2011-10-14,8.624848365783691,6.80564022064209
2011-10-17,8.222251892089844,6.451325416564941
2011-10-18,8.470004081726074,6.451325416564941
2011-10-19,8.25322151184082,6.44672155380249
2011-10-20,8.307417869567871,6.29487419128418
2011-10-21,8.71001148223877,6.465128421783447
2011-10-24,9.097124099731445,6.874664783477783
2011-10-25,9.097124099731445,6.874664783477783
2011-10-26,9.097124099731445,6.874664783477783
2011-10-27,9.097124099731445,6.874664783477783
2011-10-28,9.561660766601562,7.5464863777160645
2011-10-31,9.135836601257324,7.5464863777160645
2011-11-01,8.903569221496582,7.201371669769287
2011-11-03,8.980990409851074,7.321012020111084
2011-11-04,9.190031051635742,7.5464863777160645
2011-11-07,9.174548149108887,7.6615214347839355
2011-11-08,9.313908576965332,7.601701736450195
2011-11-09,9.174548149108887,7.293402671813965
2011-11-10,9.174548149108887,7.293402671813965
2011-11-11,9.600370407104492,7.583296298980713
2011-11-14,9.329392433166504,7.45445442199707
2011-11-16,9.282938957214355,7.500469207763672
2011-11-17,9.228741645812988,7.357822895050049
2011-11-18,9.275195121765137,7.169161796569824
2011-11-21,9.190031051635742,6.939086437225342
2011-11-22,8.911311149597168,6.8378520011901855
2011-11-23,8.431292533874512,6.667595386505127
2011-11-24,8.137086868286133,6.529550075531006
2011-11-25,8.206767082214355,6.5663628578186035
2011-11-28,8.43903636932373,6.7964372634887695
2011-11-29,7.904819965362549,6.520347595214844
2011-11-30,8.020953178405762,6.787234783172607
2011-12-01,8.245479583740234,6.856258392333984
2011-12-02,8.222251892089844,6.819446086883545
2011-12-05,8.43903636932373,7.086333751678467
2011-12-06,8.601621627807617,7.28879976272583
2011-12-07,8.299674034118652,7.0541229248046875
2011-12-08,8.082893371582031,6.768829345703125
2011-12-09,8.121603012084961,6.920679092407227
2011-12-12,8.121603012084961,6.920679092407227
2011-12-13,7.881593704223633,6.7412190437316895
2011-12-14,7.881593704223633,6.575565338134766
2011-12-15,7.850625038146973,6.483534812927246
2011-12-16,7.742232799530029,6.391504287719727
2011-12-19,7.595130443572998,6.299473762512207
2011-12-20,7.7886881828308105,6.626182556152344
2011-12-21,7.95127534866333,6.7412190437316895
2011-12-22,8.02869701385498,6.860858917236328
2011-12-23,8.113862991333008,6.897672176361084
2011-12-26,8.098377227783203,6.952888488769531
2011-12-27,8.206767082214355,7.012709140777588
2011-12-28,8.013212203979492,6.828649044036865
2011-12-29,7.858367443084717,6.893068790435791
2012-01-02,8.152572631835938,6.952888488769531
2012-01-03,8.377097129821777,7.311807155609131
2012-01-04,8.19902515411377,7.362424850463867
2012-01-05,8.044182777404785,7.302606105804443
2012-01-06,8.051920890808105,7.284197807312012
2012-01-09,8.19902515411377,7.284197807312012
2012-01-10,8.470004081726074,7.569493293762207
2012-01-11,8.570651054382324,7.569493293762207
2012-01-12,8.771950721740723,7.592499256134033
2012-01-13,8.485487937927246,7.532680988311768
2012-01-16,8.617107391357422,7.55568790435791
2012-01-17,8.617107391357422,7.55568790435791
2012-01-18,8.640332221984863,7.850184440612793
2012-01-19,8.53968334197998,7.983627796173096
2012-01-20,8.88808536529541,8.236712455749512
2012-01-23,9.035186767578125,8.356351852416992
2012-01-24,9.019701957702637,8.342547416687012
2012-01-26,8.980990409851074,8.434576988220215
2012-01-27,9.066156387329102,8.420772552490234
2012-01-30,9.035186767578125,8.301132202148438
2012-01-31,9.073895454406738,8.397765159606934
2012-02-01,9.128091812133789,8.522006034851074
2012-02-02,9.066156387329102,8.365553855895996
2012-02-03,9.290680885314941,8.581826210021973
2012-02-06,9.259711265563965,8.522006034851074
2012-02-07,9.422298431396484,8.563420295715332
2012-02-08,9.414555549621582,8.475991249084473
2012-02-09,9.600370407104492,8.489795684814453
2012-02-10,9.174548149108887,8.227508544921875
2012-02-13,9.437783241271973,8.227508544921875
2012-02-14,9.282938957214355,8.227508544921875
2012-02-15,9.259711265563965,8.029643058776855
2012-02-16,9.205517768859863,8.011238098144531
2012-02-17,9.275195121765137,8.052650451660156
2012-02-23,9.190031051635742,8.080259323120117
2012-02-24,9.182291030883789,8.094066619873047
2012-02-27,9.050670623779297,8.029643058776855
2012-02-28,9.097124099731445,8.084861755371094
2012-02-29,9.019701957702637,8.057254791259766
2012-03-01,9.221000671386719,8.17229175567627
2012-03-02,9.430041313171387,8.388562202453613
2012-03-05,9.693277359008789,8.291932106018066
2012-03-06,9.406813621520996,8.048050880432129
2012-03-07,9.197774887084961,8.020441055297852
2012-03-08,9.298423767089844,8.130876541137695
2012-03-09,9.298423767089844,8.255118370056152
2012-03-12,9.422298431396484,8.19529914855957
2012-03-13,9.848121643066406,8.535810470581055
2012-03-14,10.366850852966309,8.788894653320312
2012-03-15,10.475242614746094,8.857915878295898
2012-03-16,10.537179946899414,8.940744400024414
2012-03-19,10.537179946899414,8.940744400024414
2012-03-20,10.628069877624512,8.857915878295898
2012-03-21,10.20730972290039,8.531208992004395
2012-03-22,10.074849128723145,8.531208992004395
2012-03-23,10.20730972290039,8.347147941589355
2012-03-26,10.090432167053223,8.420772552490234
2012-03-27,9.506044387817383,8.232110977172852
2012-03-28,9.358000755310059,7.983627796173096
2012-03-29,9.365792274475098,7.979028701782227
2012-03-30,9.358000755310059,7.923809051513672
2012-04-02,9.615131378173828,8.075658798217773
2012-04-03,9.420334815979004,7.896200180053711
2012-04-04,9.404749870300293,7.744349956512451
2012-04-05,9.389167785644531,7.767357349395752
2012-04-09,9.264498710632324,7.712140083312988
2012-04-10,9.046326637268066,7.610906600952148
2012-04-11,8.913865089416504,7.615507125854492
2012-04-12,8.867115020751953,7.822575092315674
2012-04-13,8.758027076721191,7.679928779602051
2012-04-16,8.781404495239258,7.620110034942627
2012-04-17,9.116451263427734,7.785764217376709
2012-04-18,9.32683277130127,7.946817398071289
2012-04-19,9.132036209106445,7.813371181488037
2012-04-20,9.077492713928223,7.7581562995910645
2012-04-23,8.851529121398926,7.638515949249268
2012-04-24,8.76581859588623,7.6707258224487305
2012-04-25,8.781404495239258,7.762758255004883
2012-04-26,8.68790054321289,7.767357349395752
2012-04-27,8.5866060256958,7.808771133422852
2012-04-30,8.508688926696777,7.906970977783203
2012-05-02,8.563231468200684,7.906970977783203
2012-05-03,8.415186882019043,7.737710952758789
2012-05-04,7.986634254455566,7.466888904571533
2012-05-07,7.947675704956055,7.355659484863281
2012-05-08,7.932093143463135,7.200906753540039
2012-05-09,7.932093143463135,7.302463054656982
2012-05-10,8.072343826293945,7.312136650085449
2012-05-11,8.064554214477539,7.041316509246826
2012-05-14,7.823007106781006,6.910742282867432
2012-05-15,7.752881050109863,6.673774719238281
2012-05-16,7.830799102783203,6.557709217071533
2012-05-17,7.410039901733398,6.427135467529297
2012-05-18,7.316537380218506,6.349757671356201
2012-05-21,7.316537380218506,6.349757671356201
2012-05-22,7.417832851409912,6.741479873657227
2012-05-23,7.324328899383545,6.504511833190918
2012-05-24,7.168492794036865,6.378775119781494
2012-05-25,7.184076309204102,6.335251808166504
2012-05-28,7.223034858703613,6.344922065734863
2012-05-29,7.08278226852417,6.349757671356201
2012-05-30,6.934737205505371,6.349757671356201
2012-05-31,6.623064041137695,6.282052993774414
2012-06-01,6.513977527618408,6.195004940032959
2012-06-04,6.358140468597412,6.17082405090332
2012-06-05,6.062051296234131,6.069267272949219
2012-06-06,5.85167121887207,6.093447208404541
2012-06-08,5.99192476272583,6.069267272949219
2012-06-11,6.18671989440918,6.011233806610107
2012-06-12,6.0854268074035645,6.03057861328125
2012-06-13,6.155553340911865,6.083775520324707
2012-06-14,6.062051296234131,6.074102878570557
2012-06-15,5.804920673370361,6.069267272949219
2012-06-18,5.804920673370361,6.069267272949219
2012-06-19,5.610124588012695,5.861314296722412
2012-06-20,5.48545503616333,5.967708587646484
2012-06-21,5.19715690612793,5.779102325439453
2012-06-22,5.05690336227417,5.638856410980225
2012-06-25,4.838732719421387,5.392215251922607
2012-06-26,5.041319370269775,5.426070213317871
2012-06-27,4.768606185913086,5.368036270141602
2012-06-28,4.714062690734863,5.28582239151001
2012-06-29,4.924442291259766,5.50344705581665
2012-07-02,4.869898796081543,5.585659027099609
2012-07-03,5.275074481964111,5.83713436126709
2012-07-04,5.446495532989502,6.016068935394287
2012-07-05,5.3452019691467285,5.938693046569824
2012-07-06,5.127030372619629,5.7549214363098145
2012-07-10,4.807565689086914,5.3148393630981445
2012-07-11,4.753022193908691,5.184266567230225
2012-07-12,4.9556097984313965,5.155248165130615
2012-07-13,4.94002628326416,5.213281631469727
2012-07-16,4.94002628326416,5.213281631469727
2012-07-17,4.636144161224365,5.029511451721191
2012-07-18,4.807565689086914,5.053691387176514
2012-07-19,4.791980743408203,5.058527946472168
2012-07-20,4.636144161224365,4.840904235839844
2012-07-23,4.4491400718688965,4.734511375427246
2012-07-24,4.379013538360596,4.6958231925964355
2012-07-25,4.425764560699463,4.5120530128479
2012-07-26,4.651727676391602,4.468526840209961
2012-07-27,5.165989398956299,4.758692264556885
2012-07-30,5.462079048156738,4.927954196929932
2012-07-31,5.750377178192139,5.092380523681641
2012-08-01,5.656876087188721,4.923118591308594
2012-08-02,5.641291618347168,4.7538557052612305
2012-08-03,6.155553340911865,5.048855781555176
2012-08-06,6.638647079467773,5.426070213317871
2012-08-07,6.077634811401367,5.368036270141602
2012-08-08,6.428267478942871,5.426070213317871
2012-08-09,6.249054908752441,5.430905342102051
2012-08-10,6.249054908752441,5.430905342102051
2012-08-13,6.358140468597412,5.203610897064209
2012-08-14,6.264638423919678,5.053691387176514
2012-08-15,6.108802318572998,5.005331039428711
2012-08-16,6.264638423919678,5.261642932891846
2012-08-17,6.202303886413574,5.150413513183594
2012-08-20,6.202303886413574,5.31000280380249
2012-08-21,6.342557430267334,5.28582239151001
2012-08-22,6.732151031494141,5.47926664352417
2012-08-23,6.778899669647217,5.585659027099609
2012-08-24,6.552936553955078,5.2809882164001465
2012-08-27,6.397100448608398,5.135904788970947
2012-08-28,6.381516456604004,4.995659351348877
2012-08-29,6.124385833740234,4.778036117553711
2012-08-30,6.1399688720703125,4.671643257141113
2012-08-31,6.350348472595215,4.8070526123046875
2012-09-03,6.389308929443359,4.86992073059082
2012-09-04,6.288013458251953,4.623281955718994
2012-09-05,7.417832851409912,5.000494956970215
2012-09-06,7.503540992736816,5.0875444412231445
2012-09-10,7.573668003082275,5.397052764892578
2012-09-11,7.752881050109863,5.619511604309082
2012-09-12,8.376227378845215,5.716233730316162
2012-09-13,9.506044387817383,6.325577735900879
2012-09-14,9.280080795288086,6.625413417816162
2012-09-17,8.921656608581543,6.446479797363281
2012-09-18,8.960616111755371,6.286890029907227
2012-09-19,8.937238693237305,6.335251808166504
2012-09-20,9.007367134094238,6.359431743621826
2012-09-21,9.007367134094238,6.214348316192627
2012-09-24,8.71127700805664,6.151480197906494
2012-09-25,7.9710516929626465,5.643692493438721
2012-09-26,8.119095802307129,5.750085830688477
2012-09-27,8.080137252807617,5.624349117279053
2012-09-28,7.885341167449951,5.52278995513916
2012-10-01,7.869758605957031,5.561479568481445
2012-10-02,7.900925636291504,5.440576553344727
2012-10-03,7.947675704956055,5.329348564147949
2012-10-04,8.041177749633789,5.426070213317871
2012-10-05,7.91650915145874,5.343856334686279
2012-10-08,8.025594711303711,5.513118267059326
2012-10-09,7.986634254455566,5.358363628387451
2012-10-10,7.410039901733398,5.266479015350342
2012-10-11,7.448999404907227,5.426070213317871
2012-10-15,7.85417366027832,5.561479568481445
2012-10-16,8.041177749633789,5.605003356933594
2012-10-17,8.220391273498535,5.677545070648193
2012-10-18,8.10351276397705,5.711398124694824
2012-10-19,7.791839122772217,5.5179548263549805
2012-10-22,8.010010719299316,5.609838962554932
2012-10-23,7.869758605957031,5.508282661437988
2012-10-24,7.752881050109863,5.416396617889404
2012-10-25,7.869758605957031,5.484102725982666
2012-10-26,7.5580830574035645,5.353527545928955
2012-10-29,7.713919639587402,5.401888847351074
2012-10-30,7.830799102783203,5.52278995513916
2012-10-31,7.643794536590576,5.430905342102051
2012-11-01,8.017801284790039,5.561479568481445
2012-11-05,8.002219200134277,5.513118267059326
2012-11-06,8.547648429870605,5.721069812774658
2012-11-07,8.415186882019043,5.513118267059326
2012-11-08,8.4931058883667,5.3728718757629395
2012-11-09,8.306099891662598,5.343856334686279
2012-11-12,8.415186882019043,5.266479015350342
2012-11-13,8.384018898010254,5.222954273223877
2012-11-14,8.376227378845215,5.015003204345703
2012-11-16,8.337268829345703,4.7538557052612305
2012-11-19,8.874903678894043,4.947298526763916
2012-11-21,8.804779052734375,5.02467679977417
2012-11-22,8.828154563903809,4.952134132385254
2012-11-23,9.194371223449707,5.174593448638916
2012-11-26,9.155410766601562,4.952134132385254
2012-11-27,9.077492713928223,4.903773784637451
2012-11-28,9.365792274475098,4.879594326019287
2012-11-29,9.934595108032227,5.348692417144775
2012-11-30,9.739797592163086,5.073036193847656
2012-12-03,10.168349266052246,5.044020175933838
2012-12-04,10.121600151062012,5.02467679977417
2012-12-05,9.560586929321289,5.116561412811279
2012-12-06,9.264498710632324,5.0778727531433105
2012-12-07,9.685256004333496,5.184266567230225
2012-12-10,9.708632469177246,5.445414066314697
2012-12-11,9.85667610168457,5.561479568481445
2012-12-12,9.467083930969238,5.624349117279053
2012-12-13,9.428125381469727,5.542135238647461
2012-12-14,8.929448127746582,5.614675521850586
2012-12-17,8.929448127746582,5.619511604309082
2012-12-18,9.599546432495117,5.9048380851745605
2012-12-19,9.848884582519531,5.870988368988037
2012-12-20,9.926804542541504,5.80811882019043
2012-12-21,9.86446762084961,5.672708511352539
2012-12-26,10.035889625549316,5.696889877319336
2012-12-27,9.895636558532715,5.600168228149414
2012-12-28,9.973553657531738,5.839334964752197
2013-01-02,10.324186325073242,6.213525295257568
2013-01-03,10.308603286743164,6.30214786529541
2013-01-04,9.77875804901123,6.065816402435303
2013-01-07,9.591753005981445,6.036276817321777
2013-01-08,9.280080795288086,5.982117176055908
2013-01-09,9.27228832244873,6.14951753616333
2013-01-10,9.38137435913086,6.25783634185791
2013-01-11,9.420334815979004,6.213525295257568
2013-01-14,9.73200798034668,6.252912521362305
2013-01-15,9.599546432495117,6.139671802520752
2013-01-16,9.506044387817383,6.124899864196777
2013-01-17,9.708632469177246,5.898416519165039
2013-01-18,9.583961486816406,5.908263683319092
2013-01-21,9.37358283996582,5.780251502990723
2013-01-22,8.820361137390137,5.780251502990723
2013-01-23,8.571022987365723,5.893494129180908
2013-01-24,8.23597526550293,5.603004455566406
2013-01-28,8.064554214477539,5.430678844451904
2013-01-29,8.274933815002441,5.553767204284668
2013-01-30,7.986634254455566,5.322361946105957
2013-01-31,8.056763648986816,5.292819023132324
2013-02-01,8.017801284790039,5.489760875701904
2013-02-04,7.74508810043335,5.332208156585693
2013-02-05,7.815215110778809,5.356825351715088
2013-02-06,8.002219200134277,5.406061172485352
2013-02-07,7.994428634643555,5.317437648773193
2013-02-08,8.072343826293945,5.209120750427246
2013-02-13,8.072343826293945,5.223889350891113
2013-02-14,8.10351276397705,5.228813171386719
2013-02-15,7.900925636291504,5.233737468719482
2013-02-18,7.636002540588379,5.189425945281982
2013-02-19,7.612627029418945,5.095877170562744
2013-02-20,7.378871917724609,4.898935794830322
2013-02-21,7.308746814727783,4.854623794555664
2013-02-22,7.199658393859863,4.785694122314453
2013-02-25,7.690545082092285,4.8201584815979
2013-02-26,7.776254653930664,4.923554420471191
2013-02-27,7.53471040725708,4.908782482147217
2013-02-28,7.636002540588379,4.923554420471191
2013-03-01,7.550291061401367,4.785694122314453
2013-03-04,7.674962997436523,4.825083255767822
2013-03-05,7.511332035064697,4.898935794830322
2013-03-06,8.056763648986816,5.1697306632995605
2013-03-07,8.23597526550293,5.228813171386719
2013-03-08,8.041177749633789,5.238661289215088
2013-03-11,8.119095802307129,5.164807319641113
2013-03-12,8.321683883666992,5.154960632324219
2013-03-13,8.274933815002441,4.997406005859375
2013-03-14,8.337268829345703,4.972789764404297
2013-03-15,7.900925636291504,4.815234661102295
2013-03-18,8.197016716003418,4.889088153839111
2013-03-19,8.087929725646973,4.569057464599609
2013-03-20,8.025594711303711,4.63798713684082
2013-03-21,8.025594711303711,4.4902801513671875
2013-03-22,7.9554667472839355,4.578904628753662
2013-03-25,7.807425022125244,4.460740566253662
2013-03-26,8.158055305480957,4.524745941162109
2013-03-27,8.384018898010254,4.475510120391846
2013-03-28,8.384018898010254,4.495203971862793
2013-04-01,8.867115020751953,4.731534004211426
2013-04-02,8.4931058883667,4.395936012268066
2013-04-03,8.656733512878418,4.42077112197876
2013-04-04,8.578817367553711,4.281691074371338
2013-04-05,8.656733512878418,4.187314987182617
2013-04-08,8.69569206237793,4.137643337249756
2013-04-09,8.664525032043457,4.207184314727783
2013-04-10,8.726859092712402,4.192281246185303
2013-04-11,8.547648429870605,4.0681023597717285
2013-04-12,8.555439949035645,4.063136577606201
2013-04-15,8.017801284790039,3.8892855644226074
2013-04-16,8.181431770324707,3.814777374267578
2013-04-17,7.947675704956055,3.8247122764587402
2013-04-18,8.080137252807617,3.8843185901641846
2013-04-19,8.134679794311523,3.8992199897766113
2013-04-22,8.041177749633789,3.904186487197876
2013-04-23,8.181431770324707,3.958824872970581
2013-04-24,8.10351276397705,4.003530502319336
2013-04-25,8.282726287841797,3.904186487197876
2013-04-26,8.282726287841797,3.904186487197876
2013-04-29,7.511332035064697,3.904186487197876
2013-04-30,7.674962997436523,3.929023027420044
2013-05-02,7.402247428894043,3.8644492626190186
2013-05-03,7.332120895385742,3.854515552520752
2013-05-06,7.121740818023682,3.834646224975586
2013-05-07,7.324328899383545,3.834646224975586
2013-05-08,7.199658393859863,3.775041341781616
2013-05-09,6.98148775100708,3.7353034019470215
2013-05-10,6.786691188812256,3.6111245155334473
2013-05-13,6.7243571281433105,3.5415847301483154
2013-05-14,6.576312065124512,3.4223721027374268
2013-05-15,6.350348472595215,3.3329641819000244
2013-05-16,6.389308929443359,3.3279964923858643
2013-05-17,6.771108627319336,3.337930202484131
2013-05-20,6.934737205505371,3.402503490447998
2013-05-21,6.973695278167725,3.47701096534729
2013-05-22,7.098365306854248,3.47701096534729
2013-05-23,7.254201412200928,3.4621095657348633
2013-05-24,7.269786357879639,3.5018467903137207
2013-05-27,7.324328899383545,3.5068135261535645
2013-05-28,7.4412078857421875,3.4521751403808594
2013-05-29,7.168492794036865,3.3528318405151367
2013-05-31,6.934737205505371,3.283292293548584
2013-06-03,7.036030292510986,3.357799768447876
2013-06-04,7.137324810028076,3.337930202484131
2013-06-05,6.739941120147705,3.198850393295288
2013-06-06,6.638647079467773,3.1442112922668457
2013-06-07,6.420475482940674,3.0299673080444336
2013-06-10,6.295806407928467,3.000164270401001
2013-06-11,6.0854268074035645,2.8908867835998535
2013-06-12,6.054258823394775,2.915722131729126
2013-06-13,6.584104061126709,3.1541457176208496
2013-06-14,6.49839448928833,3.2435545921325684
2013-06-17,6.389308929443359,3.183948040008545
2013-06-18,6.529561519622803,3.2733583450317383
2013-06-19,6.295806407928467,3.2187187671661377
2013-06-20,6.280222415924072,3.2981934547424316
2013-06-21,6.311389923095703,3.1690468788146973
2013-06-24,5.8127121925354,3.0746710300445557
2013-06-25,6.420475482940674,3.134277582168579
2013-06-26,6.233470916748047,3.0597691535949707
2013-06-27,6.202303886413574,3.069704055786133
2013-06-28,5.828295707702637,2.960426092147827
2013-07-01,5.804920673370361,3.0150654315948486
2013-07-02,5.415328502655029,2.831280469894409
2013-07-03,5.610124588012695,2.7567732334136963
2013-07-04,5.711417198181152,2.8163790702819824
2013-07-05,5.173781394958496,2.707101583480835
2013-07-08,5.13482141494751,2.712069272994995
2013-07-10,5.25949239730835,2.7269699573516846
2013-07-11,5.329618453979492,2.9455254077911377
2013-07-12,5.103654861450195,2.786576509475708
2013-07-15,5.882838726043701,3.0200324058532715
2013-07-16,5.672459125518799,2.9206888675689697
2013-07-17,5.960756778717041,2.985262393951416
2013-07-18,5.85167121887207,2.975327968597412
2013-07-19,5.890630722045898,2.980295181274414
2013-07-22,6.101010799407959,3.129309892654419
2013-07-23,5.999715805053711,3.2236859798431396
2013-07-24,5.945174217224121,3.134277582168579
2013-07-25,6.0854268074035645,3.178981304168701
2013-07-26,6.0854268074035645,3.178981304168701
2013-07-29,7.3477044105529785,3.5217151641845703
2013-07-30,7.020448207855225,3.3130955696105957
2013-07-31,6.786691188812256,3.2634236812591553
2013-08-01,6.802275657653809,3.2882585525512695
2013-08-02,6.739941120147705,3.20381760597229
2013-08-05,6.919152736663818,3.258455753326416
2013-08-06,6.708774566650391,3.2187187671661377
2013-08-07,6.810067176818848,3.2236859798431396
2013-08-08,7.067198753356934,3.428931951522827
2013-08-09,7.363288879394531,3.586409091949463
2013-08-12,7.53471040725708,3.6880080699920654
2013-08-13,7.293161869049072,3.804845094680786
2013-08-14,7.636002540588379,3.8861234188079834
2013-08-15,7.68275260925293,3.962322235107422
2013-08-16,8.041177749633789,4.2417168617248535
2013-08-19,8.53985595703125,4.510951519012451
2013-08-20,7.986634254455566,4.3534746170043945
2013-08-21,7.947675704956055,4.389033317565918
2013-08-22,7.893131732940674,4.592229843139648
2013-08-23,7.947675704956055,4.475391864776611
2013-08-26,7.947675704956055,4.444912433624268
2013-08-27,7.900925636291504,4.3534746170043945
2013-08-28,8.025594711303711,4.368713855743408
2013-08-29,7.9710516929626465,4.322995662689209
2013-08-30,8.095722198486328,4.3179144859313965
2013-09-02,8.220391273498535,4.490631580352783
2013-09-03,8.134679794311523,4.495711326599121
2013-09-04,8.072343826293945,4.612548351287842
2013-09-05,7.947675704956055,4.653188705444336
2013-09-06,7.947675704956055,4.668428421020508
2013-09-09,8.017801284790039,4.759866237640381
2013-09-10,8.158055305480957,4.800505638122559
2013-09-11,8.181431770324707,4.759866237640381
2013-09-12,8.220391273498535,4.754786014556885
2013-09-13,8.259350776672363,4.790345191955566
2013-09-16,8.134679794311523,4.719227313995361
2013-09-17,8.064554214477539,4.739546298980713
2013-09-18,8.298307418823242,4.800505638122559
2013-09-19,8.298307418823242,4.795424938201904
2013-09-20,8.10351276397705,4.698907375335693
2013-09-23,8.158055305480957,4.744626998901367
2013-09-24,8.064554214477539,4.754786014556885
2013-09-25,8.095722198486328,4.800505638122559
2013-09-26,8.197016716003418,4.947822570800781
2013-09-27,8.274933815002441,4.912262439727783
2013-09-30,8.197016716003418,4.8055853843688965
2013-10-01,8.500896453857422,4.775105953216553
2013-10-02,8.680109024047852,4.770026683807373
2013-10-03,8.578817367553711,4.810664176940918
2013-10-04,8.68790054321289,4.968142032623291
2013-10-07,8.874903678894043,5.008781909942627
2013-10-08,8.890488624572754,5.054499626159668
2013-10-09,8.84373950958252,5.0392608642578125
2013-10-10,8.78919506072998,5.278016567230225
2013-10-11,9.061908721923828,5.389772891998291
2013-10-14,9.428125381469727,5.633609294891357
2013-10-15,9.451499938964844,5.811404705047607
2013-10-16,9.428125381469727,5.963801860809326
2013-10-17,8.851529121398926,5.877443790435791
2013-10-18,8.758027076721191,5.97396183013916
2013-10-21,8.726859092712402,6.050162315368652
2013-10-22,8.960616111755371,6.299075126647949
2013-10-23,8.828154563903809,6.20255708694458
2013-10-24,8.804779052734375,6.0349202156066895
2013-10-25,8.76581859588623,5.943481922149658
2013-10-28,8.867115020751953,6.065401077270508
2013-10-29,8.812570571899414,6.004440784454346
2013-10-30,9.100869178771973,6.070479869842529
2013-10-31,9.256705284118652,6.222877502441406
2013-11-01,9.27228832244873,6.527672290802002
2013-11-04,9.256705284118652,6.456552505493164
2013-11-05,9.194371223449707,6.46163272857666
2013-11-06,9.202162742614746,6.451473236083984
2013-11-07,9.506044387817383,6.349874019622803
2013-11-08,9.802133560180664,6.507351875305176
2013-11-11,9.809925079345703,6.532750129699707
2013-11-12,9.825510025024414,6.299075126647949
2013-11-13,9.755383491516113,6.1822381019592285
2013-11-14,9.926804542541504,6.827995777130127
2013-11-18,10.20730972290039,6.941617488861084
2013-11-19,9.95797061920166,6.80094575881958
2013-11-21,9.607337951660156,6.817177772521973
2013-11-22,9.521628379821777,6.763072967529297
2013-11-25,9.661882400512695,6.622400760650635
2013-11-26,9.420334815979004,6.395160675048828
2013-11-27,9.646299362182617,6.4709086418151855
2013-11-28,9.700841903686523,6.362698554992676
2013-11-29,9.700841903686523,6.443856239318848
2013-12-02,9.646299362182617,6.4709086418151855
2013-12-03,9.583961486816406,6.368110656738281
2013-12-04,9.77875804901123,6.525012969970703
2013-12-05,10.456649780273438,6.763072967529297
2013-12-06,10.363146781921387,6.768483638763428
2013-12-09,10.324186325073242,6.8929243087768555
2013-12-10,10.409895896911621,6.952439308166504
2013-12-11,10.331978797912598,6.833409309387207
2013-12-12,10.11380672454834,6.806356430053711
2013-12-13,10.18393611907959,6.838819980621338
2013-12-16,10.28522777557373,7.087700843811035
2013-12-17,10.324186325073242,7.033595085144043
2013-12-18,10.838447570800781,7.379864692687988
2013-12-19,11.228038787841797,7.612513065338135
2013-12-20,11.017661094665527,7.493484973907471
2013-12-23,11.298168182373047,7.747776031494141
2013-12-26,11.228038787841797,7.801880359649658
2013-12-27,11.103370666503906,7.764009475708008
2013-12-30,11.072202682495117,7.780238151550293
2014-01-02,10.456649780273438,7.596283912658691
2014-01-03,10.752737998962402,7.834344387054443
2014-01-06,10.97091007232666,7.731545448303223
2014-01-07,10.877408027648926,7.655797481536865
2014-01-08,10.892991065979004,7.747776031494141
2014-01-09,10.635859489440918,7.531358242034912
2014-01-10,10.705987930297852,7.515127658843994
2014-01-13,10.643651962280273,7.5259480476379395
2014-01-14,10.6124849319458,7.374454021453857
2014-01-15,10.799488067626953,7.428558349609375
2014-01-16,10.838447570800781,7.482663154602051
2014-01-17,10.861823081970215,7.439379692077637
2014-01-20,10.620277404785156,7.401505947113037
2014-01-21,9.934595108032227,6.849639415740967
2014-01-22,9.996930122375488,6.736020088195801
2014-01-23,9.708632469177246,6.541244029998779
2014-01-24,9.700841903686523,6.384342193603516
2014-01-27,9.521628379821777,6.140869140625
2014-01-28,9.529417991638184,6.232848167419434
2014-01-29,9.599546432495117,6.157101631164551
2014-01-30,9.474879264831543,6.086765766143799
2014-01-31,9.27228832244873,6.0543012619018555
2014-02-03,9.054118156433105,5.745906829833984
2014-02-04,9.342415809631348,6.0543012619018555
2014-02-05,9.29566478729248,5.88657808303833
2014-02-06,9.62292194366455,6.222026824951172
2014-02-07,9.591753005981445,6.286953449249268
2014-02-10,9.108658790588379,6.081355094909668
2014-02-11,9.233330726623535,6.276131629943848
2014-02-12,9.435916900634766,6.362698554992676
2014-02-13,9.37358283996582,6.308594703674316
2014-02-14,8.991783142089844,6.319415092468262
2014-02-17,8.508688926696777,6.0975871086120605
2014-02-18,7.838591575622559,5.794599533081055
2014-02-19,8.025594711303711,6.0921759605407715
2014-02-20,8.306099891662598,6.189564228057861
2014-02-21,8.111305236816406,6.119228839874268
2014-02-24,7.939883232116699,6.021840572357178
2014-02-25,7.791839122772217,5.810832977294922
2014-02-26,7.752881050109863,5.772960186004639
2014-02-27,7.885341167449951,5.946094036102295
2014-02-28,7.612627029418945,5.372584819793701
2014-03-05,7.472374439239502,5.328829288482666
2014-03-06,7.503540992736816,5.373422145843506
2014-03-07,7.08278226852417,5.1002912521362305
2014-03-10,6.7944841384887695,4.933067798614502
2014-03-11,6.833443641662598,4.821587085723877
2014-03-12,6.638647079467773,4.8661789894104
2014-03-13,6.685398578643799,4.799289703369141
2014-03-14,7.036030292510986,5.356699466705322
2014-03-17,6.942530155181885,5.367847442626953
2014-03-18,7.230827331542969,5.468181133270264
2014-03-19,7.511332035064697,5.3789963722229
2014-03-20,7.402247428894043,5.356699466705322
2014-03-21,7.4412078857421875,5.367847442626953
2014-03-24,7.5580830574035645,5.457033634185791
2014-03-25,7.752881050109863,5.54621696472168
2014-03-26,7.690545082092285,5.395719051361084
2014-03-27,8.10351276397705,5.629830837249756
2014-03-28,8.041177749633789,5.512774467468262
2014-03-31,7.9710516929626465,5.484902858734131
2014-04-01,7.74508810043335,5.4012908935546875
2014-04-02,7.978844165802002,5.507198810577393
2014-04-03,7.838591575622559,5.462606430053711
2014-04-04,7.924300670623779,5.557367324829102
2014-04-07,7.9554667472839355,5.4793291091918945
2014-04-08,7.472374439239502,5.356699466705322
2014-04-09,7.0048627853393555,5.0779948234558105
2014-04-10,7.090572834014893,5.083569049835205
2014-04-11,7.246411323547363,5.105865478515625
2014-04-14,7.308746814727783,5.206199645996094
2014-04-15,7.020448207855225,4.988810062408447
2014-04-16,7.036030292510986,5.105865478515625
2014-04-17,7.277578830718994,5.222921848297119
2014-04-22,7.3009538650512695,5.156031608581543
2014-04-23,7.402247428894043,5.1002912521362305
2014-04-24,6.9892802238464355,4.994383811950684
2014-04-25,7.0126566886901855,4.905198097229004
2014-04-28,7.028239727020264,4.821587085723877
2014-04-29,7.028239727020264,4.899623870849609
2014-04-30,6.817859649658203,4.771420478820801
2014-05-02,7.0048627853393555,4.988810062408447
2014-05-05,6.856817722320557,4.977661609649658
2014-05-06,6.856817722320557,5.156031608581543
2014-05-07,6.810067176818848,4.977661609649658
2014-05-08,6.841233730316162,5.011105537414551
2014-05-09,6.7165656089782715,5.038975715637207
2014-05-12,6.786691188812256,5.206199645996094
2014-05-13,6.771108627319336,5.178328514099121
2014-05-14,6.880194664001465,5.222921848297119
2014-05-15,6.856817722320557,5.250791549682617
2014-05-16,6.763317584991455,5.206199645996094
2014-05-19,6.646438121795654,5.072420597076416
2014-05-20,6.358140468597412,4.849457263946533
2014-05-21,6.467227458953857,4.849457263946533
2014-05-22,6.521769046783447,4.860606670379639
2014-05-23,6.467227458953857,4.838309288024902
2014-05-26,6.482810974121094,5.016679286956787
2014-05-27,6.4750189781188965,5.016679286956787
2014-05-28,6.358140468597412,4.955365180969238
2014-05-29,6.295806407928467,4.91077184677124
2014-05-30,6.1399688720703125,4.78814172744751
2014-06-02,6.194512844085693,4.8661789894104
2014-06-03,6.178928852081299,4.927494525909424
2014-06-04,6.147761344909668,4.91077184677124
2014-06-05,6.147761344909668,4.905198097229004
2014-06-06,6.342557430267334,5.133735656738281
2014-06-09,6.451643943786621,5.267513751983643
2014-06-10,6.3269734382629395,5.267513751983643
2014-06-11,6.381516456604004,5.339976787567139
2014-06-13,6.2100958824157715,5.23964262008667
2014-06-16,6.155553340911865,5.195051193237305
2014-06-17,6.264638423919678,5.139310359954834
2014-06-18,6.397100448608398,5.2898101806640625
2014-06-20,6.319181442260742,5.167181015014648
2014-06-23,6.365933418273926,5.30653190612793
2014-06-24,6.256845951080322,5.351125717163086
2014-06-25,6.256845951080322,5.328829288482666
2014-06-26,6.163344860076904,5.328829288482666
2014-06-27,5.906214714050293,5.217347145080566
2014-06-30,5.906214714050293,5.23964262008667
2014-07-01,6.038675785064697,5.206199645996094
2014-07-02,6.319181442260742,5.384570121765137
2014-07-03,6.49839448928833,5.6744232177734375
2014-07-04,6.576312065124512,5.635402679443359
2014-07-07,6.584104061126709,5.852792739868164
2014-07-08,6.545144081115723,5.813775062561035
2014-07-10,6.4750189781188965,5.8806633949279785
2014-07-11,6.537353515625,5.925257205963135
2014-07-14,6.69318962097168,6.170516490936279
2014-07-15,6.973695278167725,6.410201072692871
2014-07-16,7.0126566886901855,6.37675666809082
2014-07-17,6.685398578643799,5.953126907348633
2014-07-18,6.513977527618408,6.44364595413208
2014-07-21,6.482810974121094,6.53283166885376
2014-07-22,6.3269734382629395,6.44364595413208
2014-07-23,6.256845951080322,6.2987213134765625
2014-07-24,6.116594314575195,6.354461669921875
2014-07-25,6.155553340911865,6.2987213134765625
2014-07-28,6.334765911102295,6.410201072692871
2014-07-29,6.342557430267334,6.242979526519775
2014-07-30,6.2100958824157715,6.248553276062012
2014-07-31,6.272431373596191,6.382330894470215
2014-08-01,6.311389923095703,6.560703754425049
2014-08-04,6.288013458251953,6.622016906738281
2014-08-05,6.272431373596191,6.521684646606445
2014-08-06,6.288013458251953,6.44364595413208
2014-08-07,6.241263389587402,6.348886966705322
2014-08-08,6.381516456604004,6.287570476531982
2014-08-11,6.576312065124512,6.315441608428955
2014-08-12,6.552936553955078,6.103627681732178
2014-08-13,6.428267478942871,5.969849109649658
2014-08-14,6.350348472595215,5.8862385749816895
2014-08-15,6.389308929443359,5.82492208480835
2014-08-18,6.311389923095703,5.925257205963135
2014-08-19,6.295806407928467,5.975423336029053
2014-08-20,6.3269734382629395,6.01444149017334
2014-08-21,6.303598403930664,5.8639421463012695
2014-08-22,6.280222415924072,5.808200359344482
2014-08-25,6.43605899810791,5.908534526824951
2014-08-26,6.397100448608398,5.8639421463012695
2014-08-27,6.529561519622803,5.852792739868164
2014-08-28,6.3269734382629395,5.540642738342285
2014-08-29,6.303598403930664,5.484902858734131
2014-09-01,6.311389923095703,5.3789963722229
2014-09-02,6.545144081115723,5.54621696472168
2014-09-03,6.887986183166504,5.66327428817749
2014-09-04,6.864610195159912,5.5740885734558105
2014-09-05,6.513977527618408,5.440310955047607
2014-09-08,6.350348472595215,5.284235954284668
2014-09-09,6.365933418273926,5.30653190612793
2014-09-10,6.155553340911865,5.328829288482666
2014-09-11,6.108802318572998,5.284235954284668
2014-09-12,6.233470916748047,5.23964262008667
2014-09-15,6.3269734382629395,5.390143394470215
2014-09-16,6.233470916748047,5.440310955047607
2014-09-17,6.272431373596191,5.3789963722229
2014-09-18,6.389308929443359,5.568515300750732
2014-09-19,6.365933418273926,5.607533931732178
2014-09-22,6.147761344909668,5.423587799072266
2014-09-23,6.124385833740234,5.434736728668213
2014-09-24,6.062051296234131,5.468181133270264
2014-09-25,5.890630722045898,5.362273693084717
2014-09-26,5.547789573669434,5.133735656738281
2014-09-29,5.150405406951904,4.8940510749816895
2014-09-30,4.963402271270752,4.849457263946533
2014-10-01,5.072486877441406,4.743549823760986
2014-10-02,5.017944812774658,4.8661789894104
2014-10-03,5.329618453979492,4.927494525909424
2014-10-06,5.337409496307373,4.977661609649658
2014-10-07,5.2672834396362305,5.016679286956787
2014-10-08,5.064696311950684,5.033401966094971
2014-10-09,5.049112319946289,4.849457263946533
2014-10-10,4.799773216247559,4.6989569664001465
2014-10-13,4.885483264923096,4.810439109802246
2014-10-14,4.9556097984313965,4.994383811950684
2014-10-15,4.776397705078125,4.977661609649658
2014-10-16,4.581600666046143,4.843883037567139
2014-10-17,4.581600666046143,4.726827144622803
2014-10-20,4.581600666046143,4.693383693695068
2014-10-21,4.4803080558776855,4.654363632202148
2014-10-22,4.5971856117248535,4.620919704437256
2014-10-23,4.721855163574219,4.7937164306640625
2014-10-24,4.846523284912109,5.083569049835205
2014-10-27,4.854316234588623,4.6989569664001465
2014-10-28,4.636144161224365,4.654363632202148
2014-10-29,4.262135982513428,4.45927095413208
2014-10-30,4.145258903503418,4.347789287567139
2014-10-31,4.441348075866699,4.598622798919678
2014-11-03,4.363429546356201,4.526159763336182
2014-11-04,4.53485107421875,4.659937381744385
2014-11-05,4.527059078216553,4.509437561035156
2014-11-06,4.254344463348389,4.303196430206299
2014-11-07,4.456932544708252,4.386807441711426
2014-11-10,4.316679000854492,4.364511966705322
2014-11-11,4.184217929840088,4.1694183349609375
2014-11-12,4.277719974517822,4.124825477600098
2014-11-13,4.106299877166748,4.069084644317627
2014-11-14,4.269927978515625,3.9241585731506348
2014-11-17,3.9738378524780273,3.846121311187744
2014-11-18,3.903712511062622,3.701195240020752
2014-11-19,3.911503553390503,3.5562679767608643
2014-11-21,4.2075934410095215,3.7234911918640137
2014-11-24,4.2933030128479,3.7680840492248535
2014-11-25,4.2933030128479,3.7234911918640137
2014-11-26,3.989422082901001,3.4280645847320557
2014-11-27,3.9738378524780273,3.3444533348083496
2014-11-28,4.0907158851623535,3.372324228286743
2014-12-01,3.8180012702941895,3.2106754779815674
2014-12-02,3.794626235961914,3.1326379776000977
2014-12-03,3.802417516708374,3.1493606567382812
2014-12-04,3.856959819793701,3.088045597076416
2014-12-05,3.981630325317383,3.088045597076416
2014-12-08,3.8257925510406494,2.9096741676330566
2014-12-09,3.8180012702941895,2.826063632965088
2014-12-10,3.646580934524536,2.7090070247650146
2014-12-11,3.592038154602051,2.6811368465423584
2014-12-12,3.3660755157470703,2.547358751296997
2014-12-15,3.568662405014038,2.591951370239258
2014-12-16,3.856959819793701,2.78147029876709
2014-12-17,4.168634414672852,3.0824718475341797
2014-12-18,3.9348793029785156,2.937544822692871
2014-12-19,4.075132846832275,3.18837833404541
2014-12-22,4.106299877166748,3.2719898223876953
2014-12-23,4.153049945831299,3.5061023235321045
2014-12-26,4.0127973556518555,3.372324228286743
2014-12-29,4.051756381988525,3.249694347381592
2014-12-30,3.9348793029785156,3.1493606567382812
2015-01-02,3.7322912216186523,2.936821222305298
2015-01-05,3.5063283443450928,2.792292594909668
2015-01-06,3.677748441696167,3.017756938934326
2015-01-07,3.8959195613861084,3.3472824096679688
2015-01-08,3.7011237144470215,3.237440586090088
2015-01-09,3.553079128265381,3.0986931324005127
2015-01-12,3.4128258228302,3.0466628074645996
2015-01-13,3.288156032562256,2.9426026344299316
2015-01-14,3.1868624687194824,2.861665964126587
2015-01-15,3.1868624687194824,2.8154172897338867
2015-01-16,3.3037400245666504,2.983070135116577
2015-01-19,3.1946544647216797,2.7865116596221924
2015-01-20,3.1167354583740234,2.9310405254364014
2015-01-21,3.179070234298706,3.040882110595703
2015-01-22,3.171278715133667,3.0986931324005127
2015-01-23,3.1089439392089844,2.8905718326568604
2015-01-26,3.101151943206787,2.902134656906128
2015-01-27,3.0310256481170654,2.769167900085449
2015-01-28,2.9219398498535156,2.6419830322265625
2015-01-29,2.7661027908325195,2.543703317642212
2015-01-30,2.6102659702301025,2.4280803203582764
2015-02-02,2.711559772491455,2.5205793380737305
2015-02-03,2.7661027908325195,2.630420446395874
2015-02-04,2.7271437644958496,2.5610463619232178
2015-02-05,2.742727518081665,2.5610463619232178
2015-02-06,2.7583112716674805,2.6419830322265625
2015-02-09,2.9998579025268555,2.879009485244751
2015-02-10,3.0232341289520264,2.8905718326568604
2015-02-11,3.085568428039551,2.913696765899658
2015-02-12,2.851813316345215,2.7865116596221924
2015-02-13,2.8050622940063477,2.850104331970215
2015-02-18,2.9219398498535156,2.9079155921936035
2015-02-19,2.93752384185791,2.9772889614105225
2015-02-20,3.171278715133667,3.0524444580078125
2015-02-23,3.0232341289520264,2.9252588748931885
2015-02-24,3.0388174057006836,2.9946327209472656
2015-02-25,3.1634867191314697,2.9946327209472656
2015-02-26,3.140111207962036,2.9715077877044678
2015-02-27,3.218029499053955,2.988851547241211
2015-03-02,3.2336137294769287,2.988851547241211
2015-03-03,3.3426992893218994,3.0061941146850586
2015-03-04,3.459576368331909,3.0293197631835938
2015-03-05,3.4673686027526855,2.9252588748931885
2015-03-06,3.443993091583252,2.9079155921936035
2015-03-09,3.5374948978424072,2.9946327209472656
2015-03-10,3.5374948978424072,2.988851547241211
2015-03-11,3.607621669769287,3.017756938934326
2015-03-12,3.6232056617736816,3.2178235054016113
2015-03-13,3.7868340015411377,3.302028179168701
2015-03-16,3.810208797454834,3.3561596870422363
2015-03-17,3.9738378524780273,3.5185546875
2015-03-18,3.950462818145752,3.428335189819336
2015-03-19,4.005005359649658,3.33811616897583
2015-03-20,3.95825457572937,3.5365982055664062
2015-03-23,3.8959195613861084,3.56667160987854
2015-03-24,3.7790415287017822,3.5185546875
2015-03-25,4.028381824493408,3.656891345977783
2015-03-26,4.043964862823486,3.6328327655792236
2015-03-27,4.005005359649658,3.374203681945801
2015-03-30,3.989422082901001,3.43435001373291
2015-03-31,3.872544050216675,3.2599260807037354
2015-04-01,3.8257925510406494,3.3561596870422363
2015-04-02,3.8959195613861084,3.386232852935791
2015-04-06,3.9348793029785156,3.4884822368621826
2015-04-07,3.7400829792022705,3.440363645553589
2015-04-08,3.5842463970184326,3.374203681945801
2015-04-09,3.607621669769287,3.3982622623443604
2015-04-10,3.7790415287017822,3.440363645553589
2015-04-13,3.763458013534546,3.416306257247925
2015-04-14,3.8257925510406494,3.560657262802124
2015-04-15,4.106299877166748,3.8192856311798096
2015-04-16,4.269927978515625,3.933563232421875
2015-04-17,4.0907158851623535,3.69899320602417
2015-04-20,4.215384483337402,3.6809492111206055
2015-04-22,4.379013538360596,3.9576218128204346
2015-04-23,4.675103664398193,4.294440746307373
2015-04-24,4.659520626068115,4.294440746307373
2015-04-27,4.862107753753662,4.757567405700684
2015-04-28,4.6205596923828125,4.727493762969971
2015-04-29,4.661826133728027,4.691405773162842
2015-04-30,4.677495956420898,4.829741954803467
2015-05-04,5.014400482177734,5.220693588256836
2015-05-05,5.2102766036987305,5.443234920501709
2015-05-06,5.460996627807617,5.443234920501709
2015-05-07,4.912546634674072,5.010181903839111
2015-05-08,4.65399169921875,4.823727607727051
2015-05-11,4.75584602355957,5.190619945526123
2015-05-12,4.62265157699585,5.004167079925537
2015-05-13,4.395436763763428,4.769596099853516
2015-05-14,4.301416397094727,4.775610446929932
2015-05-15,4.270076274871826,4.751552581787109
2015-05-18,4.270076274871826,4.553069591522217
2015-05-19,4.113376140594482,4.3004560470581055
2015-05-20,4.199560642242432,4.420748233795166
2015-05-21,4.23090124130249,4.414732933044434
2015-05-22,4.152551651000977,4.31850004196167
2015-05-25,4.152551651000977,4.306469917297363
2015-05-26,4.277911186218262,4.186178684234619
2015-05-27,4.238735675811768,4.240309715270996
2015-05-28,4.027191162109375,3.9576218128204346
2015-05-29,3.9958508014678955,3.692978858947754
2015-06-01,3.9566762447357178,3.795226812362671
2015-06-02,4.042860984802246,4.059870719909668
2015-06-03,3.948840856552124,3.915519952774048
2015-06-05,3.846985340118408,3.7230517864227295
2015-06-08,3.7372958660125732,3.6448612213134766
2015-06-09,3.7686362266540527,3.6809492111206055
2015-06-10,3.745131492614746,3.650876522064209
2015-06-11,3.776470422744751,3.668919801712036
2015-06-12,3.682450771331787,3.7230517864227295
2015-06-15,3.6589465141296387,3.6328327655792236
2015-06-16,3.6041009426116943,3.4764516353607178
2015-06-17,3.4865760803222656,3.4223203659057617
2015-06-18,3.6432759761810303,3.470438003540039
2015-06-19,3.6432759761810303,3.428335189819336
2015-06-22,3.5884311199188232,3.416306257247925
2015-06-23,3.5492560863494873,3.4223203659057617
2015-06-24,3.4474005699157715,3.374203681945801
2015-06-25,3.3220410346984863,3.2358672618865967
2015-06-26,3.4082255363464355,3.3621747493743896
2015-06-29,3.384721517562866,3.205794095993042
2015-06-30,3.2280209064483643,3.1215896606445312
2015-07-01,3.2045159339904785,3.0433993339538574
2015-07-02,3.2201859951019287,2.977238416671753
2015-07-03,3.157505989074707,2.8629605770111084
2015-07-06,3.2750308513641357,2.935136079788208
2015-07-07,3.2671961784362793,2.965209484100342
2015-07-08,3.157505989074707,2.802814245223999
2015-07-10,3.212351083755493,2.718609571456909
2015-07-13,3.3925554752349854,2.9170920848846436
2015-07-14,3.345546007156372,2.881004810333252
2015-07-15,3.369051218032837,2.7907848358154297
2015-07-16,3.251526117324829,2.7607123851776123
2015-07-17,3.134000301361084,2.7005653381347656
2015-07-20,3.0948257446289062,2.5923027992248535
2015-07-21,3.008640766143799,2.44193696975708
2015-07-22,2.930290699005127,2.3577325344085693
2015-07-23,3.0321457386016846,2.4178783893585205
2015-07-24,3.008640766143799,2.3817906379699707
2015-07-27,2.930290699005127,2.2855565547943115
2015-07-28,3.173175811767578,2.52614164352417
2015-07-29,3.079155921936035,2.4960687160491943
2015-07-30,3.0164759159088135,2.490054130554199
2015-07-31,3.079155921936035,2.616361141204834
2015-08-03,3.1261658668518066,2.616361141204834
2015-08-04,3.2671961784362793,2.628389835357666
2015-08-05,3.2671961784362793,2.6223764419555664
2015-08-06,3.1888461112976074,2.5381712913513184
2015-08-07,3.0948257446289062,2.4178783893585205
2015-08-10,3.0713207721710205,2.4058492183685303
2015-08-11,2.969465732574463,2.351717472076416
2015-08-12,2.8676109313964844,2.393820285797119
2015-08-13,2.7892606258392334,2.1772937774658203
2015-08-14,2.718745708465576,2.0810599327087402
2015-08-17,2.742250680923462,2.0570008754730225
2015-08-18,2.6325604915618896,1.9727963209152222
2015-08-19,2.530705690383911,1.8705477714538574
2015-08-20,2.4680256843566895,1.8946062326431274
2015-08-21,2.4053456783294678,1.834459900856018
2015-08-24,2.154625415802002,1.7081531286239624
2015-08-25,2.099780321121216,1.648006796836853
2015-08-26,2.2643158435821533,1.864533543586731
2015-08-27,2.3975107669830322,2.0930893421173096
2015-08-28,2.326995849609375,1.9968549013137817
2015-08-31,2.3348302841186523,2.1051180362701416
2015-09-01,2.4288511276245117,2.123161792755127
2015-09-02,2.5463759899139404,2.2314250469207764
2015-09-03,2.507200241088867,2.3156299591064453
2015-09-04,2.7109105587005615,2.4238932132720947
2015-09-08,2.9224557876586914,2.562229633331299
2015-09-09,2.945960521697998,2.6043319702148438
2015-09-10,3.3220410346984863,2.802814245223999
2015-09-11,3.6432759761810303,3.085501194000244
2015-09-14,3.353381395339966,2.9591946601867676
2015-09-15,3.32987642288208,2.9591946601867676
2015-09-16,3.4709057807922363,3.0975308418273926
2015-09-17,3.4160609245300293,3.2599260807037354
2015-09-18,3.439565420150757,3.4584076404571533
2015-09-21,3.3377108573913574,3.4042763710021973
2015-09-22,3.063485860824585,3.0794870853424072
2015-09-23,2.593385934829712,2.4479517936706543
2015-09-24,2.7735908031463623,2.52614164352417
2015-09-25,2.6717357635498047,2.4118638038635254
2015-09-28,2.6795709133148193,2.3817906379699707
2015-09-29,2.687405824661255,2.3637468814849854
2015-09-30,2.624725580215454,2.3577325344085693
2015-10-01,2.4445207118988037,2.2193961143493652
2015-10-02,2.475860595703125,2.2735273838043213
2015-10-05,2.5855507850646973,2.4599809646606445
2015-10-06,2.6012206077575684,2.6704928874969482
2015-10-07,2.6560659408569336,2.8268728256225586
2015-10-08,2.87544584274292,3.0073115825653076
2015-10-09,2.9224557876586914,3.205794095993042
2015-10-13,2.5855507850646973,2.802814245223999
2015-10-14,2.5855507850646973,2.6704928874969482
2015-10-15,2.6325604915618896,2.8208582401275635
2015-10-16,2.609055995941162,3.019341468811035
2015-10-19,2.51503586769104,3.085501194000244
2015-10-20,2.43668532371521,2.887019634246826
2015-10-21,2.3583357334136963,2.8148434162139893
2015-10-22,2.4053456783294678,2.887019634246826
2015-10-23,2.4053456783294678,2.9591946601867676
2015-10-26,2.381840944290161,2.9832534790039062
2015-10-27,2.381840944290161,2.9591946601867676
2015-10-28,2.2799856662750244,2.9110779762268066
2015-10-29,2.2016353607177734,2.5923027992248535
2015-10-30,2.178130626678467,2.610346794128418
2015-11-03,2.2956557273864746,3.0433993339538574
2015-11-04,2.2799856662750244,2.9832534790039062
2015-11-05,2.2721505165100098,2.977238416671753
2015-11-06,2.170295476913452,3.0073115825653076
2015-11-09,2.131120443344116,3.0433993339538574
2015-11-10,2.115450620651245,3.1035454273223877
2015-11-11,2.1859655380249023,3.211808919906616
2015-11-12,2.178130626678467,3.2599260807037354
2015-11-13,2.060606002807617,2.9471652507781982
2015-11-16,1.9979254007339478,2.9591946601867676
2015-11-17,1.9274102449417114,2.9531795978546143
2015-11-18,2.209470510482788,3.464423179626465
2015-11-19,2.0684406757354736,3.524569034576416
2015-11-23,1.974420428276062,3.446378707885742
2015-11-24,2.0527703762054443,3.6268184185028076
2015-11-25,2.0292649269104004,3.668919801712036
2015-11-26,2.005760669708252,3.6208038330078125
2015-11-27,1.9587503671646118,3.5365982055664062
2015-11-30,1.7237002849578857,3.308042049407959
2015-12-01,1.5905053615570068,3.0915160179138184
2015-12-02,1.6061755418777466,2.9952821731567383
2015-12-03,1.6218456029891968,3.025355577468872
2015-12-04,1.551330327987671,2.929121732711792
2015-12-07,1.4886503219604492,2.9231069087982178
2015-12-08,1.410300374031067,2.7366535663604736
2015-12-09,1.4338054656982422,2.796799898147583
2015-12-10,1.4494752883911133,2.7787554264068604
2015-12-11,1.410300374031067,2.712595224380493
2015-12-14,1.3632903099060059,2.6704928874969482
2015-12-15,1.3162802457809448,2.6524486541748047
2015-12-16,1.2536001205444336,2.580273389816284
2015-12-17,1.1909204721450806,2.5862879753112793
2015-12-18,1.1360752582550049,2.520127296447754
2015-12-21,1.1987553834915161,2.4118638038635254
2015-12-22,1.183085322380066,2.4178783893585205
2015-12-23,1.2144255638122559,2.6043319702148438
2015-12-28,1.2379302978515625,2.5501999855041504
2015-12-29,1.2144255638122559,2.52614164352417
2015-12-30,1.2144255638122559,2.4058492183685303
2016-01-04,1.14391028881073,2.3216447830200195
2016-01-05,1.049890160560608,2.207366466522217
2016-01-06,0.9558702111244202,2.032942533493042
2016-01-07,0.9010252356529236,1.9848253726959229
2016-01-08,0.9245303869247437,2.0570008754730225
2016-01-11,0.9402002692222595,2.026927947998047
2016-01-12,0.9010252356529236,1.9727963209152222
2016-01-13,0.8070052266120911,1.9246795177459717
2016-01-14,0.8148402571678162,1.9848253726959229
2016-01-15,0.7521601915359497,1.9066357612609863
2016-01-18,0.799170196056366,1.9246795177459717
2016-01-19,0.7913352251052856,1.9727963209152222
2016-01-20,0.799170196056366,1.9367085695266724
2016-01-21,0.7678301930427551,1.9968549013137817
2016-01-22,0.783500075340271,2.075045108795166
2016-01-26,0.7599952816963196,2.0570008754730225
2016-01-27,0.7051501870155334,2.0930893421173096
2016-01-28,0.6738101840019226,2.075045108795166
2016-01-29,0.6659752726554871,2.1351912021636963
2016-02-01,0.7521601915359497,2.255483627319336
2016-02-02,0.7364901304244995,2.2675130367279053
2016-02-03,0.7521601915359497,2.2795419692993164
2016-02-04,0.799170196056366,2.5020835399627686
2016-02-05,0.7913352251052856,2.6344048976898193
2016-02-10,0.7599952816963196,2.616361141204834
2016-02-11,0.6659752726554871,2.3336737155914307
2016-02-12,0.6659752726554871,2.4178783893585205
2016-02-15,0.7051501870155334,2.4659955501556396
2016-02-16,0.7678301930427551,2.664477825164795
2016-02-17,0.783500075340271,2.7366535663604736
2016-02-18,0.6816451549530029,2.7607123851776123
2016-02-19,0.689480185508728,2.7847704887390137
2016-02-22,0.7129852175712585,3.0794870853424072
2016-02-23,0.7286550998687744,3.1396331787109375
2016-02-24,0.7129852175712585,3.1456480026245117
2016-02-25,0.7208201289176941,3.1396331787109375
2016-02-26,0.6973151564598083,3.0073115825653076
2016-02-29,0.7051501870155334,3.12760329246521
2016-03-01,0.7129852175712585,3.247896671295166
2016-03-02,0.7364901304244995,3.3982622623443604
2016-03-03,0.9950452446937561,3.9095046520233154
2016-03-04,1.065560221672058,4.547054767608643
2016-03-07,1.14391028881073,4.950035095214844
2016-03-08,1.2144255638122559,4.276397228240967
2016-03-09,1.5043203830718994,4.101972579956055
2016-03-10,1.6531853675842285,4.408719062805176
2016-03-11,1.5826704502105713,4.246323585510254
2016-03-14,1.4494752883911133,4.1621198654174805
2016-03-15,1.2222603559494019,3.650876522064209
2016-03-16,1.3554552793502808,4.035812854766846
2016-03-17,1.4964853525161743,4.769596099853516
2016-03-18,1.4964853525161743,4.763581275939941
2016-03-21,1.5278254747390747,4.751552581787109
2016-03-22,1.5043203830718994,4.895903587341309
2016-03-23,1.378960371017456,4.571113109588623
2016-03-24,1.4338054656982422,4.685391426086426
2016-03-28,1.4573101997375488,4.691405773162842
2016-03-29,1.425970435142517,4.4508209228515625
2016-03-30,1.4338054656982422,4.480894088745117
2016-03-31,1.4181352853775024,4.288426399230957
2016-04-01,1.4024654626846313,4.420748233795166
2016-04-04,1.2927753925323486,4.180163383483887
2016-04-05,1.2536001205444336,4.571113109588623
2016-04-06,1.1360752582550049,4.6192307472229
2016-04-07,1.1517452001571655,4.565099239349365
2016-04-08,1.3162802457809448,4.962063789367676
2016-04-11,1.4024654626846313,5.407145977020264
2016-04-12,1.559165358543396,6.483764171600342
2016-04-13,1.7393702268600464,7.819009304046631
2016-04-14,1.567000150680542,6.892757415771484
2016-04-15,1.6453502178192139,7.169431686401367
2016-04-18,1.6218456029891968,7.277695178985596
2016-04-19,1.7942155599594116,7.999449253082275
2016-04-20,1.966585636138916,8.215973854064941
2016-04-22,2.0371005535125732,8.05959415435791
2016-04-25,1.8255552053451538,7.319796562194824
2016-04-26,1.880400538444519,7.39798641204834
2016-04-27,2.021430492401123,7.788936138153076
2016-04-28,1.9274102449417114,7.794952392578125
2016-04-29,1.9587503671646118,7.903214931488037
2016-05-02,1.950915813446045,7.75886344909668
2016-05-03,1.8020504713058472,7.349870204925537
2016-05-04,1.9039055109024048,7.079212188720703
2016-05-05,1.8490607738494873,6.628114700317383
2016-05-06,1.8255552053451538,6.700289726257324
2016-05-09,1.6610205173492432,6.0266523361206055
2016-05-10,1.8255552053451538,6.297309875488281
2016-05-11,1.864730954170227,5.984548568725586
2016-05-12,1.8177205324172974,5.7920823097229
2016-05-13,1.7158656120300293,5.05228328704834
2016-05-16,1.7080304622650146,5.004167079925537
2016-05-17,1.692360758781433,4.962063789367676
2016-05-18,1.5905053615570068,4.697420120239258
2016-05-19,1.472980260848999,4.480894088745117
2016-05-20,1.4338054656982422,4.378645420074463
2016-05-23,1.3632903099060059,4.348572731018066
2016-05-24,1.3319505453109741,4.120016574859619
2016-05-25,1.3632903099060059,4.059870719909668
2016-05-27,1.3319505453109741,3.8674027919769287
2016-05-30,1.3006103038787842,3.9034907817840576
2016-05-31,1.3084452152252197,3.933563232421875
2016-06-01,1.3006103038787842,3.831315279006958
2016-06-02,1.3476203680038452,4.095958232879639
2016-06-03,1.425970435142517,4.414732933044434
2016-06-06,1.5043203830718994,4.4448065757751465
2016-06-07,1.472980260848999,4.204221725463867
2016-06-08,1.6453502178192139,4.895903587341309
2016-06-09,1.559165358543396,4.5350260734558105
2016-06-10,1.4024654626846313,4.180163383483887
2016-06-13,1.3867954015731812,4.210236072540283
2016-06-14,1.3084452152252197,4.011753082275391
2016-06-15,1.6061755418777466,4.234294891357422
2016-06-16,1.5748354196548462,4.354587554931641
2016-06-17,1.6140104532241821,4.408719062805176
2016-06-20,1.6296805143356323,4.474880695343018
2016-06-21,1.6531853675842285,4.498937606811523
2016-06-22,1.676690697669983,4.462850093841553
2016-06-23,1.73153555393219,4.8598151206970215
2016-06-24,1.6061755418777466,4.432776927947998
2016-06-27,1.5826704502105713,4.390675067901611
2016-06-28,1.6061755418777466,4.516982078552246
2016-06-29,1.5826704502105713,4.703434944152832
2016-06-30,1.5434952974319458,4.703434944152832
2016-07-01,1.6296805143356323,5.268809795379639
2016-07-04,1.6610205173492432,5.593599796295166
2016-07-05,1.5905053615570068,5.178589820861816
2016-07-06,1.6218456029891968,5.449248790740967
2016-07-07,1.5826704502105713,5.13648796081543
2016-07-08,1.598340392112732,5.449248790740967
2016-07-11,1.6218456029891968,5.497365474700928
2016-07-12,1.6688554286956787,5.7559943199157715
2016-07-13,1.6845256090164185,5.798097133636475
2016-07-14,1.7001957893371582,5.882301330566406
2016-07-15,1.8412253856658936,6.164989948272705
2016-07-18,1.9822556972503662,6.303325176239014
2016-07-19,1.8960703611373901,6.261221885681152
2016-07-20,1.950915813446045,6.164989948272705
2016-07-21,2.1467905044555664,6.495793342590332
2016-07-22,2.2016353607177734,6.543910026550293
2016-07-25,2.248645544052124,6.604056358337402
2016-07-26,2.381840944290161,6.742391586303711
2016-07-27,2.593385934829712,6.826597213745117
2016-07-28,2.6560659408569336,6.826597213745117
2016-07-29,2.9381258487701416,6.6581878662109375
2016-08-01,3.008640766143799,6.423617839813232
2016-08-02,2.8284356594085693,6.03868293762207
2016-08-03,3.102660655975342,6.381515026092529
2016-08-04,3.102660655975342,6.549924373626709
2016-08-05,3.024311065673828,6.628114700317383
2016-08-08,2.8832805156707764,6.459705352783203
2016-08-09,2.9773006439208984,6.579997539520264
2016-08-10,2.87544584274292,6.315353870391846
2016-08-11,2.9616308212280273,6.604056358337402
2016-08-12,2.9146203994750977,6.483764171600342
2016-08-15,3.0869905948638916,6.706304550170898
2016-08-16,3.0321457386016846,6.333398818969727
2016-08-17,3.063485860824585,6.219120502471924
2016-08-18,3.0399811267852783,6.122887134552002
2016-08-19,3.008640766143799,6.06875467300415
2016-08-22,2.8284356594085693,5.563526153564453
2016-08-23,2.9224557876586914,5.647731304168701
2016-08-24,2.687405824661255,5.250765800476074
2016-08-25,2.6325604915618896,5.310912609100342
2016-08-26,2.8049309253692627,5.292868137359619
2016-08-29,2.687405824661255,5.443234920501709
2016-08-30,2.648230791091919,5.274825096130371
2016-08-31,2.718745708465576,5.172575950622559
2016-09-01,2.6952407360076904,5.292868137359619
2016-09-02,2.969465732574463,5.834184169769287
2016-09-05,3.0164759159088135,5.840199947357178
2016-09-06,3.0556509494781494,5.69584846496582
2016-09-08,3.1653409004211426,5.563526153564453
2016-09-09,3.0164759159088135,5.2026495933532715
2016-09-12,3.047816038131714,5.286853790283203
2016-09-13,2.812765598297119,4.895903587341309
2016-09-14,2.797095775604248,4.968079090118408
2016-09-15,2.7814254760742188,4.974094390869141
2016-09-16,2.6795709133148193,4.817713260650635
2016-09-19,2.6403956413269043,5.112429618835449
2016-09-20,2.6639010906219482,5.106414794921875
2016-09-21,2.859776258468628,5.32895565032959
2016-09-22,2.8284356594085693,5.353014945983887
2016-09-23,2.797095775604248,5.238737106323242
2016-09-26,2.7657554149627686,5.214678764343262
2016-09-27,2.687405824661255,5.178589820861816
2016-09-28,2.859776258468628,5.593599796295166
2016-09-29,2.859776258468628,5.449248790740967
2016-09-30,2.7657554149627686,5.467291831970215
2016-10-03,2.797095775604248,5.719907760620117
2016-10-04,2.8049309253692627,5.665774822235107
2016-10-05,2.9146203994750977,5.810126304626465
2016-10-06,2.859776258468628,5.912374019622803
2016-10-07,2.9381258487701416,5.984548568725586
2016-10-10,2.9616308212280273,6.134916305541992
2016-10-11,2.906785726547241,6.134916305541992
2016-10-13,2.7814254760742188,5.942446708679199
2016-10-14,2.7892606258392334,6.146945953369141
2016-10-17,2.8049309253692627,6.195061683654785
2016-10-18,2.859776258468628,6.381515026092529
2016-10-19,2.8832805156707764,6.207090854644775
2016-10-20,2.9146203994750977,6.128900051116943
2016-10-21,3.102660655975342,6.134916305541992
2016-10-24,3.196680784225464,6.267237186431885
2016-10-25,3.2750308513641357,6.429631233215332
2016-10-26,3.2201859951019287,6.357456207275391
2016-10-27,3.2593610286712646,6.507822513580322
2016-10-28,3.627606153488159,6.519852161407471
2016-10-31,3.533586263656616,6.459705352783203
2016-11-01,3.345546007156372,6.1589741706848145
2016-11-03,3.134000301361084,5.8462138175964355
2016-11-04,3.0399811267852783,5.810126304626465
2016-11-07,3.3142058849334717,6.201076984405518
2016-11-08,3.3377108573913574,6.3454270362854
2016-11-09,3.353381395339966,6.519852161407471
2016-11-10,3.32987642288208,6.766451358795166
2016-11-11,3.0713207721710205,6.267237186431885
2016-11-14,3.306370735168457,6.592027187347412
2016-11-16,3.102660655975342,6.315353870391846
2016-11-17,3.0869905948638916,6.357456207275391
2016-11-18,3.1261658668518066,6.531880855560303
2016-11-21,3.2045159339904785,6.892757415771484
2016-11-22,3.2985363006591797,7.211533546447754
2016-11-23,3.5492560863494873,7.692702770233154
2016-11-24,3.455235719680786,7.560381889343262
2016-11-25,3.4787404537200928,7.752849578857422
2016-11-28,3.5884311199188232,8.023506164550781
2016-11-29,3.369051218032837,7.656615257263184
2016-11-30,3.251526117324829,7.476177215576172
2016-12-01,3.1496708393096924,7.013051509857178
2016-12-02,3.1104955673217773,7.163416862487793
2016-12-05,3.1653409004211426,7.121314525604248
2016-12-06,3.141835927963257,7.211533546447754
2016-12-07,3.2593610286712646,7.235591411590576
2016-12-08,3.2280209064483643,7.0070366859436035
2016-12-09,3.134000301361084,6.796524524688721
2016-12-12,3.0713207721710205,6.640143871307373
2016-12-13,3.102660655975342,6.592027187347412
2016-12-14,3.0164759159088135,6.381515026092529
2016-12-15,3.173175811767578,6.573984146118164
2016-12-16,3.1104955673217773,6.447676181793213
2016-12-19,3.0399811267852783,6.06875467300415
2016-12-20,3.079155921936035,5.942446708679199
2016-12-21,3.1653409004211426,5.912374019622803
2016-12-22,3.102660655975342,5.774039268493652
2016-12-23,3.0948257446289062,5.984548568725586
2016-12-26,3.134000301361084,6.110857009887695
2016-12-27,3.212351083755493,6.453690528869629
2016-12-28,3.1888461112976074,6.507822513580322
2016-12-29,3.212351083755493,6.525867462158203
2017-01-02,3.196680784225464,6.531880855560303
2017-01-03,3.3612160682678223,6.86870002746582
2017-01-04,3.5649256706237793,6.802539348602295
2017-01-05,3.6041009426116943,7.037109375
2017-01-06,3.5022456645965576,6.784493446350098
2017-01-09,3.5257515907287598,6.88674259185791
2017-01-10,3.5414206981658936,7.037109375
2017-01-11,3.4709057807922363,7.127329349517822
2017-01-12,3.557090997695923,7.446103572845459
2017-01-13,3.5649256706237793,7.349870204925537
2017-01-16,3.745131492614746,7.428060054779053
2017-01-17,3.6981215476989746,7.337839603424072
2017-01-18,3.627606153488159,7.169431686401367
2017-01-19,3.5884311199188232,7.049138069152832
2017-01-20,3.776470422744751,7.193490028381348
2017-01-23,4.089870929718018,7.464146614074707
2017-01-24,4.035026550292969,7.452118873596191
2017-01-26,3.948840856552124,7.295738697052002
2017-01-27,4.066366195678711,7.277695178985596
2017-01-30,3.9410064220428467,6.898773193359375
2017-01-31,4.113376140594482,6.946889877319336
2017-02-01,4.113376140594482,7.013051509857178
2017-02-02,4.089870929718018,7.295738697052002
2017-02-03,4.066366195678711,6.9649338722229
2017-02-06,3.9958508014678955,6.694276332855225
2017-02-07,3.9801809787750244,6.838627815246582
2017-02-08,3.9958508014678955,6.826597213745117
2017-02-09,3.9801809787750244,6.820582866668701
2017-02-10,4.207396030426025,7.39197301864624
2017-02-13,4.262240886688232,7.566397190093994
2017-02-14,4.270076274871826,7.4701619148254395
2017-02-15,4.324921131134033,7.6084980964660645
2017-02-16,4.277911186218262,7.536322116851807
2017-02-17,4.270076274871826,7.524293899536133
2017-02-20,4.270076274871826,7.638571262359619
2017-02-21,4.238735675811768,7.6084980964660645
2017-02-22,4.136881351470947,7.488205432891846
2017-02-23,3.9410064220428467,7.21754789352417
2017-02-24,3.8626556396484375,7.205519199371338
2017-03-01,3.9253368377685547,7.289722442626953
2017-03-02,3.893995761871338,7.061166763305664
2017-03-03,4.066366195678711,7.205519199371338
2017-03-06,4.011521339416504,6.946889877319336
2017-03-07,3.893995761871338,6.796524524688721
2017-03-08,3.729461908340454,6.381515026092529
2017-03-09,3.7921407222747803,6.321368217468262
2017-03-10,3.6354410648345947,6.477749824523926
2017-03-13,3.6981215476989746,6.646159648895264
2017-03-14,3.6432759761810303,6.453690528869629
2017-03-15,3.831315517425537,6.86870002746582
2017-03-16,3.6902859210968018,6.682246685028076
2017-03-17,3.4709057807922363,6.393544673919678
2017-03-20,3.5022456645965576,6.586012840270996
2017-03-21,3.2436912059783936,5.996580123901367
2017-03-22,3.2907004356384277,6.014623165130615
2017-03-23,3.2671961784362793,5.942446708679199
2017-03-24,3.173175811767578,5.888317108154297
2017-03-27,3.4474005699157715,6.128900051116943
2017-03-28,3.4003915786743164,5.852227687835693
2017-03-29,3.4787404537200928,5.834184169769287
2017-03-30,3.46307110786438,5.533453464508057
2017-03-31,3.4787404537200928,5.4793219566345215
2017-04-03,3.423895835876465,5.395116806030273
2017-04-04,3.3768858909606934,5.587584495544434
2017-04-05,3.2201859951019287,5.316926956176758
2017-04-06,3.0869905948638916,5.2086639404296875
2017-04-07,3.1496708393096924,5.256779670715332
2017-04-10,3.1810107231140137,5.0823564529418945
2017-04-11,3.1104955673217773,5.04626989364624
2017-04-12,2.969465732574463,4.60720157623291
2017-04-13,2.8989505767822266,4.4508209228515625
2017-04-17,3.1261658668518066,4.595171928405762
2017-04-18,3.102660655975342,4.396689414978027
2017-04-19,3.102660655975342,4.270382404327393
2017-04-20,3.1653409004211426,4.48690938949585
2017-04-24,3.157505989074707,4.4387922286987305
2017-04-25,3.173175811767578,4.583142280578613
2017-04-26,3.345546007156372,4.775610446929932
2017-04-27,3.251526117324829,4.571113109588623
2017-04-28,3.3377108573913574,4.661333084106445
2017-05-02,3.455235719680786,4.769596099853516
2017-05-03,3.3220410346984863,4.571113109588623
2017-05-04,3.1496708393096924,4.2583537101745605
2017-05-05,3.2750308513641357,4.4508209228515625
2017-05-08,3.212351083755493,4.306469917297363
2017-05-09,3.2828660011291504,4.4508209228515625
2017-05-10,3.369051218032837,4.547054767608643
2017-05-11,3.353381395339966,4.510967254638672
2017-05-12,3.2436912059783936,4.366616725921631
2017-05-15,3.439565420150757,4.631259918212891
2017-05-16,3.5257515907287598,4.685391426086426
2017-05-17,3.4474005699157715,4.498937606811523
2017-05-18,2.89111590385437,3.8734171390533447
2017-05-19,3.0556509494781494,4.150090217590332
2017-05-22,3.047816038131714,4.1621198654174805
2017-05-23,3.141835927963257,4.204221725463867
2017-05-24,3.173175811767578,4.138060569763184
2017-05-25,3.1888461112976074,4.180163383483887
2017-05-26,3.1810107231140137,4.192192554473877
2017-05-29,3.1810107231140137,4.192192554473877
2017-05-30,3.2045159339904785,4.31850004196167
2017-05-31,3.1104955673217773,4.126031398773193
2017-06-01,3.0556509494781494,4.023782730102539
2017-06-02,3.102660655975342,4.059870719909668
2017-06-05,3.079155921936035,3.981680154800415
2017-06-06,3.118330717086792,3.9696507453918457
2017-06-07,3.102660655975342,3.8914613723754883
2017-06-08,3.141835927963257,3.9696507453918457
2017-06-09,3.0948257446289062,4.035812854766846
2017-06-12,3.0869905948638916,3.915519952774048
2017-06-13,3.0869905948638916,3.8734171390533447
2017-06-14,3.102660655975342,3.8914613723754883
2017-06-15,3.102660655975342,3.8914613723754883
2017-06-16,3.1261658668518066,3.753124713897705
2017-06-19,3.118330717086792,3.753124713897705
2017-06-20,3.0556509494781494,3.6208038330078125
2017-06-21,3.0869905948638916,3.6869640350341797
2017-06-22,3.157505989074707,3.807255744934082
2017-06-23,3.2907004356384277,3.8373289108276367
2017-06-26,3.4317312240600586,3.921535015106201
2017-06-27,3.423895835876465,4.144075393676758
2017-06-28,3.5257515907287598,4.3004560470581055
2017-06-29,3.5414206981658936,4.132046222686768
2017-06-30,3.6041009426116943,4.31850004196167
2017-07-03,3.682450771331787,4.384660720825195
2017-07-04,3.6589465141296387,4.336543560028076
2017-07-05,3.7137906551361084,4.246323585510254
2017-07-06,3.7921407222747803,4.246323585510254
2017-07-07,3.7999753952026367,4.324514389038086
2017-07-10,3.854820489883423,4.372631072998047
2017-07-11,3.9175007343292236,4.655318260192871
2017-07-12,3.972346067428589,4.763581275939941
2017-07-13,3.933171272277832,4.649303436279297
2017-07-14,3.9175007343292236,4.673362731933594
2017-07-17,3.9175007343292236,4.691405773162842
2017-07-18,3.8626556396484375,4.625245571136475
2017-07-19,3.9175007343292236,4.721478462219238
2017-07-20,3.854820489883423,4.547054767608643
2017-07-21,3.8783254623413086,4.432776927947998
2017-07-24,3.9566762447357178,4.571113109588623
2017-07-25,3.9958508014678955,4.703434944152832
2017-07-26,3.893995761871338,4.492924213409424
2017-07-27,3.933171272277832,4.432776927947998
2017-07-28,4.027191162109375,4.498937606811523
2017-07-31,4.050697326660156,4.583142280578613
2017-08-01,4.136881351470947,4.5350260734558105
2017-08-02,4.309250831604004,4.613216400146484
2017-08-03,4.324921131134033,4.5350260734558105
2017-08-04,4.317086219787598,4.715465068817139
2017-08-07,4.5443010330200195,5.124459266662598
2017-08-08,4.591311454772949,5.220693588256836
2017-08-09,4.559971332550049,5.070327281951904
2017-08-10,4.614815711975098,4.907933235168457
2017-08-11,4.599146366119385,5.094386577606201
2017-08-14,4.552135944366455,5.040254592895508
2017-08-15,4.465950965881348,4.895903587341309
2017-08-16,4.630486488342285,4.877859592437744
2017-08-17,4.677495956420898,4.8477864265441895
2017-08-18,4.724506378173828,4.895903587341309
2017-08-21,4.708837032318115,4.8056840896606445
2017-08-22,4.889041423797607,4.8538007736206055
2017-08-23,5.077081203460693,4.968079090118408
2017-08-24,5.2886271476745605,5.160546779632568
2017-08-25,5.186771869659424,5.148518085479736
2017-08-28,5.092751979827881,5.118444442749023
2017-08-29,5.124091148376465,5.142502784729004
2017-08-30,5.139761447906494,5.142502784729004
2017-08-31,5.398316383361816,5.2267069816589355
2017-09-01,5.954601287841797,5.57555627822876
2017-09-04,6.424702167510986,5.689834117889404
2017-09-05,6.322845935821533,5.810126304626465
2017-09-06,6.526556491851807,5.912374019622803
2017-09-07,6.526556491851807,5.912374019622803
2017-09-08,6.369857311248779,6.014623165130615
2017-09-11,6.683256149291992,6.315353870391846
2017-09-12,6.65975284576416,6.393544673919678
2017-09-13,6.628411769866943,6.267237186431885
2017-09-14,6.604907035827637,6.249194622039795
2017-09-15,6.800783157348633,6.525867462158203
2017-09-18,7.2865519523620605,6.748407363891602
2017-09-19,7.208201885223389,6.555938243865967
2017-09-20,7.3257269859313965,6.3454270362854
2017-09-21,7.458923816680908,6.1589741706848145
2017-09-22,7.364901542663574,5.8462138175964355
2017-09-25,6.448206424713135,5.653745651245117
2017-09-26,6.5500617027282715,5.7078776359558105
2017-09-27,6.244496822357178,5.57555627822876
2017-09-28,5.9467668533325195,5.461277008056641
2017-09-29,6.095632076263428,5.78005313873291
2017-10-02,6.181817054748535,5.942446708679199
2017-10-03,6.785110950469971,6.531880855560303
2017-10-04,7.067172527313232,6.471734523773193
2017-10-05,7.020161151885986,6.333398818969727
2017-10-06,7.3257269859313965,6.164989948272705
2017-10-09,7.192533016204834,5.954476833343506
2017-10-10,7.404077529907227,6.014623165130615
2017-10-11,7.599950790405273,5.804112434387207
2017-10-12,7.599950790405273,5.804112434387207
2017-10-13,8.085721969604492,6.146945953369141
2017-10-16,8.05438232421875,6.092813491821289
2017-10-17,7.795827865600586,5.9364333152771
2017-10-18,7.568611145019531,5.960492134094238
2017-10-19,7.905517578125,5.930418968200684
2017-10-20,7.9133524894714355,6.110857009887695
2017-10-23,7.5607781410217285,5.918389320373535
2017-10-24,7.850673675537109,6.0266523361206055
2017-10-25,7.764488220214844,5.954476833343506
2017-10-26,7.662631034851074,5.737950801849365
2017-10-27,7.153356075286865,5.449248790740967
2017-10-30,6.832121849060059,5.142502784729004
2017-10-31,6.9026360511779785,5.070327281951904
2017-11-01,6.651916027069092,4.907933235168457
2017-11-02,6.651916027069092,4.907933235168457
2017-11-03,6.542227268218994,4.79966926574707
2017-11-06,6.949646472930908,5.05228328704834
2017-11-07,6.346351623535156,4.835756778717041
2017-11-08,6.855627536773682,4.974094390869141
2017-11-09,6.675421714782715,4.721478462219238
2017-11-10,6.745937347412109,4.6192307472229
2017-11-13,7.020161151885986,4.7335076332092285
2017-11-14,6.487382411956787,4.456835746765137
2017-11-15,6.487382411956787,4.456835746765137
2017-11-16,6.738102436065674,4.420748233795166
2017-11-17,6.839956760406494,4.643289566040039
2017-11-20,6.839956760406494,4.643289566040039
2017-11-21,7.3257269859313965,4.595171928405762
2017-11-22,7.333561897277832,4.769596099853516
2017-11-23,7.239541053771973,4.841772079467773
2017-11-24,7.192533016204834,4.769596099853516
2017-11-27,7.364901542663574,4.8116984367370605
2017-11-28,7.263046741485596,4.679377555847168
2017-11-29,6.973152160644531,4.5229973793029785
2017-11-30,6.706762790679932,4.426762104034424
2017-12-01,6.9574809074401855,4.468864917755127
2017-12-04,7.035831928253174,4.5229973793029785
2017-12-05,6.738102436065674,4.366616725921631
2017-12-06,6.9339776039123535,4.510967254638672
2017-12-07,6.84779167175293,4.396689414978027
2017-12-08,6.785110950469971,4.432776927947998
2017-12-11,7.004491329193115,4.504952430725098
2017-12-12,6.9574809074401855,4.655318260192871
2017-12-13,6.808616638183594,4.595171928405762
2017-12-14,6.785110950469971,4.595171928405762
2017-12-15,6.792946815490723,4.673362731933594
2017-12-18,6.691092014312744,4.516982078552246
2017-12-19,6.738102436065674,4.456835746765137
2017-12-20,7.043666362762451,4.679377555847168
2017-12-21,7.090677738189697,4.781625747680664
2017-12-22,7.012325763702393,4.841772079467773
2017-12-25,7.012325763702393,4.841772079467773
2017-12-26,7.043666362762451,4.8538007736206055
2017-12-27,7.129851341247559,5.022210121154785
2017-12-28,7.129851341247559,5.040254592895508
2017-12-29,7.129851341247559,5.040254592895508
2018-01-02,7.521602153778076,5.220693588256836
2018-01-03,7.7723212242126465,5.41316032409668
2018-01-04,8.211081504821777,5.581569671630859
2018-01-05,7.8585076332092285,5.7078776359558105
2018-01-08,7.944692134857178,5.984548568725586
2018-01-09,8.030877113342285,6.146945953369141
2018-01-10,8.030877113342285,6.164989948272705
2018-01-11,8.46180248260498,6.525867462158203
2018-01-12,8.634172439575195,6.321368217468262
2018-01-15,8.85355281829834,6.483764171600342
2018-01-16,8.587162017822266,6.303325176239014
2018-01-17,8.736026763916016,6.555938243865967
2018-01-18,8.563658714294434,6.339412212371826
2018-01-19,8.955408096313477,6.423617839813232
2018-01-22,8.814376831054688,6.465719223022461
2018-01-23,8.399121284484863,6.171002388000488
2018-01-24,8.85355281829834,6.531880855560303
2018-01-25,8.85355281829834,6.531880855560303
2018-01-26,8.939738273620605,6.543910026550293
2018-01-29,9.049427032470703,6.447676181793213
2018-01-30,9.072932243347168,6.513836860656738
2018-01-31,9.292311668395996,6.610070705413818
2018-02-01,9.166952133178711,6.688261985778809
2018-02-02,9.2453031539917,6.477749824523926
2018-02-05,8.90056324005127,6.104842662811279
2018-02-06,9.166952133178711,6.339412212371826
2018-02-07,9.088602066040039,6.1168718338012695
2018-02-08,8.877057075500488,6.03868293762207
2018-02-09,8.798707008361816,5.948462963104248
2018-02-14,9.378498077392578,6.465719223022461
2018-02-15,9.503857612609863,6.351442337036133
2018-02-16,9.496023178100586,6.393544673919678
2018-02-19,9.51169204711914,6.453690528869629
2018-02-20,9.480352401733398,6.273252010345459
2018-02-21,9.519525527954102,6.231149673461914
2018-02-22,9.409838676452637,6.152958869934082
2018-02-23,9.558703422546387,6.171002388000488
2018-02-26,9.98962688446045,6.543910026550293
2018-02-27,9.911277770996094,6.399559497833252
2018-02-28,9.652722358703613,6.104842662811279
2018-03-01,9.2453031539917,5.834184169769287
2018-03-02,8.884892463684082,5.5394673347473145
2018-03-05,8.728192329406738,5.461277008056641
2018-03-06,9.088602066040039,5.461277008056641
2018-03-07,8.830048561096191,5.443234920501709
2018-03-08,8.642005920410156,5.166561126708984
2018-03-09,8.759532928466797,5.371058464050293
2018-03-12,8.892727851867676,5.425190448760986
2018-03-13,8.806541442871094,5.334970951080322
2018-03-14,8.884892463684082,5.298882961273193
2018-03-15,8.728192329406738,5.130473613739014
2018-03-16,8.736026763916016,5.118444442749023
2018-03-19,8.305103302001953,4.968079090118408
2018-03-20,8.579326629638672,5.064312934875488
2018-03-21,8.790873527526855,5.3409857749938965
2018-03-22,8.689018249511719,5.232722282409668
2018-03-23,8.579326629638672,5.154532432556152
2018-03-26,8.634172439575195,5.154532432556152
2018-03-27,8.469636917114258,5.05228328704834
2018-03-28,8.375617980957031,5.004167079925537
2018-03-29,8.555822372436523,5.292868137359619
2018-04-02,8.563658714294434,5.377072811126709
2018-04-03,8.399121284484863,5.286853790283203
2018-04-04,8.226752281188965,5.172575950622559
2018-04-05,8.28943157196045,5.334970951080322
2018-04-06,8.171907424926758,5.184605598449707
2018-04-09,7.882012844085693,5.04626989364624
2018-04-10,7.921186923980713,5.142502784729004
2018-04-11,7.99953556060791,5.286853790283203
2018-04-12,8.258091926574707,5.32895565032959
2018-04-13,8.242424011230469,5.268809795379639
2018-04-16,7.8585076332092285,5.124459266662598
2018-04-17,8.023042678833008,5.2267069816589355
2018-04-18,8.665513038635254,5.5514960289001465
2018-04-19,8.971077919006348,5.57555627822876
2018-04-20,8.814376831054688,5.467291831970215
2018-04-23,8.61066722869873,5.4913506507873535
2018-04-24,8.422628402709961,5.4913506507873535
2018-04-25,8.532319068908691,5.497365474700928
2018-04-26,8.664153099060059,5.545482635498047
2018-04-27,8.435942649841309,5.353014945983887
2018-04-30,8.577590942382812,5.280839920043945
2018-05-02,8.522504806518555,5.359029293060303
2018-05-03,8.33364200592041,5.160546779632568
2018-05-04,8.640545845031738,5.232722282409668
2018-05-07,8.467421531677246,5.094386577606201
2018-05-08,8.538244247436523,5.094386577606201
2018-05-09,8.719239234924316,5.232722282409668
2018-05-10,8.758586883544922,5.407145977020264
2018-05-11,8.67202377319336,5.581569671630859
2018-05-14,8.538244247436523,5.725921154022217
2018-05-15,8.168383598327637,5.653745651245117
2018-05-16,8.569721221923828,5.762009620666504
2018-05-17,8.491026878356934,5.59961462020874
2018-05-18,8.404464721679688,5.57555627822876
2018-05-21,8.176255226135254,5.443234920501709
2018-05-22,8.05034351348877,5.527438640594482
2018-05-23,7.7513108253479,5.232722282409668
2018-05-24,7.554574012756348,5.172575950622559
2018-05-25,7.090284824371338,4.913948059082031
2018-05-28,6.570906162261963,4.420748233795166
2018-05-29,6.736163139343262,4.60720157623291
2018-05-30,6.492213726043701,4.631259918212891
2018-06-01,6.956505298614502,4.673362731933594
2018-06-04,7.420796871185303,5.371058464050293
2018-06-05,7.216192722320557,5.377072811126709
2018-06-06,7.003719806671143,5.238737106323242
2018-06-07,6.531559944152832,5.148518085479736
2018-06-08,6.688946723937988,4.889888763427734
2018-06-11,6.350564479827881,4.8477864265441895
2018-06-12,6.531559944152832,5.088371276855469
2018-06-13,6.476474285125732,5.05228328704834
2018-06-14,6.271871566772461,4.931991100311279
2018-06-15,5.862665176391602,4.727493762969971
2018-06-18,5.815448760986328,4.727493762969971
2018-06-19,5.917751312255859,4.79966926574707
2018-06-20,6.035791873931885,4.817713260650635
2018-06-21,5.7131476402282715,4.541040420532227
2018-06-22,5.634454250335693,4.643289566040039
2018-06-25,5.626584529876709,4.577128887176514
2018-06-26,5.5951080322265625,4.5350260734558105
2018-06-27,5.626584529876709,4.5229973793029785
2018-06-28,5.846926212310791,4.565099239349365
2018-06-29,5.760363578796387,4.727493762969971
2018-07-02,5.689539909362793,4.679377555847168
2018-07-03,6.098745346069336,4.703434944152832
2018-07-04,6.468605995178223,4.829741954803467
2018-07-05,6.366303443908691,4.7094502449035645
2018-07-06,6.326956272125244,4.793653964996338
2018-07-10,6.201046943664551,4.793653964996338
2018-07-11,5.9256205558776855,4.553069591522217
2018-07-12,6.476474285125732,4.817713260650635
2018-07-13,6.547297954559326,4.823727607727051
2018-07-16,6.5551676750183105,4.781625747680664
2018-07-17,6.8463335037231445,4.944020748138428
2018-07-18,6.6181230545043945,4.8658294677734375
2018-07-19,6.578775882720947,4.781625747680664
2018-07-20,6.948635578155518,4.931991100311279
2018-07-23,6.94076681137085,4.925976276397705
2018-07-24,7.0981526374816895,5.238737106323242
2018-07-25,7.279147148132324,5.262794494628906
2018-07-26,7.184715270996094,5.2086639404296875
2018-07-27,7.200454235076904,5.593599796295166
2018-07-30,7.208324432373047,5.4853363037109375
2018-07-31,6.980112552642822,5.521424770355225
2018-08-01,6.917158126831055,5.5514960289001465
2018-08-02,7.050936698913574,5.749980449676514
2018-08-03,7.121762752532959,5.804112434387207
2018-08-06,6.948635578155518,5.743964672088623
2018-08-07,6.869941234588623,5.786067485809326
2018-08-08,6.9250288009643555,5.76802396774292
2018-08-09,6.712554454803467,5.69584846496582
2018-08-10,6.224656105041504,5.509394645690918
2018-08-13,6.374172687530518,5.76802396774292
2018-08-14,6.500082492828369,5.737950801849365
2018-08-15,6.240394592285156,5.437219142913818
2018-08-16,6.295479774475098,5.401130676269531
2018-08-17,6.248263359069824,5.419175624847412
2018-08-20,6.586644649505615,5.677804946899414
2018-08-21,6.295479774475098,5.4793219566345215
2018-08-22,6.405650615692139,5.68381929397583
2018-08-23,6.31121826171875,5.058298110961914
2018-08-24,6.421388626098633,5.184605598449707
2018-08-27,6.5079522132873535,5.232722282409668
2018-08-28,6.444997310638428,5.106414794921875
2018-08-29,6.5551676750183105,5.172575950622559
2018-08-30,6.358433723449707,5.2086639404296875
2018-08-31,6.350564479827881,5.280839920043945
2018-09-03,6.31121826171875,5.322941303253174
2018-09-04,6.303348541259766,5.04626989364624
2018-09-05,6.201046943664551,4.992137432098389
2018-09-06,6.248263359069824,5.022210121154785
2018-09-10,6.193178176879883,5.13648796081543
2018-09-11,5.823318958282471,4.913948059082031
2018-09-12,5.744624614715576,4.998151779174805
2018-09-13,5.5951080322265625,4.980108261108398
2018-09-14,5.508544445037842,5.112429618835449
2018-09-17,5.988575458526611,5.196634769439697
2018-09-18,6.295479774475098,5.371058464050293
2018-09-19,6.570906162261963,5.377072811126709
2018-09-20,6.3348259925842285,5.310912609100342
2018-09-21,6.673208236694336,5.473307132720947
2018-09-24,6.523690223693848,5.286853790283203
2018-09-25,6.610252857208252,5.587584495544434
2018-09-26,6.6181230545043945,5.593599796295166
2018-09-27,6.633862018585205,5.563526153564453
2018-09-28,6.547297954559326,5.617658615112305
2018-10-01,6.31121826171875,5.59961462020874
2018-10-02,6.688946723937988,5.822155952453613
2018-10-03,6.987981796264648,5.78005313873291
2018-10-04,7.145368576049805,5.78005313873291
2018-10-05,7.0981526374816895,5.641716480255127
2018-10-08,7.869349479675293,5.834184169769287
2018-10-09,7.877218723297119,5.954476833343506
2018-10-10,7.294887065887451,5.611642837524414
2018-10-11,7.326363563537598,5.497365474700928
2018-10-15,7.609661102294922,5.617658615112305
2018-10-16,7.798526287078857,6.092813491821289
2018-10-17,7.774916648864746,6.074770450592041
2018-10-18,7.6017913818359375,5.900345325469971
2018-10-19,7.633268356323242,5.8943305015563965
2018-10-22,8.223469734191895,6.014623165130615
2018-10-23,8.026737213134766,5.834184169769287
2018-10-24,7.633268356323242,5.5514960289001465
2018-10-25,7.790655612945557,5.593599796295166
2018-10-26,7.916566371917725,5.593599796295166
2018-10-29,7.89295768737793,5.365043640136719
2018-10-30,8.152645111083984,5.581569671630859
2018-10-31,8.089693069458008,5.7559943199157715
2018-11-01,7.963780403137207,5.816140174865723
2018-11-05,8.018865585327148,5.960492134094238
2018-11-06,7.814264297485352,5.840199947357178
2018-11-07,7.719832897186279,5.9063591957092285
2018-11-08,7.633268356323242,5.8943305015563965
2018-11-09,7.8850884437561035,5.762009620666504
2018-11-12,7.633268356323242,5.617658615112305
2018-11-13,7.405057907104492,5.5514960289001465
2018-11-14,7.200454235076904,5.545482635498047
2018-11-16,7.7040934562683105,5.804112434387207
2018-11-19,7.349972248077393,5.67179012298584
2018-11-21,7.247671127319336,5.455262184143066
2018-11-22,7.1296305656433105,5.383088111877441
2018-11-23,6.783379554748535,5.190619945526123
2018-11-26,6.712554454803467,5.0823564529418945
2018-11-27,6.862072944641113,5.148518085479736
2018-11-28,6.838464260101318,5.2086639404296875
2018-11-29,7.066675662994385,5.280839920043945
2018-11-30,7.357841491699219,5.334970951080322
2018-12-03,7.7040934562683105,5.521424770355225
2018-12-04,7.381450653076172,5.359029293060303
2018-12-05,7.468013286590576,5.377072811126709
2018-12-06,7.318495750427246,5.407145977020264
2018-12-07,7.082414627075195,5.2267069816589355
2018-12-10,6.8463335037231445,5.100399971008301
2018-12-11,6.885680198669434,5.214678764343262
2018-12-12,7.3657097816467285,5.4853363037109375
2018-12-13,7.5939226150512695,5.455262184143066
2018-12-14,7.381450653076172,5.461277008056641
2018-12-17,7.7040934562683105,5.587584495544434
2018-12-18,7.554574012756348,5.569540977478027
2018-12-19,7.633268356323242,5.563526153564453
2018-12-20,7.279147148132324,5.377072811126709
2018-12-21,7.247671127319336,5.298882961273193
2018-12-26,7.200454235076904,5.190619945526123
2018-12-27,7.082414627075195,5.148518085479736
2018-12-28,7.255540370941162,5.316926956176758
2019-01-02,7.680485248565674,5.5394673347473145
2019-01-03,7.515228271484375,5.605628490447998
2019-01-04,7.955911159515381,5.864258289337158
2019-01-07,7.971651077270508,5.876287460327148
2019-01-08,7.748928070068359,5.8943305015563965
2019-01-09,8.002731323242188,5.942446708679199
2019-01-10,8.193084716796875,6.002594470977783
2019-01-11,8.074113845825195,5.930418968200684
2019-01-14,7.828240871429443,5.876287460327148
2019-01-15,7.725134372711182,5.786067485809326
2019-01-16,7.923418998718262,5.97853422164917
2019-01-17,7.91548490524292,5.9665069580078125
2019-01-18,7.883760452270508,5.918389320373535
2019-01-21,7.971007347106934,5.972522258758545
2019-01-22,7.740996837615967,5.888317108154297
2019-01-23,7.709271430969238,6.207090854644775
2019-01-24,7.7727227210998535,6.2371649742126465
2019-01-28,7.709271430969238,5.882301330566406
2019-01-29,7.693408012390137,6.03868293762207
2019-01-30,7.852035999298096,6.2431793212890625
2019-01-31,7.780654430389404,6.134916305541992
2019-02-01,7.685478210449219,6.074770450592041
2019-02-04,7.7568583488464355,5.954476833343506
2019-02-05,7.7727227210998535,5.942446708679199
2019-02-06,7.415810585021973,5.59961462020874
2019-02-07,7.487194061279297,5.725921154022217
2019-02-08,7.629958152770996,5.924404144287109
2019-02-11,7.598232746124268,5.786067485809326
2019-02-12,7.598232746124268,5.942446708679199
2019-02-13,7.629958152770996,6.002594470977783
2019-02-14,7.669615268707275,6.092813491821289
2019-02-15,7.455467700958252,6.0988287925720215
2019-02-18,7.431674480438232,6.189046859741211
2019-02-19,7.312704563140869,6.110857009887695
2019-02-20,7.36029052734375,6.339412212371826
2019-02-21,7.534781455993652,6.9348602294921875
2019-02-22,7.867898941040039,7.458134174346924
2019-02-25,8.097907066345215,7.87915563583374
2019-02-26,7.978939056396484,7.933287143707275
2019-02-27,7.836173057556152,7.626543045043945
2019-02-28,7.661684989929199,7.86712646484375
2019-03-01,7.693408012390137,8.330253601074219
2019-03-06,7.629958152770996,9.112154006958008
2019-03-07,7.6378889083862305,8.865553855895996
2019-03-08,7.669615268707275,8.276121139526367
2019-03-11,7.931349277496338,8.757290840148926
2019-03-12,7.947211742401123,8.522720336914062
2019-03-13,8.010663032531738,9.316651344299316
2019-03-14,8.280326843261719,9.262519836425781
2019-03-15,8.05031967163086,9.388827323913574
2019-03-18,8.224808692932129,9.80383586883545
2019-03-19,8.66103458404541,9.430930137634277
2019-03-20,8.50240421295166,9.563251495361328
2019-03-21,8.28825855255127,9.370782852172852
2019-03-22,7.96307373046875,8.997875213623047
2019-03-25,8.113770484924316,8.961788177490234
2019-03-26,8.129632949829102,9.527162551879883
2019-03-27,7.526851177215576,9.03997802734375
2019-03-28,7.67754602432251,9.430930137634277
2019-03-29,7.96307373046875,9.773762702941895
2019-04-01,8.105839729309082,10.176742553710938
2019-04-02,7.693408012390137,10.152685165405273
2019-04-03,7.685478210449219,10.303049087524414
2019-04-04,7.67754602432251,10.21282958984375
2019-04-05,7.645821571350098,10.11058235168457
2019-04-08,7.526851177215576,10.315077781677246
2019-04-09,7.455467700958252,10.056447982788086
2019-04-10,7.4713311195373535,9.689558029174805
2019-04-11,7.3444294929504395,9.382811546325684
2019-04-12,7.280978679656982,9.713615417480469
2019-04-15,7.1937336921691895,9.755719184875488
2019-04-16,7.098557472229004,9.394840240478516
2019-04-17,6.98751974105835,9.232447624206543
2019-04-18,7.154077053070068,9.184329986572266
2019-04-22,7.114420413970947,8.937729835510254
2019-04-23,7.066833019256592,9.136211395263672
2019-04-24,6.866121768951416,8.87156867980957
2019-04-25,6.954047203063965,8.727218627929688
2019-04-26,6.882108211517334,8.919686317443848
2019-04-29,6.882108211517334,8.691131591796875
2019-04-30,6.898094177246094,8.745262145996094
2019-05-02,6.754217624664307,8.354312896728516
2019-05-03,7.089929580688477,9.023782730102539
2019-05-06,7.01799201965332,8.985918045043945
2019-05-07,6.762210845947266,8.94805908203125
2019-05-08,6.858128070831299,9.004851341247559
2019-05-09,6.802177429199219,8.992229461669922
2019-05-10,6.738231658935547,9.080574989318848
2019-05-13,6.538402557373047,8.651473045349121
2019-05-14,6.51442289352417,9.042713165283203
2019-05-15,6.354559421539307,9.042713165283203
2019-05-16,6.154730796813965,9.459195137023926
2019-05-17,6.306600570678711,9.711609840393066
2019-05-20,6.4025187492370605,9.711609840393066
2019-05-21,6.738231658935547,10.48777961730957
2019-05-22,6.754217624664307,10.815916061401367
2019-05-23,6.51442289352417,10.69602108001709
2019-05-24,6.554388999938965,10.872710227966309
2019-05-27,6.578367710113525,11.48481273651123
2019-05-28,6.602348327636719,10.998916625976562
2019-05-29,6.602348327636719,10.544572830200195
2019-05-30,6.658298969268799,10.664468765258789
2019-05-31,6.554388999938965,10.437299728393555
2019-06-03,6.394525527954102,10.147021293640137
2019-06-04,6.618333339691162,10.595056533813477
2019-06-05,6.602348327636719,10.210124969482422
2019-06-06,6.586361408233643,10.47515869140625
2019-06-07,6.874115467071533,10.46884822845459
2019-06-10,6.954047203063965,10.879020690917969
2019-06-11,7.201834678649902,11.49743366241455
2019-06-12,7.0339789390563965,10.853778839111328
2019-06-13,7.137889385223389,10.80329704284668
2019-06-14,6.922073841094971,10.582435607910156
2019-06-17,6.874115467071533,10.330020904541016
2019-06-18,7.01799201965332,10.658157348632812
2019-06-19,6.922073841094971,10.47515869140625
2019-06-21,6.946053504943848,10.412055969238281
2019-06-24,6.986019134521484,10.374195098876953
2019-06-25,6.770203590393066,10.147021293640137
2019-06-26,6.866121768951416,10.197504043579102
2019-06-27,6.930067539215088,10.393123626708984
2019-06-28,7.145881652832031,10.544572830200195
2019-07-01,7.097923755645752,10.721261978149414
2019-07-02,7.01799201965332,10.367883682250977
2019-07-03,7.209826946258545,10.651847839355469
2019-07-04,7.563027381896973,10.677088737487793
2019-07-05,7.747099876403809,10.538261413574219
2019-07-08,7.723091125488281,10.879020690917969
2019-07-10,7.651063919067383,10.879020690917969
2019-07-11,7.57103157043457,10.841156959533691
2019-07-12,7.547020435333252,10.771743774414062
2019-07-15,7.458985805511475,10.91688060760498
2019-07-16,7.523011207580566,11.106193542480469
2019-07-17,7.499002456665039,10.897953033447266
2019-07-18,7.507004737854004,11.112504005432129
2019-07-19,7.507004737854004,11.087261199951172
2019-07-22,7.354943752288818,10.95474624633789
2019-07-23,7.282915115356445,10.778055191040039
2019-07-24,7.178873538970947,10.355264663696289
2019-07-25,6.962786674499512,10.304780006408691
2019-07-26,7.058825969696045,10.380504608154297
2019-07-29,7.0828351974487305,10.330020904541016
2019-07-30,7.058825969696045,10.348952293395996
2019-07-31,7.002804279327393,10.430987358093262
2019-08-01,6.8027238845825195,10.241676330566406
2019-08-02,6.8027238845825195,10.008193969726562
2019-08-05,6.5786333084106445,9.408713340759277
2019-08-06,6.5386176109313965,9.35822868347168
2019-08-07,6.386556625366211,9.206782341003418
2019-08-08,6.642658710479736,9.433953285217285
2019-08-09,6.482595443725586,9.24464225769043
2019-08-12,6.370550632476807,9.16260814666748
2019-08-13,6.5466203689575195,9.452885627746582
2019-08-14,6.226492881774902,9.061643600463867
2019-08-15,5.954383850097656,8.771368026733398
2019-08-16,5.842339515686035,8.903884887695312
2019-08-19,5.650260925292969,8.752436637878418
2019-08-20,5.818329334259033,9.067953109741211
2019-08-21,5.946380138397217,8.8660249710083
2019-08-22,6.010406017303467,8.683023452758789
2019-08-23,5.78631591796875,8.594679832458496
2019-08-26,5.714287757873535,8.537884712219238
2019-08-27,5.602242469787598,8.430610656738281
2019-08-28,5.610245704650879,8.46847152709961
2019-08-29,6.122450351715088,8.966988563537598
2019-08-30,6.322530746459961,9.061643600463867
2019-09-02,6.258505821228027,9.055334091186523
2019-09-03,6.194479465484619,8.790299415588379
2019-09-04,6.122450351715088,8.910194396972656
2019-09-05,6.162467002868652,8.992229461669922
2019-09-06,6.138457298278809,8.878645896911621
2019-09-09,6.634655952453613,9.16260814666748
2019-09-10,6.658665180206299,9.402400970458984
2019-09-11,6.602643013000488,9.143678665161133
2019-09-12,6.626652717590332,9.345608711242676
2019-09-13,6.5066046714782715,9.206782341003418
2019-09-16,6.490598201751709,9.074263572692871
2019-09-17,6.658665180206299,9.250954627990723
2019-09-18,6.738697052001953,9.042713165283203
2019-09-19,6.602643013000488,8.960678100585938
2019-09-20,6.5066046714782715,9.017472267150879
2019-09-23,6.5066046714782715,9.131057739257812
2019-09-24,6.322530746459961,8.763136863708496
2019-09-25,6.4425787925720215,8.917780876159668
2019-09-26,6.43457555770874,8.788908958435059
2019-09-27,6.402563095092773,8.621380805969238
2019-09-30,6.25050163269043,8.524727821350098
2019-10-01,6.194479465484619,8.51828384399414
2019-10-02,5.986396312713623,8.228326797485352
2019-10-03,5.986396312713623,8.428074836730957
2019-10-04,6.074431419372559,8.569831848144531
2019-10-07,5.930373191833496,8.370084762573242
2019-10-08,5.882353782653809,8.009249687194824
2019-10-09,5.842339515686035,8.009249687194824
2019-10-10,5.978393077850342,8.434517860412598
2019-10-11,6.138457298278809,8.582717895507812
2019-10-14,6.074431419372559,8.531169891357422
2019-10-15,6.162467002868652,8.776023864746094
2019-10-16,6.106444835662842,8.511839866638184
2019-10-17,6.106444835662842,8.563387870788574
2019-10-18,6.066428184509277,8.408744812011719
2019-10-21,6.106444835662842,8.627822875976562
2019-10-22,6.050421237945557,8.730918884277344
2019-10-23,5.986396312713623,8.653596878051758
2019-10-24,5.802322864532471,8.060794830322266
2019-10-25,5.78631591796875,7.809500217437744
2019-10-28,5.810326099395752,7.867491722106934
2019-10-29,5.8983612060546875,7.745065689086914
2019-10-30,5.8983612060546875,7.6033101081848145
2019-10-31,5.810326099395752,7.6033101081848145
2019-11-01,5.9383769035339355,7.687074661254883
2019-11-04,6.074431419372559,7.796614170074463
2019-11-05,6.074431419372559,7.931925296783447
2019-11-06,6.154463768005371,7.925485134124756
2019-11-07,6.642658710479736,8.11878776550293
2019-11-08,6.4105658531188965,7.925485134124756
2019-11-11,6.322530746459961,7.867491722106934
2019-11-12,6.170470237731934,7.629083156585693
2019-11-13,6.074431419372559,7.268247127532959
2019-11-14,6.074431419372559,7.371343612670898
2019-11-18,6.026412487030029,7.371343612670898
2019-11-19,6.114447593688965,7.474438667297363
2019-11-21,6.522611141204834,7.757952690124512
2019-11-22,6.5706305503845215,7.796614170074463
2019-11-25,6.714688301086426,7.957701683044434
2019-11-26,6.786716461181641,8.29276180267334
2019-11-27,6.722690105438232,8.157448768615723
2019-11-28,6.746700763702393,8.12523078918457
2019-11-29,6.810726642608643,8.09301471710205
2019-12-02,6.946780681610107,8.55694580078125
2019-12-03,6.882755279541016,8.234769821166992
2019-12-04,7.050822734832764,8.46029281616211
2019-12-05,7.042819023132324,8.363640785217285
2019-12-06,7.202882766723633,8.58916187286377
2019-12-09,6.962786674499512,8.479622840881348
2019-12-10,7.042819023132324,8.58916187286377
2019-12-11,7.1468610763549805,8.801796913146973
2019-12-12,7.434975624084473,9.085309982299805
2019-12-13,7.402963161468506,9.136858940124512
2019-12-16,7.298922061920166,9.027318954467773
2019-12-17,7.402963161468506,8.94355297088623
2019-12-18,7.402963161468506,8.846901893615723
2019-12-19,7.458985805511475,8.846901893615723
2019-12-20,7.466989040374756,8.898449897766113
2019-12-23,7.627053260803223,9.362380027770996
2019-12-26,7.627053260803223,9.343048095703125
2019-12-27,7.547020435333252,8.995101928710938
2019-12-30,7.611047267913818,9.091753959655762
2020-01-02,7.763106346130371,9.465476036071777
2020-01-03,7.68307638168335,9.394598960876465
2020-01-06,7.539017677307129,9.16263198852539
2020-01-07,7.611047267913818,9.16263198852539
2020-01-08,7.51500940322876,9.149744987487793
2020-01-09,7.466989040374756,9.053094863891602
2020-01-10,7.314929008483887,9.156188011169434
2020-01-13,7.6350555419921875,9.710328102111816
2020-01-14,7.667070388793945,9.555684089660645
2020-01-15,7.51500940322876,9.426814079284668
2020-01-16,7.739098072052002,9.510579109191895
2020-01-17,7.811127185821533,9.523466110229492
2020-01-20,7.803123474121094,9.729659080505371
2020-01-21,7.643060207366943,9.446146011352539
2020-01-22,8.70748519897461,10.103379249572754
2020-01-23,8.891558647155762,9.980953216552734
2020-01-24,8.659464836120605,9.607233047485352
2020-01-27,8.043219566345215,8.859786987304688
2020-01-28,8.035216331481934,8.788908958435059
2020-01-29,7.90716552734375,8.608492851257324
2020-01-30,7.819129943847656,8.640710830688477
2020-01-31,7.707084655761719,8.312090873718262
2020-02-03,7.763106346130371,8.389413833618164
2020-02-04,7.835136413574219,8.537614822387695
2020-02-05,8.219289779663086,8.569831848144531
2020-02-06,8.035216331481934,8.51828384399414
2020-02-07,7.699082374572754,8.196109771728516
2020-02-10,7.434975624084473,7.835275173187256
2020-02-11,7.939178466796875,8.196109771728516
2020-02-12,7.891158103942871,8.363640785217285
2020-02-13,8.283315658569336,8.370084762573242
2020-02-14,7.9231719970703125,8.157448768615723
2020-02-17,7.787116527557373,8.434517860412598
2020-02-18,7.819129943847656,8.582717895507812
2020-02-19,7.77911376953125,8.71803092956543
2020-02-20,7.57103157043457,8.51828384399414
2020-02-21,7.338937282562256,8.46029281616211
2020-02-26,6.5786333084106445,7.538874626159668
2020-02-27,6.554623126983643,7.294021129608154
2020-02-28,6.5386176109313965,7.203812599182129
2020-03-02,6.778713226318359,7.957701683044434
2020-03-03,6.634655952453613,7.841717720031738
2020-03-04,7.098841190338135,7.9383697509765625
2020-03-05,6.722690105438232,7.699961185455322
2020-03-06,6.298521518707275,7.1587090492248535
2020-03-09,5.282114505767822,5.348090171813965
2020-03-10,5.6982808113098145,6.037543296813965
2020-03-11,5.20208215713501,5.167673587799072
2020-03-12,4.481794357299805,4.239811420440674
2020-03-13,5.218088626861572,5.122568607330322
2020-03-16,4.705883979797363,4.639307498931885
2020-03-17,4.673871040344238,4.993699073791504
2020-03-18,3.68147349357605,4.323576927185059
2020-03-19,3.6014413833618164,4.098054885864258
2020-03-20,3.4573843479156494,3.9691848754882812
2020-03-23,3.04121732711792,3.7372193336486816
2020-03-24,3.21728777885437,3.7372193336486816
2020-03-25,3.9055635929107666,4.2204813957214355
2020-03-26,4.113646507263184,4.5748724937438965
2020-03-27,3.913566827774048,4.362237930297852
2020-03-30,3.8255319595336914,4.549098014831543
2020-03-31,3.9375762939453125,4.497550964355469
2020-04-01,3.753502368927002,4.407341480255127
2020-04-02,3.7054831981658936,4.49110746383667
2020-04-03,3.2653071880340576,4.027176380157471
2020-04-06,3.2573041915893555,4.2204813957214355
2020-04-07,3.2893166542053223,4.478219985961914
2020-04-08,3.513406276702881,4.774620056152344
2020-04-09,3.4653871059417725,4.61997652053833
2020-04-13,3.6094448566436768,4.7230730056762695
2020-04-14,3.8175277709960938,4.793951034545898
2020-04-15,3.761505603790283,4.697299480438232
2020-04-16,3.6414575576782227,4.793951034545898
2020-04-17,3.7054831981658936,4.890603065490723
2020-04-20,3.7374958992004395,4.716629505157471
2020-04-22,3.857544183731079,4.72951602935791
2020-04-23,3.8095247745513916,4.832611560821533
2020-04-24,3.4733903408050537,4.561985969543457
2020-04-27,3.4733903408050537,4.6715240478515625
2020-04-28,3.7695088386535645,5.032359600067139
2020-04-29,4.087327003479004,5.8184638023376465
2020-04-30,3.8773066997528076,5.773359775543213
2020-05-04,3.7803733348846436,5.302985668182373
2020-05-05,3.7238292694091797,5.129012107849121
2020-05-06,3.707674026489258,5.2192206382751465
2020-05-07,3.8288397789001465,5.476513862609863
2020-05-08,3.8853840827941895,5.489415168762207
2020-05-11,3.8449952602386475,5.173338413238525
2020-05-12,3.707674026489258,5.083030700683594
2020-05-13,3.513808488845825,4.85081148147583
2020-05-14,3.675363063812256,5.412009239196777
2020-05-15,3.643052339553833,5.083030700683594
2020-05-18,3.9580836296081543,5.341053009033203
2020-05-19,3.901538848876953,5.637777805328369
2020-05-20,4.079248905181885,5.528119087219238
2020-05-21,4.014627456665039,5.495865821838379
2020-05-22,3.8126845359802246,5.482964515686035
2020-05-25,3.9419281482696533,5.573272228240967
2020-05-26,3.9580836296081543,5.502316951751709
2020-05-27,4.6043009757995605,6.095767021179199
2020-05-28,4.84663200378418,6.198975563049316
2020-05-29,4.967799186706543,6.6569647789001465
2020-06-01,5.000109672546387,6.676315784454346
2020-06-02,5.589783191680908,6.934338092803955
2020-06-03,5.573627948760986,6.837580680847168
2020-06-04,5.557471752166748,6.766624450683594
2020-06-05,5.573627948760986,6.856931686401367
2020-06-08,6.017902374267578,8.030930519104004
2020-06-09,5.896737575531006,7.772907733917236
2020-06-10,5.565549373626709,7.405227184295654
2020-06-12,5.177818775177002,7.011744022369385
2020-06-15,5.137430667877197,6.844029426574707
2020-06-16,5.290907382965088,7.289118766784668
2020-06-17,5.468616962432861,7.198810577392578
2020-06-18,5.4928507804870605,7.514886379241943
2020-06-19,5.638249397277832,7.231063365936279
2020-06-22,5.622094631195068,7.173008441925049
2020-06-23,6.203690052032471,7.340722560882568
2020-06-24,5.920969486236572,7.147205829620361
2020-06-25,5.8886590003967285,7.179458141326904
2020-06-26,5.735182285308838,6.908535003662109
2020-06-29,5.775571346282959,6.80532693862915
2020-06-30,5.872503280639648,6.889184474945068
2020-07-01,5.929047107696533,6.831129550933838
2020-07-02,5.937124252319336,7.005292892456055
2020-07-03,6.025980472564697,6.908535003662109
2020-07-06,6.147146701812744,7.224613666534424
2020-07-07,6.017902374267578,7.0568976402282715
2020-07-08,6.219845294952393,7.327820301055908
2020-07-09,6.034058094024658,7.147205829620361
2020-07-10,6.001746654510498,7.243965148925781
2020-07-13,5.969435691833496,7.527787685394287
2020-07-14,6.074446201324463,7.863217353820801
2020-07-15,6.066368579864502,7.695502758026123
2020-07-16,5.969435691833496,7.540687561035156
2020-07-17,6.05021333694458,7.676149845123291
2020-07-20,6.025980472564697,7.656799793243408
2020-07-21,5.969435691833496,7.52133846282959
2020-07-22,6.066368579864502,7.618098258972168
2020-07-23,5.904814720153809,7.514886379241943
2020-07-24,6.098680019378662,7.489084720611572
2020-07-27,6.534876823425293,7.895469665527344
2020-07-28,6.454099178314209,7.934172630310059
2020-07-29,6.583342552185059,8.385710716247559
2020-07-30,6.631809234619141,8.24379825592041
2020-07-31,6.567187309265137,7.901920318603516
2020-08-03,6.785284996032715,8.398612976074219
2020-08-04,6.6075758934021,8.230896949768066
2020-08-05,6.866063594818115,8.463117599487305
2020-08-06,6.728741645812988,8.456665992736816
2020-08-07,6.704508304595947,8.3534574508667
2020-08-10,7.011462211608887,9.01141357421875
2020-08-11,6.849907398223877,8.979162216186523
2020-08-12,6.979151725769043,8.90820598602295
2020-08-13,7.0195393562316895,8.83079719543457
2020-08-14,7.092238426208496,8.824348449707031
2020-08-17,7.1487836837768555,8.992061614990234
2020-08-18,7.633446216583252,9.559710502624512
2020-08-19,7.7950005531311035,9.604865074157715
2020-08-20,7.8757781982421875,9.553258895874023
2020-08-21,7.730380058288574,9.340391159057617
2020-08-24,7.827311038970947,9.38554573059082
2020-08-25,7.980788707733154,9.572612762451172
2020-08-26,7.867700099945068,9.424248695373535
2020-08-27,7.883856296539307,9.643567085266113
2020-08-28,8.118109703063965,9.837082862854004
2020-08-31,8.19888687133789,9.811281204223633
2020-09-01,8.610849380493164,9.978996276855469
2020-09-02,8.643159866333008,9.843533515930176
2020-09-03,8.392752647399902,9.695171356201172
2020-09-04,8.602771759033203,9.656468391418457
2020-09-08,8.51391887664795,9.714523315429688
2020-09-09,9.05512523651123,10.198315620422363
2020-09-10,8.715861320495605,9.920940399169922
2020-09-11,8.578539848327637,10.32087516784668
2020-09-14,8.764328956604004,10.449886322021484
2020-09-15,9.071279525756836,10.701457023620605
2020-09-16,8.788559913635254,10.520841598510742
2020-09-17,9.240913391113281,10.791765213012695
2020-09-18,8.853182792663574,10.578897476196289
2020-09-21,8.804716110229492,10.469237327575684
2020-09-22,8.691629409790039,10.824018478393555
2020-09-23,8.48968505859375,10.39183235168457
2020-09-24,8.400829315185547,10.204764366149902
2020-09-25,8.295819282531738,10.26282024383545
2020-09-28,8.190810203552246,10.153160095214844
2020-09-29,7.9565558433532715,9.882238388061523
2020-09-30,8.101953506469727,10.643403053283691
2020-10-01,8.134264945983887,10.669205665588379
2020-10-02,8.093876838684082,10.824018478393555
2020-10-05,8.538150787353516,11.430368423461914
2020-10-06,8.336207389831543,11.404566764831543
2020-10-07,8.554306983947754,11.61098575592041
2020-10-08,8.336207389831543,11.514226913452148
2020-10-09,8.174654006958008,11.456172943115234
2020-10-13,8.19888687133789,11.810949325561523
2020-10-14,8.263509750366211,11.869007110595703
2020-10-15,8.764328956604004,12.54631519317627
2020-10-16,9.1439790725708,12.597917556762695
2020-10-19,9.071279525756836,12.681775093078613
2020-10-20,9.305535316467285,13.339733123779297
2020-10-21,9.483243942260742,13.507445335388184
2020-10-22,9.475167274475098,13.49454402923584
2020-10-23,9.459012031555176,13.849324226379395
2020-10-26,9.394390106201172,13.694509506225586
2020-10-27,9.49132251739502,13.842872619628906
2020-10-28,8.756250381469727,13.33327865600586
2020-10-29,9.079358100891113,13.584853172302246
2020-10-30,8.804716110229492,13.24942398071289
2020-11-03,9.35400104522705,14.442773818969727
2020-11-04,9.030892372131348,13.829974174499512
2020-11-05,9.1924467086792,13.533248901367188
2020-11-06,9.273224830627441,13.397787094116211
2020-11-09,9.1924467086792,13.513894081115723
2020-11-10,8.837026596069336,12.907546043395996
2020-11-11,8.732017517089844,12.868842124938965
2020-11-12,8.723939895629883,12.591469764709473
2020-11-13,8.82087230682373,12.443105697631836
2020-11-16,8.966272354125977,12.739830017089844
2020-11-17,9.111668586730957,12.868842124938965
2020-11-18,9.05512523651123,12.655972480773926
2020-11-19,9.184369087219238,13.088160514831543
2020-11-23,9.49940013885498,13.771918296813965
2020-11-24,10.080994606018066,14.597586631774902
2020-11-25,10.791834831237793,14.9652681350708
2020-11-26,11.228032112121582,15.642578125
2020-11-27,11.114943504333496,15.487762451171875
2020-11-30,11.026090621948242,15.165234565734863
2020-12-01,11.228032112121582,15.455511093139648
2020-12-02,11.163410186767578,15.55226993560791
2020-12-03,10.58989143371582,14.978169441223145
2020-12-04,11.32496452331543,16.84238052368164
2020-12-07,11.680384635925293,16.93268394470215
2020-12-08,11.179566383361816,16.939136505126953
2020-12-09,10.711058616638184,16.655309677124023
2020-12-10,11.042245864868164,18.403411865234375
2020-12-11,11.03416633605957,18.222797393798828
2020-12-14,10.743369102478027,17.551939010620117
2020-12-15,11.163410186767578,18.158288955688477
2020-12-16,11.163410186767578,18.300201416015625
2020-12-17,11.074554443359375,18.977510452270508
2020-12-18,11.623841285705566,19.609663009643555
2020-12-21,11.50267505645752,19.906387329101562
2020-12-22,11.284577369689941,19.55160903930664
2020-12-23,11.809629440307617,19.906387329101562
2020-12-28,11.680384635925293,20.022499084472656
2020-12-29,12.18120288848877,20.996532440185547
2020-12-30,11.80155086517334,20.54499053955078
2021-01-04,12.068116188049316,22.041519165039062
2021-01-05,12.197360038757324,22.441452026367188
2021-01-06,12.787032127380371,23.389680862426758
2021-01-07,13.400938987731934,24.853954315185547
2021-01-08,13.336318969726562,25.002317428588867
2021-01-11,13.497871398925781,24.454023361206055
2021-01-12,13.31208324432373,24.56368064880371
2021-01-13,12.504312515258789,23.383230209350586
2021-01-14,12.730488777160645,24.11859703063965
2021-01-15,12.132737159729004,22.164081573486328
2021-01-18,12.165048599243164,22.60271644592285
2021-01-19,11.591529846191406,21.312606811523438
2021-01-20,11.397664070129395,21.35131072998047
2021-01-21,11.438053131103516,21.557727813720703
2021-01-22,11.438053131103516,21.918960571289062
2021-01-26,10.9210786819458,21.286806106567383
2021-01-27,10.581814765930176,20.719158172607422
2021-01-28,11.236109733581543,21.377111434936523
2021-01-29,10.662591934204102,19.609663009643555
2021-02-01,10.783758163452148,20.441783905029297
2021-02-02,10.557580947875977,19.738672256469727
2021-02-03,10.517192840576172,20.112804412841797
2021-02-04,10.62220287322998,20.061201095581055
2021-02-05,11.090709686279297,21.538373947143555
2021-02-08,11.211877822875977,22.325342178344727
2021-02-09,11.35727596282959,22.8671875
2021-02-10,11.155333518981934,22.183427810668945
2021-02-11,11.421896934509277,21.299707412719727
2021-02-12,11.462285995483398,21.177146911621094
2021-02-17,12.124659538269043,21.789945602416992
2021-02-18,11.97926139831543,22.035066604614258
2021-02-19,12.092350006103516,22.744626998901367
2021-02-22,12.108504295349121,23.08005714416504
2021-02-23,12.714333534240723,22.976848602294922
2021-02-24,13.92599105834961,23.963783264160156
2021-02-25,13.320162773132324,22.415651321411133
2021-02-26,13.118219375610352,21.20294761657715
2021-03-01,13.61095905303955,21.91250991821289
2021-03-02,13.917912483215332,22.473703384399414
2021-03-03,13.990612983703613,22.847837448120117
2021-03-04,13.578649520874023,22.712373733520508
2021-03-05,14.370266914367676,23.867021560668945
2021-03-08,13.724048614501953,23.544498443603516
2021-03-09,13.804826736450195,22.68012046813965
2021-03-10,13.360551834106445,22.02861976623535
2021-03-11,13.958303451538086,24.04764175415039
2021-03-12,13.635193824768066,24.266958236694336
2021-03-15,13.796748161315918,23.11231231689453
2021-03-16,14.976095199584961,23.83477210998535
2021-03-17,14.838774681091309,24.279857635498047
2021-03-18,14.507588386535645,23.892826080322266
2021-03-19,14.362188339233398,22.970396041870117
2021-03-22,13.917912483215332,22.576913833618164
2021-03-23,13.449405670166016,21.609329223632812
2021-03-24,13.263618469238281,21.480318069458008
2021-03-25,13.2151517868042,21.589982986450195
2021-03-26,13.392862319946289,22.667221069335938
2021-03-29,13.465560913085938,23.499343872070312
2021-03-30,13.627115249633789,23.783164978027344
2021-03-31,13.81290340423584,24.447574615478516
2021-04-01,13.417096138000488,23.738014221191406
2021-04-05,13.780591011047363,24.383068084716797
2021-04-06,14.25717830657959,25.26679229736328
2021-04-07,14.45911979675293,25.731231689453125
2021-04-08,15.000328063964844,26.511751174926758
2021-04-09,15.50922679901123,27.795408248901367
2021-04-12,15.67885684967041,28.305002212524414
2021-04-13,16.131210327148438,29.079065322875977
2021-04-14,16.80974006652832,30.001489639282227
2021-04-15,16.963214874267578,30.349822998046875
2021-04-16,17.42364501953125,30.962629318237305
2021-04-19,17.310556411743164,30.594942092895508
2021-04-20,17.0278377532959,30.098247528076172
2021-04-22,17.94061851501465,31.427061080932617
2021-04-23,17.892152786254883,31.627029418945312
2021-04-26,18.530292510986328,33.23322296142578
2021-04-27,18.651458740234375,32.89133834838867
2021-04-28,18.514137268066406,33.1364631652832
2021-04-29,18.514137268066406,32.40755081176758
2021-04-30,18.23946189880371,31.730241775512695
2021-05-03,17.654499053955078,31.26148223876953
2021-05-04,17.80886459350586,31.47067642211914
2021-05-05,18.605060577392578,32.48395919799805
2021-05-06,19.149402618408203,33.013484954833984
2021-05-07,18.800050735473633,33.098472595214844
2021-05-10,18.995037078857422,33.170379638671875
2021-05-11,19.149402618408203,33.84372329711914
2021-05-12,18.166339874267578,32.30744934082031
2021-05-13,17.353891372680664,31.333389282226562
2021-05-14,16.49269676208496,30.725421905517578
2021-05-17,16.7526798248291,31.647180557250977
2021-05-18,16.882673263549805,32.170169830322266
2021-05-19,16.687685012817383,30.888851165771484
2021-05-20,16.476449966430664,30.85616683959961
2021-05-21,16.151470184326172,29.875572204589844
2021-05-24,16.29770851135254,29.56831169128418
2021-05-25,15.793991088867188,28.862281799316406
2021-05-26,15.97687816619873,29.365657806396484
2021-05-27,15.919992446899414,29.39180564880371
2021-05-28,15.928117752075195,29.18260955810547
2021-05-31,16.1394100189209,29.365657806396484
2021-06-01,16.375080108642578,30.99344825744629
2021-06-02,15.919992446899414,30.45738983154297
2021-06-04,15.481155395507812,29.82326889038086
2021-06-07,15.294243812561035,28.940732955932617
2021-06-08,14.936674118041992,28.633474349975586
2021-06-09,15.318625450134277,29.274131774902344
2021-06-10,15.286118507385254,29.306825637817383
2021-06-11,15.375508308410645,29.744823455810547
2021-06-14,15.19672679901123,29.49639892578125
2021-06-15,15.123586654663086,29.091089248657227
2021-06-16,14.733509063720703,27.71825408935547
2021-06-17,14.392191886901855,26.34541130065918
2021-06-18,14.709131240844727,27.06451988220215
2021-06-21,14.757887840270996,27.482908248901367
2021-06-22,14.814774513244629,27.7901611328125
2021-06-23,15.131712913513184,28.22162628173828
2021-06-24,15.52178955078125,29.15645980834961
2021-06-25,15.310498237609863,28.47003936767578
2021-06-28,15.383637428283691,28.064729690551758
2021-06-29,15.562420845031738,29.21529769897461
2021-06-30,15.52178955078125,28.757686614990234
2021-07-01,15.67619514465332,28.3915958404541
2021-07-02,15.871233940124512,29.463716506958008
2021-07-05,15.895610809326172,29.78404426574707
2021-07-06,15.83060073852539,29.149930953979492
2021-07-07,16.066268920898438,30.15667152404785
2021-07-08,15.90373706817627,28.82305908203125
2021-07-12,16.440093994140625,30.601213455200195
2021-07-13,16.65951156616211,30.908466339111328
2021-07-14,16.0825252532959,29.679452896118164
2021-07-15,16.05814552307129,30.267807006835938
2021-07-16,15.708698272705078,29.22183609008789
2021-07-19,15.52178955078125,28.8295955657959
2021-07-20,15.603055000305176,29.13684844970703
2021-07-21,15.99312973022461,29.78404426574707
2021-07-22,16.188169479370117,30.006317138671875
2021-07-23,16.415714263916016,29.90172004699707
2021-07-26,17.00082778930664,30.96076774597168
2021-07-27,16.440093994140625,30.646968841552734
2021-07-28,16.407588958740234,29.79058265686035
2021-07-29,16.935815811157227,31.464139938354492
2021-07-30,16.716398239135742,30.561988830566406
2021-08-02,16.602624893188477,30.130596160888672
2021-08-03,16.618879318237305,30.20451545715332
2021-08-04,17.382776260375977,30.527055740356445
2021-08-05,17.082094192504883,29.317529678344727
2021-08-06,17.545312881469727,29.176416397094727
2021-08-09,17.488426208496094,29.115942001342773
2021-08-10,17.959768295288086,29.425037384033203
2021-08-11,17.90287971496582,29.633344650268555
2021-08-12,17.650955200195312,29.310806274414062
2021-08-13,17.1877384185791,28.632131576538086
2021-08-16,16.277563095092773,27.8526611328125
2021-08-17,15.448647499084473,27.012714385986328
2021-08-18,14.717257499694824,26.38779067993164
2021-08-19,13.880217552185059,24.862445831298828
2021-08-20,13.896470069885254,24.82213020324707
2021-08-23,13.612040519714355,24.61382484436035
2021-08-24,14.57910442352295,25.93086051940918
2021-08-25,14.57910442352295,25.332815170288086
2021-08-26,14.075255393981934,24.566783905029297
2021-08-27,15.03419303894043,25.16482925415039
2021-08-30,15.147966384887695,24.654136657714844
2021-08-31,15.026067733764648,23.424455642700195
2021-09-01,14.68553352355957,23.437898635864258
2021-09-02,14.020364761352539,22.994403839111328
2021-09-03,14.063560485839844,23.390859603881836
2021-09-06,14.288162231445312,22.94736671447754
2021-09-08,13.467498779296875,22.315725326538086
2021-09-09,13.53660774230957,22.98096466064453
2021-09-10,13.225619316101074,22.6785831451416
2021-09-13,13.761209487915039,22.584510803222656
2021-09-14,13.545246124267578,22.261966705322266
2021-09-15,13.424304962158203,22.403079986572266
2021-09-16,12.698667526245117,21.01884651184082
2021-09-17,12.024861335754395,20.02434730529785
2021-09-20,11.852089881896973,19.406145095825195
2021-09-21,12.111248016357422,19.332231521606445
2021-09-22,13.165149688720703,19.70853042602539
2021-09-23,14.383185386657715,20.232656478881836
2021-09-24,14.072197914123535,19.506940841674805
2021-09-27,13.778486251831055,20.138580322265625
2021-09-28,12.776415824890137,18.559480667114258
2021-09-29,13.562521934509277,18.734188079833984
2021-09-30,13.925342559814453,19.305355072021484
2021-10-01,14.573233604431152,19.634611129760742
2021-10-04,13.813040733337402,18.653554916381836
2021-10-05,13.761209487915039,18.714031219482422
2021-10-06,13.631631851196289,18.693870544433594
2021-10-07,13.622994422912598,18.45868492126465
2021-10-08,14.296799659729004,19.02985191345215
2021-10-11,14.279522895812988,18.89546012878418
2021-10-13,14.08947467803955,18.45868492126465
2021-10-14,14.072197914123535,18.19662094116211
2021-10-15,14.322714805603027,18.539321899414062
2021-10-18,13.890787124633789,17.773290634155273
2021-10-19,13.467498779296875,17.249162673950195
2021-10-20,12.966463088989258,17.215564727783203
2021-10-21,12.232186317443848,16.845985412597656
2021-10-22,12.396319389343262,16.859426498413086
2021-10-25,12.681390762329102,17.538103103637695
2021-10-26,12.284018516540527,16.415935516357422
2021-10-27,12.258100509643555,16.462970733642578
2021-10-28,12.379040718078613,16.153871536254883
2021-10-29,11.446078300476074,15.307204246520996
2021-11-01,11.316500663757324,15.555829048156738
2021-11-03,10.685885429382324,14.843551635742188
2021-11-04,10.62541675567627,14.332863807678223
2021-11-05,10.409452438354492,14.272388458251953
2021-11-08,10.884572982788086,14.574769020080566
2021-11-09,11.022789001464844,14.319424629211426
2021-11-10,10.94504165649414,14.225351333618164
2021-11-11,11.627488136291504,15.287042617797852
2021-11-12,11.662041664123535,15.07873821258545
2021-11-16,11.325138092041016,14.185033798217773
2021-11-17,11.065982818603516,14.064079284667969
2021-11-18,10.435368537902832,13.31148624420166
2021-11-19,10.582222938537598,14.373183250427246
2021-11-22,10.893211364746094,14.648682594299316
2021-11-23,11.41152286529541,15.152653694152832
2021-11-24,11.808897972106934,15.401278495788574
2021-11-25,11.938474655151367,15.743973731994629
2021-11-26,11.152368545532227,14.971222877502441
2021-11-29,11.83481216430664,15.145936012268066
2021-11-30,11.739789009094238,14.621806144714355
2021-12-01,11.601572036743164,14.507574081420898
2021-12-02,12.46542739868164,15.838048934936523
2021-12-03,12.292654991149902,15.643181800842285
2021-12-06,12.767776489257812,16.214345932006836
2021-12-07,12.888715744018555,16.402496337890625
2021-12-08,13.001017570495605,16.194189071655273
2021-12-09,12.905993461608887,16.436092376708984
2021-12-10,13.139233589172363,16.382333755493164
2021-12-13,13.294729232788086,16.630962371826172
2021-12-14,13.225619316101074,16.382333755493164
2021-12-15,13.337921142578125,16.362178802490234
2021-12-16,13.777896881103516,17.34995460510254
2021-12-17,13.594191551208496,17.114768981933594
2021-12-20,12.83312702178955,15.932122230529785
2021-12-21,13.226780891418457,16.691436767578125
2021-12-22,13.03432846069336,16.637680053710938
2021-12-23,12.999336242675781,16.56376838684082
2021-12-27,13.15679931640625,16.74519157409668
2021-12-28,12.90311050415039,16.76535415649414
2021-12-29,12.946849822998047,16.825828552246094
2021-12-30,13.261772155761719,16.792232513427734
2022-01-03,13.095563888549805,16.469688415527344
2022-01-04,12.99059009552002,16.221067428588867
2022-01-05,12.238271713256836,15.87664794921875
2022-01-06,12.255767822265625,15.67344856262207
2022-01-07,12.841875076293945,16.337234497070312
2022-01-10,13.45422649383545,16.879098892211914
2022-01-11,14.267778396606445,16.838459014892578
2022-01-12,14.381501197814941,17.800270080566406
2022-01-13,14.320265769958496,17.73253631591797
2022-01-14,14.390249252319336,17.42096519470215
2022-01-17,14.197794914245605,17.02811050415039
2022-01-18,14.46898078918457,17.4683780670166
2022-01-19,14.652684211730957,17.92896270751953
2022-01-20,14.495223045349121,17.847681045532227
2022-01-21,13.874123573303223,17.4412841796875
2022-01-24,14.206542015075684,17.569978713989258
2022-01-25,14.136560440063477,17.21099090576172
2022-01-26,14.294021606445312,17.61061668395996
2022-01-27,14.224039077758789,17.73253631591797
2022-01-28,14.005342483520508,17.387096405029297
2022-01-31,13.970351219177246,17.29904556274414
2022-02-01,14.512718200683594,18.172801971435547
2022-02-02,14.547709465026855,18.260854721069336
2022-02-03,14.171552658081055,17.956056594848633
2022-02-04,14.276525497436523,18.037334442138672
2022-02-07,14.740163803100586,18.606294631958008
2022-02-08,14.705170631408691,18.85690689086914
2022-02-09,14.827642440795898,19.08719825744629
2022-02-10,14.67892837524414,19.107519149780273
2022-02-11,13.585444450378418,18.836585998535156
2022-02-14,13.716663360595703,18.789175033569336
2022-02-15,13.637930870056152,17.881547927856445
2022-02-16,13.55045223236084,17.956056594848633
2022-02-17,12.999336242675781,16.906190872192383
2022-02-18,12.90311050415039,16.68944549560547
2022-02-21,12.666916847229004,16.757177352905273
2022-02-22,12.876867294311523,16.872323989868164
2022-02-23,12.474464416503906,16.052757263183594
2022-02-24,12.465716361999512,15.91728687286377
2022-02-25,12.868119239807129,17.001020431518555
2022-03-02,13.445478439331055,18.376001358032227
2022-03-03,13.935359001159668,19.297170639038086
2022-03-04,13.847880363464355,19.64261245727539
2022-03-07,13.392991065979004,19.601972579956055
2022-03-08,13.253024101257324,18.660478591918945
2022-03-09,13.305512428283691,18.94495964050293
2022-03-10,13.471721649169922,18.62661361694336
2022-03-11,12.89436149597168,17.52933692932129
2022-03-14,12.220776557922363,16.506567001342773
2022-03-15,11.695903778076172,15.815689086914062
2022-03-16,11.949591636657715,16.188220977783203
2022-03-17,12.500707626342773,17.475147247314453
2022-03-18,12.771892547607422,17.39387321472168
2022-03-21,12.815630912780762,17.840909957885742
2022-03-22,12.693161964416504,17.603843688964844
2022-03-23,12.500707626342773,17.766403198242188
2022-03-24,12.579439163208008,18.084747314453125
2022-03-25,12.185785293579102,18.003467559814453
2022-03-28,12.255767822265625,17.79349708557129
2022-03-29,12.456968307495117,17.637710571289062
2022-03-30,12.55319595336914,18.07120132446289
2022-03-31,12.220776557922363,17.630935668945312
2022-04-01,12.045819282531738,17.712215423583984
2022-04-04,12.282011032104492,17.90186882019043
2022-04-05,11.984583854675293,17.4412841796875
2022-04-06,11.862113952636719,16.95360565185547
2022-04-07,11.844618797302246,17.048431396484375
2022-04-08,11.415972709655762,17.427736282348633
2022-04-11,11.328493118286133,17.271949768066406
2022-04-12,11.398476600646973,17.42096519470215
2022-04-13,11.354736328125,17.820589065551758
2022-04-14,11.30224895477295,17.231311798095703
2022-04-18,11.241015434265137,16.763952255249023
2022-04-19,11.459712028503418,16.838459014892578
2022-04-20,10.733638763427734,16.147579193115234
2022-04-22,10.444957733154297,14.908065795898438
2022-04-25,10.646160125732422,14.515213966369629
2022-04-26,10.208765983581543,13.600814819335938
2022-04-27,10.322487831115723,14.223958969116211
2022-04-28,10.742385864257812,14.542305946350098
2022-04-29,10.428093910217285,14.271371841430664
2022-05-02,10.326671600341797,14.020500183105469
2022-05-03,10.428093910217285,14.643475532531738
2022-05-04,10.612499237060547,15.028461456298828
2022-05-05,10.225248336791992,14.139495849609375
2022-05-06,10.114605903625488,13.978498458862305
2022-05-09,9.930200576782227,13.34852123260498
2022-05-10,9.257122993469238,12.571548461914062
2022-05-11,9.552170753479004,12.774541854858398
2022-05-12,9.38620662689209,12.067567825317383
2022-05-13,9.708913803100586,12.543549537658691
2022-05-16,9.708913803100586,12.879538536071777
2022-05-17,9.967082023620605,13.103530883789062
2022-05-18,9.570611000061035,12.340556144714355
2022-05-19,10.059284210205078,13.229525566101074
2022-05-20,10.188366889953613,13.887503623962402
2022-05-23,10.557177543640137,14.440483093261719
2022-05-24,10.547956466674805,14.671472549438477
2022-05-25,10.713920593261719,14.69947338104248
2022-05-26,10.538737297058105,15.140457153320312
2022-05-27,10.391213417053223,15.609439849853516
2022-05-30,10.09616470336914,15.518444061279297
2022-05-31,10.105385780334473,15.28745174407959
2022-06-01,10.381993293762207,15.525445938110352
2022-06-02,10.925987243652344,16.07142448425293
2022-06-03,10.760022163391113,15.959427833557129
2022-06-06,10.529516220092773,15.39944839477539
2022-06-07,10.243688583374023,15.490446090698242
2022-06-08,9.801117897033691,14.727474212646484
2022-06-09,9.33088493347168,13.747507095336914
2022-06-10,9.321664810180664,13.740506172180176
2022-06-13,8.869873046875,12.907538414001465
2022-06-14,8.63936710357666,12.690545082092285
2022-06-15,8.602485656738281,12.557550430297852
2022-06-17,8.086153030395508,11.91357421875
2022-06-20,8.307437896728516,11.794578552246094
2022-06-21,8.35353946685791,11.71757984161377
2022-06-22,8.335098266601562,11.178600311279297
2022-06-23,8.030830383300781,10.954607009887695
2022-06-24,8.270557403564453,11.521586418151855
2022-06-27,8.52872371673584,11.87857437133789
2022-06-28,8.40886116027832,11.948572158813477
2022-06-29,8.307437896728516,11.549586296081543
2022-06-30,7.975509166717529,10.807612419128418
2022-07-01,7.883307456970215,10.555622100830078
2022-07-04,7.846426010131836,10.450626373291016
2022-07-05,7.883307456970215,10.261631965637207
2022-07-06,7.993950366973877,10.31762981414795
2022-07-07,8.17835521697998,10.863611221313477
2022-07-08,7.938628196716309,10.534623146057129
2022-07-11,7.735783100128174,10.002641677856445
2022-07-12,7.680461883544922,9.967642784118652
2022-07-13,7.6989030838012695,10.058639526367188
2022-07-14,7.422295093536377,9.414663314819336
2022-07-15,7.726562976837158,9.687652587890625
2022-07-18,7.809545040130615,9.806648254394531
2022-07-19,8.06771183013916,10.037640571594238
2022-07-20,8.288996696472168,10.100637435913086
2022-07-21,8.344319343566895,10.121637344360352
2022-07-22,8.215235710144043,10.086638450622559
2022-07-25,8.279776573181152,10.17763614654541
2022-07-26,8.104592323303223,10.051640510559082
2022-07-27,8.187575340270996,10.261631965637207
2022-07-28,8.335098266601562,10.38062858581543
2022-07-29,7.938628196716309,10.296631813049316
2022-08-01,7.560598373413086,9.890645980834961
2022-08-02,7.781883716583252,10.051640510559082
2022-08-03,7.781883716583252,9.911643981933594
2022-08-04,8.224456787109375,10.492623329162598
2022-08-05,8.076931953430176,10.772614479064941
2022-08-08,8.104592323303223,10.681618690490723
2022-08-09,8.270557403564453,10.807612419128418
2022-08-10,8.399640083312988,11.010604858398438
2022-08-11,8.620926856994629,11.332594871520996
2022-08-12,8.768449783325195,11.68258285522461
2022-08-15,8.556384086608887,11.150601387023926
2022-08-16,8.52872371673584,11.19959831237793
2022-08-17,8.63936710357666,11.388592720031738
2022-08-18,8.47340202331543,11.073602676391602
2022-08-19,8.344319343566895,10.758615493774414
2022-08-22,8.15991497039795,10.401626586914062
2022-08-23,8.952855110168457,11.367592811584473
2022-08-24,8.630146026611328,11.16460132598877
2022-08-25,8.565605163574219,11.171600341796875
2022-08-26,7.993950366973877,10.506623268127441
2022-08-29,7.579039573669434,10.149637222290039
2022-08-30,7.422295093536377,9.827648162841797
2022-08-31,7.39463472366333,9.659655570983887
2022-09-01,7.523717403411865,9.498659133911133
2022-09-02,7.62514066696167,9.393662452697754
2022-09-05,7.680461883544922,9.582655906677246
2022-09-06,7.4868364334106445,9.23266887664795
2022-09-08,7.459176063537598,9.071674346923828
2022-09-09,7.7450032234191895,9.876646995544434
2022-09-12,7.874086380004883,9.946643829345703
2022-09-13,7.551377773284912,9.477660179138184
2022-09-14,7.311651706695557,9.106674194335938
2022-09-15,7.173348426818848,9.050676345825195
2022-09-16,7.05348539352417,9.169672012329102
2022-09-19,7.422295093536377,9.540658950805664
2022-09-20,7.219449520111084,9.169672012329102
2022-09-21,7.127246856689453,8.763686180114746
2022-09-22,7.182568550109863,9.085674285888672
2022-09-23,7.016604423522949,8.980677604675293
2022-09-26,6.6938958168029785,8.623690605163574
2022-09-27,6.638574123382568,8.469696998596191
2022-09-28,6.629354476928711,8.546693801879883
2022-09-29,6.454169273376465,8.427699089050293
2022-09-30,6.933621883392334,8.903681755065918
2022-10-03,7.118026256561279,9.274667739868164
2022-10-04,7.28399133682251,9.729650497436523
2022-10-05,7.274770736694336,10.016640663146973
2022-10-06,7.26555061340332,10.023641586303711
2022-10-07,7.081145763397217,10.009641647338867
2022-10-10,7.05348539352417,9.771650314331055
2022-10-11,7.136466979980469,9.645654678344727
2022-10-13,7.081145763397217,9.575657844543457
2022-10-14,6.813758850097656,9.00867748260498
2022-10-17,6.730777263641357,8.945679664611816
2022-10-18,6.915181636810303,9.211669921875
2022-10-19,6.7768778800964355,9.00867748260498
2022-10-20,6.9797234535217285,9.3656644821167
2022-10-21,7.201009273529053,9.93264389038086
2022-10-24,6.99816370010376,9.127673149108887
2022-10-25,7.0350446701049805,9.043676376342773
2022-10-26,6.869080543518066,9.19067096710205
2022-10-27,7.071925640106201,9.14167308807373
2022-10-28,6.7768778800964355,8.616692543029785
2022-10-31,6.666234970092773,8.595690727233887
2022-11-01,6.924401760101318,8.994677543640137
2022-11-03,6.869080543518066,8.945679664611816
2022-11-04,7.39463472366333,9.512659072875977
2022-11-07,7.025824069976807,9.19067096710205
2022-11-08,7.136466979980469,9.498659133911133
2022-11-09,7.007383823394775,9.3656644821167
2022-11-10,6.712336540222168,9.24666976928711
2022-11-11,7.422295093536377,10.800613403320312
2022-11-14,7.219449520111084,10.464625358581543
2022-11-16,7.247110366821289,10.34562873840332
2022-11-17,7.293211460113525,10.226633071899414
2022-11-18,6.988943576812744,9.86264705657959
2022-11-21,6.82297945022583,9.750650405883789
2022-11-22,7.090366363525391,10.09363842010498
2022-11-23,7.071925640106201,10.11463737487793
2022-11-24,7.191789150238037,10.408628463745117
2022-11-25,7.016604423522949,10.492623329162598
2022-11-28,6.712336540222168,10.0515775680542
2022-11-29,7.118026256561279,10.902504920959473
2022-11-30,7.210229396820068,11.031664848327637
2022-12-01,6.8875203132629395,10.887309074401855
2022-12-02,6.924401760101318,11.024066925048828
2022-12-05,6.99816370010376,11.039260864257812
2022-12-06,7.237889766693115,11.16841983795166
2022-12-07,7.247110366821289,10.955687522888184
2022-12-08,6.9797234535217285,10.697370529174805
2022-12-09,7.210229396820068,11.251993179321289
2022-12-12,7.10880708694458,10.910102844238281
2022-12-13,6.869080543518066,10.54542064666748
2022-12-14,7.247110366821289,10.910102844238281
2022-12-15,6.942842483520508,10.659383773803711
2022-12-16,6.7768778800964355,10.568211555480957
2022-12-19,6.361967086791992,10.355480194091797
2022-12-20,6.500270843505859,10.758151054382324
2022-12-21,6.481830596923828,10.818931579589844
2022-12-22,6.454169273376465,10.811334609985352
2022-12-23,6.380407810211182,10.568211555480957
2022-12-26,6.417288303375244,10.742956161499023
2022-12-27,6.472609996795654,10.986078262329102
2022-12-28,6.601693153381348,11.236797332763672
2022-12-29,6.601693153381348,11.463601112365723
2023-01-02,6.481830596923828,11.597539901733398
2023-01-03,6.40806770324707,11.463601112365723
2023-01-04,6.53715181350708,11.55026626586914
2023-01-05,6.924401760101318,12.314506530761719
2023-01-06,6.99816370010376,12.818748474121094
2023-01-09,7.025824069976807,12.87389850616455
2023-01-10,7.28399133682251,13.488443374633789
2023-01-11,7.237889766693115,13.512078285217285
2023-01-12,7.26555061340332,13.338746070861816
2023-01-13,7.201009273529053,13.307230949401855
2023-01-16,7.136466979980469,13.086627006530762
2023-01-17,7.3208723068237305,13.220564842224121
2023-01-18,7.49605655670166,13.638138771057129
2023-01-19,7.440735340118408,13.716926574707031
2023-01-20,7.643580436706543,14.047835350036621
2023-01-23,7.6896820068359375,14.142380714416504
2023-01-24,7.62514066696167,13.8902587890625
2023-01-25,7.634360313415527,13.874502182006836
2023-01-26,7.920187950134277,14.489046096801758
2023-01-27,7.809545040130615,14.339349746704102
2023-01-30,7.809545040130615,14.418136596679688
2023-01-31,7.864866256713867,14.575713157653809
2023-02-01,7.754223346710205,14.58359146118164
2023-02-02,7.293211460113525,13.787836074829102
2023-02-03,7.219449520111084,13.8902587890625
2023-02-06,7.071925640106201,13.606624603271484
2023-02-07,6.988943576812744,13.622382164001465
2023-02-08,7.016604423522949,13.638138771057129
2023-02-09,6.850639820098877,13.46480655670166
2023-02-10,6.76765775680542,13.441169738769531
2023-02-13,6.730777263641357,13.386018753051758
2023-02-14,6.564812183380127,13.425413131713867
2023-02-15,6.675455093383789,13.921774864196777
2023-02-16,6.730777263641357,14.15025806427002
2023-02-17,6.712336540222168,13.709047317504883
2023-02-22,6.53715181350708,13.669654846191406
2023-02-23,6.454169273376465,13.732686042785645
2023-02-24,6.297425270080566,13.015717506408691
2023-02-27,6.315865516662598,13.181170463562012
2023-02-28,6.297425270080566,13.133898735046387
2023-03-01,6.6109137535095215,14.134501457214355
2023-03-02,6.5463714599609375,14.00056266784668
2023-03-03,6.620133876800537,14.370863914489746
2023-03-06,6.564812183380127,13.819352149963379
2023-03-07,6.481830596923828,13.63025951385498
2023-03-08,6.721556663513184,14.173894882202148
2023-03-09,6.564812183380127,13.031475067138672
2023-03-10,6.389627933502197,12.542990684509277
2023-03-13,6.389627933502197,12.653292655944824
2023-03-14,6.463389873504639,12.385415077209473
2023-03-15,6.352746963500977,11.636934280395508
2023-03-16,6.444949150085449,11.64481258392334
2023-03-17,6.398848056793213,11.502994537353516
2023-03-20,6.315865516662598,11.290266990661621
2023-03-21,6.260544300079346,11.148448944091797
2023-03-22,6.2697649002075195,11.219358444213867
2023-03-23,6.1222405433654785,10.864814758300781
2023-03-24,6.103800296783447,10.8490571975708
2023-03-27,6.103800296783447,10.912087440490723
2023-03-28,6.297425270080566,11.361176490783691
2023-03-29,6.297425270080566,11.597539901733398
2023-03-30,6.739996910095215,12.2278413772583
2023-03-31,6.721556663513184,12.164811134338379
2023-04-03,6.629354476928711,11.896932601928711
2023-04-04,6.601693153381348,11.715720176696777
2023-04-05,6.53715181350708,11.581782341003418
2023-04-06,6.463389873504639,11.479357719421387
2023-04-10,6.675455093383789,11.912691116333008
2023-04-11,7.127246856689453,12.739960670471191
2023-04-12,7.0627055168151855,12.629658699035645
2023-04-13,7.05348539352417,12.322385787963867
2023-04-14,6.942842483520508,11.416327476501465
2023-04-17,6.952062606811523,11.566024780273438
2023-04-18,7.016604423522949,11.786630630493164
2023-04-19,6.869080543518066,11.502994537353516
2023-04-20,6.620133876800537,11.447842597961426
2023-04-24,6.564812183380127,11.069663047790527
2023-04-25,6.500270843505859,10.786026000976562
2023-04-26,6.481830596923828,10.683603286743164
2023-04-27,6.564812183380127,10.904208183288574
2023-04-28,6.959950923919678,11.195722579956055
2023-05-02,6.911617755889893,10.960577964782715
2023-05-03,6.959950923919678,11.081212043762207
2023-05-04,6.863284587860107,10.391867637634277
2023-05-05,7.24028205871582,11.124296188354492
2023-05-08,7.2886152267456055,11.408651351928711
2023-05-09,7.346614837646484,11.425884246826172
2023-05-10,7.375614643096924,11.210464477539062
2023-05-11,7.191949367523193,11.038127899169922
2023-05-12,7.211282253265381,10.995043754577637
2023-05-15,7.356281757354736,11.201847076416016
2023-05-16,7.220948696136475,10.934725761413574
2023-05-17,7.462613582611084,11.408651351928711
2023-05-18,7.539947032928467,11.477584838867188
2023-05-19,7.723611831665039,11.54651927947998
2023-05-22,7.57861328125,11.54651927947998
2023-05-23,7.24028205871582,11.296631813049316
2023-05-24,7.143616199493408,10.865792274475098
2023-05-25,7.037283897399902,10.615903854370117
2023-05-26,7.066283226013184,10.762391090393066
2023-05-29,7.037283897399902,10.745158195495605
2023-05-30,6.834285259246826,10.340167045593262
2023-05-31,6.785952091217041,10.4694185256958
2023-06-01,6.921284198760986,10.52973747253418
2023-06-02,7.1339497566223145,11.046744346618652
2023-06-05,7.162949085235596,11.150146484375
2023-06-06,7.143616199493408,11.382800102233887
2023-06-07,7.095283508300781,11.124296188354492
2023-06-09,7.085616588592529,11.219080924987793
2023-06-12,7.066283226013184,10.917492866516113
2023-06-13,7.046950340270996,10.857175827026367
2023-06-14,7.15328311920166,11.262164115905762
2023-06-15,7.15328311920166,11.39141845703125
2023-06-16,7.143616199493408,11.563753128051758
2023-06-19,7.249948978424072,11.563753128051758
2023-06-20,7.143616199493408,11.305249214172363
2023-06-21,7.056617259979248,11.253548622131348
2023-06-22,6.979283809661865,11.081212043762207
2023-06-23,6.988950729370117,11.0553617477417
2023-06-26,7.037283897399902,11.184614181518555
2023-06-27,6.979283809661865,11.279398918151855
2023-06-28,6.882617950439453,11.012276649475098
2023-06-29,6.959950923919678,11.14153003692627
2023-06-30,6.834285259246826,10.45218563079834
2023-07-03,7.008284091949463,10.607287406921387
2023-07-04,7.0759501457214355,10.615903854370117
2023-07-05,7.1339497566223145,10.633138656616211
2023-07-06,7.1242828369140625,10.478035926818848
2023-07-07,7.278948783874512,10.960577964782715
2023-07-10,7.1242828369140625,10.598670959472656
2023-07-11,7.095283508300781,10.676222801208496
2023-07-12,7.104949951171875,10.822708129882812
2023-07-13,7.423947334289551,11.175997734069824
2023-07-14,7.249948978424072,11.107063293457031
2023-07-17,7.172616004943848,11.098445892333984
2023-07-18,7.172616004943848,11.046744346618652
2023-07-19,6.9696173667907715,10.943343162536621
2023-07-20,6.921284198760986,10.92611026763916
2023-07-21,6.930951118469238,10.960577964782715
2023-07-24,7.104949951171875,11.2449312210083
2023-07-25,7.259615421295166,11.908424377441406
2023-07-26,7.191949367523193,12.0204439163208
2023-07-27,7.24028205871582,11.856724739074707
2023-07-28,6.853618621826172,11.598220825195312
2023-07-31,6.988950729370117,11.9256591796875
2023-08-01,6.940617561340332,11.805023193359375
2023-08-02,6.872951507568359,11.46035099029541
2023-08-03,6.853618621826172,11.296631813049316
2023-08-04,6.853618621826172,11.132913589477539
2023-08-07,6.834285259246826,11.089829444885254
2023-08-08,6.8149518966674805,10.977810859680176
2023-08-09,6.766618728637695,10.84855842590332
2023-08-10,6.776285648345947,10.779623985290527
2023-08-11,6.71828556060791,10.736540794372559
2023-08-14,6.679619312286377,10.59005355834961
2023-08-15,6.6602864265441895,10.52112102508545
2023-08-16,6.63128662109375,10.4694185256958
2023-08-17,6.63128662109375,10.3746337890625
2023-08-18,6.621619701385498,10.52973747253418
2023-08-21,6.650619983673096,10.478035926818848
2023-08-22,6.698952674865723,10.54697036743164
2023-08-23,6.669952869415283,10.564203262329102
2023-08-24,6.611953258514404,10.322933197021484
2023-08-25,6.573287010192871,10.253998756408691
2023-08-28,6.650619983673096,10.297082901000977
2023-08-29,6.71828556060791,10.486652374267578
2023-08-30,6.727952480316162,10.54697036743164
2023-08-31,6.650619983673096,10.434951782226562
2023-09-01,6.698952674865723,10.607287406921387
2023-09-04,6.756952285766602,10.857175827026367
2023-09-05,6.669952869415283,10.676222801208496
2023-09-06,6.689286231994629,10.486652374267578
2023-09-08,6.6022868156433105,10.2798490524292
2023-09-11,6.669952869415283,10.45218563079834
2023-09-12,6.592620372772217,10.4694185256958
2023-09-13,6.573287010192871,10.38325023651123
2023-09-14,6.669952869415283,10.762391090393066
2023-09-15,6.708619594573975,10.702073097229004
2023-09-18,6.573287010192871,10.66760540008545
2023-09-19,6.524953842163086,10.693455696105957
2023-09-20,6.534620761871338,10.693455696105957
2023-09-21,6.360621929168701,10.53835391998291
2023-09-22,6.370288372039795,10.426335334777832
2023-09-25,6.283288955688477,10.38325023651123
2023-09-26,6.254289150238037,10.340167045593262
2023-09-27,6.302622318267822,10.2798490524292
2023-09-28,6.360621929168701,10.366016387939453
2023-09-29,6.418621063232422,10.460803031921387
2023-10-02,6.350955486297607,10.357400894165039
2023-10-03,6.273622035980225,10.167830467224121
2023-10-04,6.20595645904541,9.961027145385742
2023-10-05,6.1286234855651855,9.874859809875488
2023-10-06,6.118956565856934,9.917943000793457
2023-10-09,6.051290988922119,9.823158264160156
2023-10-10,6.089957237243652,10.012728691101074
2023-10-11,6.1286234855651855,10.141980171203613
2023-10-13,6.051290988922119,10.029962539672852
2023-10-16,6.060957431793213,10.047195434570312
2023-10-17,5.993290901184082,10.038578033447266
2023-10-18,5.973957538604736,9.736989974975586
2023-10-19,5.89662504196167,9.6939058303833
2023-10-20,5.751626014709473,9.37508487701416
2023-10-23,5.732292652130127,9.435402870178223
2023-10-24,5.77095890045166,9.59050464630127
2023-10-25,5.674293041229248,9.51295280456543
2023-10-26,5.780625820159912,9.728373527526855
2023-10-27,6.0222907066345215,9.797307968139648
2023-10-30,6.2929558753967285,9.909326553344727
2023-10-31,6.389621734619141,10.133363723754883
2023-11-01,6.515286922454834,10.31431770324707
2023-11-03,6.640953063964844,10.917492866516113
2023-11-06,6.592620372772217,10.92611026763916
2023-11-07,6.582953453063965,10.943343162536621
2023-11-08,6.582953453063965,10.943343162536621
2023-11-09,6.4476213455200195,10.788240432739258
2023-11-10,6.582953453063965,10.917492866516113
2023-11-13,6.544287204742432,10.891642570495605
2023-11-14,6.834285259246826,11.839491844177246
2023-11-16,7.327281475067139,12.658087730407715
2023-11-17,7.346614837646484,12.804573059082031
2023-11-20,7.501280784606934,14.019543647766113
2023-11-21,7.520613670349121,14.139431953430176
2023-11-22,7.626945972442627,14.4644775390625
2023-11-23,7.501280784606934,14.247780799865723
2023-11-24,7.4432806968688965,14.103316307067871
2023-11-27,7.5496134757995605,14.446418762207031
2023-11-28,7.6076130867004395,14.599912643432617
2023-11-29,7.491613864898682,14.708261489868164
2023-11-30,7.597946643829346,14.825637817382812
2023-12-01,7.945944309234619,15.493783950805664
2023-12-04,8.013609886169434,15.35835075378418
2023-12-05,7.984610557556152,15.511842727661133
2023-12-06,8.013609886169434,15.466696739196777
2023-12-07,8.0909423828125,15.322232246398926
2023-12-08,8.197275161743164,15.529902458190918
2023-12-11,8.216609001159668,15.475726127624512
2023-12-12,8.216609001159668,15.484755516052246
2023-12-13,8.303607940673828,15.818829536437988
2023-12-14,8.429274559020996,15.900091171264648
2023-12-15,8.535606384277344,16.279308319091797
2023-12-18,8.554940223693848,16.730758666992188
2023-12-19,8.564605712890625,16.884252548217773
2023-12-20,8.506607055664062,16.59532356262207
2023-12-21,8.825604438781738,17.200265884399414
2023-12-22,8.970602989196777,17.25444221496582
2023-12-26,9.009269714355469,17.480167388916016
2023-12-27,9.028603553771973,17.615602493286133
2023-12-28,8.980270385742188,17.751035690307617
2024-01-02,8.825604438781738,17.525312423706055
2024-01-03,8.777271270751953,17.678804397583008
2024-01-04,8.641938209533691,17.416963577270508
2024-01-05,8.62260627746582,17.37181854248047
2024-01-08,8.564605712890625,17.380847930908203
2024-01-09,8.34227466583252,16.604351043701172
2024-01-10,8.119942665100098,16.170961380004883
2024-01-11,8.235941886901855,16.134843826293945
2024-01-12,8.18760871887207,16.16193199157715
2024-01-15,8.255274772644043,16.107757568359375
2024-01-16,8.0909423828125,15.520872116088867
2024-01-17,8.013609886169434,15.069421768188477
2024-01-18,8.235941886901855,15.412522315979004
2024-01-19,8.216609001159668,15.64727783203125
2024-01-22,8.313275337219238,15.466696739196777
2024-01-23,8.351941108703613,15.72853946685791
2024-01-24,8.670939445495605,16.089698791503906
2024-01-25,8.728938102722168,16.179988861083984
2024-01-26,9.183268547058105,16.396684646606445
2024-01-29,8.989936828613281,16.324453353881836
2024-01-30,8.786937713623047,16.170961380004883
2024-01-31,8.8836030960083,16.00843620300293
2024-02-01,8.922269821166992,15.863974571228027
2024-02-02,8.786937713623047,15.457669258117676
2024-02-05,8.786937713623047,15.683394432067871
2024-02-06,8.912604331970215,16.243192672729492
2024-02-07,9.018936157226562,16.550180435180664
2024-02-08,9.086602210998535,16.306394577026367
2024-02-09,8.970602989196777,16.071640014648438
2024-02-14,9.047935485839844,16.134843826293945
2024-02-15,9.550599098205566,16.640470504760742
2024-02-16,9.772931098937988,17.191240310668945
2024-02-19,9.821264266967773,17.082889556884766
2024-02-20,9.985595703125,16.252222061157227
2024-02-21,10.004929542541504,15.773683547973633
2024-02-22,10.294926643371582,15.75562572479248
2024-02-23,10.343259811401367,16.00843620300293
2024-02-26,10.314260482788086,15.502813339233398
2024-02-27,10.478592872619629,15.64727783203125
2024-02-28,10.584924697875977,15.403494834899902
2024-02-29,10.700923919677734,15.186797142028809
2024-03-01,10.739590644836426,15.412522315979004
2024-03-04,10.343259811401367,15.060392379760742
2024-03-05,10.381926536560059,14.970101356506348
2024-03-06,10.391592979431152,15.033304214477539
2024-03-07,10.275594711303711,14.310983657836914
2024-03-08,10.497925758361816,14.726318359375
2024-03-11,10.004929542541504,14.4644775390625
2024-03-12,9.869597434997559,14.626999855041504
2024-03-13,9.7535982131958,14.690203666687012
2024-03-14,9.550599098205566,14.139431953430176
2024-03-15,9.453932762145996,13.778271675109863
2024-03-18,9.598932266235352,14.184577941894531
2024-03-19,9.830930709838867,14.437389373779297
2024-03-20,10.033928871154785,14.726318359375
2024-03-21,9.985595703125,14.708261489868164
2024-03-22,9.811596870422363,14.329042434692383
2024-03-25,9.637598991394043,14.175548553466797
2024-03-26,9.598932266235352,14.031084060668945
2024-03-27,9.705265045166016,14.12137508392334
2024-03-28,9.676265716552734,14.175548553466797
2024-04-01,9.7535982131958,14.193607330322266
2024-04-02,9.89859676361084,13.841474533081055
2024-04-03,9.830930709838867,13.850504875183105
2024-04-04,9.840597152709961,13.687982559204102
2024-04-05,9.589265823364258,13.498373031616211
2024-04-08,10.149928092956543,13.850504875183105
2024-04-09,10.294926643371582,13.633808135986328
2024-04-10,10.014595985412598,12.956632614135742
2024-04-11,9.927597045898438,12.929544448852539
2024-04-12,9.830930709838867,12.956632614135742
2024-04-15,9.879263877868652,12.992748260498047
2024-04-16,9.71493148803711,12.794110298156738
2024-04-17,9.589265823364258,12.929544448852539
2024-04-18,9.608598709106445,12.830225944519043
2024-04-19,9.985595703125,13.254590034484863
2024-04-22,10.217594146728516,13.344880104064941
2024-04-23,8.796605110168457,13.019835472106934
2024-04-24,8.467940330505371,12.902457237243652
2024-04-25,8.206941604614258,12.712848663330078
2024-04-26,8.199999809265137,12.7489652633667
2024-04-29,8.210000038146973,12.830225944519043
2024-04-30,7.909999847412109,12.568384170532227
2024-05-02,7.980000019073486,12.658675193786621
2024-05-03,8.0,12.866341590881348
2024-05-06,8.039999961853027,12.839255332946777
2024-05-07,8.010000228881836,12.667702674865723
2024-05-08,8.0600004196167,12.694790840148926
2024-05-09,8.0,12.532268524169922
2024-05-10,7.960000038146973,12.496152877807617
2024-05-13,7.980000019073486,12.767023086547852
2024-05-14,7.900000095367432,12.550326347351074
2024-05-15,7.929999828338623,12.451693534851074
2024-05-16,7.96999979019165,12.651605606079102
2024-05-17,7.960000038146973,12.756321907043457
2024-05-20,8.149999618530273,12.822959899902344
2024-05-21,8.289999961853027,12.93719482421875
2024-05-22,8.170000076293945,12.680164337158203
2024-05-23,8.029999732971191,12.470732688903809
2024-05-24,7.929999828338623,12.775361061096191
2024-05-27,8.010000228881836,12.718242645263672
2024-05-28,7.909999847412109,12.670645713806152
2024-05-29,7.769999980926514,12.594487190246582
2024-05-31,7.570000171661377,12.451693534851074
2024-06-03,7.579999923706055,12.080427169799805
2024-06-04,7.480000019073486,11.899554252624512
2024-06-05,7.289999961853027,11.87099552154541
2024-06-06,7.320000171661377,12.070907592773438
2024-06-07,7.179999828338623,11.842435836791992
2024-06-10,7.050000190734863,11.756759643554688
2024-06-11,7.130000114440918,11.699641227722168
2024-06-12,7.050000190734863,11.337894439697266
2024-06-13,7.159999847412109,11.328374862670898
2024-06-14,7.179999828338623,11.452130317687988
2024-06-17,7.099999904632568,11.337894439697266
2024-06-18,7.230000019073486,12.366016387939453
2024-06-19,7.340000152587891,12.137544631958008
2024-06-20,7.610000133514404,12.37553596496582
2024-06-21,7.539999961853027,12.04234790802002
2024-06-24,7.690000057220459,12.099466323852539
2024-06-25,7.539999961853027,11.966191291809082
2024-06-26,7.789999961853027,11.93763256072998
2024-06-27,8.0,12.280339241027832
2024-06-28,7.909999847412109,12.2898588180542
2024-07-01,7.869999885559082,12.2898588180542
2024-07-02,7.96999979019165,12.366016387939453
2024-07-03,7.989999771118164,12.518330574035645
2024-07-04,8.149999618530273,12.651605606079102
2024-07-05,7.989999771118164,12.394576072692871
2024-07-08,7.869999885559082,12.346977233886719
2024-07-09,8.020000457763672,12.394576072692871
2024-07-10,7.920000076293945,12.270820617675781
2024-07-11,8.0,12.470732688903809
2024-07-12,8.0600004196167,12.708724021911621
2024-07-15,8.170000076293945,12.81343936920166
2024-07-16,8.140000343322754,12.470732688903809
2024-07-17,8.550000190734863,12.546890258789062
2024-07-18,8.399999618530273,12.032829284667969
2024-07-19,8.529999732971191,12.032829284667969
2024-07-22,8.5600004196167,12.070907592773438
2024-07-23,8.289999961853027,11.461649894714355
2024-07-24,8.109999656677246,11.41405200958252
2024-07-25,8.279999732971191,11.385493278503418
2024-07-26,6.329999923706055,11.452130317687988
2024-07-29,6.050000190734863,11.34741497039795
2024-07-30,6.329999923706055,11.157022476196289
2024-07-31,6.21999979019165,11.29029655456543
2024-08-01,6.130000114440918,10.890471458435059
2024-08-02,5.940000057220459,10.804795265197754
2024-08-05,5.809999942779541,10.804795265197754
2024-08-06,5.769999980926514,10.728638648986816
2024-08-07,5.730000019073486,10.766716957092285
2024-08-08,5.829999923706055,10.85239315032959
2024-08-09,5.949999809265137,11.128462791442871
2024-08-12,6.059999942779541,11.118943214416504
2024-08-13,6.25,11.60444450378418
2024-08-14,6.090000152587891,11.137982368469238
2024-08-15,6.179999828338623,10.966629028320312
2024-08-16,6.079999923706055,10.766716957092285
2024-08-19,6.5,11.43309211730957
2024-08-20,6.449999809265137,11.318856239318848
2024-08-21,6.639999866485596,11.737719535827637
2024-08-22,6.409999847412109,11.547327041625977
2024-08-23,6.579999923706055,11.6615629196167
2024-08-26,6.599999904632568,11.633004188537598
2024-08-27,6.460000038146973,11.699641227722168
2024-08-28,6.239999771118164,11.337894439697266
2024-08-29,6.230000019073486,11.356934547424316
2024-08-30,6.230000019073486,11.29029655456543
2024-09-02,6.159999847412109,11.18558120727539
2024-09-03,5.960000038146973,10.78575611114502
2024-09-04,6.079999923706055,10.85239315032959
2024-09-05,6.079999923706055,10.97614860534668
2024-09-06,5.989999771118164,11.042786598205566
2024-09-09,5.840000152587891,10.919031143188477
2024-09-10,5.769999980926514,10.709598541259766
2024-09-11,5.909999847412109,11.0332670211792
2024-09-12,5.909999847412109,10.97614860534668
2024-09-13,6.170000076293945,11.328374862670898
2024-09-16,6.050000190734863,11.337894439697266
2024-09-17,6.090000152587891,11.442611694335938
2024-09-18,6.260000228881836,11.318856239318848
2024-09-19,6.230000019073486,11.471170425415039
2024-09-20,5.880000114440918,10.595362663269043
2024-09-23,5.599999904632568,10.547764778137207
2024-09-24,6.03000020980835,11.53780746459961
2024-09-25,6.039999961853027,11.594925880432129
2024-09-26,6.380000114440918,12.632567405700684
2024-09-27,6.239999771118164,12.613527297973633
2024-09-30,6.239999771118164,12.270820617675781
2024-10-01,6.239999771118164,12.423134803771973
2024-10-02,6.309999942779541,12.661125183105469
2024-10-03,6.110000133514404,12.299379348754883
2024-10-04,6.210000038146973,12.032829284667969
2024-10-07,6.28000020980835,12.147065162658691
2024-10-08,6.019999980926514,11.575885772705078
2024-10-09,6.289999961853027,11.55684757232666
2024-10-10,6.230000019073486,11.271257400512695
2024-10-11,6.25,11.299816131591797
2024-10-14,6.269999980926514,11.271257400512695
2024-10-15,6.119999885559082,11.118943214416504
2024-10-16,6.170000076293945,11.366453170776367
2024-10-17,6.070000171661377,11.109423637390137
2024-10-18,6.119999885559082,11.109423637390137
2024-10-21,6.269999980926514,11.118943214416504
2024-10-22,6.150000095367432,10.938069343566895
2024-10-23,6.269999980926514,10.90951156616211
2024-10-24,6.369999885559082,11.128462791442871
2024-10-25,6.639999866485596,11.233179092407227
2024-10-28,6.630000114440918,11.480690002441406
2024-10-29,6.429999828338623,11.195100784301758
2024-10-30,6.570000171661377,11.214138984680176
2024-10-31,6.610000133514404,11.204620361328125
2024-11-01,6.320000171661377,11.090383529663086
2024-11-04,6.559999942779541,11.366453170776367
2024-11-05,6.659999847412109,11.699641227722168
2024-11-06,6.619999885559082,11.34741497039795
2024-11-07,6.650000095367432,11.699641227722168
2024-11-08,6.25,11.18558120727539
2024-11-11,6.090000152587891,10.747676849365234
2024-11-12,6.0,10.547764778137207
2024-11-13,6.090000152587891,10.128900527954102
2024-11-14,6.099999904632568,10.128900527954102
2024-11-18,6.199999809265137,11.061824798583984
2024-11-19,6.210000038146973,11.090383529663086
2024-11-21,6.050000190734863,10.90951156616211
2024-11-22,6.179999828338623,11.109999656677246
2024-11-25,6.25,11.25
2024-11-26,6.239999771118164,11.100000381469727
2024-11-27,6.360000133514404,11.1899995803833
2024-11-28,6.059999942779541,10.899999618530273
2024-11-29,6.139999866485596,11.15999984741211
2024-12-02,6.170000076293945,11.180000305175781
2024-12-03,6.079999923706055,11.420000076293945
2024-12-04,6.070000171661377,11.1899995803833
2024-12-05,6.159999847412109,11.350000381469727
2024-12-06,5.980000019073486,11.15999984741211
2024-12-09,6.119999885559082,11.649999618530273
2024-12-10,6.119999885559082,11.710000038146973
2024-12-11,6.130000114440918,11.579999923706055
2024-12-12,5.960000038146973,11.180000305175781
2024-12-13,5.860000133514404,10.6899995803833
2024-12-16,5.829999923706055,10.609999656677246
2024-12-17,5.78000020980835,10.5600004196167
2024-12-18,5.550000190734863,9.489999771118164
2024-12-19,5.519999980926514,9.25
2024-12-20,5.429999828338623,9.300000190734863
2024-12-23,5.239999771118164,8.859999656677246
2024-12-26,5.289999961853027,8.899999618530273
2024-12-27,5.289999961853027,8.680000305175781
2024-12-30,5.320000171661377,8.859999656677246
2025-01-02,5.159999847412109,8.420000076293945
2025-01-03,4.849999904632568,8.210000038146973
2025-01-06,5.090000152587891,8.529999732971191
2025-01-07,5.079999923706055,8.359999656677246
2025-01-08,4.880000114440918,7.760000228881836
2025-01-09,4.789999961853027,7.449999809265137
2025-01-10,4.760000228881836,7.730000019073486
2025-01-13,4.75,7.679999828338623
2025-01-14,4.679999828338623,7.489999771118164
2025-01-15,4.949999809265137,7.96999979019165
2025-01-16,4.840000152587891,7.809999942779541
2025-01-17,5.010000228881836,8.130000114440918
2025-01-20,5.039999961853027,7.989999771118164
2025-01-21,5.309999942779541,8.100000381469727
2025-01-22,5.21999979019165,7.849999904632568
2025-01-23,5.150000095367432,7.860000133514404
2025-01-24,5.230000019073486,8.260000228881836
2025-01-27,5.409999847412109,8.800000190734863
2025-01-28,5.329999923706055,8.729999542236328
2025-01-29,5.400000095367432,8.800000190734863
2025-01-30,5.639999866485596,9.25
2025-01-31,5.510000228881836,9.09000015258789
2025-02-03,5.53000020980835,9.029999732971191
2025-02-04,5.480000019073486,9.020000457763672
2025-02-05,5.5,8.729999542236328
2025-02-06,5.599999904632568,9.0600004196167
2025-02-07,5.599999904632568,8.9399995803833
2025-02-10,5.71999979019165,9.069999694824219
2025-02-11,5.920000076293945,8.869999885559082
2025-02-12,5.679999828338623,8.380000114440918
2025-02-13,5.869999885559082,8.359999656677246
2025-02-14,5.980000019073486,8.739999771118164
2025-02-17,5.949999809265137,8.789999961853027
2025-02-18,6.039999961853027,8.890000343322754
2025-02-19,6.070000171661377,8.760000228881836
2025-02-20,6.130000114440918,8.84000015258789
2025-02-21,5.980000019073486,8.699999809265137
2025-02-24,5.820000171661377,8.460000038146973
2025-02-25,5.909999847412109,8.539999961853027
2025-02-26,5.96999979019165,8.699999809265137
2025-02-27,5.960000038146973,8.670000076293945
2025-02-28,5.710000038146973,8.520000457763672
2025-03-05,5.849999904632568,8.5
2025-03-06,5.920000076293945,8.670000076293945
2025-03-07,6.019999980926514,8.800000190734863
2025-03-10,5.960000038146973,8.65999984741211
2025-03-11,5.880000114440918,8.4399995803833
2025-03-12,5.860000133514404,8.470000267028809
2025-03-13,5.650000095367432,9.140000343322754
2025-03-14,5.880000114440918,10.220000267028809
2025-03-17,5.869999885559082,10.079999923706055
2025-03-18,5.840000152587891,9.850000381469727
2025-03-19,5.940000057220459,10.050000190734863
2025-03-20,5.889999866485596,10.029999732971191
2025-03-21,5.789999961853027,10.069999694824219
2025-03-24,5.869999885559082,9.960000038146973
2025-03-25,5.900000095367432,9.949999809265137
2025-03-26,5.929999828338623,9.979999542236328
2025-03-27,5.949999809265137,9.960000038146973
2025-03-28,5.71999979019165,9.739999771118164
2025-03-31,5.679999828338623,9.470000267028809
2025-04-01,5.900000095367432,9.479999542236328
2025-04-02,5.820000171661377,8.989999771118164
2025-04-03,5.760000228881836,8.8100004196167
2025-04-04,5.349999904632568,8.229999542236328
2025-04-07,5.360000133514404,8.239999771118164
2025-04-08,5.110000133514404,7.769999980926514
2025-04-09,5.46999979019165,8.40999984741211
2025-04-10,5.329999923706055,8.359999656677246
2025-04-11,5.420000076293945,8.630000114440918
2025-04-14,5.599999904632568,8.960000038146973
2025-04-15,5.460000038146973,8.649999618530273
2025-04-16,5.579999923706055,8.649999618530273
2025-04-17,5.670000076293945,8.680000305175781
2025-04-22,5.710000038146973,8.850000381469727
2025-04-23,6.070000171661377,9.130000114440918
2025-04-24,5.809999942779541,9.359999656677246
2025-04-25,5.730000019073486,9.390000343322754
2025-04-28,5.75,9.359999656677246
2025-04-29,5.730000019073486,9.399999618530273
2025-04-30,5.53000020980835,9.300000190734863
2025-05-02,5.519999980926514,9.350000381469727
2025-05-05,5.420000076293945,9.199999809265137
2025-05-06,5.420000076293945,9.34000015258789
2025-05-07,5.460000038146973,9.399999618530273
2025-05-08,5.599999904632568,9.630000114440918
2025-05-09,5.380000114440918,8.680000305175781
2025-05-12,5.440000057220459,8.890000343322754
2025-05-13,5.539999961853027,9.029999732971191
2025-05-14,5.5,9.289999961853027
2025-05-15,5.550000190734863,9.270000457763672
2025-05-16,5.510000228881836,9.069999694824219
2025-05-19,5.489999771118164,9.079999923706055
2025-05-20,5.449999809265137,9.100000381469727
2025-05-21,5.329999923706055,8.90999984741211
2025-05-22,5.239999771118164,8.800000190734863
2025-05-23,5.329999923706055,8.84000015258789
2025-05-26,5.349999904632568,8.8100004196167
2025-05-27,5.570000171661377,9.0
2025-05-28,5.309999942779541,8.670000076293945
2025-05-29,5.230000019073486,8.579999923706055
2025-05-30,5.199999809265137,8.25
2025-06-02,5.179999828338623,8.239999771118164
2025-06-03,5.28000020980835,8.380000114440918
2025-06-04,5.21999979019165,8.329999923706055
2025-06-05,5.170000076293945,8.270000457763672
2025-06-06,5.179999828338623,8.229999542236328
2025-06-09,5.25,8.300000190734863
2025-06-10,5.170000076293945,8.640000343322754
2025-06-11,5.170000076293945,8.479999542236328
2025-06-12,5.070000171661377,8.289999961853027
2025-06-13,4.769999980926514,7.940000057220459
2025-06-16,4.929999828338623,8.420000076293945
2025-06-17,4.590000152587891,8.199999809265137
2025-06-18,4.539999961853027,8.149999618530273
2025-06-20,4.400000095367432,7.869999885559082
2025-06-23,4.349999904632568,7.739999771118164
2025-06-24,4.199999809265137,7.630000114440918
2025-06-25,4.019999980926514,7.25
2025-06-26,4.139999866485596,7.420000076293945
2025-06-27,4.150000095367432,7.5
2025-06-30,4.119999885559082,7.440000057220459
2025-07-01,4.099999904632568,7.510000228881836
2025-07-02,4.320000171661377,7.96999979019165
2025-07-03,4.409999847412109,8.229999542236328
2025-07-04,4.46999979019165,8.210000038146973
2025-07-07,4.389999866485596,8.119999885559082
2025-07-08,4.380000114440918,8.140000343322754
2025-07-09,4.239999771118164,7.929999828338623
2025-07-10,4.320000171661377,8.329999923706055
2025-07-11,4.289999961853027,8.25
2025-07-14,4.21999979019165,8.199999809265137
2025-07-15,4.199999809265137,8.079999923706055
2025-07-16,4.010000228881836,8.0
2025-07-17,4.03000020980835,7.909999847412109
2025-07-18,3.9200000762939453,7.820000171661377
2025-07-21,4.010000228881836,7.989999771118164
2025-07-22,4.25,8.5600004196167
2025-07-23,4.360000133514404,8.770000457763672
2025-07-24,4.28000020980835,8.550000190734863
2025-07-25,4.199999809265137,8.369999885559082
2025-07-28,4.170000076293945,8.0
2025-07-29,4.199999809265137,8.010000228881836
2025-07-30,4.139999866485596,7.940000057220459
2025-07-31,4.380000114440918,8.020000457763672
2025-08-01,4.389999866485596,7.619999885559082
2025-08-04,4.389999866485596,7.449999809265137
2025-08-05,4.28000020980835,7.239999771118164
2025-08-06,4.380000114440918,7.21999979019165
2025-08-07,4.440000057220459,7.309999942779541
2025-08-08,4.420000076293945,7.409999847412109
2025-08-11,4.360000133514404,7.260000228881836
2025-08-12,4.389999866485596,7.550000190734863
2025-08-13,4.309999942779541,7.420000076293945
2025-08-14,4.0,6.96999979019165
2025-08-15,4.0,6.769999980926514
2025-08-18,4.110000133514404,7.079999923706055
2025-08-19,4.019999980926514,6.840000152587891
2025-08-20,3.9700000286102295,6.769999980926514
2025-08-21,4.0,6.829999923706055
2025-08-22,4.159999847412109,7.159999847412109
2025-08-25,4.190000057220459,7.239999771118164
2025-08-26,4.179999828338623,7.25
2025-08-27,4.210000038146973,7.380000114440918
2025-08-28,4.429999828338623,7.730000019073486
2025-08-29,4.369999885559082,7.610000133514404
2025-09-01,4.360000133514404,7.539999961853027
2025-09-02,4.320000171661377,7.440000057220459
2025-09-03,4.300000190734863,7.429999828338623
2025-09-04,4.409999847412109,7.650000095367432
2025-09-05,4.519999980926514,7.789999961853027
2025-09-08,4.599999904632568,7.840000152587891
2025-09-09,4.510000228881836,7.789999961853027
2025-09-10,4.46999979019165,7.75
2025-09-11,4.539999961853027,7.820000171661377
2025-09-12,4.519999980926514,7.829999923706055
2025-09-15,4.53000020980835,7.869999885559082
2025-09-16,4.590000152587891,8.069999694824219
2025-09-17,4.630000114440918,8.109999656677246
2025-09-18,4.380000114440918,7.909999847412109
2025-09-19,4.5,8.010000228881836
2025-09-22,4.440000057220459,7.949999809265137
2025-09-23,4.440000057220459,7.980000019073486
2025-09-24,4.449999809265137,8.039999961853027
2025-09-25,4.420000076293945,7.949999809265137
2025-09-26,4.400000095367432,7.989999771118164
2025-09-29,4.389999866485596,8.039999961853027
2025-09-30,4.230000019073486,7.900000095367432
2025-10-01,4.389999866485596,8.210000038146973
2025-10-02,4.369999885559082,8.15999984741211
2025-10-03,4.429999828338623,8.199999809265137
2025-10-06,4.579999923706055,8.729999542236328
2025-10-07,4.420000076293945,8.399999618530273
2025-10-08,4.420000076293945,8.460000038146973
2025-10-09,4.389999866485596,8.420000076293945
2025-10-10,4.25,7.909999847412109
2025-10-13,4.519999980926514,8.40999984741211
2025-10-14,4.650000095367432,8.449999809265137
2025-10-15,4.75,8.520000457763672
2025-10-16,4.789999961853027,8.300000190734863
2025-10-17,4.860000133514404,8.34000015258789
2025-10-20,4.860000133514404,8.720000267028809
2025-10-21,4.960000038146973,8.649999618530273
2025-10-22,4.940000057220459,8.609999656677246
2025-10-23,4.96999979019165,8.760000228881836
2025-10-24,4.940000057220459,8.630000114440918
2025-10-27,5.460000038146973,8.920000076293945
2025-10-28,5.489999771118164,9.119999885559082
2025-10-29,5.449999809265137,9.3100004196167
2025-10-30,5.570000171661377,9.359999656677246
2025-10-31,5.670000076293945,9.4399995803833
2025-11-03,5.539999961853027,9.300000190734863
2025-11-04,5.510000228881836,9.130000114440918
2025-11-05,5.550000190734863,8.710000038146973
2025-11-06,5.420000076293945,8.5
2025-11-07,5.489999771118164,8.350000381469727
2025-11-10,5.389999866485596,8.289999961853027
2025-11-11,5.289999961853027,8.3100004196167
2025-11-12,5.360000133514404,8.729999542236328
2025-11-13,5.269999980926514,8.609999656677246
2025-11-14,5.269999980926514,8.649999618530273
2025-11-17,5.230000019073486,8.350000381469727
2025-11-18,5.199999809265137,8.149999618530273
2025-11-19,5.130000114440918,8.109999656677246
2025-11-21,5.179999828338623,8.100000381469727
2025-11-24,5.130000114440918,8.109999656677246
2025-11-25,5.460000038146973,8.3100004196167
2025-11-26,5.46999979019165,8.640000343322754
2025-11-27,5.349999904632568,8.479999542236328
2025-11-28,5.409999847412109,8.4399995803833
2025-12-01,5.389999866485596,8.449999809265137
2025-12-02,5.400000095367432,8.579999923706055
2025-12-03,5.809999942779541,9.050000190734863
2025-12-04,5.860000133514404,9.289999961853027
2025-12-05,5.650000095367432,8.90999984741211
2025-12-08,5.699999809265137,8.760000228881836
2025-12-09,5.909999847412109,9.050000190734863
2025-12-10,6.150000095367432,9.630000114440918
2025-12-11,5.980000019073486,9.770000457763672
2025-12-12,5.940000057220459,9.699999809265137
2025-12-15,6.0,9.579999923706055
2025-12-16,5.980000019073486,9.680000305175781
2025-12-17,5.960000038146973,9.5600004196167
2025-12-18,5.920000076293945,9.59000015258789
2025-12-19,5.860000133514404,9.279999732971191
2025-12-22,5.880000114440918,9.199999809265137
2025-12-23,5.900000095367432,9.210000038146973
2025-12-26,5.920000076293945,9.15999984741211
2025-12-29,5.929999828338623,8.930000305175781
2025-12-30,5.949999809265137,8.9399995803833
2026-01-02,5.980000019073486,8.699999809265137
2026-01-05,6.159999847412109,9.050000190734863
2026-01-06,6.409999847412109,9.319999694824219
2026-01-07,6.480000019073486,9.850000381469727
2026-01-08,6.590000152587891,9.859999656677246
2026-01-09,6.550000190734863,9.84000015258789
2026-01-12,6.670000076293945,9.920000076293945
2026-01-13,6.679999828338623,10.050000190734863
2026-01-14,6.809999942779541,10.270000457763672
2026-01-15,6.590000152587891,9.949999809265137
2026-01-16,6.420000076293945,9.510000228881836
2026-01-19,6.360000133514404,9.210000038146973
2026-01-20,6.170000076293945,8.930000305175781
2026-01-21,6.269999980926514,9.369999885559082
2026-01-22,6.329999923706055,9.539999961853027
2026-01-23,6.519999980926514,10.140000343322754
2026-01-26,6.400000095367432,9.960000038146973
2026-01-27,6.539999961853027,10.670000076293945
2026-01-28,6.96999979019165,10.890000343322754
2026-01-29,6.630000114440918,10.520000457763672
2026-01-30,6.300000190734863,10.069999694824219
2026-02-02,6.480000019073486,10.010000228881836
2026-02-03,6.639999866485596,10.369999885559082
2026-02-04,6.519999980926514,10.229999542236328
2026-02-05,6.369999885559082,9.899999618530273
2026-02-06,6.230000019073486,9.510000228881836
2026-02-09,6.25,9.850000381469727
2026-02-10,6.179999828338623,9.390000343322754
2026-02-11,6.309999942779541,9.619999885559082
2026-02-12,6.03000020980835,8.699999809265137
2026-02-13,6.320000171661377,8.729999542236328
2026-02-18,6.320000171661377,8.59000015258789
2026-02-19,6.21999979019165,8.529999732971191
2026-02-20,6.21999979019165,8.579999923706055
2026-02-23,6.329999923706055,8.529999732971191
2026-02-24,6.53000020980835,8.529999732971191
2026-02-25,6.789999961853027,8.619999885559082
2026-02-26,6.909999847412109,8.630000114440918
2026-02-27,7.070000171661377,8.619999885559082
2026-03-02,6.900000095367432,8.420000076293945
2026-03-03,6.650000095367432,7.909999847412109
2026-03-04,6.809999942779541,8.0
2026-03-05,6.659999847412109,7.510000228881836
2026-03-06,6.510000228881836,7.190000057220459
2026-03-09,6.599999904632568,7.190000057220459
2026-03-10,6.730000019073486,7.269999980926514
2026-03-11,6.699999809265137,7.130000114440918
2026-03-12,6.440000057220459,6.099999904632568
2026-03-13,6.380000114440918,5.71999979019165
2026-03-16,6.489999771118164,6.03000020980835
2026-03-17,6.619999885559082,6.340000152587891
2026-03-18,6.46999979019165,6.059999942779541
2026-03-19,6.369999885559082,6.090000152587891
2026-03-20,6.309999942779541,5.989999771118164
2026-03-23,6.599999904632568,6.539999961853027
2026-03-24,6.71999979019165,6.570000171661377
2026-03-25,6.820000171661377,6.599999904632568
2026-03-26,6.679999828338623,6.440000057220459
2026-03-27,6.590000152587891,6.179999828338623
2026-03-30,6.630000114440918,6.139999866485596
2026-03-31,6.739999771118164,6.329999923706055
2026-04-01,6.769999980926514,6.519999980926514
2026-04-02,6.769999980926514,6.46999979019165
2026-04-06,6.820000171661377,6.409999847412109
2026-04-07,6.929999828338623,6.360000133514404
2026-04-08,7.239999771118164,6.71999979019165
2026-04-09,7.679999828338623,6.789999961853027
2026-04-10,7.210000038146973,6.420000076293945
2026-04-13,7.03000020980835,6.519999980926514
2026-04-14,7.03000020980835,6.639999866485596
2026-04-15,6.980000019073486,6.639999866485596
2026-04-16,6.989999771118164,6.619999885559082
2026-04-17,7.210000038146973,6.789999961853027
2026-04-20,7.269999980926514,6.820000171661377
2026-04-22,7.25,6.639999866485596
2026-04-23,7.210000038146973,6.389999866485596
2026-04-24,7.610000133514404,6.429999828338623
2026-04-27,8.140000343322754,6.400000095367432
2026-04-28,8.170000076293945,6.420000076293945
2026-04-29,8.0,6.159999847412109
2026-04-30,8.289999961853027,6.230000019073486
2026-05-04,8.229999542236328,6.079999923706055
2026-05-05,8.649999618530273,6.269999980926514
2026-05-06,8.739999771118164,6.699999809265137
2026-05-07,8.8100004196167,6.579999923706055
2026-05-08,8.989999771118164,6.679999828338623
2026-05-11,9.069999694824219,6.679999828338623
2026-05-12,8.970000267028809,6.550000190734863
2026-05-13,9.15999984741211,6.369999885559082
2026-05-14,9.890000343322754,6.670000076293945
2026-05-15,9.119999885559082,6.420000076293945
2026-05-18,9.029999732971191,6.150000095367432
2026-05-19,9.130000114440918,5.900000095367432
2026-05-20,9.609999656677246,6.130000114440918
2026-05-21,9.800000190734863,6.340000152587891
2026-05-22,10.350000381469727,6.730000019073486
2026-05-25,10.020000457763672,6.71999979019165
2026-05-26,9.65999984741211,6.690000057220459
2026-05-27,10.229999542236328,6.550000190734863
2026-05-28,10.649999618530273,6.800000190734863
2026-05-29,11.079999923706055,6.710000038146973
2026-06-01,11.09000015258789,6.550000190734863
2026-06-02,12.039999961853027,7.130000114440918
2026-06-03,11.460000038146973,6.679999828338623
2026-06-05,11.3100004196167,6.0
2026-06-08,11.180000305175781,5.900000095367432
2026-06-09,11.119999885559082,6.070000171661377
2026-06-10,10.960000038146973,6.039999961853027
2026-06-11,10.850000381469727,6.010000228881836
2026-06-12,10.850000381469727,6.050000190734863
2026-06-15,10.800000190734863,6.090000152587891
2026-06-16,10.130000114440918,6.019999980926514
2026-06-17,9.5600004196167,5.630000114440918
2026-06-18,9.100000381469727,5.179999828338623
2026-06-19,9.170000076293945,5.260000228881836
2026-06-22,9.109999656677246,5.340000152587891
2026-06-23,8.65999984741211,5.269999980926514
2026-06-24,8.680000305175781,5.059999942779541
2026-06-25,8.5,4.820000171661377
2026-06-26,8.270000457763672,4.730000019073486
2026-06-29,8.329999923706055,4.639999866485596
2026-06-30,8.449999809265137,4.619999885559082
2026-07-01,8.600000381469727,4.590000152587891
2026-07-02,8.5600004196167,4.619999885559082
2026-07-03,8.770000457763672,4.820000171661377
2026-07-06,8.710000038146973,4.760000228881836
2026-07-07,8.430000305175781,4.739999771118164
2026-07-08,8.350000381469727,4.670000076293945
2026-07-09,8.350000381469727,4.800000190734863
2026-07-10,8.449999809265137,5.179999828338623
2026-07-13,8.380000114440918,5.239999771118164
2026-07-14,8.229999542236328,5.199999809265137
2026-07-15,8.199999809265137,5.239999771118164
2026-07-16,7.900000095367432,5.099999904632568
2026-07-17,8.229999542236328,5.050000190734863
2026-07-20,8.15999984741211,5.070000171661377
2026-07-21,8.460000038146973,5.059999942779541
2026-07-22,8.649999618530273,5.380000114440918
2026-07-23,8.489999771118164,5.300000190734863
2026-07-24,8.479999542236328,5.360000133514404
2026-07-27,8.609999656677246,5.710000038146973
2026-07-28,8.6899995803833,5.639999866485596
2026-07-29,8.319999694824219,5.199999809265137
2026-07-30,7.550000190734863,4.949999809265137
2026-07-31,7.360000133514404,4.840000152587891
2026-08-03,7.559999942779541,4.510000228881836
2026-08-04,7.519999980926514,4.789999961853027
2026-08-05,7.460000038146973,4.889999866485596
2026-08-06,7.190000057220459,4.739999771118164
2026-08-07,7.150000095367432,4.570000171661377
2026-08-10,7.159999847412109,4.460000038146973
2026-08-11,6.619999885559082,4.28000020980835
2026-08-12,6.539999961853027,4.320000171661377
2026-08-13,6.46999979019165,4.559999942779541
2026-08-14,6.320000171661377,4.489999771118164
2026-08-17,6.360000133514404,4.570000171661377
2026-08-18,6.239999771118164,4.539999961853027
2026-08-19,6.179999828338623,4.429999828338623
2026-08-20,6.070000171661377,4.449999809265137
2026-08-21,6.550000190734863,4.789999961853027
2026-08-24,7.119999885559082,5.159999847412109
2026-08-25,6.96999979019165,5.079999923706055
2026-08-26,7.130000114440918,5.269999980926514
2026-08-27,7.170000076293945,5.369999885559082
2026-08-28,7.199999809265137,5.210000038146973
2026-08-31,7.46999979019165,5.320000171661377
2026-09-01,7.590000152587891,5.739999771118164
2026-09-02,7.789999961853027,5.980000019073486
2026-09-03,7.809999942779541,6.380000114440918
2026-09-04,7.630000114440918,6.360000133514404
2026-09-08,7.559999942779541,6.619999885559082
2026-09-09,7.630000114440918,7.110000133514404
2026-09-10,7.650000095367432,7.190000057220459
2026-09-11,7.380000114440918,6.659999847412109
2026-09-14,7.03000020980835,6.349999904632568
2026-09-15,7.260000228881836,6.210000038146973
2026-09-16,7.03000020980835,6.460000038146973
2026-09-17,7.090000152587891,6.25
2026-09-18,6.900000095367432,5.849999904632568
