Date,VALE3.SA,CSNA3.SA
2011-09-21,18.72866439819336,7.413041591644287
2011-09-22,17.73499870300293,6.906874656677246
2011-09-23,17.607812881469727,6.874664783477783
2011-09-26,17.37330436706543,6.975896835327148
2011-09-27,17.57600975036621,6.902273178100586
2011-09-28,17.48061752319336,6.879264831542969
2011-09-29,17.37330436706543,6.9114766120910645
2011-09-30,16.95199203491211,6.791835784912109
2011-10-03,16.4432315826416,6.400708198547363
2011-10-04,16.29616355895996,6.2764668464660645
2011-10-05,16.63401222229004,6.285670280456543
2011-10-06,16.872495651245117,6.423715114593506
2011-10-07,16.3796329498291,6.31328010559082
2011-10-10,16.892370223999023,6.672196865081787
2011-10-11,17.138797760009766,6.690603256225586
2011-10-13,17.468698501586914,6.709009170532227
2011-10-14,17.49652099609375,6.80564022064209
2011-10-17,16.447206497192383,6.451325416564941
2011-10-18,16.514774322509766,6.451325416564941
2011-10-19,15.95832347869873,6.44672155380249
2011-10-20,15.759586334228516,6.29487419128418
2011-10-21,16.1173095703125,6.465128421783447
2011-10-24,17.071231842041016,6.874664783477783
2011-10-25,17.071231842041016,6.874664783477783
2011-10-26,17.071231842041016,6.874664783477783
2011-10-27,17.071231842041016,6.874664783477783
2011-10-28,17.727052688598633,7.5464863777160645
2011-10-31,17.37330436706543,7.5464863777160645
2011-11-01,17.210344314575195,7.201371669769287
2011-11-03,17.762821197509766,7.321012020111084
2011-11-04,18.1245174407959,7.5464863777160645
2011-11-07,18.28350067138672,7.6615214347839355
2011-11-08,18.168235778808594,7.601701736450195
2011-11-09,17.87013816833496,7.293402671813965
2011-11-10,17.87013816833496,7.293402671813965
2011-11-11,18.052974700927734,7.583296298980713
2011-11-14,17.96552848815918,7.45445442199707
2011-11-16,18.11656951904297,7.500469207763672
2011-11-17,17.627676010131836,7.357822895050049
2011-11-18,17.56806755065918,7.169161796569824
2011-11-21,17.464723587036133,6.939086437225342
2011-11-22,17.309709548950195,6.8378520011901855
2011-11-23,16.852622985839844,6.667595386505127
2011-11-24,16.872495651245117,6.529550075531006
2011-11-25,16.486948013305664,6.5663628578186035
2011-11-28,16.649913787841797,6.7964372634887695
2011-11-29,16.4154052734375,6.520347595214844
2011-11-30,16.554519653320312,6.787234783172607
2011-12-01,16.653884887695312,6.856258392333984
2011-12-02,16.86056900024414,6.819446086883545
2011-12-05,17.170589447021484,7.086333751678467
2011-12-06,17.150726318359375,7.28879976272583
2011-12-07,16.403484344482422,7.0541229248046875
2011-12-08,16.06563377380371,6.768829345703125
2011-12-09,16.387584686279297,6.920679092407227
2011-12-12,16.387584686279297,6.920679092407227
2011-12-13,16.08948516845703,6.7412190437316895
2011-12-14,15.835104942321777,6.575565338134766
2011-12-15,15.580726623535156,6.483534812927246
2011-12-16,15.580726623535156,6.391504287719727
2011-12-19,15.338272094726562,6.299473762512207
2011-12-20,15.898698806762695,6.626182556152344
2011-12-21,15.950370788574219,6.7412190437316895
2011-12-22,16.17691993713379,6.860858917236328
2011-12-23,16.27629280090332,6.897672176361084
2011-12-26,16.14910316467285,6.952888488769531
2011-12-27,16.25642204284668,7.012709140777588
2011-12-28,15.787407875061035,6.828649044036865
2011-12-29,15.680094718933105,6.893068790435791
2012-01-02,16.25642204284668,6.952888488769531
2012-01-03,16.979808807373047,7.311807155609131
2012-01-04,17.095083236694336,7.362424850463867
2012-01-05,16.63799476623535,7.302606105804443
2012-01-06,16.494903564453125,7.284197807312012
2012-01-09,16.475027084350586,7.284197807312012
2012-01-10,16.455156326293945,7.569493293762207
2012-01-11,16.578369140625,7.569493293762207
2012-01-12,16.411436080932617,7.592499256134033
2012-01-13,16.07756233215332,7.532680988311768
2012-01-16,16.180906295776367,7.55568790435791
2012-01-17,16.180906295776367,7.55568790435791
2012-01-18,17.130849838256836,7.850184440612793
2012-01-19,17.083152770996094,7.983627796173096
2012-01-20,17.05930519104004,8.236712455749512
2012-01-23,16.936092376708984,8.356351852416992
2012-01-24,17.095083236694336,8.342547416687012
2012-01-26,17.00763702392578,8.434576988220215
2012-01-27,17.10700225830078,8.420772552490234
2012-01-30,17.285863876342773,8.301132202148438
2012-01-31,17.766801834106445,8.397765159606934
2012-02-01,18.1245174407959,8.522006034851074
2012-02-02,18.112592697143555,8.365553855895996
2012-02-03,18.231830596923828,8.581826210021973
2012-02-06,18.2238826751709,8.522006034851074
2012-02-07,18.219905853271484,8.563420295715332
2012-02-08,18.092723846435547,8.475991249084473
2012-02-09,17.925783157348633,8.489795684814453
2012-02-10,17.61973762512207,8.227508544921875
2012-02-13,18.064895629882812,8.227508544921875
2012-02-14,17.587936401367188,8.227508544921875
2012-02-15,17.27790641784668,8.029643058776855
2012-02-16,17.341508865356445,8.011238098144531
2012-02-17,17.063278198242188,8.052650451660156
2012-02-23,17.432926177978516,8.080259323120117
2012-02-24,17.524343490600586,8.094066619873047
2012-02-27,17.337533950805664,8.029643058776855
2012-02-28,17.520374298095703,8.084861755371094
2012-02-29,17.309709548950195,8.057254791259766
2012-03-01,17.50844383239746,8.17229175567627
2012-03-02,17.667428970336914,8.388562202453613
2012-03-05,17.150726318359375,8.291932106018066
2012-03-06,16.32001495361328,8.048050880432129
2012-03-07,16.29616355895996,8.020441055297852
2012-03-08,16.355789184570312,8.130876541137695
2012-03-09,16.339889526367188,8.255118370056152
2012-03-12,16.145130157470703,8.19529914855957
2012-03-13,16.971860885620117,8.535810470581055
2012-03-14,16.812875747680664,8.788894653320312
2012-03-15,16.971860885620117,8.857915878295898
2012-03-16,17.079179763793945,8.940744400024414
2012-03-19,17.079179763793945,8.940744400024414
2012-03-20,16.936092376708984,8.857915878295898
2012-03-21,16.872495651245117,8.531208992004395
2012-03-22,16.522724151611328,8.531208992004395
2012-03-23,16.514774322509766,8.347147941589355
2012-03-26,16.73735809326172,8.420772552490234
2012-03-27,16.85659408569336,8.232110977172852
2012-03-28,16.534650802612305,7.983627796173096
2012-03-29,16.75722885131836,7.979028701782227
2012-03-30,17.05135726928711,7.923809051513672
2012-04-02,17.492542266845703,8.075658798217773
2012-04-03,17.099050521850586,7.896200180053711
2012-04-04,16.761207580566406,7.744349956512451
2012-04-05,16.717483520507812,7.767357349395752
2012-04-09,16.542600631713867,7.712140083312988
2012-04-10,16.391559600830078,7.610906600952148
2012-04-11,16.391559600830078,7.615507125854492
2012-04-12,17.432926177978516,7.822575092315674
2012-04-13,17.40907096862793,7.679928779602051
2012-04-16,17.178966522216797,7.620110034942627
2012-04-17,17.545690536499023,7.785764217376709
2012-04-18,17.724977493286133,7.946817398071289
2012-04-19,17.59459114074707,7.813371181488037
2012-04-20,17.553836822509766,7.7581562995910645
2012-04-23,17.439748764038086,7.638515949249268
2012-04-24,17.480497360229492,7.6707258224487305
2012-04-25,17.227863311767578,7.762758255004883
2012-04-26,17.480497360229492,7.767357349395752
2012-04-27,17.36640739440918,7.808771133422852
2012-04-30,17.358253479003906,7.906970977783203
2012-05-02,17.602739334106445,7.906970977783203
2012-05-03,17.423452377319336,7.737710952758789
2012-05-04,16.92226219177246,7.466888904571533
2012-05-07,16.910036087036133,7.355659484863281
2012-05-08,16.461820602416992,7.200906753540039
2012-05-09,16.421070098876953,7.302463054656982
2012-05-10,16.425151824951172,7.312136650085449
2012-05-11,15.932106971740723,7.041316509246826
2012-05-14,15.667250633239746,6.910742282867432
2012-05-15,15.549088478088379,6.673774719238281
2012-05-16,15.117167472839355,6.557709217071533
2012-05-17,14.599678993225098,6.427135467529297
2012-05-18,14.946026802062988,6.349757671356201
2012-05-21,15.422770500183105,6.349757671356201
2012-05-22,15.2312593460083,6.741479873657227
2012-05-23,15.353496551513672,6.504511833190918
2012-05-24,15.178287506103516,6.378775119781494
2012-05-25,14.89305305480957,6.335251808166504
2012-05-28,15.027524948120117,6.344922065734863
2012-05-29,15.280153274536133,6.349757671356201
2012-05-30,15.190505981445312,6.349757671356201
2012-05-31,15.316827774047852,6.282052993774414
2012-06-01,15.07641887664795,6.195004940032959
2012-06-04,15.043821334838867,6.17082405090332
2012-06-05,15.031598091125488,6.069267272949219
2012-06-06,15.467588424682617,6.093447208404541
2012-06-08,15.622429847717285,6.069267272949219
2012-06-11,15.426837921142578,6.011233806610107
2012-06-12,15.789488792419434,6.03057861328125
2012-06-13,15.8098726272583,6.083775520324707
2012-06-14,15.850614547729492,6.074102878570557
2012-06-15,16.10324478149414,6.069267272949219
2012-06-18,16.10324478149414,6.069267272949219
2012-06-19,16.628889083862305,5.861314296722412
2012-06-20,16.677778244018555,5.967708587646484
2012-06-21,16.217334747314453,5.779102325439453
2012-06-22,16.1806640625,5.638856410980225
2012-06-25,15.870986938476562,5.392215251922607
2012-06-26,16.23771095275879,5.426070213317871
2012-06-27,16.172515869140625,5.368036270141602
2012-06-28,15.981005668640137,5.28582239151001
2012-06-29,16.351802825927734,5.50344705581665
2012-07-02,16.39662742614746,5.585659027099609
2012-07-03,16.706298828125,5.83713436126709
2012-07-04,16.80816650390625,6.016068935394287
2012-07-05,17.020051956176758,5.938693046569824
2012-07-06,16.620729446411133,5.7549214363098145
2012-07-10,16.135845184326172,5.3148393630981445
2012-07-11,16.119543075561523,5.184266567230225
2012-07-12,16.050273895263672,5.155248165130615
2012-07-13,16.39255142211914,5.213281631469727
2012-07-16,16.135845184326172,5.213281631469727
2012-07-17,16.074718475341797,5.029511451721191
2012-07-18,16.095096588134766,5.053691387176514
2012-07-19,16.115468978881836,5.058527946472168
2012-07-20,15.724298477172852,4.840904235839844
2012-07-23,15.353496551513672,4.734511375427246
2012-07-24,14.603751182556152,4.6958231925964355
2012-07-25,14.526336669921875,4.5120530128479
2012-07-26,14.705621719360352,4.468526840209961
2012-07-27,15.300529479980469,4.758692264556885
2012-07-30,15.288301467895508,4.927954196929932
2012-07-31,15.137537956237793,5.092380523681641
2012-08-01,15.23532772064209,4.923118591308594
2012-08-02,14.9745512008667,4.7538557052612305
2012-08-03,15.19865894317627,5.048855781555176
2012-08-06,15.361648559570312,5.426070213317871
2012-08-07,15.337196350097656,5.368036270141602
2012-08-08,15.455365180969238,5.426070213317871
2012-08-09,15.606130599975586,5.430905342102051
2012-08-10,15.720221519470215,5.430905342102051
2012-08-13,15.732446670532227,5.203610897064209
2012-08-14,15.096796035766602,5.053691387176514
2012-08-15,14.791187286376953,5.005331039428711
2012-08-16,14.994926452636719,5.261642932891846
2012-08-17,14.526336669921875,5.150413513183594
2012-08-20,14.526336669921875,5.31000280380249
2012-08-21,14.705621719360352,5.28582239151001
2012-08-22,14.709692001342773,5.47926664352417
2012-08-23,14.139235496520996,5.585659027099609
2012-08-24,14.069962501525879,5.2809882164001465
2012-08-27,13.854005813598633,5.135904788970947
2012-08-28,13.821407318115234,4.995659351348877
2012-08-29,13.409862518310547,4.778036117553711
2012-08-30,13.365042686462402,4.671643257141113
2012-08-31,13.764361381530762,4.8070526123046875
2012-09-03,13.670645713806152,4.86992073059082
2012-09-04,13.222427368164062,4.623281955718994
2012-09-05,13.446537017822266,5.000494956970215
2012-09-06,14.065890312194824,5.0875444412231445
2012-09-10,14.065890312194824,5.397052764892578
2012-09-11,14.994926452636719,5.619511604309082
2012-09-12,15.190505981445312,5.716233730316162
2012-09-13,15.57760238647461,6.325577735900879
2012-09-14,15.748746871948242,6.625413417816162
2012-09-17,15.96878433227539,6.446479797363281
2012-09-18,16.115468978881836,6.286890029907227
2012-09-19,15.932106971740723,6.335251808166504
2012-09-20,15.797639846801758,6.359431743621826
2012-09-21,15.402397155761719,6.214348316192627
2012-09-24,15.434989929199219,6.151480197906494
2012-09-25,15.003074645996094,5.643692493438721
2012-09-26,15.056045532226562,5.750085830688477
2012-09-27,15.027524948120117,5.624349117279053
2012-09-28,14.868610382080078,5.52278995513916
2012-10-01,14.803412437438965,5.561479568481445
2012-10-02,14.746367454528809,5.440576553344727
2012-10-03,14.546709060668945,5.329348564147949
2012-10-04,14.709692001342773,5.426070213317871
2012-10-05,14.632279396057129,5.343856334686279
2012-10-08,15.117167472839355,5.513118267059326
2012-10-09,15.19865894317627,5.358363628387451
2012-10-10,15.035676002502441,5.266479015350342
2012-10-11,15.23940658569336,5.426070213317871
2012-10-15,15.23940658569336,5.561479568481445
2012-10-16,15.528711318969727,5.605003356933594
2012-10-17,15.582865715026855,5.677545070648193
2012-10-18,15.508227348327637,5.711398124694824
2012-10-19,15.17650032043457,5.5179548263549805
2012-10-22,15.17650032043457,5.609838962554932
2012-10-23,14.74940013885498,5.508282661437988
2012-10-24,14.645737648010254,5.416396617889404
2012-10-25,15.470908164978027,5.484102725982666
2012-10-26,15.354804992675781,5.353527545928955
2012-10-29,15.454323768615723,5.401888847351074
2012-10-30,15.528963088989258,5.52278995513916
2012-10-31,15.528963088989258,5.430905342102051
2012-11-01,15.918737411499023,5.561479568481445
2012-11-05,15.777755737304688,5.513118267059326
2012-11-06,15.852392196655273,5.721069812774658
2012-11-07,15.686527252197266,5.513118267059326
2012-11-08,15.334070205688477,5.3728718757629395
2012-11-09,15.466761589050293,5.343856334686279
2012-11-12,15.342361450195312,5.266479015350342
2012-11-13,15.450177192687988,5.222954273223877
2012-11-14,15.172355651855469,5.015003204345703
2012-11-16,14.712081909179688,4.7538557052612305
2012-11-19,14.906972885131836,4.947298526763916
2012-11-21,15.114302635192871,5.02467679977417
2012-11-22,15.047955513000488,4.952134132385254
2012-11-23,15.309188842773438,5.174593448638916
2012-11-26,15.180647850036621,4.952134132385254
2012-11-27,15.126741409301758,4.903773784637451
2012-11-28,14.873797416687012,4.879594326019287
2012-11-29,15.533105850219727,5.348692417144775
2012-11-30,15.591157913208008,5.073036193847656
2012-12-03,15.4999361038208,5.044020175933838
2012-12-04,15.217966079711914,5.02467679977417
2012-12-05,15.466761589050293,5.116561412811279
2012-12-06,15.363096237182617,5.0778727531433105
2012-12-07,15.541398048400879,5.184266567230225
2012-12-10,15.819221496582031,5.445414066314697
2012-12-11,16.171682357788086,5.561479568481445
2012-12-12,16.337543487548828,5.624349117279053
2012-12-13,16.428770065307617,5.542135238647461
2012-12-14,17.08392906188965,5.614675521850586
2012-12-17,17.415660858154297,5.619511604309082
2012-12-18,17.755674362182617,5.9048380851745605
2012-12-19,17.436391830444336,5.870988368988037
2012-12-20,17.51932144165039,5.80811882019043
2012-12-21,17.37004280090332,5.672708511352539
2012-12-26,17.48614501953125,5.696889877319336
2012-12-27,17.481996536254883,5.600168228149414
2012-12-28,17.531761169433594,5.839334964752197
2013-01-02,18.28644371032715,6.213525295257568
2013-01-03,17.975446701049805,6.30214786529541
2013-01-04,17.69762420654297,6.065816402435303
2013-01-07,17.349315643310547,6.036276817321777
2013-01-08,17.21246910095215,5.982117176055908
2013-01-09,17.291257858276367,6.14951753616333
2013-01-10,17.47370719909668,6.25783634185791
2013-01-11,17.112953186035156,6.213525295257568
2013-01-14,17.108806610107422,6.252912521362305
2013-01-15,17.067340850830078,6.139671802520752
2013-01-16,16.959531784057617,6.124899864196777
2013-01-17,16.992704391479492,5.898416519165039
2013-01-18,16.83928108215332,5.908263683319092
2013-01-21,16.826841354370117,5.780251502990723
2013-01-22,17.03002166748047,5.780251502990723
2013-01-23,16.938796997070312,5.893494129180908
2013-01-24,16.58633804321289,5.603004455566406
2013-01-28,16.084604263305664,5.430678844451904
2013-01-29,16.27120018005371,5.553767204284668
2013-01-30,16.06801414489746,5.322361946105957
2013-01-31,16.69414520263672,5.292819023132324
2013-02-01,16.938796997070312,5.489760875701904
2013-02-04,16.772933959960938,5.332208156585693
2013-02-05,16.461942672729492,5.356825351715088
2013-02-06,16.648534774780273,5.406061172485352
2013-02-07,16.184120178222656,5.317437648773193
2013-02-08,16.312664031982422,5.209120750427246
2013-02-13,16.217288970947266,5.223889350891113
2013-02-14,15.997527122497559,5.228813171386719
2013-02-15,15.881417274475098,5.233737468719482
2013-02-18,15.77360725402832,5.189425945281982
2013-02-19,15.611894607543945,5.095877170562744
2013-02-20,15.11015510559082,4.898935794830322
2013-02-21,15.217966079711914,4.854623794555664
2013-02-22,14.811601638793945,4.785694122314453
2013-02-25,14.877945899963379,4.8201584815979
2013-02-26,15.17650032043457,4.923554420471191
2013-02-27,15.342361450195312,4.908782482147217
2013-02-28,15.674092292785645,4.923554420471191
2013-03-01,15.238703727722168,4.785694122314453
2013-03-04,14.778429985046387,4.825083255767822
2013-03-05,14.6996431350708,4.898935794830322
2013-03-06,15.508227348327637,5.1697306632995605
2013-03-07,15.4999361038208,5.228813171386719
2013-03-08,15.068689346313477,5.238661289215088
2013-03-11,15.205526351928711,5.164807319641113
2013-03-12,15.047955513000488,5.154960632324219
2013-03-13,14.454994201660156,4.997406005859375
2013-03-14,14.513044357299805,4.972789764404297
2013-03-15,14.401090621948242,4.815234661102295
2013-03-18,14.513044357299805,4.889088153839111
2013-03-19,13.924233436584473,4.569057464599609
2013-03-20,14.243518829345703,4.63798713684082
2013-03-21,14.363770484924316,4.4902801513671875
2013-03-22,14.392794609069824,4.578904628753662
2013-03-25,14.202051162719727,4.460740566253662
2013-03-26,14.284982681274414,4.524745941162109
2013-03-27,14.5669527053833,4.475510120391846
2013-03-28,14.5669527053833,4.495203971862793
2013-04-01,14.098390579223633,4.731534004211426
2013-04-02,13.787392616271973,4.395936012268066
2013-04-03,14.658174514770508,4.42077112197876
2013-04-04,14.17717456817627,4.281691074371338
2013-04-05,14.330599784851074,4.187314987182617
2013-04-08,14.388650894165039,4.137643337249756
2013-04-09,15.006484985351562,4.207184314727783
2013-04-10,14.513044357299805,4.192281246185303
2013-04-11,14.156439781188965,4.0681023597717285
2013-04-12,14.338891983032227,4.063136577606201
2013-04-15,13.459815979003906,3.8892855644226074
2013-04-16,13.766658782958984,3.814777374267578
2013-04-17,13.522381782531738,3.8247122764587402
2013-04-18,13.289092063903809,3.8843185901641846
2013-04-19,13.372406005859375,3.8992199897766113
2013-04-22,13.493220329284668,3.904186487197876
2013-04-23,13.913969039916992,3.958824872970581
2013-04-24,13.988954544067383,4.003530502319336
2013-04-25,14.209742546081543,3.904186487197876
2013-04-26,14.209742546081543,3.904186487197876
2013-04-29,13.99728775024414,3.904186487197876
2013-04-30,14.284730911254883,3.929023027420044
2013-05-02,13.951465606689453,3.8644492626190186
2013-05-03,14.080602645874023,3.854515552520752
2013-05-06,14.093101501464844,3.834646224975586
2013-05-07,14.518019676208496,3.834646224975586
2013-05-08,14.563840866088867,3.775041341781616
2013-05-09,14.642992973327637,3.7353034019470215
2013-05-10,14.26390266418457,3.6111245155334473
2013-05-13,13.930630683898926,3.5415847301483154
2013-05-14,13.659854888916016,3.4223721027374268
2013-05-15,13.372406005859375,3.3329641819000244
2013-05-16,13.059968948364258,3.3279964923858643
2013-05-17,13.23493480682373,3.337930202484131
2013-05-20,13.701510429382324,3.402503490447998
2013-05-21,13.809823989868164,3.47701096534729
2013-05-22,13.589031219482422,3.47701096534729
2013-05-23,13.334915161132812,3.4621095657348633
2013-05-24,13.205772399902344,3.5018467903137207
2013-05-27,13.268260955810547,3.5068135261535645
2013-05-28,13.039140701293945,3.4521751403808594
2013-05-29,12.934993743896484,3.3528318405151367
2013-05-31,12.685043334960938,3.283292293548584
2013-06-03,13.164115905761719,3.357799768447876
2013-06-04,13.330747604370117,3.337930202484131
2013-06-05,12.880833625793457,3.198850393295288
2013-06-06,13.030804634094238,3.1442112922668457
2013-06-07,12.818350791931152,3.0299673080444336
2013-06-10,12.689207077026367,3.000164270401001
2013-06-11,12.376765251159668,2.8908867835998535
2013-06-12,12.24345588684082,2.915722131729126
2013-06-13,12.868338584899902,3.1541457176208496
2013-06-14,12.530906677246094,3.2435545921325684
2013-06-17,12.664212226867676,3.183948040008545
2013-06-18,12.92665958404541,3.2733583450317383
2013-06-19,12.793354988098145,3.2187187671661377
2013-06-20,12.893335342407227,3.2981934547424316
2013-06-21,12.685043334960938,3.1690468788146973
2013-06-24,12.03516960144043,3.0746710300445557
2013-06-25,12.247623443603516,3.134277582168579
2013-06-26,11.851872444152832,3.0597691535949707
2013-06-27,11.851872444152832,3.069704055786133
2013-06-28,12.043498039245605,2.960426092147827
2013-07-01,12.28511905670166,3.0150654315948486
2013-07-02,11.872696876525879,2.831280469894409
2013-07-03,11.826871871948242,2.7567732334136963
2013-07-04,12.276786804199219,2.8163790702819824
2013-07-05,11.956013679504395,2.707101583480835
2013-07-08,11.822709083557129,2.712069272994995
2013-07-10,12.101819038391113,2.7269699573516846
2013-07-11,12.697538375854492,2.9455254077911377
2013-07-12,12.430926322937012,2.786576509475708
2013-07-15,12.55173397064209,3.0200324058532715
2013-07-16,13.009978294372559,2.9206888675689697
2013-07-17,13.264095306396484,2.985262393951416
2013-07-18,13.184944152832031,2.975327968597412
2013-07-19,12.885003089904785,2.980295181274414
2013-07-22,13.084962844848633,3.129309892654419
2013-07-23,13.339081764221191,3.2236859798431396
2013-07-24,13.293257713317871,3.134277582168579
2013-07-25,13.439062118530273,3.178981304168701
2013-07-26,13.439062118530273,3.178981304168701
2013-07-29,13.264095306396484,3.5217151641845703
2013-07-30,12.939159393310547,3.3130955696105957
2013-07-31,12.922492980957031,3.2634236812591553
2013-08-01,13.051639556884766,3.2882585525512695
2013-08-02,13.018309593200684,3.20381760597229
2013-08-05,13.143284797668457,3.258455753326416
2013-08-06,13.043304443359375,3.2187187671661377
2013-08-07,13.330747604370117,3.2236859798431396
2013-08-08,13.822319984436035,3.428931951522827
2013-08-09,14.476360321044922,3.586409091949463
2013-08-12,14.788800239562988,3.6880080699920654
2013-08-13,14.834627151489258,3.804845094680786
2013-08-14,14.90544319152832,3.8861234188079834
2013-08-15,15.059581756591797,3.962322235107422
2013-08-16,15.247044563293457,4.2417168617248535
2013-08-19,15.16789722442627,4.510951519012451
2013-08-20,14.738812446594238,4.3534746170043945
2013-08-21,14.584671020507812,4.389033317565918
2013-08-22,15.105402946472168,4.592229843139648
2013-08-23,15.047080039978027,4.475391864776611
2013-08-26,14.955435752868652,4.444912433624268
2013-08-27,14.692988395690918,4.3534746170043945
2013-08-28,14.513855934143066,4.368713855743408
2013-08-29,14.172252655029297,4.322995662689209
2013-08-30,14.305561065673828,4.3179144859313965
2013-09-02,14.838791847229004,4.490631580352783
2013-09-03,14.93460464477539,4.495711326599121
2013-09-04,14.997095108032227,4.612548351287842
2013-09-05,14.992929458618164,4.653188705444336
2013-09-06,14.955435752868652,4.668428421020508
2013-09-09,15.39284896850586,4.759866237640381
2013-09-10,15.767772674560547,4.800505638122559
2013-09-11,15.47199821472168,4.759866237640381
2013-09-12,15.39284896850586,4.754786014556885
2013-09-13,15.205390930175781,4.790345191955566
2013-09-16,15.159563064575195,4.719227313995361
2013-09-17,15.201218605041504,4.739546298980713
2013-09-18,15.217884063720703,4.800505638122559
2013-09-19,15.155400276184082,4.795424938201904
2013-09-20,14.901278495788574,4.698907375335693
2013-09-23,15.00125789642334,4.744626998901367
2013-09-24,14.767969131469727,4.754786014556885
2013-09-25,14.892942428588867,4.800505638122559
2013-09-26,14.997095108032227,4.947822570800781
2013-09-27,14.647161483764648,4.912262439727783
2013-09-30,14.355550765991211,4.8055853843688965
2013-10-01,14.372212409973145,4.775105953216553
2013-10-02,14.376379013061523,4.770026683807373
2013-10-03,14.18058967590332,4.810664176940918
2013-10-04,14.326387405395508,4.968142032623291
2013-10-07,14.20141315460205,5.008781909942627
2013-10-08,14.001455307006836,5.054499626159668
2013-10-09,13.830652236938477,5.0392608642578125
2013-10-10,13.934799194335938,5.278016567230225
2013-10-11,14.068106651306152,5.389772891998291
2013-10-14,14.722145080566406,5.633609294891357
2013-10-15,14.842955589294434,5.811404705047607
2013-10-16,14.763802528381348,5.963801860809326
2013-10-17,15.092910766601562,5.877443790435791
2013-10-18,14.945042610168457,5.97396183013916
2013-10-21,15.133247375488281,6.050162315368652
2013-10-22,15.35138988494873,6.299075126647949
2013-10-23,14.992087364196777,6.20255708694458
2013-10-24,14.992087364196777,6.0349202156066895
2013-10-25,15.000651359558105,5.943481922149658
2013-10-28,15.103306770324707,6.065401077270508
2013-10-29,15.03058910369873,6.004440784454346
2013-10-30,14.979260444641113,6.070479869842529
2013-10-31,15.291502952575684,6.222877502441406
2013-11-01,15.783405303955078,6.527672290802002
2013-11-04,16.211137771606445,6.456552505493164
2013-11-05,16.18119239807129,6.46163272857666
2013-11-06,16.454946517944336,6.451473236083984
2013-11-07,15.924558639526367,6.349874019622803
2013-11-08,15.719243049621582,6.507351875305176
2013-11-11,15.804787635803223,6.532750129699707
2013-11-12,15.30861759185791,6.299075126647949
2013-11-13,15.197406768798828,6.1822381019592285
2013-11-14,15.347110748291016,6.827995777130127
2013-11-18,15.50537109375,6.941617488861084
2013-11-19,15.227346420288086,6.80094575881958
2013-11-21,14.979260444641113,6.817177772521973
2013-11-22,15.111859321594238,6.763072967529297
2013-11-25,14.820998191833496,6.622400760650635
2013-11-26,14.346213340759277,6.395160675048828
2013-11-27,14.645628929138184,6.4709086418151855
2013-11-28,15.056254386901855,6.362698554992676
2013-11-29,15.342832565307617,6.443856239318848
2013-12-02,15.146077156066895,6.4709086418151855
2013-12-03,15.004924774169922,6.368110656738281
2013-12-04,15.163185119628906,6.525012969970703
2013-12-05,15.240178108215332,6.763072967529297
2013-12-06,15.210241317749023,6.768483638763428
2013-12-09,15.201685905456543,6.8929243087768555
2013-12-10,15.150352478027344,6.952439308166504
2013-12-11,14.842389106750488,6.833409309387207
2013-12-12,14.77822494506836,6.806356430053711
2013-12-13,14.611406326293945,6.838819980621338
2013-12-16,14.709785461425781,7.087700843811035
2013-12-17,14.65846061706543,7.033595085144043
2013-12-18,14.7012357711792,7.379864692687988
2013-12-19,15.017759323120117,7.612513065338135
2013-12-20,14.735451698303223,7.493484973907471
2013-12-23,14.782504081726074,7.747776031494141
2013-12-26,14.84666633605957,7.801880359649658
2013-12-27,15.18457317352295,7.764009475708008
2013-12-30,15.27440071105957,7.780238151550293
2014-01-02,14.889435768127441,7.596283912658691
2014-01-03,14.56863784790039,7.834344387054443
2014-01-06,14.581466674804688,7.731545448303223
2014-01-07,14.22217082977295,7.655797481536865
2014-01-08,14.320549964904785,7.747776031494141
2014-01-09,13.811544418334961,7.531358242034912
2014-01-10,13.79443645477295,7.515127658843994
2014-01-13,13.704611778259277,7.5259480476379395
2014-01-14,13.69605827331543,7.374454021453857
2014-01-15,13.879982948303223,7.428558349609375
2014-01-16,14.042524337768555,7.482663154602051
2014-01-17,13.89709186553955,7.439379692077637
2014-01-20,13.597676277160645,7.401505947113037
2014-01-21,13.293988227844238,6.849639415740967
2014-01-22,13.606232643127441,6.736020088195801
2014-01-23,13.229826927185059,6.541244029998779
2014-01-24,13.366701126098633,6.384342193603516
2014-01-27,13.311095237731934,6.140869140625
2014-01-28,13.580570220947266,6.232848167419434
2014-01-29,14.158012390136719,6.157101631164551
2014-01-30,13.9013671875,6.086765766143799
2014-01-31,14.13662052154541,6.0543012619018555
2014-02-03,13.743107795715332,5.745906829833984
2014-02-04,13.974082946777344,6.0543012619018555
2014-02-05,14.329105377197266,5.88657808303833
2014-02-06,14.654180526733398,6.222026824951172
2014-02-07,14.56435775756836,6.286953449249268
2014-02-10,14.388984680175781,6.081355094909668
2014-02-11,14.75256633758545,6.276131629943848
2014-02-12,14.739729881286621,6.362698554992676
2014-02-13,14.67984390258789,6.308594703674316
2014-02-14,14.902271270751953,6.319415092468262
2014-02-17,14.75256633758545,6.0975871086120605
2014-02-18,14.786779403686523,5.794599533081055
2014-02-19,14.936484336853027,6.0921759605407715
2014-02-20,14.765392303466797,6.189564228057861
2014-02-21,14.803889274597168,6.119228839874268
2014-02-24,14.401816368103027,6.021840572357178
2014-02-25,13.905646324157715,5.810832977294922
2014-02-26,13.90992546081543,5.772960186004639
2014-02-27,14.119513511657715,5.946094036102295
2014-02-28,14.11523723602295,5.372584819793701
2014-03-05,13.62334156036377,5.328829288482666
2014-03-06,13.580570220947266,5.373422145843506
2014-03-07,13.06728744506836,5.1002912521362305
2014-03-10,12.84914493560791,4.933067798614502
2014-03-11,12.63955307006836,4.821587085723877
2014-03-12,12.8790864944458,4.8661789894104
2014-03-13,12.532618522644043,4.799289703369141
2014-03-14,12.515512466430664,5.356699466705322
2014-03-17,12.536897659301758,5.367847442626953
2014-03-18,12.750765800476074,5.468181133270264
2014-03-19,12.665216445922852,5.3789963722229
2014-03-20,12.780705451965332,5.356699466705322
2014-03-21,13.015960693359375,5.367847442626953
2014-03-24,13.080120086669922,5.457033634185791
2014-03-25,13.182777404785156,5.54621696472168
2014-03-26,13.033069610595703,5.395719051361084
2014-03-27,13.306819915771484,5.629830837249756
2014-03-28,13.264042854309082,5.512774467468262
2014-03-31,13.43941593170166,5.484902858734131
2014-04-01,13.4137544631958,5.4012908935546875
2014-04-02,13.914201736450195,5.507198810577393
2014-04-03,14.076740264892578,5.462606430053711
2014-04-04,13.892814636230469,5.557367324829102
2014-04-07,14.260664939880371,5.4793291091918945
2014-04-08,14.226446151733398,5.356699466705322
2014-04-09,14.106683731079102,5.0779948234558105
2014-04-10,14.029691696166992,5.083569049835205
2014-04-11,14.102402687072754,5.105865478515625
2014-04-14,14.012579917907715,5.206199645996094
2014-04-15,13.607481002807617,4.988810062408447
2014-04-16,13.66905403137207,5.105865478515625
2014-04-17,13.919739723205566,5.222921848297119
2014-04-22,13.506327629089355,5.156031608581543
2014-04-23,13.321609497070312,5.1002912521362305
2014-04-24,13.541508674621582,4.994383811950684
2014-04-25,13.33480167388916,4.905198097229004
2014-04-28,13.013749122619629,4.821587085723877
2014-04-29,13.097309112548828,4.899623870849609
2014-04-30,12.99615478515625,4.771420478820801
2014-05-02,13.282027244567871,4.988810062408447
2014-05-05,13.242446899414062,4.977661609649658
2014-05-06,13.114898681640625,5.156031608581543
2014-05-07,13.180871963500977,4.977661609649658
2014-05-08,12.96097183227539,5.011105537414551
2014-05-09,12.851018905639648,5.038975715637207
2014-05-12,13.457947731018066,5.206199645996094
2014-05-13,13.479936599731445,5.178328514099121
2014-05-14,13.805390357971191,5.222921848297119
2014-05-15,13.677845001220703,5.250791549682617
2014-05-16,13.369987487792969,5.206199645996094
2014-05-19,12.96097183227539,5.072420597076416
2014-05-20,12.692692756652832,4.849457263946533
2014-05-21,12.705887794494629,4.849457263946533
2014-05-22,12.903799057006836,4.860606670379639
2014-05-23,12.86861515045166,4.838309288024902
2014-05-26,13.018145561218262,5.016679286956787
2014-05-27,12.793846130371094,5.016679286956787
2014-05-28,12.793846130371094,4.955365180969238
2014-05-29,12.903799057006836,4.91077184677124
2014-05-30,12.516772270202637,4.78814172744751
2014-06-02,12.815836906433105,4.8661789894104
2014-06-03,12.68829345703125,4.927494525909424
2014-06-04,12.719079971313477,4.91077184677124
2014-06-05,12.65750789642334,4.905198097229004
2014-06-06,12.916990280151367,5.133735656738281
2014-06-09,13.031343460083008,5.267513751983643
2014-06-10,12.947773933410645,5.267513751983643
2014-06-11,13.035737037658691,5.339976787567139
2014-06-13,12.578343391418457,5.23964262008667
2014-06-16,12.49917984008789,5.195051193237305
2014-06-17,12.512374877929688,5.139310359954834
2014-06-18,12.68829345703125,5.2898101806640625
2014-06-20,12.653109550476074,5.167181015014648
2014-06-23,12.802641868591309,5.30653190612793
2014-06-24,12.62672233581543,5.351125717163086
2014-06-25,12.604729652404785,5.328829288482666
2014-06-26,12.903799057006836,5.328829288482666
2014-06-27,12.78065299987793,5.217347145080566
2014-06-30,12.859817504882812,5.23964262008667
2014-07-01,13.040135383605957,5.206199645996094
2014-07-02,13.387580871582031,5.384570121765137
2014-07-03,13.651460647583008,5.6744232177734375
2014-07-04,13.730624198913574,5.635402679443359
2014-07-07,13.545907974243164,5.852792739868164
2014-07-08,13.550304412841797,5.813775062561035
2014-07-10,13.545907974243164,5.8806633949279785
2014-07-11,13.506327629089355,5.925257205963135
2014-07-14,13.572299003601074,6.170516490936279
2014-07-15,13.660257339477539,6.410201072692871
2014-07-16,14.038483619689941,6.37675666809082
2014-07-17,13.844972610473633,5.953126907348633
2014-07-18,13.831779479980469,6.44364595413208
2014-07-21,13.880157470703125,6.53283166885376
2014-07-22,14.016495704650879,6.44364595413208
2014-07-23,13.954922676086426,6.2987213134765625
2014-07-24,14.22320556640625,6.354461669921875
2014-07-25,14.24079704284668,6.2987213134765625
2014-07-28,14.434306144714355,6.410201072692871
2014-07-29,14.478289604187012,6.242979526519775
2014-07-30,14.170425415039062,6.248553276062012
2014-07-31,14.315564155578613,6.382330894470215
2014-08-01,13.972517013549805,6.560703754425049
2014-08-04,14.135242462158203,6.622016906738281
2014-08-05,13.90654468536377,6.521684646606445
2014-08-06,13.985709190368652,6.44364595413208
2014-08-07,13.897751808166504,6.348886966705322
2014-08-08,13.902148246765137,6.287570476531982
2014-08-11,14.003301620483398,6.315441608428955
2014-08-12,14.078068733215332,6.103627681732178
2014-08-13,13.783402442932129,5.969849109649658
2014-08-14,13.4535493850708,5.8862385749816895
2014-08-15,13.633867263793945,5.82492208480835
2014-08-18,13.739421844482422,5.925257205963135
2014-08-19,13.743819236755371,5.975423336029053
2014-08-20,13.972517013549805,6.01444149017334
2014-08-21,13.880157470703125,5.8639421463012695
2014-08-22,13.79659366607666,5.808200359344482
2014-08-25,13.708634376525879,5.908534526824951
2014-08-26,13.64266300201416,5.8639421463012695
2014-08-27,13.493133544921875,5.852792739868164
2014-08-28,12.899397850036621,5.540642738342285
2014-08-29,12.842222213745117,5.484902858734131
2014-09-01,12.732274055480957,5.3789963722229
2014-09-02,12.64431095123291,5.54621696472168
2014-09-03,12.754263877868652,5.66327428817749
2014-09-04,12.613529205322266,5.5740885734558105
2014-09-05,12.424410820007324,5.440310955047607
2014-09-08,12.358440399169922,5.284235954284668
2014-09-09,12.58273983001709,5.30653190612793
2014-09-10,12.490381240844727,5.328829288482666
2014-09-11,12.472792625427246,5.284235954284668
2014-09-12,12.587141036987305,5.23964262008667
2014-09-15,12.802641868591309,5.390143394470215
2014-09-16,12.820235252380371,5.440310955047607
2014-09-17,12.78065299987793,5.3789963722229
2014-09-18,12.793846130371094,5.568515300750732
2014-09-19,12.455198287963867,5.607533931732178
2014-09-22,11.99780559539795,5.423587799072266
2014-09-23,12.116549491882324,5.434736728668213
2014-09-24,12.156132698059082,5.468181133270264
2014-09-25,12.028589248657227,5.362273693084717
2014-09-26,11.861467361450195,5.133735656738281
2014-09-29,11.672348976135254,4.8940510749816895
2014-09-30,11.808691024780273,4.849457263946533
2014-10-01,11.799895286560059,4.743549823760986
2014-10-02,12.142938613891602,4.8661789894104
2014-10-03,11.962617874145508,4.927494525909424
2014-10-06,12.024191856384277,4.977661609649658
2014-10-07,12.050581932067871,5.016679286956787
2014-10-08,12.037388801574707,5.033401966094971
2014-10-09,11.830678939819336,4.849457263946533
2014-10-10,11.610777854919434,4.6989569664001465
2014-10-13,12.090161323547363,4.810439109802246
2014-10-14,12.450799942016602,4.994383811950684
2014-10-15,12.446399688720703,4.977661609649658
2014-10-16,12.041780471801758,4.843883037567139
2014-10-17,12.147137641906738,4.726827144622803
2014-10-20,12.087810516357422,4.693383693695068
2014-10-21,12.192763328552246,4.654363632202148
2014-10-22,12.211018562316895,4.620919704437256
2014-10-23,12.434616088867188,4.7937164306640625
2014-10-24,12.525875091552734,5.083569049835205
2014-10-27,12.074121475219727,4.6989569664001465
2014-10-28,11.928102493286133,4.654363632202148
2014-10-29,11.298384666442871,4.45927095413208
2014-10-30,10.814689636230469,4.347789287567139
2014-10-31,11.407899856567383,4.598622798919678
2014-11-03,11.362271308898926,4.526159763336182
2014-11-04,11.001781463623047,4.659937381744385
2014-11-05,10.95158576965332,4.509437561035156
2014-11-06,10.791876792907715,4.303196430206299
2014-11-07,10.960712432861328,4.386807441711426
2014-11-10,10.632166862487793,4.364511966705322
2014-11-11,10.299053192138672,4.1694183349609375
2014-11-12,10.276237487792969,4.124825477600098
2014-11-13,10.248859405517578,4.069084644317627
2014-11-14,10.495269775390625,3.9241585731506348
2014-11-17,10.463329315185547,3.846121311187744
2014-11-18,10.05264663696289,3.701195240020752
2014-11-19,10.11196517944336,3.5562679767608643
2014-11-21,10.764495849609375,3.7234911918640137
2014-11-24,10.814689636230469,3.7680840492248535
2014-11-25,10.933331489562988,3.7234911918640137
2014-11-26,10.51352310180664,3.4280645847320557
2014-11-27,10.486144065856934,3.3444533348083496
2014-11-28,10.627598762512207,3.372324228286743
2014-12-01,10.098274230957031,3.2106754779815674
2014-12-02,9.79710578918457,3.1326379776000977
2014-12-03,10.016138076782227,3.1493606567382812
2014-12-04,9.888370513916016,3.088045597076416
2014-12-05,9.984196662902832,3.088045597076416
2014-12-08,9.664777755737305,2.9096741676330566
2014-12-09,9.445744514465332,2.826063632965088
2014-12-10,9.094380378723145,2.7090070247650146
2014-12-11,8.838841438293457,2.6811368465423584
2014-12-12,8.628935813903809,2.547358751296997
2014-12-15,8.528548240661621,2.591951370239258
2014-12-16,8.829716682434082,2.78147029876709
2014-12-17,8.993988990783691,3.0824718475341797
2014-12-18,9.10806941986084,2.937544822692871
2014-12-19,9.84273910522461,3.18837833404541
2014-12-22,9.75147533416748,3.2719898223876953
2014-12-23,10.13934326171875,3.5061023235321045
2014-12-26,9.892932891845703,3.372324228286743
2014-12-29,10.089147567749023,3.249694347381592
2014-12-30,9.997886657714844,3.1493606567382812
2015-01-02,9.710405349731445,2.936821222305298
2015-01-05,9.564385414123535,2.792292594909668
2015-01-06,9.9476900100708,3.017756938934326
2015-01-07,10.312744140625,3.3472824096679688
2015-01-08,10.422258377075195,3.237440586090088
2015-01-09,10.198663711547852,3.0986931324005127
2015-01-12,10.330997467041016,3.0466628074645996
2015-01-13,10.271675109863281,2.9426026344299316
2015-01-14,9.445744514465332,2.861665964126587
2015-01-15,9.555257797241211,2.8154172897338867
2015-01-16,9.984196662902832,2.983070135116577
2015-01-19,9.879243850708008,2.7865116596221924
2015-01-20,9.920310020446777,2.9310405254364014
2015-01-21,10.075457572937012,3.040882110595703
2015-01-22,9.997886657714844,3.0986931324005127
2015-01-23,9.363607406616211,2.8905718326568604
2015-01-26,8.934667587280273,2.902134656906128
2015-01-27,8.670005798339844,2.769167900085449
2015-01-28,8.619811058044434,2.6419830322265625
2015-01-29,8.236504554748535,2.543703317642212
2015-01-30,8.492042541503906,2.4280803203582764
2015-02-02,9.00767993927002,2.5205793380737305
2015-02-03,9.52331829071045,2.630420446395874
2015-02-04,9.377294540405273,2.5610463619232178
2015-02-05,9.3316650390625,2.5610463619232178
2015-02-06,9.317975997924805,2.6419830322265625
2015-02-09,9.851865768432617,2.879009485244751
2015-02-10,9.308846473693848,2.8905718326568604
2015-02-11,9.628270149230957,2.913696765899658
2015-02-12,9.847302436828613,2.7865116596221924
2015-02-13,10.257987976074219,2.850104331970215
2015-02-18,10.362937927246094,2.9079155921936035
2015-02-19,10.08458423614502,2.9772889614105225
2015-02-20,10.321870803833008,3.0524444580078125
2015-02-23,9.865553855895996,2.9252588748931885
2015-02-24,10.057209014892578,2.9946327209472656
2015-02-25,10.102838516235352,2.9946327209472656
2015-02-26,9.696718215942383,2.9715077877044678
2015-02-27,9.696718215942383,2.988851547241211
2015-03-02,9.381858825683594,2.988851547241211
2015-03-03,9.486811637878418,3.0061941146850586
2015-03-04,9.304286003112793,3.0293197631835938
2015-03-05,8.898163795471191,2.9252588748931885
2015-03-06,8.939230918884277,2.9079155921936035
2015-03-09,8.916417121887207,2.9946327209472656
2015-03-10,8.715638160705566,2.988851547241211
2015-03-11,8.606122016906738,3.017756938934326
2015-03-12,8.606122016906738,3.2178235054016113
2015-03-13,8.615245819091797,3.302028179168701
2015-03-16,8.624375343322754,3.3561596870422363
2015-03-17,9.071563720703125,3.5185546875
2015-03-18,8.939230918884277,3.428335189819336
2015-03-19,8.738454818725586,3.33811616897583
2015-03-20,9.240401268005371,3.5365982055664062
2015-03-23,9.299721717834473,3.56667160987854
2015-03-24,8.934667587280273,3.5185546875
2015-03-25,9.016805648803711,3.656891345977783
2015-03-26,8.633499145507812,3.6328327655792236
2015-03-27,8.373400688171387,3.374203681945801
2015-03-30,8.49660587310791,3.43435001373291
2015-03-31,8.186309814453125,3.2599260807037354
2015-04-01,8.003783226013184,3.3561596870422363
2015-04-02,8.213690757751465,3.386232852935791
2015-04-06,8.273009300231934,3.4884822368621826
2015-04-07,8.670005798339844,3.440363645553589
2015-04-08,8.555927276611328,3.374203681945801
2015-04-09,8.578742027282715,3.3982622623443604
2015-04-10,8.405344009399414,3.440363645553589
2015-04-13,8.32320499420166,3.416306257247925
2015-04-14,8.555927276611328,3.560657262802124
2015-04-15,8.768909454345703,3.8192856311798096
2015-04-16,8.514325141906738,3.933563232421875
2015-04-17,8.39175033569336,3.69899320602417
2015-04-20,8.358749389648438,3.6809492111206055
2015-04-22,9.169636726379395,3.9576218128204346
2015-04-23,9.942811012268066,4.294440746307373
2015-04-24,10.9375638961792,4.294440746307373
2015-04-27,11.060139656066895,4.757567405700684
2015-04-28,10.631123542785645,4.727493762969971
2015-04-29,9.952239036560059,4.691405773162842
2015-04-30,10.678266525268555,4.829741954803467
2015-05-04,11.682452201843262,5.220693588256836
2015-05-05,12.757346153259277,5.443234920501709
2015-05-06,11.753165245056152,5.443234920501709
2015-05-07,11.258147239685059,5.010181903839111
2015-05-08,10.725411415100098,4.823727607727051
2015-05-11,10.975278854370117,5.190619945526123
2015-05-12,10.52740478515625,5.004167079925537
2015-05-13,10.183246612548828,4.769596099853516
2015-05-14,10.055957794189453,4.775610446929932
2015-05-15,10.032384872436523,4.751552581787109
2015-05-18,9.54207992553711,4.553069591522217
2015-05-19,9.485507011413574,4.3004560470581055
2015-05-20,9.358217239379883,4.420748233795166
2015-05-21,9.546795845031738,4.414732933044434
2015-05-22,9.55151081085205,4.31850004196167
2015-05-25,9.697659492492676,4.306469917297363
2015-05-26,9.801377296447754,4.186178684234619
2015-05-27,9.876808166503906,4.240309715270996
2015-05-28,9.683515548706055,3.9576218128204346
2015-05-29,9.452505111694336,3.692978858947754
2015-06-01,9.447792053222656,3.795226812362671
2015-06-02,10.065385818481445,4.059870719909668
2015-06-03,9.848519325256348,3.915519952774048
2015-06-05,9.71180248260498,3.7230517864227295
2015-06-08,9.47607707977295,3.6448612213134766
2015-06-09,9.419504165649414,3.6809492111206055
2015-06-10,9.999382972717285,3.650876522064209
2015-06-11,10.055957794189453,3.668919801712036
2015-06-12,9.975811958312988,3.7230517864227295
2015-06-15,9.589224815368652,3.6328327655792236
2015-06-16,9.311071395874023,3.4764516353607178
2015-06-17,9.179069519042969,3.4223203659057617
2015-06-18,9.617510795593262,3.470438003540039
2015-06-19,9.57979679107666,3.428335189819336
2015-06-22,9.282784461975098,3.416306257247925
2015-06-23,9.33935832977295,3.4223203659057617
2015-06-24,9.334644317626953,3.374203681945801
2015-06-25,9.108349800109863,3.2358672618865967
2015-06-26,9.249783515930176,3.3621747493743896
2015-06-29,9.051777839660645,3.205794095993042
2015-06-30,8.622759819030762,3.1215896606445312
2015-07-01,8.5378999710083,3.0433993339538574
2015-07-02,8.51904296875,2.977238416671753
2015-07-03,8.335177421569824,2.8629605770111084
2015-07-06,8.321033477783203,2.935136079788208
2015-07-07,8.453039169311523,2.965209484100342
2015-07-08,8.090022087097168,2.802814245223999
2015-07-10,8.06645393371582,2.718609571456909
2015-07-13,8.721762657165527,2.9170920848846436
2015-07-14,8.401180267333984,2.881004810333252
2015-07-15,8.06645393371582,2.7907848358154297
2015-07-16,8.316317558288574,2.7607123851776123
2015-07-17,8.22674560546875,2.7005653381347656
2015-07-20,8.160743713378906,2.5923027992248535
2015-07-21,8.27388858795166,2.44193696975708
2015-07-22,8.151312828063965,2.3577325344085693
2015-07-23,8.165457725524902,2.4178783893585205
2015-07-24,7.915590286254883,2.3817906379699707
2015-07-27,7.901444911956787,2.2855565547943115
2015-07-28,8.528470039367676,2.52614164352417
2015-07-29,8.651045799255371,2.4960687160491943
2015-07-30,8.22674560546875,2.490054130554199
2015-07-31,8.424753189086914,2.616361141204834
2015-08-03,8.29274845123291,2.616361141204834
2015-08-04,8.533185958862305,2.628389835357666
2015-08-05,8.962203025817871,2.6223764419555664
2015-08-06,9.230924606323242,2.5381712913513184
2015-08-07,8.68404769897461,2.4178783893585205
2015-08-10,9.1224946975708,2.4058492183685303
2015-08-11,8.768909454345703,2.351717472076416
2015-08-12,8.919770240783691,2.393820285797119
2015-08-13,8.712332725524902,2.1772937774658203
2015-08-14,8.580328941345215,2.0810599327087402
2015-08-17,8.490754127502441,2.0570008754730225
2015-08-18,8.212602615356445,1.9727963209152222
2015-08-19,7.939164161682129,1.8705477714538574
2015-08-20,8.09473991394043,1.8946062326431274
2015-08-21,7.873160362243652,1.834459900856018
2015-08-24,7.260278224945068,1.7081531286239624
2015-08-25,7.236706733703613,1.648006796836853
2015-08-26,7.496001720428467,1.864533543586731
2015-08-27,8.33989143371582,2.0930893421173096
2015-08-28,8.160743713378906,1.9968549013137817
2015-08-31,8.448324203491211,2.1051180362701416
2015-09-01,8.061737060546875,2.123161792755127
2015-09-02,8.5378999710083,2.2314250469207764
2015-09-03,8.830194473266602,2.3156299591064453
2015-09-04,8.599187850952148,2.4238932132720947
2015-09-08,8.92448616027832,2.562229633331299
2015-09-09,8.985771179199219,2.6043319702148438
2015-09-10,9.400647163391113,2.802814245223999
2015-09-11,9.169636726379395,3.085501194000244
2015-09-14,9.028203010559082,2.9591946601867676
2015-09-15,8.768909454345703,2.9591946601867676
2015-09-16,8.976344108581543,3.0975308418273926
2015-09-17,9.188494682312012,3.2599260807037354
2015-09-18,9.386503219604492,3.4584076404571533
2015-09-21,9.395933151245117,3.4042763710021973
2015-09-22,9.174351692199707,3.0794870853424072
2015-09-23,8.910344123840332,2.4479517936706543
2015-09-24,8.698193550109863,2.52614164352417
2015-09-25,8.453039169311523,2.4118638038635254
2015-09-28,7.821300029754639,2.3817906379699707
2015-09-29,7.769442081451416,2.3637468814849854
2015-09-30,7.816586494445801,2.3577325344085693
2015-10-01,8.11830997467041,2.2193961143493652
2015-10-02,8.401180267333984,2.2735273838043213
2015-10-05,8.552042007446289,2.4599809646606445
2015-10-06,8.632187843322754,2.6704928874969482
2015-10-07,9.499649047851562,2.8268728256225586
2015-10-08,9.457220077514648,3.0073115825653076
2015-10-09,9.801377296447754,3.205794095993042
2015-10-13,8.759478569030762,2.802814245223999
2015-10-14,8.81605339050293,2.6704928874969482
2015-10-15,8.943342208862305,2.8208582401275635
2015-10-16,8.858515739440918,3.019341468811035
2015-10-19,8.560345649719238,3.085501194000244
2015-10-20,8.46897029876709,2.887019634246826
2015-10-21,8.699811935424805,2.8148434162139893
2015-10-22,8.901799201965332,2.887019634246826
2015-10-23,8.94507884979248,2.9591946601867676
2015-10-26,8.589200019836426,2.9832534790039062
2015-10-27,8.19003963470459,2.9591946601867676
2015-10-28,7.968814849853516,2.9110779762268066
2015-10-29,7.762020111083984,2.5923027992248535
2015-10-30,8.204463958740234,2.610346794128418
2015-11-03,8.536298751831055,3.0433993339538574
2015-11-04,8.367976188659668,2.9832534790039062
2015-11-05,8.151564598083496,2.977238416671753
2015-11-06,7.535990238189697,3.0073115825653076
2015-11-09,7.425377368927002,3.0433993339538574
2015-11-10,7.396523475646973,3.1035454273223877
2015-11-11,7.3676676750183105,3.211808919906616
2015-11-12,7.237819671630859,3.2599260807037354
2015-11-13,7.391712665557861,2.9471652507781982
2015-11-16,7.237819671630859,2.9591946601867676
2015-11-17,6.982934474945068,2.9531795978546143
2015-11-18,7.01659631729126,3.464423179626465
2015-11-19,7.040645122528076,3.524569034576416
2015-11-23,6.853086471557617,3.446378707885742
2015-11-24,6.958887100219727,3.6268184185028076
2015-11-25,6.761712074279785,3.668919801712036
2015-11-26,6.824231147766113,3.6208038330078125
2015-11-27,6.396214008331299,3.5365982055664062
2015-11-30,6.333693504333496,3.308042049407959
2015-12-01,6.174989700317383,3.0915160179138184
2015-12-02,6.223081111907959,2.9952821731567383
2015-12-03,6.189416885375977,3.025355577468872
2015-12-04,5.939341068267822,2.929121732711792
2015-12-07,5.872012138366699,2.9231069087982178
2015-12-08,5.602697372436523,2.7366535663604736
2015-12-09,5.809493064880371,2.796799898147583
2015-12-10,6.093235015869141,2.7787554264068604
2015-12-11,5.872012138366699,2.712595224380493
2015-12-14,5.992241382598877,2.6704928874969482
2015-12-15,6.1942267417907715,2.6524486541748047
2015-12-16,6.372167110443115,2.580273389816284
2015-12-17,6.126898765563965,2.5862879753112793
2015-12-18,6.19903564453125,2.520127296447754
2015-12-21,5.910486221313477,2.4118638038635254
2015-12-22,6.035524845123291,2.4178783893585205
2015-12-23,6.35774040222168,2.6043319702148438
2015-12-28,6.0788068771362305,2.5501999855041504
2015-12-29,6.117281436920166,2.52614164352417
2015-12-30,6.266364097595215,2.4058492183685303
2016-01-04,6.102851867675781,2.3216447830200195
2016-01-05,6.021097660064697,2.207366466522217
2016-01-06,5.578651428222656,2.032942533493042
2016-01-07,5.2468180656433105,1.9848253726959229
2016-01-08,5.068879127502441,2.0570008754730225
2016-01-11,4.92460298538208,2.026927947998047
2016-01-12,4.525441646575928,1.9727963209152222
2016-01-13,4.328265190124512,1.9246795177459717
2016-01-14,4.640860080718994,1.9848253726959229
2016-01-15,4.506203651428223,1.9066357612609863
2016-01-18,4.275362968444824,1.9246795177459717
2016-01-19,4.414829730987549,1.9727963209152222
2016-01-20,4.429257869720459,1.9367085695266724
2016-01-21,4.395593166351318,1.9968549013137817
2016-01-22,4.3426923751831055,2.075045108795166
2016-01-26,4.304218292236328,2.0570008754730225
2016-01-27,4.525441646575928,2.0930893421173096
2016-01-28,4.486968040466309,2.075045108795166
2016-01-29,4.674525737762451,2.1351912021636963
2016-02-01,4.568723201751709,2.255483627319336
2016-02-02,4.135897159576416,2.2675130367279053
2016-02-03,4.33307409286499,2.2795419692993164
2016-02-04,4.9726948738098145,2.5020835399627686
2016-02-05,4.919792652130127,2.6344048976898193
2016-02-10,4.905364990234375,2.616361141204834
2016-02-11,4.7466630935668945,2.3336737155914307
2016-02-12,4.929410934448242,2.4178783893585205
2016-02-15,5.054450988769531,2.4659955501556396
2016-02-16,5.429567813873291,2.664477825164795
2016-02-17,5.7277374267578125,2.7366535663604736
2016-02-18,5.5353684425354,2.7607123851776123
2016-02-19,5.689262866973877,2.7847704887390137
2016-02-22,6.319265842437744,3.0794870853424072
2016-02-23,5.953766822814941,3.1396331787109375
2016-02-24,5.6315531730651855,3.1456480026245117
2016-02-25,5.29971981048584,3.1396331787109375
2016-02-26,5.29010009765625,3.0073115825653076
2016-02-29,5.67964506149292,3.12760329246521
2016-03-01,6.160562992095947,3.247896671295166
2016-03-02,6.838657855987549,3.3982622623443604
2016-03-03,7.5119428634643555,3.9095046520233154
2016-03-04,7.9591965675354,4.547054767608643
2016-03-07,8.45454216003418,4.950035095214844
2016-03-08,7.228200435638428,4.276397228240967
2016-03-09,6.973313808441162,4.101972579956055
2016-03-10,6.732856273651123,4.408719062805176
2016-03-11,6.670335292816162,4.246323585510254
2016-03-14,6.463540554046631,4.1621198654174805
2016-03-15,6.482778072357178,3.650876522064209
2016-03-16,7.1272101402282715,4.035812854766846
2016-03-17,7.454233169555664,4.769596099853516
2016-03-18,7.372476577758789,4.763581275939941
2016-03-21,7.285912990570068,4.751552581787109
2016-03-22,7.420568466186523,4.895903587341309
2016-03-23,6.790565013885498,4.571113109588623
2016-03-24,7.237819671630859,4.685391426086426
2016-03-28,7.295531272888184,4.691405773162842
2016-03-29,7.257057189941406,4.4508209228515625
2016-03-30,7.473471164703369,4.480894088745117
2016-03-31,7.285912990570068,4.288426399230957
2016-04-01,7.459043025970459,4.420748233795166
2016-04-04,7.112782001495361,4.180163383483887
2016-04-05,7.3532395362854,4.571113109588623
2016-04-06,7.247437000274658,4.6192307472229
2016-04-07,7.218583106994629,4.565099239349365
2016-04-08,7.8101115226745605,4.962063789367676
2016-04-11,8.16118335723877,5.407145977020264
2016-04-12,9.012407302856445,6.483764171600342
2016-04-13,9.411569595336914,7.819009304046631
2016-04-14,8.752714157104492,6.892757415771484
2016-04-15,8.94507884979248,7.169431686401367
2016-04-18,9.161494255065918,7.277695178985596
2016-04-19,9.839585304260254,7.999449253082275
2016-04-20,10.464780807495117,8.215973854064941
2016-04-22,9.296149253845215,8.05959415435791
2016-04-25,8.685384750366211,7.319796562194824
2016-04-26,8.988362312316895,7.39798641204834
2016-04-27,9.353858947753906,7.788936138153076
2016-04-28,9.517373085021973,7.794952392578125
2016-04-29,9.469279289245605,7.903214931488037
2016-05-02,9.55584716796875,7.75886344909668
2016-05-03,8.973936080932617,7.349870204925537
2016-05-04,8.367976188659668,7.079212188720703
2016-05-05,8.012097358703613,6.628114700317383
2016-05-06,8.117898941040039,6.700289726257324
2016-05-09,7.3243842124938965,6.0266523361206055
2016-05-10,7.632172584533691,6.297309875488281
2016-05-11,7.665837287902832,5.984548568725586
2016-05-12,7.425377368927002,5.7920823097229
2016-05-13,7.059880256652832,5.05228328704834
2016-05-16,7.18010950088501,5.004167079925537
2016-05-17,7.276293754577637,4.962063789367676
2016-05-18,7.074305534362793,4.697420120239258
2016-05-19,7.160874366760254,4.480894088745117
2016-05-20,6.795375347137451,4.378645420074463
2016-05-23,6.944459438323975,4.348572731018066
2016-05-24,6.742474555969238,4.120016574859619
2016-05-25,7.03102445602417,4.059870719909668
2016-05-27,6.872321128845215,3.8674027919769287
2016-05-30,6.8675127029418945,3.9034907817840576
2016-05-31,6.838657855987549,3.933563232421875
2016-06-01,6.939651012420654,3.831315279006958
2016-06-02,7.189728736877441,4.095958232879639
2016-06-03,7.8101115226745605,4.414732933044434
2016-06-06,8.12270736694336,4.4448065757751465
2016-06-07,7.968814849853516,4.204221725463867
2016-06-08,8.175610542297363,4.895903587341309
2016-06-09,7.550416946411133,4.5350260734558105
2016-06-10,7.189728736877441,4.180163383483887
2016-06-13,7.309958457946777,4.210236072540283
2016-06-14,7.035834789276123,4.011753082275391
2016-06-15,7.213773727416992,4.234294891357422
2016-06-16,7.3243842124938965,4.354587554931641
2016-06-17,7.348430156707764,4.408719062805176
2016-06-20,7.487896919250488,4.474880695343018
2016-06-21,7.502325057983398,4.498937606811523
2016-06-22,7.622555732727051,4.462850093841553
2016-06-23,7.978433132171631,4.8598151206970215
2016-06-24,7.314765930175781,4.432776927947998
2016-06-27,7.117589950561523,4.390675067901611
2016-06-28,7.43499755859375,4.516982078552246
2016-06-29,7.555224895477295,4.703434944152832
2016-06-30,7.824539661407471,4.703434944152832
2016-07-01,7.992860317230225,5.268809795379639
2016-07-04,8.16118335723877,5.593599796295166
2016-07-05,7.723548412322998,5.178589820861816
2016-07-06,7.834159851074219,5.449248790740967
2016-07-07,7.704310417175293,5.13648796081543
2016-07-08,7.78606653213501,5.449248790740967
2016-07-11,8.108281135559082,5.497365474700928
2016-07-12,8.507444381713867,5.7559943199157715
2016-07-13,8.569963455200195,5.798097133636475
2016-07-14,8.343932151794434,5.882301330566406
2016-07-15,8.33912467956543,6.164989948272705
2016-07-18,8.45454216003418,6.303325176239014
2016-07-19,8.098663330078125,6.261221885681152
2016-07-20,7.939960479736328,6.164989948272705
2016-07-21,8.367976188659668,6.495793342590332
2016-07-22,8.247747421264648,6.543910026550293
2016-07-25,8.377596855163574,6.604056358337402
2016-07-26,8.858515739440918,6.742391586303711
2016-07-27,9.098974227905273,6.826597213745117
2016-07-28,9.156683921813965,6.826597213745117
2016-07-29,8.896987915039062,6.6581878662109375
2016-08-01,8.608436584472656,6.423617839813232
2016-08-02,8.651718139648438,6.03868293762207
2016-08-03,9.050883293151855,6.381515026092529
2016-08-04,9.022027015686035,6.549924373626709
2016-08-05,9.123019218444824,6.628114700317383
2016-08-08,9.127828598022461,6.459705352783203
2016-08-09,9.132637023925781,6.579997539520264
2016-08-10,8.699811935424805,6.315353870391846
2016-08-11,8.853703498840332,6.604056358337402
2016-08-12,8.637290954589844,6.483764171600342
2016-08-15,8.863325119018555,6.706304550170898
2016-08-16,9.127828598022461,6.333398818969727
2016-08-17,9.195158958435059,6.219120502471924
2016-08-18,9.098974227905273,6.122887134552002
2016-08-19,9.175920486450195,6.06875467300415
2016-08-22,8.839275360107422,5.563526153564453
2016-08-23,9.017215728759766,5.647731304168701
2016-08-24,8.728665351867676,5.250765800476074
2016-08-25,8.743094444274902,5.310912609100342
2016-08-26,8.517062187194824,5.292868137359619
2016-08-29,8.704621315002441,5.443234920501709
2016-08-30,8.488208770751953,5.274825096130371
2016-08-31,8.146754264831543,5.172575950622559
2016-09-01,8.387214660644531,5.292868137359619
2016-09-02,8.77194881439209,5.834184169769287
2016-09-05,8.608436584472656,5.840199947357178
2016-09-06,8.786376953125,5.69584846496582
2016-09-08,8.555537223815918,5.563526153564453
2016-09-09,8.108281135559082,5.2026495933532715
2016-09-12,8.411260604858398,5.286853790283203
2016-09-13,7.824539661407471,4.895903587341309
2016-09-14,8.00247859954834,4.968079090118408
2016-09-15,8.00247859954834,4.974094390869141
2016-09-16,7.891868591308594,4.817713260650635
2016-09-19,8.012097358703613,5.112429618835449
2016-09-20,8.031333923339844,5.106414794921875
2016-09-21,8.488208770751953,5.32895565032959
2016-09-22,8.440114974975586,5.353014945983887
2016-09-23,8.488208770751953,5.238737106323242
2016-09-26,8.387214660644531,5.214678764343262
2016-09-27,8.46416187286377,5.178589820861816
2016-09-28,8.747904777526855,5.593599796295166
2016-09-29,8.651718139648438,5.449248790740967
2016-09-30,8.565153121948242,5.467291831970215
2016-10-03,8.704621315002441,5.719907760620117
2016-10-04,8.488208770751953,5.665774822235107
2016-10-05,8.589200019836426,5.810126304626465
2016-10-06,8.560345649719238,5.912374019622803
2016-10-07,8.656530380249023,5.984548568725586
2016-10-10,9.161494255065918,6.134916305541992
2016-10-11,8.94507884979248,6.134916305541992
2016-10-13,8.536298751831055,5.942446708679199
2016-10-14,8.66614818572998,6.146945953369141
2016-10-17,8.77194881439209,6.195061683654785
2016-10-18,9.026835441589355,6.381515026092529
2016-10-19,8.95469856262207,6.207090854644775
2016-10-20,9.185540199279785,6.128900051116943
2016-10-21,9.57508373260498,6.134916305541992
2016-10-24,9.762639999389648,6.267237186431885
2016-10-25,10.267605781555176,6.429631233215332
2016-10-26,10.469587326049805,6.357456207275391
2016-10-27,10.5802001953125,6.507822513580322
2016-10-28,10.647530555725098,6.519852161407471
2016-10-31,10.618673324584961,6.459705352783203
2016-11-01,10.724478721618652,6.1589741706848145
2016-11-03,10.560964584350586,5.8462138175964355
2016-11-04,10.392643928527832,5.810126304626465
2016-11-07,11.123637199401855,6.201076984405518
2016-11-08,11.527609825134277,6.3454270362854
2016-11-09,12.022955894470215,6.519852161407471
2016-11-10,12.922274589538574,6.766451358795166
2016-11-11,12.494256973266602,6.267237186431885
2016-11-14,12.725095748901367,6.592027187347412
2016-11-16,12.0950927734375,6.315353870391846
2016-11-17,11.897917747497559,6.357456207275391
2016-11-18,11.816160202026367,6.531880855560303
2016-11-21,12.422117233276367,6.892757415771484
2016-11-22,13.355101585388184,7.211533546447754
2016-11-23,13.547468185424805,7.692702770233154
2016-11-24,13.268532752990723,7.560381889343262
2016-11-25,13.898536682128906,7.752849578857422
2016-11-28,14.913277626037598,8.023506164550781
2016-11-29,14.03319263458252,7.656615257263184
2016-11-30,13.494566917419434,7.476177215576172
2016-12-01,13.691740989685059,7.013051509857178
2016-12-02,14.265604019165039,7.163416862487793
2016-12-05,14.318818092346191,7.121314525604248
2016-12-06,14.512314796447754,7.211533546447754
2016-12-07,15.010573387145996,7.235591411590576
2016-12-08,14.575200080871582,7.0070366859436035
2016-12-09,14.323654174804688,6.796524524688721
2016-12-12,14.265604019165039,6.640143871307373
2016-12-13,13.704460144042969,6.592027187347412
2016-12-14,13.486778259277344,6.381515026092529
2016-12-15,13.656088829040527,6.573984146118164
2016-12-16,13.423887252807617,6.447676181793213
2016-12-19,12.601523399353027,6.06875467300415
2016-12-20,12.85791015625,5.942446708679199
2016-12-21,12.809535026550293,5.912374019622803
2016-12-22,12.277416229248047,5.774039268493652
2016-12-23,12.185506820678711,5.984548568725586
2016-12-26,12.572501182556152,6.110857009887695
2016-12-27,12.509613990783691,6.453690528869629
2016-12-28,12.906286239624023,6.507822513580322
2016-12-29,12.422539710998535,6.525867462158203
2017-01-02,12.122615814208984,6.531880855560303
2017-01-03,12.659578323364258,6.86870002746582
2017-01-04,12.43221664428711,6.802539348602295
2017-01-05,12.906286239624023,7.037109375
2017-01-06,12.562827110290527,6.784493446350098
2017-01-09,12.819211959838867,6.88674259185791
2017-01-10,13.806047439575195,7.037109375
2017-01-11,14.09145736694336,7.127329349517822
2017-01-12,14.54617691040039,7.446103572845459
2017-01-13,14.986384391784668,7.349870204925537
2017-01-16,15.392727851867676,7.428060054779053
2017-01-17,14.78804874420166,7.337839603424072
2017-01-18,15.533014297485352,7.169431686401367
2017-01-19,15.22341537475586,7.049138069152832
2017-01-20,15.528177261352539,7.193490028381348
2017-01-23,16.113508224487305,7.464146614074707
2017-01-24,16.510177612304688,7.452118873596191
2017-01-26,16.2537899017334,7.295738697052002
2017-01-27,16.302165985107422,7.277695178985596
2017-01-30,15.600735664367676,6.898773193359375
2017-01-31,15.566875457763672,6.946889877319336
2017-02-01,15.910330772399902,7.013051509857178
2017-02-02,15.799070358276367,7.295738697052002
2017-02-03,14.807401657104492,6.9649338722229
2017-02-06,14.473611831665039,6.694276332855225
2017-02-07,14.62841510772705,6.838627815246582
2017-02-08,14.797721862792969,6.826597213745117
2017-02-09,15.034761428833008,6.820582866668701
2017-02-10,15.866796493530273,7.39197301864624
2017-02-13,17.322864532470703,7.566397190093994
2017-02-14,16.64078712463379,7.4701619148254395
2017-02-15,16.360214233398438,7.6084980964660645
2017-02-16,16.336030960083008,7.536322116851807
2017-02-17,16.48115348815918,7.524293899536133
2017-02-20,17.62278938293457,7.638571262359619
2017-02-21,17.19225311279297,7.6084980964660645
2017-02-22,16.781070709228516,7.488205432891846
2017-02-23,16.045780181884766,7.21754789352417
2017-02-24,15.82810115814209,7.205519199371338
2017-03-01,16.045780181884766,7.289722442626953
2017-03-02,15.218581199645996,7.061166763305664
2017-03-03,15.392727851867676,7.205519199371338
2017-03-06,15.044432640075684,6.946889877319336
2017-03-07,14.95736026763916,6.796524524688721
2017-03-08,14.570359230041504,6.381515026092529
2017-03-09,14.599387168884277,6.321368217468262
2017-03-10,14.34300422668457,6.477749824523926
2017-03-13,15.000898361206055,6.646159648895264
2017-03-14,15.078296661376953,6.453690528869629
2017-03-15,16.118345260620117,6.86870002746582
2017-03-16,15.736186027526855,6.682246685028076
2017-03-17,15.141180038452148,6.393544673919678
2017-03-20,15.30081844329834,6.586012840270996
2017-03-21,14.047921180725098,5.996580123901367
2017-03-22,14.222066879272461,6.014623165130615
2017-03-23,14.144668579101562,5.942446708679199
2017-03-24,14.028570175170898,5.888317108154297
2017-03-27,14.217229843139648,6.128900051116943
2017-03-28,14.420400619506836,5.852227687835693
2017-03-29,14.56552791595459,5.834184169769287
2017-03-30,14.560687065124512,5.533453464508057
2017-03-31,14.410730361938477,5.4793219566345215
2017-04-03,14.27527904510498,5.395116806030273
2017-04-04,14.826749801635742,5.587584495544434
2017-04-05,14.246255874633789,5.316926956176758
2017-04-06,13.985036849975586,5.2086639404296875
2017-04-07,14.101129531860352,5.256779670715332
2017-04-10,14.043081283569336,5.0823564529418945
2017-04-11,13.86409854888916,5.04626989364624
2017-04-12,13.264253616333008,4.60720157623291
2017-04-13,13.264253616333008,4.4508209228515625
2017-04-17,13.269092559814453,4.595171928405762
2017-04-18,12.872422218322754,4.396689414978027
2017-04-19,12.901449203491211,4.270382404327393
2017-04-20,13.569015502929688,4.48690938949585
2017-04-24,13.721760749816895,4.4387922286987305
2017-04-25,14.171660423278809,4.583142280578613
2017-04-26,13.861730575561523,4.775610446929932
2017-04-27,13.411839485168457,4.571113109588623
2017-04-28,13.731761932373047,4.661333084106445
2017-05-02,14.026693344116211,4.769596099853516
2017-05-03,13.156900405883789,4.571113109588623
2017-05-04,12.672012329101562,4.2583537101745605
2017-05-05,13.02192497253418,4.4508209228515625
2017-05-08,13.011931419372559,4.306469917297363
2017-05-09,13.24687671661377,4.4508209228515625
2017-05-10,13.276870727539062,4.547054767608643
2017-05-11,13.156900405883789,4.510967254638672
2017-05-12,12.951946258544922,4.366616725921631
2017-05-15,13.321858406066895,4.631259918212891
2017-05-16,13.626788139343262,4.685391426086426
2017-05-17,13.416833877563477,4.498937606811523
2017-05-18,13.42683219909668,3.8734171390533447
2017-05-19,13.62178897857666,4.150090217590332
2017-05-22,13.956711769104004,4.1621198654174805
2017-05-23,14.126668930053711,4.204221725463867
2017-05-24,13.756759643554688,4.138060569763184
2017-05-25,13.846734046936035,4.180163383483887
2017-05-26,13.926715850830078,4.192192554473877
2017-05-29,13.926715850830078,4.192192554473877
2017-05-30,14.296626091003418,4.31850004196167
2017-05-31,13.581794738769531,4.126031398773193
2017-06-01,13.331856727600098,4.023782730102539
2017-06-02,13.386841773986816,4.059870719909668
2017-06-05,13.2418794631958,3.981680154800415
2017-06-06,13.286866188049316,3.9696507453918457
2017-06-07,13.221883773803711,3.8914613723754883
2017-06-08,13.506814002990723,3.9696507453918457
2017-06-09,13.64677906036377,4.035812854766846
2017-06-12,13.416833877563477,3.915519952774048
2017-06-13,13.181891441345215,3.8734171390533447
2017-06-14,13.046923637390137,3.8914613723754883
2017-06-15,13.046923637390137,3.8914613723754883
2017-06-16,12.776986122131348,3.753124713897705
2017-06-19,13.191888809204102,3.753124713897705
2017-06-20,12.851967811584473,3.6208038330078125
2017-06-21,13.231878280639648,3.6869640350341797
2017-06-22,13.506814002990723,3.807255744934082
2017-06-23,13.616787910461426,3.8373289108276367
2017-06-26,13.731761932373047,3.921535015106201
2017-06-27,13.956711769104004,4.144075393676758
2017-06-28,14.391607284545898,4.3004560470581055
2017-06-29,14.446592330932617,4.132046222686768
2017-06-30,14.49657917022705,4.31850004196167
2017-07-03,14.821503639221191,4.384660720825195
2017-07-04,14.806509971618652,4.336543560028076
2017-07-05,14.461585998535156,4.246323585510254
2017-07-06,14.456589698791504,4.246323585510254
2017-07-07,14.441595077514648,4.324514389038086
2017-07-10,14.851495742797852,4.372631072998047
2017-07-11,15.016462326049805,4.655318260192871
2017-07-12,14.9464750289917,4.763581275939941
2017-07-13,14.586557388305664,4.649303436279297
2017-07-14,14.756519317626953,4.673362731933594
2017-07-17,14.85649585723877,4.691405773162842
2017-07-18,14.9464750289917,4.625245571136475
2017-07-19,14.9464750289917,4.721478462219238
2017-07-20,14.356614112854004,4.547054767608643
2017-07-21,14.24664306640625,4.432776927947998
2017-07-24,14.561565399169922,4.571113109588623
2017-07-25,15.30139446258545,4.703434944152832
2017-07-26,14.826505661010742,4.492924213409424
2017-07-27,14.846498489379883,4.432776927947998
2017-07-28,15.166424751281738,4.498937606811523
2017-07-31,15.646308898925781,4.583142280578613
2017-08-01,15.526337623596191,4.5350260734558105
2017-08-02,15.551332473754883,4.613216400146484
2017-08-03,15.336381912231445,4.5350260734558105
2017-08-04,15.611320495605469,4.715465068817139
2017-08-07,16.2061767578125,5.124459266662598
2017-08-08,16.02121925354004,5.220693588256836
2017-08-09,15.956233978271484,5.070327281951904
2017-08-10,15.746288299560547,4.907933235168457
2017-08-11,15.396368980407715,5.094386577606201
2017-08-14,15.646308898925781,5.040254592895508
2017-08-15,15.556329727172852,4.895903587341309
2017-08-16,15.861259460449219,4.877859592437744
2017-08-17,15.596321105957031,4.8477864265441895
2017-08-18,15.771280288696289,4.895903587341309
2017-08-21,15.871256828308105,4.8056840896606445
2017-08-22,15.92624282836914,4.8538007736206055
2017-08-23,16.266162872314453,4.968079090118408
2017-08-24,16.936006546020508,5.160546779632568
2017-08-25,16.911012649536133,5.148518085479736
2017-08-28,17.17595100402832,5.118444442749023
2017-08-29,17.215938568115234,5.142502784729004
2017-08-30,17.16595458984375,5.142502784729004
2017-08-31,17.535863876342773,5.2267069816589355
2017-09-01,17.83079719543457,5.57555627822876
2017-09-04,18.045743942260742,5.689834117889404
2017-09-05,17.795804977416992,5.810126304626465
2017-09-06,17.89577865600586,5.912374019622803
2017-09-07,17.89577865600586,5.912374019622803
2017-09-08,17.235937118530273,6.014623165130615
2017-09-11,17.540864944458008,6.315353870391846
2017-09-12,17.625843048095703,6.393544673919678
2017-09-13,17.380903244018555,6.267237186431885
2017-09-14,16.80603790283203,6.249194622039795
2017-09-15,16.89601707458496,6.525867462158203
2017-09-18,17.120960235595703,6.748407363891602
2017-09-19,16.95600128173828,6.555938243865967
2017-09-20,16.58108901977539,6.3454270362854
2017-09-21,16.25116729736328,6.1589741706848145
2017-09-22,15.951240539550781,5.8462138175964355
2017-09-25,15.541332244873047,5.653745651245117
2017-09-26,15.746288299560547,5.7078776359558105
2017-09-27,15.961237907409668,5.57555627822876
2017-09-28,15.871256828308105,5.461277008056641
2017-09-29,15.931241989135742,5.78005313873291
2017-10-02,15.946239471435547,5.942446708679199
2017-10-03,16.336145401000977,6.531880855560303
2017-10-04,16.3011531829834,6.471734523773193
2017-10-05,16.131195068359375,6.333398818969727
2017-10-06,16.06620979309082,6.164989948272705
2017-10-09,15.746288299560547,5.954476833343506
2017-10-10,15.656306266784668,6.014623165130615
2017-10-11,15.546331405639648,5.804112434387207
2017-10-12,15.546331405639648,5.804112434387207
2017-10-13,16.45111846923828,6.146945953369141
2017-10-16,16.67106819152832,6.092813491821289
2017-10-17,16.286161422729492,5.9364333152771
2017-10-18,16.131195068359375,5.960492134094238
2017-10-19,16.496109008789062,5.930418968200684
2017-10-20,16.471115112304688,6.110857009887695
2017-10-23,16.351144790649414,5.918389320373535
2017-10-24,16.911012649536133,6.0266523361206055
2017-10-25,16.771045684814453,5.954476833343506
2017-10-26,16.331148147583008,5.737950801849365
2017-10-27,16.271162033081055,5.449248790740967
2017-10-30,16.171186447143555,5.142502784729004
2017-10-31,16.046213150024414,5.070327281951904
2017-11-01,16.406129837036133,4.907933235168457
2017-11-02,16.406129837036133,4.907933235168457
2017-11-03,16.76604461669922,4.79966926574707
2017-11-06,17.16595458984375,5.05228328704834
2017-11-07,16.756046295166016,4.835756778717041
2017-11-08,16.96599769592285,4.974094390869141
2017-11-09,16.39613151550293,4.721478462219238
2017-11-10,16.381139755249023,4.6192307472229
2017-11-13,16.56609344482422,4.7335076332092285
2017-11-14,16.076210021972656,4.456835746765137
2017-11-15,16.076210021972656,4.456835746765137
2017-11-16,16.29615592956543,4.420748233795166
2017-11-17,16.45611572265625,4.643289566040039
2017-11-20,16.45611572265625,4.643289566040039
2017-11-21,17.02098274230957,4.595171928405762
2017-11-22,17.36590576171875,4.769596099853516
2017-11-23,17.59585189819336,4.841772079467773
2017-11-24,17.890779495239258,4.769596099853516
2017-11-27,17.70082664489746,4.8116984367370605
2017-11-28,18.1207218170166,4.679377555847168
2017-11-29,17.845796585083008,4.5229973793029785
2017-11-30,17.565855026245117,4.426762104034424
2017-12-01,17.73581886291504,4.468864917755127
2017-12-04,18.41065788269043,4.5229973793029785
2017-12-05,18.005754470825195,4.366616725921631
2017-12-06,17.875783920288086,4.510967254638672
2017-12-07,17.66583251953125,4.396689414978027
2017-12-08,17.73581886291504,4.432776927947998
2017-12-11,17.875783920288086,4.504952430725098
2017-12-12,18.085739135742188,4.655318260192871
2017-12-13,18.050743103027344,4.595171928405762
2017-12-14,18.1157283782959,4.595171928405762
2017-12-15,18.440650939941406,4.673362731933594
2017-12-18,18.915538787841797,4.516982078552246
2017-12-19,18.920536041259766,4.456835746765137
2017-12-20,19.570388793945312,4.679377555847168
2017-12-21,19.860313415527344,4.781625747680664
2017-12-22,20.102779388427734,4.841772079467773
2017-12-25,20.102779388427734,4.841772079467773
2017-12-26,20.13309097290039,4.8538007736206055
2017-12-27,20.138141632080078,5.022210121154785
2017-12-28,20.340234756469727,5.040254592895508
2017-12-29,20.340234756469727,5.040254592895508
2018-01-02,21.077852249145508,5.220693588256836
2018-01-03,20.951553344726562,5.41316032409668
2018-01-04,21.037437438964844,5.581569671630859
2018-01-05,21.365833282470703,5.7078776359558105
2018-01-08,21.840742111206055,5.984548568725586
2018-01-09,21.759906768798828,6.146945953369141
2018-01-10,21.456775665283203,6.164989948272705
2018-01-11,21.876102447509766,6.525867462158203
2018-01-12,22.00241470336914,6.321368217468262
2018-01-15,21.96199607849121,6.483764171600342
2018-01-16,21.37088966369629,6.303325176239014
2018-01-17,21.80031967163086,6.555938243865967
2018-01-18,21.65380859375,6.339412212371826
2018-01-19,21.66391372680664,6.423617839813232
2018-01-22,21.547714233398438,6.465719223022461
2018-01-23,20.678733825683594,6.171002388000488
2018-01-24,21.108169555664062,6.531880855560303
2018-01-25,21.108169555664062,6.531880855560303
2018-01-26,20.931339263916016,6.543910026550293
2018-01-29,21.163745880126953,6.447676181793213
2018-01-30,20.951553344726562,6.513836860656738
2018-01-31,20.941444396972656,6.610070705413818
2018-02-01,21.113222122192383,6.688261985778809
2018-02-02,20.613048553466797,6.477749824523926
2018-02-05,20.385704040527344,6.104842662811279
2018-02-06,21.456775665283203,6.339412212371826
2018-02-07,21.072803497314453,6.1168718338012695
2018-02-08,21.012178421020508,6.03868293762207
2018-02-09,21.219322204589844,5.948462963104248
2018-02-14,22.487424850463867,6.465719223022461
2018-02-15,23.21494483947754,6.351442337036133
2018-02-16,23.255361557006836,6.393544673919678
2018-02-19,23.46755599975586,6.453690528869629
2018-02-20,22.99264907836914,6.273252010345459
2018-02-21,22.633939743041992,6.231149673461914
2018-02-22,23.0734806060791,6.152958869934082
2018-02-23,23.280624389648438,6.171002388000488
2018-02-26,23.947519302368164,6.543910026550293
2018-02-27,23.912153244018555,6.399559497833252
2018-02-28,22.7602481842041,6.104842662811279
2018-03-01,22.457117080688477,5.834184169769287
2018-03-02,22.103458404541016,5.5394673347473145
2018-03-05,22.078195571899414,5.461277008056641
2018-03-06,21.972103118896484,5.461277008056641
2018-03-07,21.89469337463379,5.443234920501709
2018-03-08,21.184457778930664,5.166561126708984
2018-03-09,21.511474609375,5.371058464050293
2018-03-12,21.69542121887207,5.425190448760986
2018-03-13,21.526803970336914,5.334970951080322
2018-03-14,21.76695442199707,5.298882961273193
2018-03-15,21.664762496948242,5.130473613739014
2018-03-16,21.613670349121094,5.118444442749023
2018-03-19,21.000511169433594,4.968079090118408
2018-03-20,21.255990982055664,5.064312934875488
2018-03-21,21.715856552124023,5.3409857749938965
2018-03-22,21.424610137939453,5.232722282409668
2018-03-23,21.255990982055664,5.154532432556152
2018-03-26,21.46038055419922,5.154532432556152
2018-03-27,20.87788200378418,5.05228328704834
2018-03-28,21.2253360748291,5.004167079925537
2018-03-29,21.567678451538086,5.292868137359619
2018-04-02,21.97134017944336,5.377072811126709
2018-04-03,21.9049129486084,5.286853790283203
2018-04-04,21.74139976501465,5.172575950622559
2018-04-05,22.099079132080078,5.334970951080322
2018-04-06,21.83848762512207,5.184605598449707
2018-04-09,21.945791244506836,5.04626989364624
2018-04-10,22.911508560180664,5.142502784729004
2018-04-11,22.809310913085938,5.286853790283203
2018-04-12,22.89617919921875,5.32895565032959
2018-04-13,22.98303985595703,5.268809795379639
2018-04-16,22.758214950561523,5.124459266662598
2018-04-17,23.46845817565918,5.2267069816589355
2018-04-18,24.260446548461914,5.5514960289001465
2018-04-19,24.43927764892578,5.57555627822876
2018-04-20,24.33709144592285,5.467291831970215
2018-04-23,24.27066993713379,5.4913506507873535
2018-04-24,24.684547424316406,5.4913506507873535
2018-04-25,24.50059700012207,5.497365474700928
2018-04-26,24.883821487426758,5.545482635498047
2018-04-27,24.704978942871094,5.353014945983887
2018-04-30,24.868488311767578,5.280839920043945
2018-05-02,24.888925552368164,5.359029293060303
2018-05-03,25.08310317993164,5.160546779632568
2018-05-04,25.394775390625,5.232722282409668
2018-05-07,25.159740447998047,5.094386577606201
2018-05-08,25.134187698364258,5.094386577606201
2018-05-09,25.675813674926758,5.232722282409668
2018-05-10,26.263416290283203,5.407145977020264
2018-05-11,26.89190101623535,5.581569671630859
2018-05-14,27.729873657226562,5.725921154022217
2018-05-15,27.924036026000977,5.653745651245117
2018-05-16,28.562744140625,5.762009620666504
2018-05-17,28.297042846679688,5.59961462020874
2018-05-18,27.985353469848633,5.57555627822876
2018-05-21,27.08095359802246,5.443234920501709
2018-05-22,26.74371910095215,5.527438640594482
2018-05-23,26.539335250854492,5.232722282409668
2018-05-24,26.805034637451172,5.172575950622559
2018-05-25,26.304288864135742,4.913948059082031
2018-05-28,26.094797134399414,4.420748233795166
2018-05-29,25.629823684692383,4.60720157623291
2018-05-30,25.869976043701172,4.631259918212891
2018-06-01,26.95831871032715,4.673362731933594
2018-06-04,26.835691452026367,5.371058464050293
2018-06-05,27.453954696655273,5.377072811126709
2018-06-06,28.649599075317383,5.238737106323242
2018-06-07,27.780975341796875,5.148518085479736
2018-06-08,26.00282096862793,4.889888763427734
2018-06-11,25.982385635375977,4.8477864265441895
2018-06-12,26.416704177856445,5.088371276855469
2018-06-13,26.340057373046875,5.05228328704834
2018-06-14,26.42181396484375,4.931991100311279
2018-06-15,25.103534698486328,4.727493762969971
2018-06-18,25.1444091796875,4.727493762969971
2018-06-19,24.679431915283203,4.79966926574707
2018-06-20,24.940025329589844,4.817713260650635
2018-06-21,24.12248420715332,4.541040420532227
2018-06-22,24.53125762939453,4.643289566040039
2018-06-25,24.09693717956543,4.577128887176514
2018-06-26,24.69987678527832,4.5350260734558105
2018-06-27,24.602792739868164,4.5229973793029785
2018-06-28,25.072877883911133,4.565099239349365
2018-06-29,25.33857536315918,4.727493762969971
2018-07-02,24.91447639465332,4.679377555847168
2018-07-03,24.505708694458008,4.703434944152832
2018-07-04,24.541475296020508,4.829741954803467
2018-07-05,25.394775390625,4.7094502449035645
2018-07-06,25.721792221069336,4.793653964996338
2018-07-10,25.307918548583984,4.793653964996338
2018-07-11,24.965574264526367,4.553069591522217
2018-07-12,25.778003692626953,4.817713260650635
2018-07-13,25.706466674804688,4.823727607727051
2018-07-16,25.548067092895508,4.781625747680664
2018-07-17,25.905742645263672,4.944020748138428
2018-07-18,26.288957595825195,4.8658294677734375
2018-07-19,25.25682258605957,4.781625747680664
2018-07-20,24.894041061401367,4.931991100311279
2018-07-23,25.343679428100586,4.925976276397705
2018-07-24,26.217430114746094,5.238737106323242
2018-07-25,26.442245483398438,5.262794494628906
2018-07-26,26.96854019165039,5.2086639404296875
2018-07-27,27.310884475708008,5.593599796295166
2018-07-30,27.760528564453125,5.4853363037109375
2018-07-31,28.021120071411133,5.521424770355225
2018-08-01,27.11161231994629,5.5514960289001465
2018-08-02,26.999197006225586,5.749980449676514
2018-08-03,27.624956130981445,5.804112434387207
2018-08-06,27.546104431152344,5.743964672088623
2018-08-07,27.730098724365234,5.786067485809326
2018-08-08,27.546104431152344,5.76802396774292
2018-08-09,27.251718521118164,5.69584846496582
2018-08-10,27.18337631225586,5.509394645690918
2018-08-13,27.483022689819336,5.76802396774292
2018-08-14,27.735355377197266,5.737950801849365
2018-08-15,26.499984741210938,5.437219142913818
2018-08-16,26.13726043701172,5.401130676269531
2018-08-17,26.70500946044922,5.419175624847412
2018-08-20,27.04144287109375,5.677804946899414
2018-08-21,27.193889617919922,5.4793219566345215
2018-08-22,28.019227981567383,5.68381929397583
2018-08-23,28.04551124572754,5.058298110961914
2018-08-24,28.466060638427734,5.184605598449707
2018-08-27,29.265113830566406,5.232722282409668
2018-08-28,29.254594802856445,5.106414794921875
2018-08-29,29.02854347229004,5.172575950622559
2018-08-30,28.686847686767578,5.2086639404296875
2018-08-31,28.18744468688965,5.280839920043945
2018-09-03,28.413490295410156,5.322941303253174
2018-09-04,27.335832595825195,5.04626989364624
2018-09-05,27.414684295654297,4.992137432098389
2018-09-06,28.113849639892578,5.022210121154785
2018-09-10,27.977170944213867,5.13648796081543
2018-09-11,27.645984649658203,4.913948059082031
2018-09-12,28.09807586669922,4.998151779174805
2018-09-13,28.271556854248047,4.980108261108398
2018-09-14,29.018030166625977,5.112429618835449
2018-09-17,28.93393325805664,5.196634769439697
2018-09-18,30.14300537109375,5.371058464050293
2018-09-19,30.79486656188965,5.377072811126709
2018-09-20,31.183879852294922,5.310912609100342
2018-09-21,32.07229232788086,5.473307132720947
2018-09-24,31.646482467651367,5.286853790283203
2018-09-25,32.69786071777344,5.587584495544434
2018-09-26,31.546594619750977,5.593599796295166
2018-09-27,31.267982482910156,5.563526153564453
2018-09-28,31.446714401245117,5.617658615112305
2018-10-01,31.75162124633789,5.59961462020874
2018-10-02,32.17216491699219,5.822155952453613
2018-10-03,31.515064239501953,5.78005313873291
2018-10-04,30.910512924194336,5.78005313873291
2018-10-05,30.22186279296875,5.641716480255127
2018-10-08,29.990562438964844,5.834184169769287
2018-10-09,30.332258224487305,5.954476833343506
2018-10-10,29.380754470825195,5.611642837524414
2018-10-11,29.69091033935547,5.497365474700928
2018-10-15,30.316482543945312,5.617658615112305
2018-10-16,30.332258224487305,6.092813491821289
2018-10-17,30.910512924194336,6.074770450592041
2018-10-18,29.701427459716797,5.900345325469971
2018-10-19,29.71720314025879,5.8943305015563965
2018-10-22,30.684471130371094,6.014623165130615
2018-10-23,29.832853317260742,5.834184169769287
2018-10-24,28.613252639770508,5.5514960289001465
2018-10-25,28.7078800201416,5.593599796295166
2018-10-26,29.228309631347656,5.593599796295166
2018-10-29,27.914091110229492,5.365043640136719
2018-10-30,28.318866729736328,5.581569671630859
2018-10-31,29.811826705932617,5.7559943199157715
2018-11-01,30.22711181640625,5.816140174865723
2018-11-05,30.24288558959961,5.960492134094238
2018-11-06,30.085180282592773,5.840199947357178
2018-11-07,30.274431228637695,5.9063591957092285
2018-11-08,29.974790573120117,5.8943305015563965
2018-11-09,28.728906631469727,5.762009620666504
2018-11-12,28.834043502807617,5.617658615112305
2018-11-13,29.580520629882812,5.5514960289001465
2018-11-14,28.99700355529785,5.545482635498047
2018-11-16,29.517440795898438,5.804112434387207
2018-11-19,29.107398986816406,5.67179012298584
2018-11-21,28.665822982788086,5.455262184143066
2018-11-22,28.408235549926758,5.383088111877441
2018-11-23,26.46844482421875,5.190619945526123
2018-11-26,26.3475284576416,5.0823564529418945
2018-11-27,26.242393493652344,5.148518085479736
2018-11-28,27.493539810180664,5.2086639404296875
2018-11-29,27.335832595825195,5.280839920043945
2018-11-30,27.75637435913086,5.334970951080322
2018-12-03,28.445035934448242,5.521424770355225
2018-12-04,27.798437118530273,5.359029293060303
2018-12-05,27.75637435913086,5.377072811126709
2018-12-06,27.493539810180664,5.407145977020264
2018-12-07,26.96259117126465,5.2267069816589355
2018-12-10,26.389591217041016,5.100399971008301
2018-12-11,26.59986686706543,5.214678764343262
2018-12-12,26.47895622253418,5.4853363037109375
2018-12-13,26.59986686706543,5.455262184143066
2018-12-14,26.7470645904541,5.461277008056641
2018-12-17,26.94156265258789,5.587584495544434
2018-12-18,27.04144287109375,5.569540977478027
2018-12-19,26.289709091186523,5.563526153564453
2018-12-20,26.1845703125,5.377072811126709
2018-12-21,26.736549377441406,5.298882961273193
2018-12-26,26.5157527923584,5.190619945526123
2018-12-27,26.0216064453125,5.148518085479736
2018-12-28,26.810148239135742,5.316926956176758
2019-01-02,26.857450485229492,5.5394673347473145
2019-01-03,25.758764266967773,5.605628490447998
2019-01-04,27.43570899963379,5.864258289337158
2019-01-07,27.28851890563965,5.876287460327148
2019-01-08,27.551362991333008,5.8943305015563965
2019-01-09,28.224245071411133,5.942446708679199
2019-01-10,27.914091110229492,6.002594470977783
2019-01-11,27.53558921813965,5.930418968200684
2019-01-14,27.6512451171875,5.876287460327148
2019-01-15,27.519817352294922,5.786067485809326
2019-01-16,27.67752456665039,5.97853422164917
2019-01-17,28.508115768432617,5.9665069580078125
2019-01-18,28.786725997924805,5.918389320373535
2019-01-21,29.060087203979492,5.972522258758545
2019-01-22,28.9549560546875,5.888317108154297
2019-01-23,29.254594802856445,6.207090854644775
2019-01-24,29.517440795898438,6.2371649742126465
2019-01-28,22.268190383911133,5.882301330566406
2019-01-29,22.467947006225586,6.03868293762207
2019-01-30,24.49710464477539,6.2431793212890625
2019-01-31,23.918851852416992,6.134916305541992
2019-02-01,24.31311798095703,6.074770450592041
2019-02-04,23.48778533935547,5.954476833343506
2019-02-05,23.403676986694336,5.942446708679199
2019-02-06,22.320758819580078,5.59961462020874
2019-02-07,21.8634090423584,5.725921154022217
2019-02-08,22.688735961914062,5.924404144287109
2019-02-11,22.089447021484375,5.786067485809326
2019-02-12,23.28802490234375,5.942446708679199
2019-02-13,23.913593292236328,6.002594470977783
2019-02-14,24.002960205078125,6.092813491821289
2019-02-15,24.11861228942871,6.0988287925720215
2019-02-18,23.787425994873047,6.189046859741211
2019-02-19,23.913593292236328,6.110857009887695
2019-02-20,24.076555252075195,6.339412212371826
2019-02-21,23.85576629638672,6.9348602294921875
2019-02-22,24.702129364013672,7.458134174346924
2019-02-25,24.77046775817871,7.87915563583374
2019-02-26,24.812519073486328,7.933287143707275
2019-02-27,24.61802101135254,7.626543045043945
2019-02-28,24.759952545166016,7.86712646484375
2019-03-01,24.570709228515625,8.330253601074219
2019-03-06,25.25935935974121,9.112154006958008
2019-03-07,25.685165405273438,8.865553855895996
2019-03-08,25.679914474487305,8.276121139526367
2019-03-11,26.221370697021484,8.757290840148926
2019-03-12,26.2686824798584,8.522720336914062
2019-03-13,26.652433395385742,9.316651344299316
2019-03-14,26.657690048217773,9.262519836425781
2019-03-15,26.573577880859375,9.388827323913574
2019-03-18,26.52626609802246,9.80383586883545
2019-03-19,27.283266067504883,9.430930137634277
2019-03-20,26.578838348388672,9.563251495361328
2019-03-21,26.7523136138916,9.370782852172852
2019-03-22,26.310739517211914,8.997875213623047
2019-03-25,26.04788589477539,8.961788177490234
2019-03-26,26.4316463470459,9.527162551879883
2019-03-27,26.074174880981445,9.03997802734375
2019-03-28,25.916471481323242,9.430930137634277
2019-03-29,26.77334213256836,9.773762702941895
2019-04-01,27.6512451171875,10.176742553710938
2019-04-02,27.141324996948242,10.152685165405273
2019-04-03,27.220172882080078,10.303049087524414
2019-04-04,27.419939041137695,10.21282958984375
2019-04-05,27.3253116607666,10.11058235168457
2019-04-08,28.066537857055664,10.315077781677246
2019-04-09,27.519817352294922,10.056447982788086
2019-04-10,27.20966339111328,9.689558029174805
2019-04-11,27.225431442260742,9.382811546325684
2019-04-12,27.062471389770508,9.713615417480469
2019-04-15,26.983617782592773,9.755719184875488
2019-04-16,27.914091110229492,9.394840240478516
2019-04-17,27.467248916625977,9.232447624206543
2019-04-18,27.640727996826172,9.184329986572266
2019-04-22,26.967845916748047,8.937729835510254
2019-04-23,27.29376792907715,9.136211395263672
2019-04-24,26.473695755004883,8.87156867980957
2019-04-25,26.457923889160156,8.727218627929688
2019-04-26,26.505237579345703,8.919686317443848
2019-04-29,26.415874481201172,8.691131591796875
2019-04-30,26.337020874023438,8.745262145996094
2019-05-02,25.72722053527832,8.354312896728516
2019-05-03,26.49472999572754,9.023782730102539
2019-05-06,26.1057186126709,8.985918045043945
2019-05-07,26.126739501953125,8.94805908203125
2019-05-08,25.758764266967773,9.004851341247559
2019-05-09,25.516939163208008,8.992229461669922
2019-05-10,26.00058364868164,9.080574989318848
2019-05-13,24.933433532714844,8.651473045349121
2019-05-14,25.017539978027344,9.042713165283203
2019-05-15,25.206789016723633,9.042713165283203
2019-05-16,24.391965866088867,9.459195137023926
2019-05-17,25.08588409423828,9.711609840393066
2019-05-20,24.57596206665039,9.711609840393066
2019-05-21,24.922910690307617,10.48777961730957
2019-05-22,24.949199676513672,10.815916061401367
2019-05-23,25.138450622558594,10.69602108001709
2019-05-24,25.396038055419922,10.872710227966309
2019-05-27,26.38433265686035,11.48481273651123
2019-05-28,26.415874481201172,10.998916625976562
2019-05-29,26.126739501953125,10.544572830200195
2019-05-30,26.289709091186523,10.664468765258789
2019-05-31,25.758764266967773,10.437299728393555
2019-06-03,25.66939353942871,10.147021293640137
2019-06-04,25.81658935546875,10.595056533813477
2019-06-05,25.43808937072754,10.210124969482422
2019-06-06,25.653623580932617,10.47515869140625
2019-06-07,25.580028533935547,10.46884822845459
2019-06-10,25.411808013916016,10.879020690917969
2019-06-11,27.036184310913086,11.49743366241455
2019-06-12,27.067726135253906,10.853778839111328
2019-06-13,27.256975173950195,10.80329704284668
2019-06-14,27.020423889160156,10.582435607910156
2019-06-17,26.389591217041016,10.330020904541016
2019-06-18,27.335832595825195,10.658157348632812
2019-06-19,27.493539810180664,10.47515869140625
2019-06-21,27.567129135131836,10.412055969238281
2019-06-24,27.546104431152344,10.374195098876953
2019-06-25,27.009897232055664,10.147021293640137
2019-06-26,27.115036010742188,10.197504043579102
2019-06-27,27.178125381469727,10.393123626708984
2019-06-28,27.241207122802734,10.544572830200195
2019-07-01,28.203218460083008,10.721261978149414
2019-07-02,27.015155792236328,10.367883682250977
2019-07-03,26.96259117126465,10.651847839355469
2019-07-04,27.162351608276367,10.677088737487793
2019-07-05,26.473695755004883,10.538261413574219
2019-07-08,26.783855438232422,10.879020690917969
2019-07-10,27.404170989990234,10.879020690917969
2019-07-11,27.36211395263672,10.841156959533691
2019-07-12,27.235950469970703,10.771743774414062
2019-07-15,27.69856071472168,10.91688060760498
2019-07-16,27.88780403137207,11.106193542480469
2019-07-17,27.69856071472168,10.897953033447266
2019-07-18,27.645984649658203,11.112504005432129
2019-07-19,27.71432876586914,11.087261199951172
2019-07-22,27.572391510009766,10.95474624633789
2019-07-23,27.20966339111328,10.778055191040039
2019-07-24,26.626150131225586,10.355264663696289
2019-07-25,26.542036056518555,10.304780006408691
2019-07-26,26.405357360839844,10.380504608154297
2019-07-29,26.421133041381836,10.330020904541016
2019-07-30,26.289709091186523,10.348952293395996
2019-07-31,26.1845703125,10.430987358093262
2019-08-01,25.443347930908203,10.241676330566406
2019-08-02,25.14896583557129,10.008193969726562
2019-08-05,24.18169593811035,9.408713340759277
2019-08-06,24.50762367248535,9.35822868347168
2019-08-07,24.43402099609375,9.206782341003418
2019-08-08,24.802013397216797,9.433953285217285
2019-08-09,23.913593292236328,9.24464225769043
2019-08-12,23.74011993408203,9.16260814666748
2019-08-13,24.444538116455078,9.452885627746582
2019-08-14,23.592927932739258,9.061643600463867
2019-08-15,23.072494506835938,8.771368026733398
2019-08-16,22.96735382080078,8.903884887695312
2019-08-19,22.94632911682129,8.752436637878418
2019-08-20,23.046205520629883,9.067953109741211
2019-08-21,23.20917320251465,8.8660249710083
2019-08-22,23.072494506835938,8.683023452758789
2019-08-23,22.7518253326416,8.594679832458496
2019-08-26,22.499488830566406,8.537884712219238
2019-08-27,22.772851943969727,8.430610656738281
2019-08-28,22.856958389282227,8.46847152709961
2019-08-29,23.708576202392578,8.966988563537598
2019-08-30,23.955652236938477,9.061643600463867
2019-09-02,24.18695068359375,9.055334091186523
2019-09-03,23.929363250732422,8.790299415588379
2019-09-04,24.455055236816406,8.910194396972656
2019-09-05,24.455055236816406,8.992229461669922
2019-09-06,24.41825294494629,8.878645896911621
2019-09-09,25.17524528503418,9.16260814666748
2019-09-10,25.359241485595703,9.402400970458984
2019-09-11,25.206789016723633,9.143678665161133
2019-09-12,26.121488571166992,9.345608711242676
2019-09-13,26.174060821533203,9.206782341003418
2019-09-16,25.543231964111328,9.074263572692871
2019-09-17,25.706195831298828,9.250954627990723
2019-09-18,25.443347930908203,9.042713165283203
2019-09-19,25.401287078857422,8.960678100585938
2019-09-20,25.453857421875,9.017472267150879
2019-09-23,25.285640716552734,9.131057739257812
2019-09-24,24.67058563232422,8.763136863708496
2019-09-25,25.15947723388672,8.917780876159668
2019-09-26,25.15947723388672,8.788908958435059
2019-09-27,25.054338455200195,8.621380805969238
2019-09-30,25.101652145385742,8.524727821350098
2019-10-01,25.08061981201172,8.51828384399414
2019-10-02,23.708576202392578,8.228326797485352
2019-10-03,23.887310028076172,8.428074836730957
2019-10-04,24.491853713989258,8.569831848144531
2019-10-07,24.20272445678711,8.370084762573242
2019-10-08,23.82422637939453,8.009249687194824
2019-10-09,24.008214950561523,8.009249687194824
2019-10-10,24.83355140686035,8.434517860412598
2019-10-11,25.56951141357422,8.582717895507812
2019-10-14,25.227819442749023,8.531169891357422
2019-10-15,25.18576431274414,8.776023864746094
2019-10-16,24.602243423461914,8.511839866638184
2019-10-17,24.554933547973633,8.563387870788574
2019-10-18,24.197465896606445,8.408744812011719
2019-10-21,24.817779541015625,8.627822875976562
2019-10-22,24.86509132385254,8.730918884277344
2019-10-23,24.765209197998047,8.653596878051758
2019-10-24,24.57596206665039,8.060794830322266
2019-10-25,25.527463912963867,7.809500217437744
2019-10-28,25.601055145263672,7.867491722106934
2019-10-29,25.574769973754883,7.745065689086914
2019-10-30,25.543231964111328,7.6033101081848145
2019-10-31,24.812519073486328,7.6033101081848145
2019-11-01,25.464378356933594,7.687074661254883
2019-11-04,26.189821243286133,7.796614170074463
2019-11-05,26.216115951538086,7.931925296783447
2019-11-06,26.121488571166992,7.925485134124756
2019-11-07,26.34227752685547,8.11878776550293
2019-11-08,25.853389739990234,7.925485134124756
2019-11-11,25.301414489746094,7.867491722106934
2019-11-12,25.18050765991211,7.629083156585693
2019-11-13,24.77046775817871,7.268247127532959
2019-11-14,24.70738410949707,7.371343612670898
2019-11-18,25.02805519104004,7.371343612670898
2019-11-19,25.322439193725586,7.474438667297363
2019-11-21,25.453857421875,7.757952690124512
2019-11-22,26.30021858215332,7.796614170074463
2019-11-25,26.736549377441406,7.957701683044434
2019-11-26,26.925790786743164,8.29276180267334
2019-11-27,26.589351654052734,8.157448768615723
2019-11-28,26.47895622253418,8.12523078918457
2019-11-29,26.273941040039062,8.09301471710205
2019-12-02,26.988872528076172,8.55694580078125
2019-12-03,26.505237579345703,8.234769821166992
2019-12-04,26.768083572387695,8.46029281616211
2019-12-05,26.783855438232422,8.363640785217285
2019-12-06,26.99412727355957,8.58916187286377
2019-12-09,27.04144287109375,8.479622840881348
2019-12-10,26.915281295776367,8.58916187286377
2019-12-11,27.246463775634766,8.801796913146973
2019-12-12,27.835235595703125,9.085309982299805
2019-12-13,28.261043548583984,9.136858940124512
2019-12-16,28.04024887084961,9.027318954467773
2019-12-17,28.08230209350586,8.94355297088623
2019-12-18,28.10859489440918,8.846901893615723
2019-12-19,28.38720703125,8.846901893615723
2019-12-20,28.802501678466797,8.898449897766113
2019-12-23,28.692106246948242,9.362380027770996
2019-12-26,28.802501678466797,9.343048095703125
2019-12-27,28.923574447631836,8.995101928710938
2019-12-30,28.761690139770508,9.091753959655762
2020-01-02,29.317501068115234,9.465476036071777
2020-01-03,29.10165023803711,9.394598960876465
2020-01-06,28.92896842956543,9.16263198852539
2020-01-07,29.139419555664062,9.16263198852539
2020-01-08,29.144819259643555,9.149744987487793
2020-01-09,28.761690139770508,9.053094863891602
2020-01-10,28.7940673828125,9.156188011169434
2020-01-13,29.84092140197754,9.710328102111816
2020-01-14,30.024398803710938,9.555684089660645
2020-01-15,29.927265167236328,9.426814079284668
2020-01-16,29.77076530456543,9.510579109191895
2020-01-17,30.758283615112305,9.523466110229492
2020-01-20,30.952547073364258,9.729659080505371
2020-01-21,30.23484992980957,9.446146011352539
2020-01-22,30.38054084777832,10.103379249572754
2020-01-23,29.94884490966797,9.980953216552734
2020-01-24,29.0314998626709,9.607233047485352
2020-01-27,27.256145477294922,8.859786987304688
2020-01-28,27.628490447998047,8.788908958435059
2020-01-29,27.385658264160156,8.608492851257324
2020-01-30,27.790376663208008,8.640710830688477
2020-01-31,27.12664222717285,8.312090873718262
2020-02-03,27.47199821472168,8.389413833618164
2020-02-04,28.205883026123047,8.537614822387695
2020-02-05,28.59440803527832,8.569831848144531
2020-02-06,28.750896453857422,8.51828384399414
2020-02-07,28.1141414642334,8.196109771728516
2020-02-10,27.083473205566406,7.835275173187256
2020-02-11,28.0871639251709,8.196109771728516
2020-02-12,28.637571334838867,8.363640785217285
2020-02-13,28.135726928710938,8.370084762573242
2020-02-14,27.520565032958984,8.157448768615723
2020-02-17,28.821046829223633,8.434517860412598
2020-02-18,28.49187469482422,8.582717895507812
2020-02-19,28.49728012084961,8.71803092956543
2020-02-20,28.168107986450195,8.51828384399414
2020-02-21,27.051097869873047,8.46029281616211
2020-02-26,24.471715927124023,7.538874626159668
2020-02-27,23.99685287475586,7.294021129608154
2020-02-28,23.910512924194336,7.203812599182129
2020-03-02,25.016727447509766,7.957701683044434
2020-03-03,25.01133918762207,7.841717720031738
2020-03-04,26.20928955078125,7.9383697509765625
2020-03-05,25.28114891052246,7.699961185455322
2020-03-06,24.07239532470703,7.1587090492248535
2020-03-09,20.413782119750977,5.348090171813965
2020-03-10,24.18032455444336,6.037543296813965
2020-03-11,21.984073638916016,5.167673587799072
2020-03-12,19.07552719116211,4.239811420440674
2020-03-13,23.1496524810791,5.122568607330322
2020-03-16,21.066720962524414,4.639307498931885
2020-03-17,22.399578094482422,4.993699073791504
2020-03-18,20.856271743774414,4.323576927185059
2020-03-19,19.642127990722656,4.098054885864258
2020-03-20,18.989185333251953,3.9691848754882812
2020-03-23,18.401004791259766,3.7372193336486816
2020-03-24,20.31125831604004,3.7372193336486816
2020-03-25,22.043432235717773,4.2204813957214355
2020-03-26,22.66399574279785,4.5748724937438965
2020-03-27,21.638715744018555,4.362237930297852
2020-03-30,22.539888381958008,4.549098014831543
2020-03-31,23.322328567504883,4.497550964355469
2020-04-01,23.403274536132812,4.407341480255127
2020-04-02,23.08489418029785,4.49110746383667
2020-04-03,21.85456657409668,4.027176380157471
2020-04-06,23.27376365661621,4.2204813957214355
2020-04-07,23.624513626098633,4.478219985961914
2020-04-08,23.478818893432617,4.774620056152344
2020-04-09,23.354707717895508,4.61997652053833
2020-04-13,24.050813674926758,4.7230730056762695
2020-04-14,24.029233932495117,4.793951034545898
2020-04-15,23.306140899658203,4.697299480438232
2020-04-16,23.074106216430664,4.793951034545898
2020-04-17,23.743228912353516,4.890603065490723
2020-04-20,22.912221908569336,4.716629505157471
2020-04-22,23.1496524810791,4.72951602935791
2020-04-23,23.478818893432617,4.832611560821533
2020-04-24,23.613723754882812,4.561985969543457
2020-04-27,24.040019989013672,4.6715240478515625
2020-04-28,24.07239532470703,5.032359600067139
2020-04-29,25.21639060974121,5.8184638023376465
2020-04-30,24.20730209350586,5.773359775543213
2020-05-04,23.705459594726562,5.302985668182373
2020-05-05,23.58135223388672,5.129012107849121
2020-05-06,23.921306610107422,5.2192206382751465
2020-05-07,24.849458694458008,5.476513862609863
2020-05-08,26.36038589477539,5.489415168762207
2020-05-11,25.756010055541992,5.173338413238525
2020-05-12,25.610313415527344,5.083030700683594
2020-05-13,26.193103790283203,4.85081148147583
2020-05-14,25.950271606445312,5.412009239196777
2020-05-15,25.928686141967773,5.083030700683594
2020-05-18,27.66086769104004,5.341053009033203
2020-05-19,28.222068786621094,5.637777805328369
2020-05-20,28.329994201660156,5.528119087219238
2020-05-21,27.590717315673828,5.495865821838379
2020-05-22,27.12664222717285,5.482964515686035
2020-05-25,27.034908294677734,5.573272228240967
2020-05-26,26.54924774169922,5.502316951751709
2020-05-27,27.32630157470703,6.095767021179199
2020-05-28,27.029508590698242,6.198975563049316
2020-05-29,28.599802017211914,6.6569647789001465
2020-06-01,28.82643699645996,6.676315784454346
2020-06-02,28.82643699645996,6.934338092803955
2020-06-03,28.955949783325195,6.837580680847168
2020-06-04,30.035186767578125,6.766624450683594
2020-06-05,29.468585968017578,6.856931686401367
2020-06-08,29.560321807861328,8.030930519104004
2020-06-09,29.67364501953125,7.772907733917236
2020-06-10,29.247352600097656,7.405227184295654
2020-06-12,28.815650939941406,7.011744022369385
2020-06-15,29.07466697692871,6.844029426574707
2020-06-16,29.889490127563477,7.289118766784668
2020-06-17,30.326581954956055,7.198810577392578
2020-06-18,30.310392379760742,7.514886379241943
2020-06-19,29.77076530456543,7.231063365936279
2020-06-22,29.679040908813477,7.173008441925049
2020-06-23,29.997413635253906,7.340722560882568
2020-06-24,29.889490127563477,7.147205829620361
2020-06-25,30.218658447265625,7.179458141326904
2020-06-26,30.01360321044922,6.908535003662109
2020-06-29,30.019001007080078,6.80532693862915
2020-06-30,30.17548942565918,6.889184474945068
2020-07-01,29.430816650390625,6.831129550933838
2020-07-02,29.943462371826172,7.005292892456055
2020-07-03,29.8193359375,6.908535003662109
2020-07-06,30.5262393951416,7.224613666534424
2020-07-07,30.418319702148438,7.0568976402282715
2020-07-08,30.930959701538086,7.327820301055908
2020-07-09,30.445293426513672,7.147205829620361
2020-07-10,30.742088317871094,7.243965148925781
2020-07-13,31.109031677246094,7.527787685394287
2020-07-14,33.29448699951172,7.863217353820801
2020-07-15,33.34305191040039,7.695502758026123
2020-07-16,32.4418830871582,7.540687561035156
2020-07-17,32.93832778930664,7.676149845123291
2020-07-20,32.8088264465332,7.656799793243408
2020-07-21,32.215248107910156,7.52133846282959
2020-07-22,31.967023849487305,7.618098258972168
2020-07-23,31.756576538085938,7.514886379241943
2020-07-24,31.621662139892578,7.489084720611572
2020-07-27,33.11640930175781,7.895469665527344
2020-07-28,32.560604095458984,7.934172630310059
2020-07-29,33.96900939941406,8.385710716247559
2020-07-30,33.06245422363281,8.24379825592041
2020-07-31,32.760257720947266,7.901920318603516
2020-08-03,32.51743698120117,8.398612976074219
2020-08-04,32.7548713684082,8.230896949768066
2020-08-05,33.558902740478516,8.463117599487305
2020-08-06,33.364627838134766,8.456665992736816
2020-08-07,32.619964599609375,8.3534574508667
2020-08-10,33.564292907714844,9.01141357421875
2020-08-11,32.528228759765625,8.979162216186523
2020-08-12,33.18656539916992,8.90820598602295
2020-08-13,32.566001892089844,8.83079719543457
2020-08-14,33.10561752319336,8.824348449707031
2020-08-17,33.580474853515625,8.992061614990234
2020-08-18,34.02837371826172,9.559710502624512
2020-08-19,33.66682815551758,9.604865074157715
2020-08-20,33.96900939941406,9.553258895874023
2020-08-21,33.564292907714844,9.340391159057617
2020-08-24,33.97440719604492,9.38554573059082
2020-08-25,33.251319885253906,9.572612762451172
2020-08-26,33.321468353271484,9.424248695373535
2020-08-27,32.803436279296875,9.643567085266113
2020-08-28,32.97071075439453,9.837082862854004
2020-08-31,32.20446014404297,9.811281204223633
2020-09-01,33.32685852050781,9.978996276855469
2020-09-02,33.08943176269531,9.843533515930176
2020-09-03,32.010196685791016,9.695171356201172
2020-09-04,32.64155197143555,9.656468391418457
2020-09-08,31.983213424682617,9.714523315429688
2020-09-09,32.37713623046875,10.198315620422363
2020-09-10,31.583890914916992,9.920940399169922
2020-09-11,33.42939376831055,10.32087516784668
2020-09-14,33.40781021118164,10.449886322021484
2020-09-15,33.78014373779297,10.701457023620605
2020-09-16,32.900569915771484,10.520841598510742
2020-09-17,33.499542236328125,10.791765213012695
2020-09-18,33.27289962768555,10.578897476196289
2020-09-21,32.37713623046875,10.469237327575684
2020-09-22,32.49941635131836,10.824018478393555
2020-09-23,33.2246208190918,10.39183235168457
2020-09-24,32.977264404296875,10.204764366149902
2020-09-25,33.308956146240234,10.26282024383545
2020-09-28,33.04472351074219,10.153160095214844
2020-09-29,32.8029899597168,9.882238388061523
2020-09-30,33.23023986816406,10.643403053283691
2020-10-01,33.089698791503906,10.669205665588379
2020-10-02,32.78612518310547,10.824018478393555
2020-10-05,33.500091552734375,11.430368423461914
2020-10-06,32.954776763916016,11.404566764831543
2020-10-07,33.82614517211914,11.61098575592041
2020-10-08,34.45579147338867,11.514226913452148
2020-10-09,34.630062103271484,11.456172943115234
2020-10-13,34.93363952636719,11.810949325561523
2020-10-14,35.41710662841797,11.869007110595703
2020-10-15,35.1191520690918,12.54631519317627
2020-10-16,34.98985290527344,12.597917556762695
2020-10-19,34.82682800292969,12.681775093078613
2020-10-20,34.764984130859375,13.339733123779297
2020-10-21,35.33278274536133,13.507445335388184
2020-10-22,35.473331451416016,13.49454402923584
2020-10-23,35.67008972167969,13.849324226379395
2020-10-26,35.13602066040039,13.694509506225586
2020-10-27,35.15288543701172,13.842872619628906
2020-10-28,33.87674331665039,13.33327865600586
2020-10-29,34.866172790527344,13.584853172302246
2020-10-30,34.03977966308594,13.24942398071289
2020-11-03,35.608253479003906,14.442773818969727
2020-11-04,34.61882400512695,13.829974174499512
2020-11-05,35.164127349853516,13.533248901367188
2020-11-06,35.523929595947266,13.397787094116211
2020-11-09,35.523929595947266,13.513894081115723
2020-11-10,35.507057189941406,12.907546043395996
2020-11-11,35.75441360473633,12.868842124938965
2020-11-12,35.23159408569336,12.591469764709473
2020-11-13,35.557655334472656,12.443105697631836
2020-11-16,36.496482849121094,12.739830017089844
2020-11-17,37.64895248413086,12.868842124938965
2020-11-18,37.35661315917969,12.655972480773926
2020-11-19,38.070587158203125,13.088160514831543
2020-11-23,40.07754898071289,13.771918296813965
2020-11-24,42.05080032348633,14.597586631774902
2020-11-25,42.444305419921875,14.9652681350708
2020-11-26,43.04584503173828,15.642578125
2020-11-27,44.097110748291016,15.487762451171875
2020-11-30,43.849754333496094,15.165234565734863
2020-12-01,45.67683029174805,15.455511093139648
2020-12-02,44.8841552734375,15.55226993560791
2020-12-03,44.38945007324219,14.978169441223145
2020-12-04,46.08721923828125,16.84238052368164
2020-12-07,46.63251876831055,16.93268394470215
2020-12-08,46.60441589355469,16.939136505126953
2020-12-09,46.49198532104492,16.655309677124023
2020-12-10,47.78498840332031,18.403411865234375
2020-12-11,47.7062873840332,18.222797393798828
2020-12-14,46.96982955932617,17.551939010620117
2020-12-15,47.503902435302734,18.158288955688477
2020-12-16,48.470848083496094,18.300201416015625
2020-12-17,49.02177047729492,18.977510452270508
2020-12-18,49.35908508300781,19.609663009643555
2020-12-21,48.83064270019531,19.906387329101562
2020-12-22,48.875606536865234,19.55160903930664
2020-12-23,49.11172103881836,19.906387329101562
2020-12-28,49.08361053466797,20.022499084472656
2020-12-29,48.948699951171875,20.996532440185547
2020-12-30,49.16231918334961,20.54499053955078
2021-01-04,51.41664505004883,22.041519165039062
2021-01-05,52.28240203857422,22.441452026367188
2021-01-06,53.99703598022461,23.389680862426758
2021-01-07,57.521888732910156,24.853954315185547
2021-01-08,57.34199523925781,25.002317428588867
2021-01-11,57.33074188232422,24.454023361206055
2021-01-12,55.76226806640625,24.56368064880371
2021-01-13,54.092613220214844,23.383230209350586
2021-01-14,54.98085021972656,24.11859703063965
2021-01-15,52.59158706665039,22.164081573486328
2021-01-18,53.01884841918945,22.60271644592285
2021-01-19,52.8783073425293,21.312606811523438
2021-01-20,51.900123596191406,21.35131072998047
2021-01-21,52.48478698730469,21.557727813720703
2021-01-22,52.37797546386719,21.918960571289062
2021-01-26,51.57967758178711,21.286806106567383
2021-01-27,50.14613342285156,20.719158172607422
2021-01-28,51.21426773071289,21.377111434936523
2021-01-29,49.44340896606445,19.609663009643555
2021-02-01,51.309837341308594,20.441783905029297
2021-02-02,49.28038024902344,19.738672256469727
2021-02-03,50.83760452270508,20.112804412841797
2021-02-04,50.19672393798828,20.061201095581055
2021-02-05,52.10813522338867,21.538373947143555
2021-02-08,52.850196838378906,22.325342178344727
2021-02-09,52.98511505126953,22.8671875
2021-02-10,53.238094329833984,22.183427810668945
2021-02-11,52.338619232177734,21.299707412719727
2021-02-12,52.78274154663086,21.177146911621094
2021-02-17,54.16569137573242,21.789945602416992
2021-02-18,54.75596618652344,22.035066604614258
2021-02-19,54.96398162841797,22.744626998901367
2021-02-22,53.60350799560547,23.08005714416504
2021-02-23,54.50300216674805,22.976848602294922
2021-02-24,55.053932189941406,23.963783264160156
2021-02-25,53.805908203125,22.415651321411133
2021-02-26,53.13690185546875,21.20294761657715
2021-03-01,55.413726806640625,21.91250991821289
2021-03-02,57.11712646484375,22.473703384399414
2021-03-03,56.41440200805664,22.847837448120117
2021-03-04,55.57675552368164,22.712373733520508
2021-03-05,58.873600006103516,23.867021560668945
2021-03-08,58.55635070800781,23.544498443603516
2021-03-09,57.96885299682617,22.68012046813965
2021-03-10,57.07585144042969,22.02861976623535
2021-03-11,58.573974609375,24.04764175415039
2021-03-12,57.222721099853516,24.266958236694336
2021-03-15,56.88197708129883,23.11231231689453
2021-03-16,56.699859619140625,23.83477210998535
2021-03-17,57.5164794921875,24.279857635498047
2021-03-18,56.49422836303711,23.892826080322266
2021-03-19,55.6834716796875,22.970396041870117
2021-03-22,54.76109313964844,22.576913833618164
2021-03-23,53.497962951660156,21.609329223632812
2021-03-24,54.7258415222168,21.480318069458008
2021-03-25,54.30870819091797,21.589982986450195
2021-03-26,56.12409591674805,22.667221069335938
2021-03-29,57.56349182128906,23.499343872070312
2021-03-30,57.02884292602539,23.783164978027344
2021-03-31,57.55760955810547,24.447574615478516
2021-04-01,57.216854095458984,23.738014221191406
2021-04-05,60.741851806640625,24.383068084716797
2021-04-06,59.954612731933594,25.26679229736328
2021-04-07,61.429237365722656,25.731231689453125
2021-04-08,61.39398956298828,26.511751174926758
2021-04-09,60.512733459472656,27.795408248901367
2021-04-12,60.747737884521484,28.305002212524414
2021-04-13,60.85348129272461,29.079065322875977
2021-04-14,62.86275863647461,30.001489639282227
2021-04-15,63.57362747192383,30.349822998046875
2021-04-16,63.84387969970703,30.962629318237305
2021-04-19,63.29163360595703,30.594942092895508
2021-04-20,62.36925506591797,30.098247528076172
2021-04-22,62.41038131713867,31.427061080932617
2021-04-23,63.444374084472656,31.627029418945312
2021-04-26,63.78512191772461,33.23322296142578
2021-04-27,64.69575500488281,32.89133834838867
2021-04-28,65.75326538085938,33.1364631652832
2021-04-29,65.7708740234375,32.40755081176758
2021-04-30,64.04949188232422,31.730241775512695
2021-05-03,63.72051239013672,31.26148223876953
2021-05-04,64.68399810791016,31.47067642211914
2021-05-05,65.04238891601562,32.48395919799805
2021-05-06,67.5921401977539,33.013484954833984
2021-05-07,67.8271484375,33.098472595214844
2021-05-10,67.38064575195312,33.170379638671875
2021-05-11,69.7482681274414,33.84372329711914
2021-05-12,67.16914367675781,32.30744934082031
2021-05-13,66.08814239501953,31.333389282226562
2021-05-14,64.95425415039062,30.725421905517578
2021-05-17,66.65801239013672,31.647180557250977
2021-05-18,67.32776641845703,32.170169830322266
2021-05-19,65.94713592529297,30.888851165771484
2021-05-20,65.27739715576172,30.85616683959961
2021-05-21,64.27275085449219,29.875572204589844
2021-05-24,64.49600219726562,29.56831169128418
2021-05-25,62.89212417602539,28.862281799316406
2021-05-26,64.74275207519531,29.365657806396484
2021-05-27,65.20687866210938,29.39180564880371
2021-05-28,65.55937957763672,29.18260955810547
2021-05-31,67.43352508544922,29.365657806396484
2021-06-01,66.50526428222656,30.99344825744629
2021-06-02,67.44526672363281,30.45738983154297
2021-06-04,66.3290023803711,29.82326889038086
2021-06-07,65.6827621459961,28.940732955932617
2021-06-08,64.5782470703125,28.633474349975586
2021-06-09,65.91776275634766,29.274131774902344
2021-06-10,65.70037841796875,29.306825637817383
2021-06-11,67.17501831054688,29.744823455810547
2021-06-14,66.81076049804688,29.49639892578125
2021-06-15,65.50650787353516,29.091089248657227
2021-06-16,63.53837585449219,27.71825408935547
2021-06-17,62.21649169921875,26.34541130065918
2021-06-18,64.09061431884766,27.06451988220215
2021-06-21,64.68989562988281,27.482908248901367
2021-06-22,65.44776916503906,27.7901611328125
2021-06-23,66.42887878417969,28.22162628173828
2021-06-24,66.51854705810547,29.15645980834961
2021-06-25,67.33931732177734,28.47003936767578
2021-06-28,66.26092529296875,28.064729690551758
2021-06-29,67.40522766113281,29.21529769897461
2021-06-30,67.84856414794922,28.757686614990234
2021-07-01,66.66832733154297,28.3915958404541
2021-07-02,68.04627990722656,29.463716506958008
2021-07-05,67.8006362915039,29.78404426574707
2021-07-06,68.16010284423828,29.149930953979492
2021-07-07,68.35780334472656,30.15667152404785
2021-07-08,68.09420013427734,28.82305908203125
2021-07-12,68.9389419555664,30.601213455200195
2021-07-13,69.34632110595703,30.908466339111328
2021-07-14,68.96887969970703,29.679452896118164
2021-07-15,69.1845703125,30.267807006835938
2021-07-16,67.93843841552734,29.22183609008789
2021-07-19,67.19554138183594,28.8295955657959
2021-07-20,67.75869750976562,29.13684844970703
2021-07-21,68.53752899169922,29.78404426574707
2021-07-22,68.71725463867188,30.006317138671875
2021-07-23,68.36978149414062,29.90172004699707
2021-07-26,69.8555679321289,30.96076774597168
2021-07-27,68.4057388305664,30.646968841552734
2021-07-28,70.27494812011719,29.79058265686035
2021-07-29,69.23848724365234,31.464139938354492
2021-07-30,65.15859985351562,30.561988830566406
2021-08-02,65.26043701171875,30.130596160888672
2021-08-03,67.48311614990234,30.20451545715332
2021-08-04,67.41122436523438,30.527055740356445
2021-08-05,65.35030364990234,29.317529678344727
2021-08-06,65.72174072265625,29.176416397094727
2021-08-09,65.30836486816406,29.115942001342773
2021-08-10,65.93741607666016,29.425037384033203
2021-08-11,65.46411895751953,29.633344650268555
2021-08-12,65.42218017578125,29.310806274414062
2021-08-13,64.88299560546875,28.632131576538086
2021-08-16,65.18254852294922,27.8526611328125
2021-08-17,64.10417175292969,27.012714385986328
2021-08-18,61.9533805847168,26.38779067993164
2021-08-19,58.41867446899414,24.862445831298828
2021-08-20,58.44263458251953,24.82213020324707
2021-08-23,57.63383102416992,24.61382484436035
2021-08-24,59.7366828918457,25.93086051940918
2021-08-25,59.61088180541992,25.332815170288086
2021-08-26,58.85002136230469,24.566783905029297
2021-08-27,60.32381820678711,25.16482925415039
2021-08-30,59.94039535522461,24.654136657714844
2021-08-31,59.11961364746094,23.424455642700195
2021-09-01,59.221458435058594,23.437898635864258
2021-09-02,59.03575134277344,22.994403839111328
2021-09-03,59.077674865722656,23.390859603881836
2021-09-06,58.149070739746094,22.94736671447754
2021-09-08,56.93888854980469,22.315725326538086
2021-09-09,56.73517608642578,22.98096466064453
2021-09-10,56.80108642578125,22.6785831451416
2021-09-13,56.7711181640625,22.584510803222656
2021-09-14,56.369728088378906,22.261966705322266
2021-09-15,54.961830139160156,22.403079986572266
2021-09-16,52.67924499511719,21.01884651184082
2021-09-17,51.61283493041992,20.02434730529785
2021-09-20,49.575889587402344,19.406145095825195
2021-09-21,50.396663665771484,19.332231521606445
2021-09-22,52.1879768371582,19.70853042602539
2021-09-23,52.186161041259766,20.232656478881836
2021-09-24,51.37932205200195,19.506940841674805
2021-09-27,52.11341094970703,20.138580322265625
2021-09-28,49.50111389160156,18.559480667114258
2021-09-29,50.12939453125,18.734188079833984
2021-09-30,50.420372009277344,19.305355072021484
2021-10-01,50.39392852783203,19.634611129760742
2021-10-04,49.924373626708984,18.653554916381836
2021-10-05,49.5672492980957,18.714031219482422
2021-10-06,50.96266555786133,18.693870544433594
2021-10-07,52.483760833740234,18.45868492126465
2021-10-08,52.807804107666016,19.02985191345215
2021-10-11,53.97837829589844,18.89546012878418
2021-10-13,52.377933502197266,18.45868492126465
2021-10-14,52.377933502197266,18.19662094116211
2021-10-15,53.35672378540039,18.539321899414062
2021-10-18,52.85409927368164,17.773290634155273
2021-10-19,52.245662689208984,17.249162673950195
2021-10-20,50.70475387573242,17.215564727783203
2021-10-21,49.706138610839844,16.845985412597656
2021-10-22,50.3145637512207,16.859426498413086
2021-10-25,50.92300033569336,17.538103103637695
2021-10-26,50.38069534301758,16.415935516357422
2021-10-27,49.23658752441406,16.462970733642578
2021-10-28,48.740570068359375,16.153871536254883
2021-10-29,47.3583869934082,15.307204246520996
2021-11-01,47.82793045043945,15.555829048156738
2021-11-03,44.19718933105469,14.843551635742188
2021-11-04,43.694576263427734,14.332863807678223
2021-11-05,42.39835739135742,14.272388458251953
2021-11-08,44.706424713134766,14.574769020080566
2021-11-09,43.60860824584961,14.319424629211426
2021-11-10,43.44327163696289,14.225351333618164
2021-11-11,44.97757339477539,15.287042617797852
2021-11-12,45.16935729980469,15.07873821258545
2021-11-16,43.86652755737305,14.185033798217773
2021-11-17,42.9869499206543,14.064079284667969
2021-11-18,41.22117614746094,13.31148624420166
2021-11-19,42.3454475402832,14.373183250427246
2021-11-22,44.69981002807617,14.648682594299316
2021-11-23,45.876991271972656,15.152653694152832
2021-11-24,46.941749572753906,15.401278495788574
2021-11-25,46.624298095703125,15.743973731994629
2021-11-26,45.39421081542969,14.971222877502441
2021-11-29,45.96295928955078,15.145936012268066
2021-11-30,46.26056671142578,14.621806144714355
2021-12-01,46.44574737548828,14.507574081420898
2021-12-02,48.6016960144043,15.838048934936523
2021-12-03,47.530338287353516,15.643181800842285
2021-12-06,50.109554290771484,16.214345932006836
2021-12-07,50.47990036010742,16.402496337890625
2021-12-08,50.102935791015625,16.194189071655273
2021-12-09,49.7193603515625,16.436092376708984
2021-12-10,50.03019714355469,16.382333755493164
2021-12-13,51.49174499511719,16.630962371826172
2021-12-14,51.48513412475586,16.382333755493164
2021-12-15,51.19415283203125,16.362178802490234
2021-12-16,53.197994232177734,17.34995460510254
2021-12-17,52.35810852050781,17.114768981933594
2021-12-20,51.76951599121094,15.932122230529785
2021-12-21,53.131874084472656,16.691436767578125
2021-12-22,52.85409927368164,16.637680053710938
2021-12-23,52.344871520996094,16.56376838684082
2021-12-27,52.21260452270508,16.74519157409668
2021-12-28,50.95606994628906,16.76535415649414
2021-12-29,51.08833694458008,16.825828552246094
2021-12-30,51.55788803100586,16.792232513427734
2022-01-03,51.58433532714844,16.469688415527344
2022-01-04,50.97590255737305,16.221067428588867
2022-01-05,51.458675384521484,15.87664794921875
2022-01-06,52.49698257446289,15.67344856262207
2022-01-07,55.552364349365234,16.337234497070312
2022-01-10,54.891029357910156,16.879098892211914
2022-01-11,55.935943603515625,16.838459014892578
2022-01-12,56.544376373291016,17.800270080566406
2022-01-13,55.68463134765625,17.73253631591797
2022-01-14,56.00868606567383,17.42096519470215
2022-01-17,55.71769714355469,17.02811050415039
2022-01-18,57.080055236816406,17.4683780670166
2022-01-19,58.33659744262695,17.92896270751953
2022-01-20,57.34458923339844,17.847681045532227
2022-01-21,56.1541862487793,17.4412841796875
2022-01-24,55.46638870239258,17.569978713989258
2022-01-25,55.592044830322266,17.21099090576172
2022-01-26,55.75075912475586,17.61061668395996
2022-01-27,55.87641143798828,17.73253631591797
2022-01-28,55.32750701904297,17.387096405029297
2022-01-31,53.48237609863281,17.29904556274414
2022-02-01,56.418704986572266,18.172801971435547
2022-02-02,56.73616027832031,18.260854721069336
2022-02-03,56.70969772338867,17.956056594848633
2022-02-04,58.197715759277344,18.037334442138672
2022-02-07,59.606361389160156,18.606294631958008
2022-02-08,60.43963623046875,18.85690689086914
2022-02-09,60.4528694152832,19.08719825744629
2022-02-10,62.07978439331055,19.107519149780273
2022-02-11,60.82322692871094,18.836585998535156
2022-02-14,60.558677673339844,18.789175033569336
2022-02-15,58.759849548339844,17.881547927856445
2022-02-16,59.18971633911133,17.956056594848633
2022-02-17,56.643577575683594,16.906190872192383
2022-02-18,56.76261520385742,16.68944549560547
2022-02-21,56.808895111083984,16.757177352905273
2022-02-22,57.79429244995117,16.872323989868164
2022-02-23,57.185855865478516,16.052757263183594
2022-02-24,57.893497467041016,15.91728687286377
2022-02-25,61.02824020385742,17.001020431518555
2022-03-02,65.90229797363281,18.376001358032227
2022-03-03,65.93536376953125,19.297170639038086
2022-03-04,67.43659973144531,19.64261245727539
2022-03-07,69.48674774169922,19.601972579956055
2022-03-08,66.43797302246094,18.660478591918945
2022-03-09,64.68621826171875,18.94495964050293
2022-03-10,66.82205200195312,18.62661361694336
2022-03-11,66.47180938720703,17.52933692932129
2022-03-14,62.90750503540039,16.506567001342773
2022-03-15,61.101314544677734,15.815689086914062
2022-03-16,62.58472442626953,16.188220977783203
2022-03-17,64.76176452636719,17.475147247314453
2022-03-18,65.9910659790039,17.39387321472168
2022-03-21,67.85906219482422,17.840909957885742
2022-03-22,66.34132385253906,17.603843688964844
2022-03-23,66.23828887939453,17.766403198242188
2022-03-24,66.5542221069336,18.084747314453125
2022-03-25,65.40045928955078,18.003467559814453
2022-03-28,65.47599792480469,17.79349708557129
2022-03-29,64.912841796875,17.637710571289062
2022-03-30,65.83998107910156,18.07120132446289
2022-03-31,65.65454864501953,17.630935668945312
2022-04-01,66.58855438232422,17.712215423583984
2022-04-04,67.26158905029297,17.90186882019043
2022-04-05,65.31803894042969,17.4412841796875
2022-04-06,66.3069839477539,16.95360565185547
2022-04-07,66.7052993774414,17.048431396484375
2022-04-08,65.34551239013672,17.427736282348633
2022-04-11,64.55573272705078,17.271949768066406
2022-04-12,64.1230697631836,17.42096519470215
2022-04-13,64.14366912841797,17.820589065551758
2022-04-14,63.24401092529297,17.231311798095703
2022-04-18,62.20013427734375,16.763952255249023
2022-04-19,60.21538543701172,16.838459014892578
2022-04-20,58.64957046508789,16.147579193115234
2022-04-22,55.25009536743164,14.908065795898438
2022-04-25,54.30923080444336,14.515213966369629
2022-04-26,53.56752395629883,13.600814819335938
2022-04-27,56.43132781982422,14.223958969116211
2022-04-28,57.8254508972168,14.542305946350098
2022-04-29,57.200504302978516,14.271371841430664
2022-05-02,56.94639205932617,14.020500183105469
2022-05-03,56.657955169677734,14.643475532531738
2022-05-04,56.1840934753418,15.028461456298828
2022-05-05,55.16768264770508,14.139495849609375
2022-05-06,54.7762336730957,13.978498458862305
2022-05-09,52.5305061340332,13.34852123260498
2022-05-10,51.878089904785156,12.571548461914062
2022-05-11,54.04138946533203,12.774541854858398
2022-05-12,53.49885177612305,12.067567825317383
2022-05-13,53.437034606933594,12.543549537658691
2022-05-16,55.03719711303711,12.879538536071777
2022-05-17,54.8036994934082,13.103530883789062
2022-05-18,53.41643142700195,12.340556144714355
2022-05-19,54.838035583496094,13.229525566101074
2022-05-20,55.80636978149414,13.887503623962402
2022-05-23,56.94639205932617,14.440483093261719
2022-05-24,57.71556854248047,14.671472549438477
2022-05-25,57.89413070678711,14.69947338104248
2022-05-26,57.859798431396484,15.140457153320312
2022-05-27,58.86933898925781,15.609439849853516
2022-05-30,59.508018493652344,15.518444061279297
2022-05-31,59.205848693847656,15.28745174407959
2022-06-01,60.599979400634766,15.525445938110352
2022-06-02,61.740020751953125,16.07142448425293
2022-06-03,60.75106430053711,15.959427833557129
2022-06-06,60.81287384033203,15.39944839477539
2022-06-07,62.234466552734375,15.490446090698242
2022-06-08,60.09177780151367,14.727474212646484
2022-06-09,58.058956146240234,13.747507095336914
2022-06-10,58.07269287109375,13.740506172180176
2022-06-13,56.2321662902832,12.907538414001465
2022-06-14,56.12228012084961,12.690545082092285
2022-06-15,56.087947845458984,12.557550430297852
2022-06-17,53.16233825683594,11.91357421875
2022-06-20,51.85061264038086,11.794578552246094
2022-06-21,52.19400405883789,11.71757984161377
2022-06-22,51.74760055541992,11.178600311279297
2022-06-23,49.859004974365234,10.954607009887695
2022-06-24,51.24626541137695,11.521586418151855
2022-06-27,53.60186767578125,11.87857437133789
2022-06-28,54.56333923339844,11.948572158813477
2022-06-29,54.11006546020508,11.549586296081543
2022-06-30,52.578582763671875,10.807612419128418
2022-07-01,51.575904846191406,10.555622100830078
2022-07-04,51.28059768676758,10.450626373291016
2022-07-05,51.026493072509766,10.261631965637207
2022-07-06,51.507240295410156,10.31762981414795
2022-07-07,53.00436782836914,10.863611221313477
2022-07-08,51.781944274902344,10.534623146057129
2022-07-11,50.016963958740234,10.002641677856445
2022-07-12,50.16804885864258,9.967642784118652
2022-07-13,49.99635696411133,10.058639526367188
2022-07-14,46.665557861328125,9.414663314819336
2022-07-15,46.95399475097656,9.687652587890625
2022-07-18,47.20123291015625,9.806648254394531
2022-07-19,47.30424118041992,10.037640571594238
2022-07-20,46.28096389770508,10.100637435913086
2022-07-21,47.091346740722656,10.121637344360352
2022-07-22,47.5308723449707,10.086638450622559
2022-07-25,48.409934997558594,10.17763614654541
2022-07-26,48.320655822753906,10.051640510559082
2022-07-27,48.4305305480957,10.261631965637207
2022-07-28,48.547279357910156,10.38062858581543
2022-07-29,47.901729583740234,10.296631813049316
2022-08-01,46.75483322143555,9.890645980834961
2022-08-02,48.24510955810547,10.051640510559082
2022-08-03,46.37024688720703,9.911643981933594
2022-08-04,46.10240173339844,10.492623329162598
2022-08-05,46.69989776611328,10.772614479064941
2022-08-08,47.098209381103516,10.681618690490723
2022-08-09,48.07341384887695,10.807612419128418
2022-08-10,48.107765197753906,11.010604858398438
2022-08-11,49.7834587097168,11.332594871520996
2022-08-12,50.420623779296875,11.68258285522461
2022-08-15,49.33708190917969,11.150601387023926
2022-08-16,50.4350700378418,11.19959831237793
2022-08-17,49.286521911621094,11.388592720031738
2022-08-18,48.918121337890625,11.073602676391602
2022-08-19,48.369117736816406,10.758615493774414
2022-08-22,47.66121292114258,10.401626586914062
2022-08-23,50.716773986816406,11.367592811584473
2022-08-24,49.084259033203125,11.16460132598877
2022-08-25,50.037757873535156,11.171600341796875
2022-08-26,49.286521911621094,10.506623268127441
2022-08-29,48.3330078125,10.149637222290039
2022-08-30,46.93162536621094,9.827648162841797
2022-08-31,46.59211730957031,9.659655570983887
2022-09-01,46.1514778137207,9.498659133911133
2022-09-02,45.450801849365234,9.393662452697754
2022-09-05,47.11221694946289,9.582655906677246
2022-09-06,45.9925651550293,9.23266887664795
2022-09-08,46.59934616088867,9.071674346923828
2022-09-09,50.24003601074219,9.876646995544434
2022-09-12,50.68067169189453,9.946643829345703
2022-09-13,49.300960540771484,9.477660179138184
2022-09-14,48.39801788330078,9.106674194335938
2022-09-15,49.373199462890625,9.050676345825195
2022-09-16,49.300960540771484,9.169672012329102
2022-09-19,50.89738082885742,9.540658950805664
2022-09-20,50.16779708862305,9.169672012329102
2022-09-21,49.445438385009766,8.763686180114746
2022-09-22,50.57954025268555,9.085674285888672
2022-09-23,49.53212356567383,8.980677604675293
2022-09-26,49.640480041503906,8.623690605163574
2022-09-27,48.90365982055664,8.469696998596191
2022-09-28,49.365966796875,8.546693801879883
2022-09-29,49.430992126464844,8.427699089050293
2022-09-30,52.03870391845703,8.903681755065918
2022-10-03,53.454524993896484,9.274667739868164
2022-10-04,54.74755859375,9.729650497436523
2022-10-05,55.592708587646484,10.016640663146973
2022-10-06,54.343040466308594,10.023641586303711
2022-10-07,54.5452880859375,10.009641647338867
2022-10-10,53.44730758666992,9.771650314331055
2022-10-11,53.08610916137695,9.645654678344727
2022-10-13,52.13983154296875,9.575657844543457
2022-10-14,50.44229507446289,9.00867748260498
2022-10-17,51.236881256103516,8.945679664611816
2022-10-18,51.98091125488281,9.211669921875
2022-10-19,51.36690902709961,9.00867748260498
2022-10-20,52.024253845214844,9.3656644821167
2022-10-21,53.54842758178711,9.93264389038086
2022-10-24,51.95924377441406,9.127673149108887
2022-10-25,51.95924377441406,9.043676376342773
2022-10-26,53.11500930786133,9.19067096710205
2022-10-27,51.22244644165039,9.14167308807373
2022-10-28,48.723079681396484,8.616692543029785
2022-10-31,48.49191665649414,8.595690727233887
2022-11-01,49.965538024902344,8.994677543640137
2022-11-03,48.506370544433594,8.945679664611816
2022-11-04,52.19040298461914,9.512659072875977
2022-11-07,51.9159049987793,9.19067096710205
2022-11-08,53.49064636230469,9.498659133911133
2022-11-09,52.840518951416016,9.3656644821167
2022-11-10,53.85182571411133,9.24666976928711
2022-11-11,59.45010757446289,10.800613403320312
2022-11-14,60.17967987060547,10.464625358581543
2022-11-16,59.551231384277344,10.34562873840332
2022-11-17,60.02798843383789,10.226633071899414
2022-11-18,58.38822937011719,9.86264705657959
2022-11-21,57.73088836669922,9.750650405883789
2022-11-22,57.889808654785156,10.09363842010498
2022-11-23,58.46046829223633,10.11463737487793
2022-11-24,58.83610534667969,10.408628463745117
2022-11-25,58.43880081176758,10.492623329162598
2022-11-28,58.727745056152344,10.0515775680542
2022-11-29,60.99595260620117,10.902504920959473
2022-11-30,61.913352966308594,11.031664848327637
2022-12-01,62.25285720825195,10.887309074401855
2022-12-02,62.70072555541992,11.024066925048828
2022-12-05,62.63570785522461,11.039260864257812
2022-12-06,63.54587173461914,11.16841983795166
2022-12-07,61.284889221191406,10.955687522888184
2022-12-08,62.03614044189453,10.697370529174805
2022-12-09,64.1020736694336,11.251993179321289
2022-12-12,62.18782424926758,10.910102844238281
2022-12-13,62.450233459472656,10.54542064666748
2022-12-14,62.97934341430664,10.910102844238281
2022-12-15,63.18230438232422,10.659383773803711
2022-12-16,62.1023063659668,10.568211555480957
2022-12-19,61.877620697021484,10.355480194091797
2022-12-20,62.15306854248047,10.758151054382324
2022-12-21,62.50821304321289,10.818931579589844
2022-12-22,62.15306854248047,10.811334609985352
2022-12-23,62.56620407104492,10.568211555480957
2022-12-26,63.138816833496094,10.742956161499023
2022-12-27,64.64643859863281,10.986078262329102
2022-12-28,64.50145721435547,11.236797332763672
2022-12-29,64.4217300415039,11.463601112365723
2023-01-02,64.79864501953125,11.597539901733398
2023-01-03,64.68266296386719,11.463601112365723
2023-01-04,64.79864501953125,11.55026626586914
2023-01-05,65.88585662841797,12.314506530761719
2023-01-06,66.92961120605469,12.818748474121094
2023-01-09,67.00208282470703,12.87389850616455
2023-01-10,67.828369140625,13.488443374633789
2023-01-11,67.58917999267578,13.512078285217285
2023-01-12,67.9443359375,13.338746070861816
2023-01-13,68.00232696533203,13.307230949401855
2023-01-16,66.86436462402344,13.086627006530762
2023-01-17,66.77738952636719,13.220564842224121
2023-01-18,67.6544189453125,13.638138771057129
2023-01-19,67.9443359375,13.716926574707031
2023-01-20,68.12554168701172,14.047835350036621
2023-01-23,68.35025787353516,14.142380714416504
2023-01-24,69.07506561279297,13.8902587890625
2023-01-25,69.72737884521484,13.874502182006836
2023-01-26,71.03205871582031,14.489046096801758
2023-01-27,69.08955383300781,14.339349746704102
2023-01-30,68.84312438964844,14.418136596679688
2023-01-31,68.5024642944336,14.575713157653809
2023-02-01,67.74139404296875,14.58359146118164
2023-02-02,64.61018371582031,13.787836074829102
2023-02-03,64.47246551513672,13.8902587890625
2023-02-06,63.66792297363281,13.606624603271484
2023-02-07,64.08831787109375,13.622382164001465
2023-02-08,64.30577087402344,13.638138771057129
2023-02-09,64.06656646728516,13.46480655670166
2023-02-10,62.91411209106445,13.441169738769531
2023-02-13,62.848880767822266,13.386018753051758
2023-02-14,63.131553649902344,13.425413131713867
2023-02-15,64.50870513916016,13.921774864196777
2023-02-16,64.64643859863281,14.15025806427002
2023-02-17,63.80562973022461,13.709047317504883
2023-02-22,63.320011138916016,13.669654846191406
2023-02-23,63.0228157043457,13.732686042785645
2023-02-24,61.638431549072266,13.015717506408691
2023-02-27,61.638431549072266,13.181170463562012
2023-02-28,61.84138488769531,13.133898735046387
2023-03-01,64.65367889404297,14.134501457214355
2023-03-02,64.50870513916016,14.00056266784668
2023-03-03,64.72615051269531,14.370863914489746
2023-03-06,62.442989349365234,13.819352149963379
2023-03-07,61.8486328125,13.63025951385498
2023-03-08,62.41399383544922,14.173894882202148
2023-03-09,61.59495162963867,13.031475067138672
2023-03-10,61.39200210571289,12.542990684509277
2023-03-13,61.64567947387695,12.653292655944824
2023-03-14,62.20690155029297,12.385415077209473
2023-03-15,60.33283233642578,11.636934280395508
2023-03-16,60.55507278442383,11.64481258392334
2023-03-17,61.28097152709961,11.502994537353516
2023-03-20,61.78468322753906,11.290266990661621
2023-03-21,61.26616668701172,11.148448944091797
2023-03-22,60.503211975097656,11.219358444213867
2023-03-23,58.947662353515625,10.864814758300781
2023-03-24,58.273590087890625,10.8490571975708
2023-03-27,58.17730712890625,10.912087440490723
2023-03-28,58.792110443115234,11.361176490783691
2023-03-29,59.63655090332031,11.597539901733398
2023-03-30,60.60691833496094,12.2278413772583
2023-03-31,59.47358703613281,12.164811134338379
2023-04-03,59.4884033203125,11.896932601928711
2023-04-04,57.80693435668945,11.715720176696777
2023-04-05,56.9550895690918,11.581782341003418
2023-04-06,56.851383209228516,11.479357719421387
2023-04-10,57.94767761230469,11.912691116333008
2023-04-11,61.00690841674805,12.739960670471191
2023-04-12,59.703208923339844,12.629658699035645
2023-04-13,58.89582061767578,12.322385787963867
2023-04-14,58.377296447753906,11.416327476501465
2023-04-17,57.6810188293457,11.566024780273438
2023-04-18,58.17730712890625,11.786630630493164
2023-04-19,56.48101806640625,11.502994537353516
2023-04-20,55.303253173828125,11.447842597961426
2023-04-24,53.30326461791992,11.069663047790527
2023-04-25,51.8514289855957,10.786026000976562
2023-04-26,52.051422119140625,10.683603286743164
2023-04-27,53.155120849609375,10.904208183288574
2023-04-28,53.629188537597656,11.195722579956055
2023-05-02,51.51069259643555,10.960577964782715
2023-05-03,51.11069107055664,11.081212043762207
2023-05-04,49.5255241394043,10.391867637634277
2023-05-05,51.14031982421875,11.124296188354492
2023-05-08,51.82920837402344,11.408651351928711
2023-05-09,52.3625373840332,11.425884246826172
2023-05-10,51.377357482910156,11.210464477539062
2023-05-11,50.37736511230469,11.038127899169922
2023-05-12,50.42921447753906,10.995043754577637
2023-05-15,51.15513610839844,11.201847076416016
2023-05-16,50.10328674316406,10.934725761413574
2023-05-17,51.76253890991211,11.408651351928711
2023-05-18,51.836612701416016,11.477584838867188
2023-05-19,51.26625061035156,11.54651927947998
2023-05-22,50.444026947021484,11.54651927947998
2023-05-23,49.30329513549805,11.296631813049316
2023-05-24,48.18479537963867,10.865792274475098
2023-05-25,48.03664016723633,10.615903854370117
2023-05-26,49.132930755615234,10.762391090393066
2023-05-29,48.7625617980957,10.745158195495605
2023-05-30,47.61442184448242,10.340167045593262
2023-05-31,47.26628112792969,10.4694185256958
2023-06-01,48.26626968383789,10.52973747253418
2023-06-02,50.32551193237305,11.046744346618652
2023-06-05,49.910701751708984,11.150146484375
2023-06-06,50.073665618896484,11.382800102233887
2023-06-07,50.86625289916992,11.124296188354492
2023-06-09,50.63661575317383,11.219080924987793
2023-06-12,49.718109130859375,10.917492866516113
2023-06-13,50.24403381347656,10.857175827026367
2023-06-14,51.12550354003906,11.262164115905762
2023-06-15,51.52550506591797,11.39141845703125
2023-06-16,51.60698318481445,11.563753128051758
2023-06-19,51.40699005126953,11.563753128051758
2023-06-20,50.08107376098633,11.305249214172363
2023-06-21,49.57737350463867,11.253548622131348
2023-06-22,49.310707092285156,11.081212043762207
2023-06-23,48.814414978027344,11.0553617477417
2023-06-26,48.918121337890625,11.184614181518555
2023-06-27,49.503299713134766,11.279398918151855
2023-06-28,47.94035339355469,11.012276649475098
2023-06-29,48.5255241394043,11.14153003692627
2023-06-30,47.56998062133789,10.45218563079834
2023-07-03,49.05886459350586,10.607287406921387
2023-07-04,48.814414978027344,10.615903854370117
2023-07-05,48.38478469848633,10.633138656616211
2023-07-06,48.03664016723633,10.478035926818848
2023-07-07,48.488494873046875,10.960577964782715
2023-07-10,47.74775695800781,10.598670959472656
2023-07-11,49.318115234375,10.676222801208496
2023-07-12,49.666263580322266,10.822708129882812
2023-07-13,50.821807861328125,11.175997734069824
2023-07-14,50.821807861328125,11.107063293457031
2023-07-17,50.25884246826172,11.098445892333984
2023-07-18,49.940330505371094,11.046744346618652
2023-07-19,49.807003021240234,10.943343162536621
2023-07-20,49.91810989379883,10.92611026763916
2023-07-21,50.22180938720703,10.960577964782715
2023-07-24,51.74031448364258,11.2449312210083
2023-07-25,53.34031677246094,11.908424377441406
2023-07-26,53.155120849609375,12.0204439163208
2023-07-27,52.16253662109375,11.856724739074707
2023-07-28,50.09588623046875,11.598220825195312
2023-07-31,51.22921371459961,11.9256591796875
2023-08-01,50.51810073852539,11.805023193359375
2023-08-02,49.695884704589844,11.46035099029541
2023-08-03,50.00699996948242,11.296631813049316
2023-08-04,50.044036865234375,11.132913589477539
2023-08-07,50.2958869934082,11.089829444885254
2023-08-08,49.9699592590332,10.977810859680176
2023-08-09,49.51811599731445,10.84855842590332
2023-08-10,48.932926177978516,10.779623985290527
2023-08-11,48.5255241394043,10.736540794372559
2023-08-14,47.23475646972656,10.59005355834961
2023-08-15,46.7692756652832,10.52112102508545
2023-08-16,46.58613586425781,10.4694185256958
2023-08-17,47.24238967895508,10.3746337890625
2023-08-18,46.71586227416992,10.52973747253418
2023-08-21,46.77690887451172,10.478035926818848
2023-08-22,47.7536506652832,10.54697036743164
2023-08-23,48.10466766357422,10.564203262329102
2023-08-24,47.463680267333984,10.322933197021484
2023-08-25,47.36448287963867,10.253998756408691
2023-08-28,48.04362487792969,10.297082901000977
2023-08-29,49.577415466308594,10.486652374267578
2023-08-30,49.585044860839844,10.54697036743164
2023-08-31,49.66135787963867,10.434951782226562
2023-09-01,52.568695068359375,10.607287406921387
2023-09-04,52.95787048339844,10.857175827026367
2023-09-05,52.72894287109375,10.676222801208496
2023-09-06,51.88191604614258,10.486652374267578
2023-09-08,50.905181884765625,10.2798490524292
2023-09-11,51.637733459472656,10.45218563079834
2023-09-12,51.599586486816406,10.4694185256958
2023-09-13,51.40118408203125,10.38325023651123
2023-09-14,53.507293701171875,10.762391090393066
2023-09-15,53.064701080322266,10.702073097229004
2023-09-18,52.4389762878418,10.66760540008545
2023-09-19,52.53816604614258,10.693455696105957
2023-09-20,52.889183044433594,10.693455696105957
2023-09-21,51.50800704956055,10.53835391998291
2023-09-22,51.889556884765625,10.426335334777832
2023-09-25,50.82123947143555,10.38325023651123
2023-09-26,50.02763366699219,10.340167045593262
2023-09-27,50.134464263916016,10.2798490524292
2023-09-28,50.89754867553711,10.366016387939453
2023-09-29,51.56905746459961,10.460803031921387
2023-10-02,51.11884307861328,10.357400894165039
2023-10-03,50.80597686767578,10.167830467224121
2023-10-04,50.26419448852539,9.961027145385742
2023-10-05,50.28708267211914,9.874859809875488
2023-10-06,51.01964569091797,9.917943000793457
2023-10-09,50.65336227416992,9.823158264160156
2023-10-10,50.958595275878906,10.012728691101074
2023-10-11,51.40118408203125,10.141980171203613
2023-10-13,50.813602447509766,10.029962539672852
2023-10-16,51.35539627075195,10.047195434570312
2023-10-17,51.77508544921875,10.038578033447266
2023-10-18,49.87501907348633,9.736989974975586
2023-10-19,49.15772247314453,9.6939058303833
2023-10-20,47.82996368408203,9.37508487701416
2023-10-23,47.7383918762207,9.435402870178223
2023-10-24,48.82959747314453,9.59050464630127
2023-10-25,48.7838134765625,9.51295280456543
2023-10-26,49.8292350769043,9.728373527526855
2023-10-27,51.561424255371094,9.797307968139648
2023-10-30,52.02690887451172,9.909326553344727
2023-10-31,52.65263366699219,10.133363723754883
2023-11-01,53.659908294677734,10.31431770324707
2023-11-03,54.3314094543457,10.917492866516113
2023-11-06,54.560340881347656,10.92611026763916
2023-11-07,53.47676467895508,10.943343162536621
2023-11-08,53.514915466308594,10.943343162536621
2023-11-09,53.77436828613281,10.788240432739258
2023-11-10,54.59849548339844,10.917492866516113
2023-11-13,54.48403549194336,10.891642570495605
2023-11-14,56.17043685913086,11.839491844177246
2023-11-16,56.54435348510742,12.658087730407715
2023-11-17,56.651180267333984,12.804573059082031
2023-11-20,58.03999710083008,14.019543647766113
2023-11-21,59.444068908691406,14.139431953430176
2023-11-22,58.878997802734375,14.4644775390625
2023-11-23,58.50928497314453,14.247780799865723
2023-11-24,58.01371383666992,14.103316307067871
2023-11-27,57.66758728027344,14.446418762207031
2023-11-28,57.793453216552734,14.599912643432617
2023-11-29,57.77772521972656,14.708261489868164
2023-11-30,58.092369079589844,14.825637817382812
2023-12-01,59.170047760009766,15.493783950805664
2023-12-04,57.84064865112305,15.35835075378418
2023-12-05,57.30574417114258,15.511842727661133
2023-12-06,56.928165435791016,15.466696739196777
2023-12-07,57.10908889770508,15.322232246398926
2023-12-08,57.26641082763672,15.529902458190918
2023-12-11,57.313621520996094,15.475726127624512
2023-12-12,57.415870666503906,15.484755516052246
2023-12-13,57.42374801635742,15.818829536437988
2023-12-14,57.7383918762207,15.900091171264648
2023-12-15,58.10023880004883,16.279308319091797
2023-12-18,58.375553131103516,16.730758666992188
2023-12-19,58.784603118896484,16.884252548217773
2023-12-20,58.59580993652344,16.59532356262207
2023-12-21,60.54664993286133,17.200265884399414
2023-12-22,60.09040451049805,17.25444221496582
2023-12-26,60.302799224853516,17.480167388916016
2023-12-27,60.88489532470703,17.615602493286133
2023-12-28,60.727569580078125,17.751035690307617
2024-01-02,60.60957717895508,17.525312423706055
2024-01-03,60.2949333190918,17.678804397583008
2024-01-04,59.48470687866211,17.416963577270508
2024-01-05,58.721675872802734,17.37181854248047
2024-01-08,58.422752380371094,17.380847930908203
2024-01-09,57.683326721191406,16.604351043701172
2024-01-10,56.81803894042969,16.170961380004883
2024-01-11,57.1169548034668,16.134843826293945
2024-01-12,56.39326477050781,16.16193199157715
2024-01-15,56.28313446044922,16.107757568359375
2024-01-16,55.55156707763672,15.520872116088867
2024-01-17,54.552547454833984,15.069421768188477
2024-01-18,54.2772331237793,15.412522315979004
2024-01-19,53.569271087646484,15.64727783203125
2024-01-22,53.333282470703125,15.466696739196777
2024-01-23,54.43455505371094,15.72853946685791
2024-01-24,54.98519515991211,16.089698791503906
2024-01-25,53.632198333740234,16.179988861083984
2024-01-26,54.670555114746094,16.396684646606445
2024-01-29,54.41095733642578,16.324453353881836
2024-01-30,54.10417938232422,16.170961380004883
2024-01-31,53.30181884765625,16.00843620300293
2024-02-01,53.05796432495117,15.863974571228027
2024-02-02,51.98028564453125,15.457669258117676
2024-02-05,51.53190612792969,15.683394432067871
2024-02-06,52.44439697265625,16.243192672729492
2024-02-07,52.54665756225586,16.550180435180664
2024-02-08,52.08254623413086,16.306394577026367
2024-02-09,51.85442352294922,16.071640014648438
2024-02-14,51.69710159301758,16.134843826293945
2024-02-15,51.53190612792969,16.640470504760742
2024-02-16,53.49060821533203,17.191240310668945
2024-02-19,53.08942413330078,17.082889556884766
2024-02-20,51.92521667480469,16.252222061157227
2024-02-21,52.31853103637695,15.773683547973633
2024-02-22,52.87704086303711,15.75562572479248
2024-02-23,53.002899169921875,16.00843620300293
2024-02-26,51.720699310302734,15.502813339233398
2024-02-27,53.08156204223633,15.64727783203125
2024-02-28,52.49945831298828,15.403494834899902
2024-02-29,52.69611740112305,15.186797142028809
2024-03-01,52.609580993652344,15.412522315979004
2024-03-04,52.49159622192383,15.060392379760742
2024-03-05,51.79936218261719,14.970101356506348
2024-03-06,52.50732421875,15.033304214477539
2024-03-07,52.32639694213867,14.310983657836914
2024-03-08,51.92521667480469,14.726318359375
2024-03-11,50.3126335144043,14.4644775390625
2024-03-12,49.99915313720703,14.626999855041504
2024-03-13,50.31966018676758,14.690203666687012
2024-03-14,49.678646087646484,14.139431953430176
2024-03-15,49.11159133911133,13.778271675109863
2024-03-18,50.0484619140625,14.184577941894531
2024-03-19,50.45936965942383,14.437389373779297
2024-03-20,50.79631423950195,14.726318359375
2024-03-21,50.673038482666016,14.708261489868164
2024-03-22,50.08955383300781,14.329042434692383
2024-03-25,49.98271560668945,14.175548553466797
2024-03-26,49.349918365478516,14.031084060668945
2024-03-27,49.801918029785156,14.12137508392334
2024-03-28,49.99094009399414,14.175548553466797
2024-04-01,50.311439514160156,14.193607330322266
2024-04-02,50.90314865112305,13.841474533081055
2024-04-03,50.171730041503906,13.850504875183105
2024-04-04,49.61289596557617,13.687982559204102
2024-04-05,49.07050704956055,13.498373031616211
2024-04-08,51.74961853027344,13.850504875183105
2024-04-09,51.404457092285156,13.633808135986328
2024-04-10,50.62372970581055,12.956632614135742
2024-04-11,50.837406158447266,12.929544448852539
2024-04-12,50.64838790893555,12.956632614135742
2024-04-15,50.94424057006836,12.992748260498047
2024-04-16,50.49223709106445,12.794110298156738
2024-04-17,51.0428581237793,12.929544448852539
2024-04-18,51.23187255859375,12.830225944519043
2024-04-19,52.070125579833984,13.254590034484863
2024-04-22,52.04547119140625,13.344880104064941
2024-04-23,51.59347152709961,13.019835472106934
2024-04-24,52.2344856262207,12.902457237243652
2024-04-25,51.13325500488281,12.712848663330078
2024-04-26,51.13325500488281,12.7489652633667
2024-04-29,52.5139045715332,12.830225944519043
2024-04-30,52.012596130371094,12.568384170532227
2024-05-02,52.530338287353516,12.658675193786621
2024-05-03,52.58787155151367,12.866341590881348
2024-05-06,52.74401092529297,12.839255332946777
2024-05-07,53.0727424621582,12.667702674865723
2024-05-08,52.58787155151367,12.694790840148926
2024-05-09,53.01521301269531,12.532268524169922
2024-05-10,52.834407806396484,12.496152877807617
2024-05-13,53.14670181274414,12.767023086547852
2024-05-14,53.113826751708984,12.550326347351074
2024-05-15,52.95768737792969,12.451693534851074
2024-05-16,53.34394073486328,12.651605606079102
2024-05-17,54.38764190673828,12.756321907043457
2024-05-20,54.36298370361328,12.822959899902344
2024-05-21,54.20684051513672,12.93719482421875
2024-05-22,53.77949905395508,12.680164337158203
2024-05-23,53.4589958190918,12.470732688903809
2024-05-24,53.48365020751953,12.775361061096191
2024-05-27,53.664451599121094,12.718242645263672
2024-05-28,52.50568389892578,12.670645713806152
2024-05-29,51.97150802612305,12.594487190246582
2024-05-31,51.93863296508789,12.451693534851074
2024-06-03,50.84562301635742,12.080427169799805
2024-06-04,50.327880859375,11.899554252624512
2024-06-05,49.61289596557617,11.87099552154541
2024-06-06,50.303218841552734,12.070907592773438
2024-06-07,49.645774841308594,11.842435836791992
2024-06-10,50.188175201416016,11.756759643554688
2024-06-11,50.11420440673828,11.699641227722168
2024-06-12,49.42388153076172,11.337894439697266
2024-06-13,49.99094009399414,11.328374862670898
2024-06-14,49.81835174560547,11.452130317687988
2024-06-17,49.621124267578125,11.337894439697266
2024-06-18,49.85122299194336,12.366016387939453
2024-06-19,50.00737380981445,12.137544631958008
2024-06-20,50.45936965942383,12.37553596496582
2024-06-21,49.99094009399414,12.04234790802002
2024-06-24,50.0484619140625,12.099466323852539
2024-06-25,49.843013763427734,11.966191291809082
2024-06-26,50.45936965942383,11.93763256072998
2024-06-27,50.59086227416992,12.280339241027832
2024-06-28,51.13325500488281,12.2898588180542
2024-07-01,51.88932800292969,12.2898588180542
2024-07-02,51.71674728393555,12.366016387939453
2024-07-03,52.74401092529297,12.518330574035645
2024-07-04,52.48102951049805,12.651605606079102
2024-07-05,52.267356872558594,12.394576072692871
2024-07-08,51.85645294189453,12.346977233886719
2024-07-09,51.79071044921875,12.394576072692871
2024-07-10,51.0921630859375,12.270820617675781
2024-07-11,50.96067428588867,12.470732688903809
2024-07-12,51.708526611328125,12.708724021911621
2024-07-15,51.766056060791016,12.81343936920166
2024-07-16,51.22365951538086,12.470732688903809
2024-07-17,50.74699783325195,12.546890258789062
2024-07-18,50.270347595214844,12.032829284667969
2024-07-19,50.2292594909668,12.032829284667969
2024-07-22,50.171730041503906,12.070907592773438
2024-07-23,49.49784469604492,11.461649894714355
2024-07-24,49.801918029785156,11.41405200958252
2024-07-25,49.77726364135742,11.385493278503418
2024-07-26,50.516902923583984,11.452130317687988
2024-07-29,50.607295989990234,11.34741497039795
2024-07-30,49.48963165283203,11.157022476196289
2024-07-31,50.64838790893555,11.29029655456543
2024-08-01,49.51428985595703,10.890471458435059
2024-08-02,48.82395935058594,10.804795265197754
2024-08-05,48.57164764404297,10.804795265197754
2024-08-06,48.81867980957031,10.728638648986816
2024-08-07,48.724979400634766,10.766716957092285
2024-08-08,48.42683029174805,10.85239315032959
2024-08-09,48.60572052001953,11.128462791442871
2024-08-12,48.35868453979492,11.118943214416504
2024-08-13,48.14572525024414,11.60444450378418
2024-08-14,47.70277404785156,11.137982368469238
2024-08-15,47.89869689941406,10.966629028320312
2024-08-16,47.77092361450195,10.766716957092285
2024-08-19,48.53757095336914,11.43309211730957
2024-08-20,48.724979400634766,11.318856239318848
2024-08-21,49.661991119384766,11.737719535827637
2024-08-22,49.730140686035156,11.547327041625977
2024-08-23,48.89534378051758,11.6615629196167
2024-08-26,49.449031829833984,11.633004188537598
2024-08-27,50.93974685668945,11.699641227722168
2024-08-28,50.57345962524414,11.337894439697266
2024-08-29,50.51382827758789,11.356934547424316
2024-08-30,50.752342224121094,11.29029655456543
2024-09-02,50.03680419921875,11.18558120727539
2024-09-03,48.17128372192383,10.78575611114502
2024-09-04,48.54608917236328,10.85239315032959
2024-09-05,48.89534378051758,10.97614860534668
2024-09-06,48.282020568847656,11.042786598205566
2024-09-09,48.282020568847656,10.919031143188477
2024-09-10,47.70277404785156,10.709598541259766
2024-09-11,49.05718994140625,11.0332670211792
2024-09-12,49.500152587890625,10.97614860534668
2024-09-13,49.832359313964844,11.328374862670898
2024-09-16,49.832359313964844,11.337894439697266
2024-09-17,49.593849182128906,11.442611694335938
2024-09-18,49.01459503173828,11.318856239318848
2024-09-19,49.60236740112305,11.471170425415039
2024-09-20,48.852752685546875,10.595362663269043
2024-09-23,49.006080627441406,10.547764778137207
2024-09-24,51.39973831176758,11.53780746459961
2024-09-25,51.62973403930664,11.594925880432129
2024-09-26,54.730411529541016,12.632567405700684
2024-09-27,54.48338317871094,12.613527297973633
2024-09-30,54.10005569458008,12.270820617675781
2024-10-01,54.36412811279297,12.423134803771973
2024-10-02,54.66226577758789,12.661125183105469
2024-10-03,53.61450958251953,12.299379348754883
2024-10-04,53.22266387939453,12.032829284667969
2024-10-07,53.6911735534668,12.147065162658691
2024-10-08,52.06416702270508,11.575885772705078
2024-10-09,51.92787551879883,11.55684757232666
2024-10-10,52.17490768432617,11.271257400512695
2024-10-11,52.92451858520508,11.299816131591797
2024-10-14,52.75415802001953,11.271257400512695
2024-10-15,52.10676193237305,11.118943214416504
2024-10-16,53.10340881347656,11.366453170776367
2024-10-17,51.75750732421875,11.109423637390137
2024-10-18,51.57862854003906,11.109423637390137
2024-10-21,51.39122009277344,11.118943214416504
2024-10-22,51.45936584472656,10.938069343566895
2024-10-23,50.556419372558594,10.90951156616211
2024-10-24,50.85456466674805,11.128462791442871
2024-10-25,52.58378982543945,11.233179092407227
2024-10-28,53.56340026855469,11.480690002441406
2024-10-29,53.37599563598633,11.195100784301758
2024-10-30,53.214149475097656,11.214138984680176
2024-10-31,52.86489486694336,11.204620361328125
2024-11-01,52.83933639526367,11.090383529663086
2024-11-04,53.384517669677734,11.366453170776367
2024-11-05,52.9160041809082,11.699641227722168
2024-11-06,52.31971740722656,11.34741497039795
2024-11-07,54.14264678955078,11.699641227722168
2024-11-08,51.64677429199219,11.18558120727539
2024-11-11,49.960140228271484,10.747676849365234
2024-11-12,48.82719421386719,10.547764778137207
2024-11-13,48.69090270996094,10.128900527954102
2024-11-14,48.41831588745117,10.128900527954102
2024-11-18,49.02311706542969,11.061824798583984
2024-11-19,49.13385772705078,11.090383529663086
2024-11-21,49.08274459838867,10.90951156616211
2024-11-22,49.559776306152344,11.109999656677246
2024-11-25,49.55125427246094,11.25
2024-11-26,48.920902252197266,11.100000381469727
2024-11-27,49.517181396484375,11.1899995803833
2024-11-28,49.006080627441406,10.899999618530273
2024-11-29,50.07087707519531,11.15999984741211
2024-12-02,50.190128326416016,11.180000305175781
2024-12-03,49.80680847167969,11.420000076293945
2024-12-04,48.835716247558594,11.1899995803833
2024-12-05,49.236080169677734,11.350000381469727
2024-12-06,48.392765045166016,11.15999984741211
2024-12-09,50.965301513671875,11.649999618530273
2024-12-10,50.91419219970703,11.710000038146973
2024-12-11,50.121986389160156,11.579999923706055
2024-12-12,48.738746643066406,11.180000305175781
2024-12-13,48.00822067260742,10.6899995803833
2024-12-16,47.98244094848633,10.609999656677246
2024-12-17,48.22308349609375,10.5600004196167
2024-12-18,47.105812072753906,9.489999771118164
2024-12-19,46.211997985839844,9.25
2024-12-20,46.9425163269043,9.300000190734863
2024-12-23,47.14018630981445,8.859999656677246
2024-12-26,47.2776985168457,8.899999618530273
2024-12-27,47.045654296875,8.680000305175781
2024-12-30,46.88235855102539,8.859999656677246
2025-01-02,46.62452697753906,8.420000076293945
2025-01-03,45.75649642944336,8.210000038146973
2025-01-06,45.17207717895508,8.529999732971191
2025-01-07,44.733760833740234,8.359999656677246
2025-01-08,44.30404281616211,7.760000228881836
2025-01-09,44.029022216796875,7.449999809265137
2025-01-10,44.27825927734375,7.730000019073486
2025-01-13,44.2696647644043,7.679999828338623
2025-01-14,44.56187057495117,7.489999771118164
2025-01-15,45.206451416015625,7.96999979019165
2025-01-16,45.2666130065918,7.809999942779541
2025-01-17,46.83079147338867,8.130000114440918
2025-01-20,46.658905029296875,7.989999771118164
2025-01-21,46.426856994628906,8.100000381469727
2025-01-22,45.258018493652344,7.849999904632568
2025-01-23,44.96581268310547,7.860000133514404
2025-01-24,45.57600784301758,8.260000228881836
2025-01-27,46.37528991699219,8.800000190734863
2025-01-28,45.249427795410156,8.729999542236328
2025-01-29,45.37833786010742,8.800000190734863
2025-01-30,47.294883728027344,9.25
2025-01-31,46.55576705932617,9.09000015258789
2025-02-03,46.590145111083984,9.029999732971191
2025-02-04,46.426856994628906,9.020000457763672
2025-02-05,46.67609405517578,8.729999542236328
2025-02-06,47.38083267211914,9.0600004196167
2025-02-07,47.12300109863281,8.9399995803833
2025-02-10,47.61288070678711,9.069999694824219
2025-02-11,47.4066162109375,8.869999885559082
2025-02-12,47.088626861572266,8.380000114440918
2025-02-13,47.14878463745117,8.359999656677246
2025-02-14,47.84492874145508,8.739999771118164
2025-02-17,47.587100982666016,8.789999961853027
2025-02-18,47.90509033203125,8.890000343322754
2025-02-19,47.862117767333984,8.760000228881836
2025-02-20,49.623966217041016,8.84000015258789
2025-02-21,49.98493194580078,8.699999809265137
2025-02-24,49.52942657470703,8.460000038146973
2025-02-25,49.04814147949219,8.539999961853027
2025-02-26,48.747337341308594,8.699999809265137
2025-02-27,48.386375427246094,8.670000076293945
2025-02-28,47.39802169799805,8.520000457763672
2025-03-05,47.77617263793945,8.5
2025-03-06,48.30043411254883,8.670000076293945
2025-03-07,49.00517272949219,8.800000190734863
2025-03-10,48.212066650390625,8.65999984741211
2025-03-11,48.61390686035156,8.4399995803833
2025-03-12,48.00667953491211,8.470000267028809
2025-03-13,48.66748809814453,9.140000343322754
2025-03-14,50.265926361083984,10.220000267028809
2025-03-17,50.989234924316406,10.079999923706055
2025-03-18,51.36429214477539,9.850000381469727
2025-03-19,51.274993896484375,10.050000190734863
2025-03-20,51.1142578125,10.029999732971191
2025-03-21,51.30178451538086,10.069999694824219
2025-03-24,51.03388977050781,9.960000038146973
2025-03-25,51.203556060791016,9.949999809265137
2025-03-26,51.51609802246094,9.979999542236328
2025-03-27,51.92687225341797,9.960000038146973
2025-03-28,51.4000129699707,9.739999771118164
2025-03-31,50.632049560546875,9.470000267028809
2025-04-01,51.06960678100586,9.479999542236328
2025-04-02,50.837432861328125,8.989999771118164
2025-04-03,48.997886657714844,8.8100004196167
2025-04-04,47.04226303100586,8.229999542236328
2025-04-07,46.47968292236328,8.239999771118164
2025-04-08,43.934688568115234,7.769999980926514
2025-04-09,46.30108642578125,8.40999984741211
2025-04-10,47.131561279296875,8.359999656677246
2025-04-11,47.917381286621094,8.630000114440918
2025-04-14,48.5424690246582,8.960000038146973
2025-04-15,48.05133056640625,8.649999618530273
2025-04-16,46.93510437011719,8.649999618530273
2025-04-17,47.22085952758789,8.680000305175781
2025-04-22,48.06025695800781,8.850000381469727
2025-04-23,48.63176727294922,9.130000114440918
2025-04-24,49.390804290771484,9.359999656677246
2025-04-25,48.0870475769043,9.390000343322754
2025-04-28,48.2567138671875,9.359999656677246
2025-04-29,48.07811737060547,9.399999618530273
2025-04-30,47.202999114990234,9.300000190734863
2025-05-02,47.14942169189453,9.350000381469727
2025-05-05,47.29229736328125,9.199999809265137
2025-05-06,47.3280143737793,9.34000015258789
2025-05-07,47.23871994018555,9.399999618530273
2025-05-08,47.09584426879883,9.630000114440918
2025-05-09,47.28336715698242,8.680000305175781
2025-05-12,48.471031188964844,8.890000343322754
2025-05-13,49.265785217285156,9.029999732971191
2025-05-14,49.02467727661133,9.289999961853027
2025-05-15,49.51581954956055,9.270000457763672
2025-05-16,49.55154037475586,9.069999694824219
2025-05-19,49.4175910949707,9.079999923706055
2025-05-20,49.426517486572266,9.100000381469727
2025-05-21,48.792503356933594,8.90999984741211
2025-05-22,48.42638397216797,8.800000190734863
2025-05-23,48.506752014160156,8.84000015258789
2025-05-26,48.229923248291016,8.8100004196167
2025-05-27,48.07811737060547,9.0
2025-05-28,47.69414138793945,8.670000076293945
2025-05-29,47.7298583984375,8.579999923706055
2025-05-30,46.52433395385742,8.25
2025-06-02,46.93510437011719,8.239999771118164
2025-06-03,46.90830993652344,8.380000114440918
2025-06-04,47.12263107299805,8.329999923706055
2025-06-05,47.24764633178711,8.270000457763672
2025-06-06,47.31015396118164,8.229999542236328
2025-06-09,47.586978912353516,8.300000190734863
2025-06-10,47.90845489501953,8.640000343322754
2025-06-11,47.48875045776367,8.479999542236328
2025-06-12,47.17620849609375,8.289999961853027
2025-06-13,46.551124572753906,7.940000057220459
2025-06-16,48.069190979003906,8.420000076293945
2025-06-17,45.90817642211914,8.199999809265137
2025-06-18,45.756370544433594,8.149999618530273
2025-06-20,44.57762908935547,7.869999885559082
2025-06-23,45.14020919799805,7.739999771118164
2025-06-24,45.131282806396484,7.630000114440918
2025-06-25,45.077701568603516,7.25
2025-06-26,46.43503189086914,7.420000076293945
2025-06-27,47.21192932128906,7.5
2025-06-30,47.01547622680664,7.440000057220459
2025-07-01,47.64948654174805,7.510000228881836
2025-07-02,49.381874084472656,7.96999979019165
2025-07-03,49.14970016479492,8.229999542236328
2025-07-04,49.29257583618164,8.210000038146973
2025-07-07,48.56925964355469,8.119999885559082
2025-07-08,48.73892593383789,8.140000343322754
2025-07-09,48.2567138671875,7.929999828338623
2025-07-10,49.364009857177734,8.329999923706055
2025-07-11,50.006961822509766,8.25
2025-07-14,49.43545150756836,8.199999809265137
2025-07-15,48.140625,8.079999923706055
2025-07-16,48.57819366455078,8.0
2025-07-17,48.4888916015625,7.909999847412109
2025-07-18,48.7210693359375,7.820000171661377
2025-07-21,50.05160903930664,7.989999771118164
2025-07-22,51.346435546875,8.5600004196167
2025-07-23,51.274993896484375,8.770000457763672
2025-07-24,50.48023986816406,8.550000190734863
2025-07-25,49.73906326293945,8.369999885559082
2025-07-28,49.25685501098633,8.0
2025-07-29,48.95323944091797,8.010000228881836
2025-07-30,48.07811737060547,7.940000057220459
2025-07-31,47.73878860473633,8.020000457763672
2025-08-01,47.99774932861328,7.619999885559082
2025-08-04,48.381736755371094,7.449999809265137
2025-08-05,48.3192253112793,7.239999771118164
2025-08-06,48.0156135559082,7.21999979019165
2025-08-07,48.36387252807617,7.309999942779541
2025-08-08,49.462242126464844,7.409999847412109
2025-08-11,49.40866470336914,7.260000228881836
2025-08-12,49.92659378051758,7.550000190734863
2025-08-13,49.996273040771484,7.420000076293945
2025-08-14,49.37697982788086,6.96999979019165
2025-08-15,49.284549713134766,6.769999980926514
2025-08-18,49.17363357543945,7.079999923706055
2025-08-19,49.21060562133789,6.840000152587891
2025-08-20,48.988765716552734,6.769999980926514
2025-08-21,49.40471267700195,6.829999923706055
2025-08-22,50.64329528808594,7.159999847412109
2025-08-25,50.76345443725586,7.239999771118164
2025-08-26,51.21636962890625,7.25
2025-08-27,51.18864059448242,7.380000114440918
2025-08-28,51.20712661743164,7.730000019073486
2025-08-29,51.35502243041992,7.610000133514404
2025-09-01,51.391990661621094,7.539999961853027
2025-09-02,51.19788360595703,7.440000057220459
2025-09-03,51.391990661621094,7.429999828338623
2025-09-04,51.4936637878418,7.650000095367432
2025-09-05,51.96506881713867,7.789999961853027
2025-09-08,52.0944709777832,7.840000152587891
2025-09-09,51.93733596801758,7.789999961853027
2025-09-10,52.297821044921875,7.75
2025-09-11,52.70452117919922,7.820000171661377
2025-09-12,52.68603515625,7.829999923706055
2025-09-15,53.148189544677734,7.869999885559082
2025-09-16,53.33305358886719,8.069999694824219
2025-09-17,53.42548370361328,8.109999656677246
2025-09-18,53.32381057739258,7.909999847412109
2025-09-19,53.536399841308594,8.010000228881836
2025-09-22,53.6103515625,7.949999809265137
2025-09-23,53.305320739746094,7.980000019073486
2025-09-24,53.508670806884766,8.039999961853027
2025-09-25,53.8044548034668,7.949999809265137
2025-09-26,52.769222259521484,7.989999771118164
2025-09-29,52.94483947753906,8.039999961853027
2025-09-30,53.222137451171875,7.900000095367432
2025-10-01,53.896888732910156,8.210000038146973
2025-10-02,54.25736999511719,8.15999984741211
2025-10-03,54.155696868896484,8.199999809265137
2025-10-06,55.080013275146484,8.729999542236328
2025-10-07,54.303585052490234,8.399999618530273
2025-10-08,54.71953201293945,8.460000038146973
2025-10-09,54.6363410949707,8.420000076293945
2025-10-10,54.41450119018555,7.909999847412109
2025-10-13,55.2279052734375,8.40999984741211
2025-10-14,55.2279052734375,8.449999809265137
2025-10-15,56.2538948059082,8.520000457763672
2025-10-16,55.73627471923828,8.300000190734863
2025-10-17,55.57914352416992,8.34000015258789
2025-10-20,56.290870666503906,8.720000267028809
2025-10-21,56.19843673706055,8.649999618530273
2025-10-22,57.19670104980469,8.609999656677246
2025-10-23,57.085777282714844,8.760000228881836
2025-10-24,57.05805206298828,8.630000114440918
2025-10-27,56.993350982666016,8.920000076293945
2025-10-28,57.49247741699219,9.119999885559082
2025-10-29,58.536956787109375,9.3100004196167
2025-10-30,58.980628967285156,9.359999656677246
2025-10-31,60.32088851928711,9.4399995803833
2025-11-03,60.404075622558594,9.300000190734863
2025-11-04,59.72932815551758,9.130000114440918
2025-11-05,60.75531768798828,8.710000038146973
2025-11-06,60.542724609375,8.5
2025-11-07,59.87721252441406,8.350000381469727
2025-11-10,60.2746696472168,8.289999961853027
2025-11-11,60.11753845214844,8.3100004196167
2025-11-12,60.78304672241211,8.729999542236328
2025-11-13,60.69985580444336,8.609999656677246
2025-11-14,60.33012771606445,8.649999618530273
2025-11-17,60.283912658691406,8.350000381469727
2025-11-18,60.09904479980469,8.149999618530273
2025-11-19,60.03434371948242,8.109999656677246
2025-11-21,60.228458404541016,8.100000381469727
2025-11-24,60.16374969482422,8.109999656677246
2025-11-25,60.635154724121094,8.3100004196167
2025-11-26,61.54098892211914,8.640000343322754
2025-11-27,61.309906005859375,8.479999542236328
2025-11-28,62.29892349243164,8.4399995803833
2025-12-01,62.779563903808594,8.449999809265137
2025-12-02,63.29718780517578,8.579999923706055
2025-12-03,65.33992767333984,9.050000190734863
2025-12-04,66.4768295288086,9.289999961853027
2025-12-05,64.90550231933594,8.90999984741211
2025-12-08,64.46182250976562,8.760000228881836
2025-12-09,64.4988021850586,9.050000190734863
2025-12-10,65.68191528320312,9.630000114440918
2025-12-11,66.55078125,9.770000457763672
2025-12-12,66.73731231689453,9.699999809265137
2025-12-15,67.1458511352539,9.579999923706055
2025-12-16,67.39875793457031,9.680000305175781
2025-12-17,68.25473022460938,9.5600004196167
2025-12-18,68.42981719970703,9.59000015258789
2025-12-19,68.91617584228516,9.279999732971191
2025-12-22,70.92967224121094,9.199999809265137
2025-12-23,70.91022491455078,9.210000038146973
2025-12-26,71.12422180175781,9.15999984741211
2025-12-29,70.1515121459961,8.930000305175781
2025-12-30,69.99588012695312,8.9399995803833
2026-01-02,70.40441131591797,8.699999809265137
2026-01-05,71.12422180175781,9.050000190734863
2026-01-06,73.79915618896484,9.319999694824219
2026-01-07,74.23686981201172,9.850000381469727
2026-01-08,73.51707458496094,9.859999656677246
2026-01-09,72.68054962158203,9.84000015258789
2026-01-12,72.69999694824219,9.920000076293945
2026-01-13,73.29335021972656,10.050000190734863
2026-01-14,76.76590728759766,10.270000457763672
2026-01-15,76.69781494140625,9.949999809265137
2026-01-16,76.72699737548828,9.510000228881836
2026-01-19,76.42546081542969,9.210000038146973
2026-01-20,77.89424896240234,8.930000305175781
2026-01-21,80.2481918334961,9.369999885559082
2026-01-22,80.71509552001953,9.539999961853027
2026-01-23,82.69940948486328,10.140000343322754
2026-01-26,80.8026351928711,9.960000038146973
2026-01-27,82.58268737792969,10.670000076293945
2026-01-28,84.59618377685547,10.890000343322754
2026-01-29,85.02417755126953,10.520000457763672
2026-01-30,82.01851654052734,10.069999694824219
2026-02-02,82.50486755371094,10.010000228881836
2026-02-03,86.56105041503906,10.369999885559082
2026-02-04,86.98904418945312,10.229999542236328
2026-02-05,84.09037780761719,9.899999618530273
2026-02-06,83.29275512695312,9.510000228881836
2026-02-09,84.9269027709961,9.850000381469727
2026-02-10,84.67400360107422,9.390000343322754
2026-02-11,87.63101959228516,9.619999885559082
2026-02-12,86.79450225830078,8.699999809265137
2026-02-13,84.65454864501953,8.729999542236328
2026-02-18,81.62943267822266,8.59000015258789
2026-02-19,81.18199157714844,8.529999732971191
2026-02-20,84.4405517578125,8.579999923706055
2026-02-23,85.00472259521484,8.529999732971191
2026-02-24,85.33544158935547,8.529999732971191
2026-02-25,87.5143051147461,8.619999885559082
2026-02-26,86.7750473022461,8.630000114440918
2026-02-27,86.05524444580078,8.619999885559082
2026-03-02,85.75370788574219,8.420000076293945
2026-03-03,82.17415618896484,7.909999847412109
2026-03-04,81.79479217529297,8.0
2026-03-05,79.07122039794922,7.510000228881836
2026-03-06,76.7075424194336,7.190000057220459
2026-03-09,77.09662628173828,7.190000057220459
2026-03-10,78.36114501953125,7.269999980926514
2026-03-11,77.67052459716797,7.130000114440918
2026-03-12,77.0771713256836,6.099999904632568
2026-03-13,76.16283416748047,5.71999979019165
2026-03-16,76.6880874633789,6.03000020980835
2026-03-17,76.80481719970703,6.340000152587891
2026-03-18,75.02476501464844,6.059999942779541
2026-03-19,74.53840637207031,6.090000152587891
2026-03-20,73.4878921508789,5.989999771118164
2026-03-23,75.37493896484375,6.539999961853027
2026-03-24,75.9682846069336,6.570000171661377
2026-03-25,77.37871551513672,6.599999904632568
2026-03-26,76.75618743896484,6.440000057220459
2026-03-27,76.8437271118164,6.179999828338623
2026-03-30,77.330078125,6.139999866485596
2026-03-31,80.22874450683594,6.329999923706055
2026-04-01,80.73454284667969,6.519999980926514
2026-04-02,81.26953887939453,6.46999979019165
2026-04-06,80.82208251953125,6.409999847412109
2026-04-07,81.40571594238281,6.360000133514404
2026-04-08,83.25384521484375,6.71999979019165
2026-04-09,82.37841796875,6.789999961853027
2026-04-10,83.25384521484375,6.420000076293945
2026-04-13,84.97554016113281,6.519999980926514
2026-04-14,85.88988494873047,6.639999866485596
2026-04-15,86.02606201171875,6.639999866485596
2026-04-16,85.05335998535156,6.619999885559082
2026-04-17,87.30030822753906,6.789999961853027
2026-04-20,86.30815124511719,6.820000171661377
2026-04-22,84.83936309814453,6.639999866485596
2026-04-23,83.62348175048828,6.389999866485596
2026-04-24,83.52621459960938,6.429999828338623
2026-04-27,83.16630554199219,6.400000095367432
2026-04-28,82.08660888671875,6.420000076293945
2026-04-29,77.27171325683594,6.159999847412109
2026-04-30,78.96421813964844,6.230000019073486
2026-05-04,76.51300811767578,6.079999923706055
2026-05-05,76.25037384033203,6.269999980926514
2026-05-06,79.01286315917969,6.699999809265137
2026-05-07,77.884521484375,6.579999923706055
2026-05-08,78.59459686279297,6.679999828338623
2026-05-11,81.17225646972656,6.679999828338623
2026-05-12,80.97772216796875,6.550000190734863
2026-05-13,81.99906158447266,6.369999885559082
2026-05-14,80.60809326171875,6.670000076293945
2026-05-15,81.22090148925781,6.420000076293945
2026-05-18,79.59648132324219,6.150000095367432
2026-05-19,78.80858612060547,5.900000095367432
2026-05-20,79.7618408203125,6.130000114440918
2026-05-21,80.37464141845703,6.340000152587891
2026-05-22,80.83181762695312,6.730000019073486
2026-05-25,81.30844116210938,6.71999979019165
2026-05-26,80.8026351928711,6.690000057220459
2026-05-27,81.17225646972656,6.550000190734863
2026-05-28,81.66834259033203,6.800000190734863
2026-05-29,80.55945587158203,6.710000038146973
2026-06-01,79.47002410888672,6.550000190734863
2026-06-02,82.6799545288086,7.130000114440918
2026-06-03,79.55757141113281,6.679999828338623
2026-06-05,76.55191040039062,6.0
2026-06-08,75.9391098022461,5.900000095367432
2026-06-09,76.35736846923828,6.070000171661377
2026-06-10,75.5792007446289,6.039999961853027
2026-06-11,76.64918518066406,6.010000228881836
2026-06-12,77.00907897949219,6.050000190734863
2026-06-15,78.94477081298828,6.090000152587891
2026-06-16,79.21712493896484,6.019999980926514
2026-06-17,77.60243225097656,5.630000114440918
2026-06-18,77.75807189941406,5.179999828338623
2026-06-19,78.54595947265625,5.260000228881836
2026-06-22,78.70159149169922,5.340000152587891
2026-06-23,77.21334838867188,5.269999980926514
2026-06-24,75.60839080810547,5.059999942779541
2026-06-25,76.51300811767578,4.820000171661377
2026-06-26,76.01692199707031,4.730000019073486
2026-06-29,75.99746704101562,4.639999866485596
2026-06-30,75.75428771972656,4.619999885559082
2026-07-01,75.84183502197266,4.590000152587891
2026-07-02,76.1044692993164,4.619999885559082
2026-07-03,76.6880874633789,4.820000171661377
2026-07-06,75.666748046875,4.760000228881836
2026-07-07,74.12014770507812,4.739999771118164
2026-07-08,70.7156753540039,4.670000076293945
2026-07-09,71.15339660644531,4.800000190734863
2026-07-10,72.15528106689453,5.179999828338623
2026-07-13,70.86158752441406,5.239999771118164
2026-07-14,71.98992919921875,5.199999809265137
2026-07-15,72.47628021240234,5.239999771118164
2026-07-16,70.988037109375,5.099999904632568
2026-07-17,70.94913482666016,5.050000190734863
2026-07-20,69.9666976928711,5.070000171661377
2026-07-21,70.39469146728516,5.059999942779541
2026-07-22,73.0501708984375,5.380000114440918
2026-07-23,73.61434173583984,5.300000190734863
2026-07-24,73.18634796142578,5.360000133514404
2026-07-27,73.62406921386719,5.710000038146973
2026-07-28,73.62406921386719,5.639999866485596
2026-07-29,73.00154113769531,5.199999809265137
2026-07-30,74.01314544677734,4.949999809265137
2026-07-31,74.19796752929688,4.840000152587891
2026-08-03,72.60272979736328,4.510000228881836
2026-08-04,74.22714233398438,4.789999961853027
2026-08-05,74.56759643554688,4.889999866485596
2026-08-06,73.33226013183594,4.739999771118164
2026-08-07,72.92372131347656,4.570000171661377
2026-08-10,73.8575210571289,4.460000038146973
2026-08-11,72.36927795410156,4.28000020980835
2026-08-12,73.18000030517578,4.320000171661377
2026-08-13,71.9000015258789,4.559999942779541
2026-08-14,71.30000305175781,4.489999771118164
2026-08-17,71.41000366210938,4.570000171661377
2026-08-18,71.55000305175781,4.539999961853027
2026-08-19,72.12999725341797,4.429999828338623
2026-08-20,74.0199966430664,4.449999809265137
2026-08-21,75.02999877929688,4.789999961853027
2026-08-24,77.12999725341797,5.159999847412109
2026-08-25,78.69999694824219,5.079999923706055
2026-08-26,78.44999694824219,5.269999980926514
2026-08-27,79.11000061035156,5.369999885559082
2026-08-28,78.58000183105469,5.210000038146973
2026-08-31,77.8499984741211,5.320000171661377
2026-09-01,78.30000305175781,5.739999771118164
2026-09-02,80.80000305175781,5.980000019073486
2026-09-03,78.44999694824219,6.380000114440918
2026-09-04,78.62000274658203,6.360000133514404
2026-09-08,79.0199966430664,6.619999885559082
2026-09-09,79.0999984741211,7.110000133514404
2026-09-10,78.2300033569336,7.190000057220459
2026-09-11,78.19999694824219,6.659999847412109
2026-09-14,75.4800033569336,6.349999904632568
2026-09-15,74.5999984741211,6.210000038146973
2026-09-16,73.0,6.460000038146973
2026-09-17,74.51000213623047,6.25
2026-09-18,73.37000274658203,5.849999904632568
